name,place,lastEventDate,lastMatchDate,firstMatchDate,topRating,lastRating,matches,fate,fateType,fateTeams
"Duko","Duiven","2026-09-04","2026-06-06","1983-11-20",1884.835428778579,1393.8940189034577,690,"Gefuseerd met Wesstar tot Duko / Wesstar",fuse_new,"Wesstar|Duko / Wesstar"
"Wesstar","Westervoort","2026-09-04","2026-06-06","2001-05-13",1381.7646281753587,1274.251262249204,356,"Gefuseerd met Duko tot Duko / Wesstar",fuse_new,"Duko|Duko / Wesstar"
"Emmeloord","Emmeloord","2026-09-04","2026-06-06","1952-09-28",1788.4254133940235,1493.2945395154259,1293,"Hernoemd naar In Fundo",rename,"In Fundo"
"Keizer Karel","Nijmegen","2026-09-04","2026-06-06","1967-09-17",2133.5826129155253,1459.0634340069205,1179,"Gefuseerd met Noviomagum tot Nijmegen",fuse_new,"Noviomagum|Nijmegen"
"Noviomagum","Nijmegen","2026-09-04","2026-06-06","1912-01-28",1993.1012347584117,1793.5817265927074,1289,"Gefuseerd met Keizer Karel tot Nijmegen",fuse_new,"Keizer Karel|Nijmegen"
"De Hoeve","De Hoeve","2026-09-04","2026-06-06","1941-04-27",2153.3594445667827,1232.6562662483984,1397,"Gefuseerd met SIOS / Leonidas, SCO en Forward tot WKS",fuse_new,"SIOS / Leonidas|SCO|Forward|WKS"
"Forward","Steggerda","2026-09-04","2026-06-07","1921-05-29",1854.3647640356307,588.7013182417911,881,"Gefuseerd met SIOS / Leonidas, De Hoeve en SCO tot WKS",fuse_new,"SIOS / Leonidas|De Hoeve|SCO|WKS"
"SCO","Oldeholtpade","2026-09-04","2026-06-06","1946-05-12",2332.0552052452513,2045.4018383920302,1818,"Gefuseerd met SIOS / Leonidas, De Hoeve en Forward tot WKS",fuse_new,"SIOS / Leonidas|De Hoeve|Forward|WKS"
"SIOS / Leonidas","Wolvega/Noordwolde","2026-09-04","2026-06-06","1943-05-30",2271.5306781544177,1343.2894268266239,2944,"Gefuseerd met De Hoeve, SCO en Forward tot WKS",fuse_new,"De Hoeve|SCO|Forward|WKS"
"DTS (S)","Surhuizum","2025-09-06","2025-05-31","1944-05-07",1936.115902133829,1385.785022260587,1367,"Gefuseerd met Harkema tot DTS (S) / Harkema",fuse_new,"Harkema|DTS (S) / Harkema"
"Harkema","Harkema","2025-09-06","2022-04-23","1962-04-29",1978.065822009849,1062.6657472567285,1274,"Gefuseerd met DTS (S) tot DTS (S) / Harkema",fuse_new,"DTS (S)|DTS (S) / Harkema"
"Sperwers","Rotterdam","2025-09-06","2025-05-31","1927-12-11",2123.9025421639294,909.170151963749,1770,"Gefuseerd met Thor (R) tot Zuid '27",fuse_new,"Thor (R)|Zuid '27"
"Thor (R)","Rotterdam","2025-09-06","2025-05-31","1966-12-27",1703.0586254747018,1539.9898248497805,818,"Gefuseerd met Sperwers tot Zuid '27",fuse_new,"Sperwers|Zuid '27"
"Zaandam Zuid","Zaandam","2025-06-15","2025-06-14","1937-05-30",1657.6008386415017,1067.4857285248856,831,"Gestopt",end,""
"DOC","Bussum","2025-06-13","2025-06-12","1924-10-19",1985.0617805152929,1024.457789274212,2253,"Gestopt",end,""
"Melmac","Tilburg","2025-06-01","2025-05-31","1993-01-24",1458.4347829145522,1123.1747355691393,355,"Gestopt",end,""
"Niek","Pesse","2025-05-25","2025-05-24","1934-06-17",1470.9910648705102,863.4754932941394,708,"Gestopt",end,""
"NKC (No)","Marum","2024-12-01","2024-03-02","1921-05-08",1865.1334920361392,837.8675129258974,1125,"Gefuseerd met Wees Kwiek tot NKC (N)/Wees Kwiek",fuse_new,"Wees Kwiek|NKC (N)/Wees Kwiek"
"Wees Kwiek","Niebert","2024-12-01","2024-02-18","1927-11-13",1651.4183555275188,839.643575913332,748,"Gefuseerd met NKC (No) tot NKC (N)/Wees Kwiek",fuse_new,"NKC (No)|NKC (N)/Wees Kwiek"
"Argus","Weesp","2024-09-29","2024-09-28","1973-12-09",1422.6080042243425,651.3333709942323,306,"Gestopt",end,""
"Oranje Nassau","Amsterdam","2024-09-14","2024-06-08","1920-10-31",1889.9020663579956,992.0527475162726,1352,"Gefuseerd met Triaz tot Oranje Nassau / Triaz",fuse_new,"Triaz|Oranje Nassau / Triaz"
"Triaz","Amsterdam","2024-09-14","2024-06-08","1918-09-29",2425.1401171368298,930.9267854379583,5783,"Gefuseerd met Oranje Nassau tot Oranje Nassau / Triaz",fuse_new,"Oranje Nassau|Oranje Nassau / Triaz"
"AKC (Al)","Almelo","2024-09-07","2024-06-08","1916-09-17",2312.5796515575735,1477.8246732605623,2248,"Gefuseerd met Achilles (A) tot Achilles (A) / AKC",fuse_new,"Achilles (A)|Achilles (A) / AKC"
"Achilles (A)","Almelo","2024-09-07","2024-06-08","1921-10-08",1908.2138738916547,1437.9425096458967,1270,"Gefuseerd met AKC (Al) tot Achilles (A) / AKC",fuse_new,"AKC (Al)|Achilles (A) / AKC"
"Aurora","Haarlem","2024-09-07","2024-06-13","1938-04-10",1955.7544040834755,1231.4209641720536,1571,"Gefuseerd met DKV (IJ) tot Aurora / DKV (IJ)",fuse_new,"DKV (IJ)|Aurora / DKV (IJ)"
"DKV (IJ)","IJmuiden","2024-09-07","2024-06-08","1970-08-30",1967.6665900472562,1222.8811963625978,1337,"Gefuseerd met Aurora tot Aurora / DKV (IJ)",fuse_new,"Aurora|Aurora / DKV (IJ)"
"Veenwouden","Veenwouden","2024-03-17","2024-03-16","1972-09-10",1299.252205319081,842.4552670883038,707,"Gestopt",end,""
"ZKC '31","Zaandam","2023-09-09","2023-06-17","1945-12-02",1977.371044094842,1782.050245009609,1601,"Gefuseerd met ZKV (Za) tot KVZ '23",fuse_new,"ZKV (Za)|KVZ '23"
"ZKV (Za)","Zaandam","2023-09-09","2023-06-17","1920-09-19",2119.50501619879,1974.7550206646845,2053,"Gefuseerd met ZKC '31 tot KVZ '23",fuse_new,"ZKC '31|KVZ '23"
"Kinea (K)","De Knipe","2023-09-09","2023-06-17","1925-06-21",1961.7288429483547,1394.4777685234337,1729,"Gefuseerd met Udiros tot Kinea / Udiros",fuse_new,"Udiros|Kinea / Udiros"
"Udiros","Nieuwehorne","2023-09-09","2023-06-17","1944-05-07",1892.6023623941235,1567.4727872863398,1174,"Gefuseerd met Kinea (K) tot Kinea / Udiros",fuse_new,"Kinea (K)|Kinea / Udiros"
"Leonidas²","Noordwolde","2023-09-09","2023-06-17","1943-05-30",1907.413047829309,1004.1695773974311,1256,"Gefuseerd met SIOS (W) tot SIOS / Leonidas",fuse_new,"SIOS (W)|SIOS / Leonidas"
"SIOS (W)","Wolvega","2023-09-09","2023-06-10","1946-05-12",2271.5306781544177,1272.6755013631441,1616,"Gefuseerd met Leonidas² tot SIOS / Leonidas",fuse_new,"Leonidas²|SIOS / Leonidas"
"Wez Warber en Fluch","Hempens","2023-06-18","2023-06-17","1927-05-01",1874.8018588059815,860.3981702308421,1941,"Gestopt",end,""
"HHCombi","Hooghalen","2023-06-12","2023-06-11","1949-05-29",1650.9517936554994,659.4339672133295,861,"Gestopt",end,""
"Klimop (A)","Asten","2023-03-13","2023-03-12","1964-09-27",1904.928053383674,863.9427825042184,952,"Gestopt",end,""
"Roda '70","Delfzijl","2023-02-09","2023-02-08","1967-05-14",1518.076730547851,688.4376353119824,635,"Gestopt",end,""
"OWK","Oostwold","2022-09-10","2022-06-18","1947-10-19",2074.950525582727,1856.0464824115868,1190,"Gefuseerd met Rodenburg tot KVW '22",fuse_new,"Rodenburg|KVW '22"
"Rodenburg","Leek/Tolbert","2022-09-10","2022-06-18","1920-08-01",2106.4846012005783,1603.0684387614538,1959,"Gefuseerd met OWK tot KVW '22",fuse_new,"OWK|KVW '22"
"EKC Naas","Enschede","2022-09-10","2022-06-18","1913-05-19",2143.685832161417,1653.9467615519843,1961,"Gefuseerd met Rigtersbleek tot NRC '22",fuse_new,"Rigtersbleek|NRC '22"
"Rigtersbleek","Enschede","2022-09-10","2022-06-18","1928-04-22",2198.7169801326318,1793.478098604149,1773,"Gefuseerd met EKC Naas tot NRC '22",fuse_new,"EKC Naas|NRC '22"
"AKC '54","Anderen","2021-11-01","2021-10-31","1956-04-15",1561.2587067517225,945.2189287209752,654,"Gestopt",end,""
"TFS","Drachtstercompagnie","2021-09-15","2020-10-11","1922-07-09",1907.1531404180985,1401.6471922410426,1391,"Opgegaan in Wez Handich",merge_into,"Wez Handich"
"Dio","Oosterwolde","2021-09-11","2020-03-07","1930-05-25",1893.1439625867954,1287.85867366352,1582,"Gefuseerd met VZK / Donkerbroek tot VDDO",fuse_new,"VZK / Donkerbroek|VDDO"
"VZK / Donkerbroek","Haule","2021-09-11","2020-10-10","1921-06-12",1874.6099777805266,1557.384010734274,1551,"Gefuseerd met Dio tot VDDO",fuse_new,"Dio|VDDO"
"DES (N)","Norg","2020-10-05","2020-10-04","1959-09-13",1922.257761815267,832.3574197934979,1181,"Gestopt",end,""
"Spes (E)","Eexterveen","2020-10-05","2020-10-04","1958-06-15",1596.938164724246,297.30377080105063,719,"Gestopt",end,""
"Dubbel Zes '66  / Futura","Den Haag","2020-09-05","2020-03-07","1953-02-22",2214.966869912072,1720.831944919911,3239,"Hernoemd naar Dunas",rename,"Dunas"
"Phenix '72","Goor","2020-03-01","2020-02-29","1972-09-03",1600.19949261719,1086.2742608966296,541,"Gestopt",end,""
"BMC","Berlicum","2020-02-17","2020-02-16","2005-09-04",1520.7392529321064,1519.3395409957786,326,"Gestopt",end,""
"VIOS (W)","Willemstad","2019-10-20","2019-10-19","1968-11-03",1648.534319431573,1041.453093657615,553,"Gestopt",end,""
"Odis (E)","Elsloo","2019-10-13","2019-10-12","1942-05-03",1720.289539435509,763.401351598865,619,"Opgegaan in VZK / Donkerbroek",merge_into,"VZK / Donkerbroek"
"Fortuna '68","Knegsel","2019-09-15","2017-05-28","1981-10-04",1361.6525172011338,858.4227253849193,467,"Hernoemd naar FSC",rename,"FSC"
"Dubbel Zes '66","Den Haag","2019-09-07","2019-06-15","1967-09-03",1855.2506404972903,1252.6795096346361,1016,"Gefuseerd met Futura tot Dubbel Zes '66  / Futura",fuse_new,"Futura|Dubbel Zes '66  / Futura"
"Futura","Den Haag","2019-09-07","2019-06-15","1953-02-22",2214.966869912072,1883.5837434714115,2204,"Gefuseerd met Dubbel Zes '66 tot Dubbel Zes '66  / Futura",fuse_new,"Dubbel Zes '66|Dubbel Zes '66  / Futura"
"Quick '21","Oudega","2019-09-07","2019-06-15","1922-07-09",2013.3076501904357,1878.8639930009936,1556,"Gefuseerd met Vlug en Vaardig (G) tot Quick '21 / Vlug en Vaardig (G)",fuse_new,"Vlug en Vaardig (G)|Quick '21 / Vlug en Vaardig (G)"
"Vlug en Vaardig (G)","Garyp","2019-09-07","2019-06-15","1967-12-10",2020.0317681423408,1245.846999985055,1214,"Gefuseerd met Quick '21 tot Quick '21 / Vlug en Vaardig (G)",fuse_new,"Quick '21|Quick '21 / Vlug en Vaardig (G)"
"Crescendo","Leiden","2019-06-16","2019-06-15","1950-10-15",1867.2692450077009,1481.5812362180475,1518,"Gestopt",end,""
"Maaskanters","Well","2019-05-18","2018-06-02","2000-12-16",1262.2391003364248,881.1446640409571,154,"Gefuseerd met Rodebo tot Stip",fuse_new,"Rodebo|Stip"
"Rodebo","Den Bosch","2019-05-18","2018-01-20","1985-11-24",1258.3518646263342,833.1878107437891,233,"Gefuseerd met Maaskanters tot Stip",fuse_new,"Maaskanters|Stip"
"Dordrecht²","Dordrecht","2018-09-22","2018-06-03","1923-09-16",2084.6382916690354,1167.4469488536633,2794,"Opgegaan in DeetosSnel",merge_into,"DeetosSnel"
"'t Overschotje","Lochem","2018-06-04","2018-06-03","1916-09-17",2019.643671162304,1122.4868796514174,1333,"Gestopt",end,""
"De Tovers","Zeist","2018-06-04","2018-06-03","1924-10-12",1920.288491309938,1159.7441575452178,1443,"Gestopt",end,""
"Ter Leede","Leerdam","2018-06-03","2018-06-02","1993-11-20",1403.2711441497486,790.3345188778508,396,"Gestopt",end,""
"Reflex","Woerden","2018-02-11","2018-02-10","1993-11-13",1480.5186348873015,542.9414665974442,245,"Gestopt",end,""
"Activitas","Maurik","2018-01-28","2018-01-27","1996-09-28",1441.0162380988745,507.40686861599426,277,"Gestopt",end,""
"UNI (K)","Kloosterhaar","2018-01-28","2018-01-27","1946-09-15",1567.4267916043455,698.9749191167766,664,"Gestopt",end,""
"Sporting Andijk","Andijk","2017-10-08","2017-10-07","2005-09-03",1360.4761735070913,826.3175533569303,241,"Gestopt",end,""
"ELKV","Etten-Leur","2017-09-10","2017-05-27","1967-09-03",1773.296802517749,832.6477925577373,769,"Gefuseerd met Zevenbergen tot Focus",fuse_new,"Zevenbergen|Focus"
"Zevenbergen","Zevenbergen","2017-09-10","2016-05-27","2003-11-22",1189.9044215624062,834.9254946887673,158,"Gefuseerd met ELKV tot Focus",fuse_new,"ELKV|Focus"
"Atalante","Apeldoorn","2017-09-03","2017-05-28","1952-09-28",2003.157806491931,1651.043456856225,1113,"Gefuseerd met Steeds Hooger tot Apeldoorn",fuse_new,"Steeds Hooger|Apeldoorn"
"Steeds Hooger","Apeldoorn","2017-09-03","2017-05-28","1933-01-15",2234.675347844911,1565.111709998764,1596,"Gefuseerd met Atalante tot Apeldoorn",fuse_new,"Atalante|Apeldoorn"
"Boemerang","Schijndel","2017-09-03","2017-05-28","1979-11-18",1509.3633771043528,950.8525039764568,519,"Hernoemd naar KVS '17",rename,"KVS '17"
"DKC (De)","Delft","2017-09-02","2017-05-28","1908-04-12",2048.32177258393,1613.364730976513,1970,"Opgegaan in Excelsior (D)",merge_into,"Excelsior (D)"
"Zierikzee","Zierikzee","2017-06-04","2017-06-03","1928-04-08",1805.1623244184286,837.0137943805302,1328,"Gestopt",end,""
"Soesterkwartier","Amersfoort","2017-05-28","2017-05-27","1935-10-20",2008.4442802759954,731.3938117276833,1187,"Gestopt",end,""
"All-Ready","Zierikzee","2017-05-27","2012-06-02","1928-04-08",1805.1623244184286,1000.7330812193618,1326,"Hernoemd naar Zierikzee",rename,"Zierikzee"
"SEV (L)","Leidschendam","2017-05-21","2017-05-20","1970-09-20",1670.5579084052374,905.2503518996393,896,"Gestopt",end,""
"Frigro","Gerkesklooster/Stroobos","2016-09-03","2016-05-28","1968-12-01",1600.7508384576258,1051.1059763331202,626,"Gefuseerd met Invicta tot IFC '25",fuse_new,"Invicta|IFC '25"
"Invicta","Kollum","2016-09-03","2016-05-28","1963-05-19",1725.1924116627679,1583.4281150431175,943,"Gefuseerd met Frigro tot IFC '25",fuse_new,"Frigro|IFC '25"
"Boelenslaan","Boelenslaan","2016-09-03","2016-05-28","1967-03-19",1781.021491112012,1014.1817516026839,767,"Opgegaan in It Fean",merge_into,"It Fean"
"Vlaardingen","Vlaardingen","2016-09-03","2016-05-26","1963-10-27",2052.7429032063555,1527.970651253526,1291,"Opgegaan in Twist",merge_into,"Twist"
"Unicum","Rotterdam","2016-05-30","2016-05-29","1948-09-19",1693.7480933009638,1004.373354826971,641,"Gestopt",end,""
"Velox","Rotterdam","2016-05-30","2016-05-29","1907-03-24",1975.4330781616272,994.138329599148,1253,"Gestopt",end,""
"Altijd Kwiek","De Veenhoop","2016-05-29","2016-05-28","1947-07-06",1657.6808231632713,1254.8600542807458,867,"Gestopt",end,""
"Ready (H)","Den Haag","2015-08-29","2015-05-31","1920-11-07",2099.3219391542143,1653.747305543634,1773,"Opgegaan in Achilles (H)",merge_into,"Achilles (H)"
"VKC (S)","Siegerswoude","2015-08-29","2015-05-31","1931-05-31",2234.8898045549995,1262.7273602239381,1436,"Opgegaan in Oerterp",merge_into,"Oerterp"
"Ermelo","Ermelo","2015-05-31","2015-05-30","1993-12-11",1746.7265295829054,979.994054301951,404,"Gestopt",end,""
"MIK","Amsterdam","2015-03-29","2015-03-28","1967-11-08",2005.5329915567968,1080.2261984668353,880,"Gestopt",end,""
"Emergo","Sint Maartensdijk","2015-03-07","2015-02-28","1977-09-18",1282.6195306737725,356.3231331418661,28,"Opgegaan in Volharding",merge_into,"Volharding"
"WWMD","Hemrik","2014-12-15","2014-12-14","1921-05-08",2114.1849001714286,972.3429907825282,1417,"Gestopt",end,""
"Asonia","Andijk","2014-09-06","2014-05-24","2005-09-03",1360.4761735070913,919.1543787252815,161,"Hernoemd naar Sporting Andijk",rename,"Sporting Andijk"
"Oranje Nassau (V)","Vlaardingen","2014-09-06","2014-05-24","1968-09-01",1756.9782552435063,1697.2372091760512,1033,"Gefuseerd met Spirit (Vl) tot Twist",fuse_new,"Spirit (Vl)|Twist"
"Spirit (Vl)","Vlaardingen","2014-09-06","2014-05-17","1970-08-30",1615.799643714897,927.2646185423478,494,"Gefuseerd met Oranje Nassau (V) tot Twist",fuse_new,"Oranje Nassau (V)|Twist"
"DFD","Oentsjerk","2014-08-30","2014-05-24","1946-05-19",2066.070783107686,1702.9950920264826,1104,"Gefuseerd met Tietjerk tot De Wâlden",fuse_new,"Tietjerk|De Wâlden"
"Tietjerk","Tytsjerk","2014-08-30","2014-05-24","1951-05-27",1915.0386395859096,1746.0397076827999,1011,"Gefuseerd met DFD tot De Wâlden",fuse_new,"DFD|De Wâlden"
"SVAP '74","Anna Paulowna","2014-08-30","2011-12-17","2005-09-03",1304.7590668665011,1117.9217285051811,90,"Hernoemd naar Kleine Sluis",rename,"Kleine Sluis"
"TDK","Deinum","2014-08-30","2014-05-24","1929-05-12",1785.1024031221843,1743.0228144652285,747,"Hernoemd naar SF Deinum",rename,"SF Deinum"
"Harga","Schiedam","2013-09-07","2013-06-02","1923-04-22",2177.685364367025,1397.9981960949203,2072,"Gefuseerd met ODI (S) tot Nexus",fuse_new,"ODI (S)|Nexus"
"ODI (S)","Schiedam","2013-09-07","2013-06-01","1970-08-30",1679.869691829899,966.9633631553485,331,"Gefuseerd met Harga tot Nexus",fuse_new,"Harga|Nexus"
"Asko","Assen","2013-09-01","2013-06-01","1957-05-05",2167.6788678491316,1868.289453061113,1347,"Gefuseerd met VDW-OLS tot AVO",fuse_new,"VDW-OLS|AVO"
"VDW-OLS","Assen","2013-09-01","2013-06-02","1920-08-29",2062.3980390521538,1707.7278047664827,1830,"Gefuseerd met Asko tot AVO",fuse_new,"Asko|AVO"
"Dow","Eastermar","2013-09-01","2012-01-22","1944-05-07",1790.5423811223234,973.8788676218177,960,"Opgegaan in Wez Handich",merge_into,"Wez Handich"
"ODA","Roderwolde","2013-06-03","2013-06-02","1947-10-19",1846.2554124520252,994.5911349615984,968,"Gestopt",end,""
"Sportclub","Makkinga","2013-06-02","2013-06-01","1937-04-25",1915.7679960474024,1142.24652675923,937,"Gestopt",end,""
"VIOS (Ni)","Nijeholtpade","2013-06-01","2013-05-31","1925-06-28",1871.517963505702,1351.226367524603,948,"Gestopt",end,""
"Onder Ons","Oosterbeek","2013-03-18","2013-03-17","1911-10-15",2007.6475417111315,928.2268871007459,1106,"Gestopt",end,""
"De Eibers","Eibergen","2013-01-21","2013-01-20","1983-09-25",1177.0104905811447,1168.1594034468883,162,"Gestopt",end,""
"Aladna","Aalten","2012-12-09","2012-02-12","1983-10-09",1058.7391967943165,918.4093760346091,28,"Gefuseerd met De Issel tot Aladna / De Issel",fuse_new,"De Issel|Aladna / De Issel"
"De Issel","Ulft","2012-12-09","2012-02-12","1971-11-07",1293.0842711430598,485.6435512206624,29,"Gefuseerd met Aladna tot Aladna / De Issel",fuse_new,"Aladna|Aladna / De Issel"
"SKV (W)","Wageningen","2012-09-01","2012-06-02","1970-09-13",1532.253002095767,1486.5950908794798,266,"Gefuseerd met VADA en SSS tot Wageningen",fuse_new,"VADA|SSS|Wageningen"
"SSS","Wageningen","2012-09-01","2012-06-02","1970-08-30",2019.1154086439005,1700.60266135058,913,"Gefuseerd met VADA en SKV (W) tot Wageningen",fuse_new,"VADA|SKV (W)|Wageningen"
"VADA","Wageningen","2012-09-01","2012-06-03","1928-09-30",2344.2070097943188,2163.500114989085,1150,"Gefuseerd met SSS en SKV (W) tot Wageningen",fuse_new,"SSS|SKV (W)|Wageningen"
"WIK (E)","Enschede","2012-06-03","2012-06-02","1921-10-23",1812.7153699789988,1130.5026097713023,498,"Gestopt",end,""
"Altius","Hilversum","2012-02-26","2012-02-25","1933-06-25",2000.8721337896382,977.2020197179469,1244,"Gestopt",end,""
"Wertha","Weert","2012-01-16","2012-01-15","1980-10-12",1110.0844314861374,769.5282837182287,122,"Gestopt",end,""
"De Rietvogels (G)","Gasteren","2011-12-19","2011-12-18","1963-04-21",1261.6419942266857,749.1799717652144,415,"Gestopt",end,""
"KCN","Amsterdam","2011-11-12","1995-10-28","1922-09-24",1981.930085990301,1187.7647102015226,1180,"Opgegaan in Vlug en Vaardig (A)",merge_into,"Vlug en Vaardig (A)"
"Halen","Hooghalen","2011-09-25","2011-05-22","1949-05-29",1650.9517936554994,1080.9815140057158,797,"Hernoemd naar HHCombi",rename,"HHCombi"
"Ny Libben","Rinsumageest","2011-09-10","2011-06-04","1949-05-15",1937.2225346487419,1251.167148603998,850,"Gefuseerd met Quick (B) tot NQL",fuse_new,"Quick (B)|NQL"
"Quick (B)","Burdaard","2011-09-10","1986-12-07","1968-12-08",1363.5809512063288,833.7594917359885,352,"Gefuseerd met Ny Libben tot NQL",fuse_new,"Ny Libben|NQL"
"Bolnes","Bolnes","2011-09-03","2011-06-04","1932-10-02",1936.0869215357975,1430.309439489219,975,"Gefuseerd met Sagitta tot KCR",fuse_new,"Sagitta|KCR"
"Sagitta","Ridderkerk","2011-09-03","2011-06-04","1970-08-30",1807.0956688079862,1659.1106864548526,793,"Gefuseerd met Bolnes tot KCR",fuse_new,"Bolnes|KCR"
"Hoekse","Hoek van Holland","2011-06-06","2011-06-05","1970-11-29",1560.8639839705384,1307.2892191860901,396,"Gestopt",end,""
"Olympiek","Den Haag","2011-06-06","2011-06-05","1925-11-22",1950.3465661915873,915.2470669129193,1939,"Gestopt",end,""
"Korulos","Scheemda","2011-05-23","2011-05-22","1941-06-29",1779.9398892920533,1060.2484436296531,999,"Gestopt",end,""
"Marknesse","Marknesse","2010-09-25","2010-09-18","1952-11-09",1566.6156673747957,1175.8671433042857,532,"Opgegaan in Emmeloord",merge_into,"Emmeloord"
"Heerlen","Heerlen","2010-06-07","2010-06-06","1979-10-21",1674.9209985592524,897.7643567290456,276,"Gestopt",end,""
"Sirene","Uden","2010-03-01","2010-02-28","1971-11-28",1759.3207834894963,1177.1956075162502,339,"Gestopt",end,""
"Argento","Schoonhoven","2010-02-14","2010-02-13","1982-09-05",1481.6658231929357,1235.1434889469133,6,"Gestopt",end,""
"Vanonta","Rozenburg","2010-02-14","2010-02-13","1980-09-07",1220.5957264180229,604.2352680060051,11,"Gestopt",end,""
"Ruinen","Ruinen","2009-09-07","2009-09-06","1961-06-04",1571.6990659028413,749.5122923410897,455,"Gestopt",end,""
"Hoger Op","Krommenie","2009-09-06","2009-06-07","1966-09-11",1846.9871606328775,1149.307208387445,672,"Gefuseerd met Kieviten tot Furore",fuse_new,"Kieviten|Furore"
"Kieviten","Wormerveer","2009-09-06","2009-06-07","1979-09-09",1537.8011466876578,1283.1798332340009,165,"Gefuseerd met Hoger Op tot Furore",fuse_new,"Hoger Op|Furore"
"Heemskerk","Heemskerk","2009-09-06","2008-06-07","1973-12-02",1490.4522322733774,867.2873973721056,200,"Gefuseerd met Watervliet tot HBC (Be)",fuse_new,"Watervliet|HBC (Be)"
"Watervliet","Beverwijk","2009-09-06","2009-05-17","1935-09-22",2014.157780415003,1064.2539293846785,1019,"Gefuseerd met Heemskerk tot HBC (Be)",fuse_new,"Heemskerk|HBC (Be)"
"Danaiden","Leiden","2009-09-06","2009-06-17","1950-04-23",2283.019965315371,1600.604088745301,1343,"Gefuseerd met KZ Leiden tot KZ Danaiden",fuse_new,"KZ Leiden|KZ Danaiden"
"KZ Leiden","Leiden","2009-09-06","2009-06-20","1936-02-23",1986.8899782571352,1681.134975249749,1875,"Gefuseerd met Danaiden tot KZ Danaiden",fuse_new,"Danaiden|KZ Danaiden"
"Eerbeek","Eerbeek","2009-09-06","2009-06-06","1966-09-18",1555.835415235906,892.8207420932196,342,"Gefuseerd met Turbulas tot Melynas",fuse_new,"Turbulas|Melynas"
"Turbulas","Brummen","2009-09-06","2009-06-07","1967-04-02",1435.9185192700404,897.0085731446699,219,"Gefuseerd met Eerbeek tot Melynas",fuse_new,"Eerbeek|Melynas"
"Wez Fluch","Hempens","2009-09-06","2008-06-08","1927-05-01",1874.8018588059815,1095.1117921405937,902,"Gefuseerd met Wez Warber tot Wez Warber en Fluch",fuse_new,"Wez Warber|Wez Warber en Fluch"
"Wez Warber","Goutum","2009-09-06","2009-06-07","1957-05-12",1667.9475937258512,1367.98630160989,785,"Gefuseerd met Wez Fluch tot Wez Warber en Fluch",fuse_new,"Wez Fluch|Wez Warber en Fluch"
"Blauw Wit (H)","Heerenveen","2009-09-05","2009-06-07","1931-05-03",2199.9895248291446,1793.959013037756,1368,"Gefuseerd met Driehoek tot Heerenveen",fuse_new,"Driehoek|Heerenveen"
"Driehoek","Katlijk","2009-09-05","2009-06-06","1959-05-31",2084.228979114682,1562.7940069553526,972,"Gefuseerd met Blauw Wit (H) tot Heerenveen",fuse_new,"Blauw Wit (H)|Heerenveen"
"Waterland","Landsmeer","2009-06-08","2009-06-07","1966-09-11",1822.8779628145007,1323.7426014092318,615,"Gestopt",end,""
"Ouderkerk","Ouderkerk aan den Amstel","2009-06-07","2009-06-06","1969-11-30",1491.054444190391,1030.805381321697,259,"Gestopt",end,""
"Sparta (W)","Warten","2009-06-06","2009-05-30","1929-05-12",2179.61627859235,1485.8259961199503,1232,"Opgegaan in Mid Fryslân",merge_into,"Mid Fryslân"
"ZSV","Zeelberg","2009-03-30","2009-03-29","2006-09-10",1143.1911668581295,1143.1580114896421,18,"Gestopt",end,""
"SVMM","Maarn","2009-03-22","2009-03-21","1952-09-21",1572.7565806279285,876.8789672491041,255,"Gestopt",end,""
"Mares","Maarheze","2008-10-06","2008-10-05","1981-12-06",1050.6701587951081,935.1807180191399,66,"Gestopt",end,""
"Nieuw Flora","Haarlem","2008-09-07","2008-06-08","1936-09-20",1885.9698571651,952.5435523091854,1075,"Opgegaan in Haarlem",merge_into,"Haarlem"
"Argo","Bedum","2008-09-06","2008-06-07","1970-09-13",1527.4679925951552,1013.3741660541236,550,"Gefuseerd met DWA tot DWA / Argo",fuse_new,"DWA|DWA / Argo"
"DWA","Winsum","2008-09-06","2008-06-07","1970-08-30",1994.7819294275635,1482.6375375132618,768,"Gefuseerd met Argo tot DWA / Argo",fuse_new,"Argo|DWA / Argo"
"Friso (L)","Leeuwarden","2008-09-06","2008-06-07","1917-09-16",2023.350142169404,1627.972914786402,1326,"Gefuseerd met Rapiditas (L) tot Pallas '08",fuse_new,"Rapiditas (L)|Pallas '08"
"Rapiditas (L)","Leeuwarden","2008-09-06","2008-06-07","1968-12-08",1291.1081794453082,1120.3559845218092,374,"Gefuseerd met Friso (L) tot Pallas '08",fuse_new,"Friso (L)|Pallas '08"
"Actief (R)","Rotterdam","2008-06-09","2008-06-08","1943-10-03",1840.5192265043993,1129.1600741023924,842,"Gestopt",end,""
"RKC²","Rotterdam","2008-06-09","2008-06-08","1905-03-19",1982.9356409389836,1143.584088177006,4030,"Gestopt",end,""
"Lauwers","Warfstermolen","2008-03-30","2008-03-29","1960-06-19",1321.1268899151642,1007.7865612718891,378,"Gestopt",end,""
"Hoogerop","Hoogerheide","2008-01-20","2008-01-19","2007-11-17",1127.1423879896,1032.0552519226712,2,"Gestopt",end,""
"SKNWK","Nieuwerkerk","2008-01-20","2008-01-19","1932-06-05",1667.1260563904837,1021.6373110658203,526,"Gestopt",end,""
"KVO (S)","Soest","2007-10-14","2007-10-13","1954-10-17",1672.6584137950706,1020.7897729080472,354,"Gestopt",end,""
"Deetos","Dordrecht","2007-09-09","2007-06-10","1911-12-10",2421.8084477182797,2311.7395425134487,2171,"Gefuseerd met Snel tot DeetosSnel",fuse_new,"Snel|DeetosSnel"
"Snel","Dordrecht","2007-09-09","2007-05-19","1970-08-30",2004.5439741923997,1605.3996156552248,970,"Gefuseerd met Deetos tot DeetosSnel",fuse_new,"Deetos|DeetosSnel"
"HDT","Donkerbroek","2007-09-08","1986-11-16","1921-06-12",1874.6099777805266,625.7363026825778,657,"Gefuseerd met VZK tot VZK / Donkerbroek",fuse_new,"VZK|VZK / Donkerbroek"
"VZK","Haule","2007-09-08","2006-05-21","1924-05-04",1669.2146396936307,1012.8490204109916,605,"Gefuseerd met HDT tot VZK / Donkerbroek",fuse_new,"HDT|VZK / Donkerbroek"
"DDK (Z)","Zuidbroek","2007-02-12","2007-02-11","1915-05-09",1410.7688310284495,955.0644799715086,488,"Gestopt",end,""
"TCNH","Amsterdam","2006-09-13","2006-05-21","1928-11-11",1762.795304717165,1090.068311419401,787,"Opgegaan in Sporting West",merge_into,"Sporting West"
"Lege Geaen","Sijbrandaburen","2006-09-09","2006-05-27","1962-05-27",2117.903789778823,1901.3935111013432,748,"Opgegaan in De Waterpoort",merge_into,"De Waterpoort"
"Merwic","Dordrecht","2006-09-03","2006-05-21","1923-09-16",1836.4525160508056,1485.2986509771779,1091,"Gefuseerd met Regenboog tot Dordrecht²",fuse_new,"Regenboog|Dordrecht²"
"Regenboog","Dordrecht","2006-09-03","2006-05-21","1929-11-10",2084.6382916690354,1448.5937776389067,1372,"Gefuseerd met Merwic tot Dordrecht²",fuse_new,"Merwic|Dordrecht²"
"Marfugels","Grou","2005-09-11","2005-05-28","1959-05-10",2206.563376502466,1592.7428872447547,910,"Gefuseerd met Stanfries² tot Mid Fryslân",fuse_new,"Stanfries²|Mid Fryslân"
"Stanfries²","Reduzum","2005-09-11","2005-05-21","1948-04-18",2201.652229489245,1999.9754444302284,1266,"Gefuseerd met Marfugels tot Mid Fryslân",fuse_new,"Marfugels|Mid Fryslân"
"OSDO","Ouderkerk aan den Amstel","2005-09-10","1995-10-28","1969-11-30",1491.054444190391,1162.7256480610436,154,"Hernoemd naar Ouderkerk",rename,"Ouderkerk"
"Zwijndrecht","Zwijndrecht","2005-09-04","2005-03-06","1983-05-29",1705.748503500043,1586.9294444784625,307,"Hernoemd naar Conventus",rename,"Conventus"
"Kanaries","Best","2005-09-04","1994-03-05","1971-11-28",1615.1872752185052,1128.9297686134605,262,"Hernoemd naar DKB",rename,"DKB"
"KIDO '68","Roermond","2005-09-04","1998-02-07","1971-09-12",1762.1035526276455,989.7266496995387,334,"Opgegaan in Ready '60",merge_into,"Ready '60"
"Den Bosch","Den Bosch","2005-09-04","1994-03-05","1985-11-24",1189.8738735896331,591.3760043216696,82,"Hernoemd naar Rodebo",rename,"Rodebo"
"Juko","Nieuwegein","2005-09-03","2005-05-21","1971-11-28",1817.4590376426293,1470.1731729109094,567,"Gefuseerd met Minerva tot Koveni",fuse_new,"Minerva|Koveni"
"Minerva","Nieuwegein","2005-09-03","2005-05-21","1993-11-13",1247.3957467614696,998.9377033756765,92,"Gefuseerd met Juko tot Koveni",fuse_new,"Juko|Koveni"
"SKV (U)","Utrecht","2005-05-23","2005-05-22","1934-12-16",1787.274099110643,922.0126893433505,910,"Gestopt",end,""
"Hellas","Deventer","2004-09-04","2004-05-23","1921-10-23",1863.433144612255,1144.0479173623044,832,"Gefuseerd met Korfoes tot Devinco",fuse_new,"Korfoes|Devinco"
"Korfoes","Deventer","2004-09-04","2004-05-22","1995-09-16",1719.0307530272137,1611.576614346063,114,"Gefuseerd met Hellas tot Devinco",fuse_new,"Hellas|Devinco"
"Doorn","Doorn","2004-09-04","2004-05-22","1952-09-21",1719.9145336461922,1416.288109902936,312,"Hernoemd naar KCD",rename,"KCD"
"Ede","Ede","2003-05-26","2003-05-25","1971-10-17",1662.7733055209794,1195.2769600947472,116,"Gestopt",end,""
"Hespa","Amsterdam","2002-09-01","2002-03-10","1953-09-20",1950.289544748284,1366.3309461907272,841,"Opgegaan in Sporting West",merge_into,"Sporting West"
"Blauw Wit '51","Dordrecht","2001-11-18","1999-05-15","1952-09-14",1996.0089238031892,1310.0237073505984,902,"Gefuseerd met Zwervers en ODO² tot Movado",fuse_new,"Zwervers|ODO²|Movado"
"ODO²","Dordrecht","2001-11-18","2001-05-27","1925-11-01",1859.9460073216185,1528.516845751071,1046,"Gefuseerd met Zwervers en Blauw Wit '51 tot Movado",fuse_new,"Zwervers|Blauw Wit '51|Movado"
"Zwervers","Dordrecht","2001-11-18","1999-05-15","1937-09-12",1918.1608999757134,1263.0677609274733,928,"Gefuseerd met ODO² en Blauw Wit '51 tot Movado",fuse_new,"ODO²|Blauw Wit '51|Movado"
"BFC","Amsterdam","2001-09-09","2001-03-10","1929-10-13",1995.9235055407962,1143.892113836243,1030,"Gefuseerd met LUTO en SVK / Groen Wit tot Triaz",fuse_new,"LUTO|SVK / Groen Wit|Triaz"
"LUTO","Amsterdam","2001-09-09","2001-06-10","1918-09-29",2425.1401171368298,1773.7623003901315,1735,"Gefuseerd met SVK / Groen Wit en BFC tot Triaz",fuse_new,"SVK / Groen Wit|BFC|Triaz"
"SVK / Groen Wit","Amsterdam","2001-09-09","2001-03-10","1918-11-03",2237.0541779519267,1130.6978307178956,2424,"Gefuseerd met LUTO en BFC tot Triaz",fuse_new,"LUTO|BFC|Triaz"
"Barriere","Emmen","2000-09-09","1994-12-17","1991-09-08",1040.180120147712,969.341810321694,52,"Gefuseerd met Emmen tot EKC 2000",fuse_new,"Emmen|EKC 2000"
"Emmen","Emmen","2000-09-09","2000-05-27","1952-04-27",1938.991029666473,1750.770280656726,935,"Gefuseerd met Barriere tot EKC 2000",fuse_new,"Barriere|EKC 2000"
"Rapiditas","Zutphen","2000-09-09","1999-05-15","1921-10-02",2217.717972807181,1851.4962212921487,1369,"Gefuseerd met ZKC (Zu) tot KVZ",fuse_new,"ZKC (Zu)|KVZ"
"ZKC (Zu)","Zutphen","2000-09-09","1999-05-15","1916-10-08",2266.7864845344966,1644.0045587070001,1415,"Gefuseerd met Rapiditas tot KVZ",fuse_new,"Rapiditas|KVZ"
"Advendo (TI)","Ter Idzard","2000-09-09","1999-05-15","1922-05-07",1943.6947251416825,1389.1804044178593,1094,"Opgegaan in SCO",merge_into,"SCO"
"TOP (O)","Oss","2000-09-02","1996-03-09","1950-09-10",1784.328520449617,1552.1312564471202,643,"Opgegaan in DOT (O)",merge_into,"DOT (O)"
"Fortis '75","Montfoort","2000-03-12","2000-03-11","1977-11-13",1625.6878226571562,1237.8128929505656,58,"Gestopt",end,""
"Olympia (W)","Wilhelminadorp","2000-03-12","2000-03-11","1942-04-26",1660.63669336324,966.5330978478379,526,"Gestopt",end,""
"Amsterdam Zuid","Amsterdam","1999-11-20","1985-05-19","1926-12-12",2058.917562456989,1440.556564394343,870,"Gefuseerd met KCO en SVK tot SVK / Groen Wit",fuse_new,"KCO|SVK|SVK / Groen Wit"
"KCO","Amsterdam","1999-11-20","1983-04-17","1937-10-10",1930.3122269377259,1110.4042390162044,426,"Gefuseerd met Amsterdam Zuid en SVK tot SVK / Groen Wit",fuse_new,"Amsterdam Zuid|SVK|SVK / Groen Wit"
"SVK","Kattenburg","1999-11-20","1985-05-19","1918-11-03",2237.0541779519267,1053.204688383916,1104,"Gefuseerd met Amsterdam Zuid en KCO tot SVK / Groen Wit",fuse_new,"Amsterdam Zuid|KCO|SVK / Groen Wit"
"Diamco","Diemen","1999-09-04","1999-05-15","1919-09-14",2002.3874693121625,1554.3007525754729,2362,"Gefuseerd met Victoria (A) tot DKV Victoria",fuse_new,"Victoria (A)|DKV Victoria"
"Victoria (A)","Amsterdam","1999-09-04","1999-05-15","1920-09-19",1937.879556263187,1606.0284842028484,1136,"Gefuseerd met Diamco tot DKV Victoria",fuse_new,"Diamco|DKV Victoria"
"Deto","Eindhoven","1999-09-04","1999-05-15","1935-10-13",2274.864868999357,1906.5937360200267,1296,"Gefuseerd met Sportlust tot DSC",fuse_new,"Sportlust|DSC"
"Sportlust","Eindhoven","1999-09-04","1999-05-15","1932-10-16",2008.4585250926136,1431.2131781579885,915,"Gefuseerd met Deto tot DSC",fuse_new,"Deto|DSC"
"De Bermen","Capelle aan den IJssel","1999-09-04","1999-05-15","1963-10-13",1866.5419880740678,1410.8680875189402,654,"Gefuseerd met De Kapellen tot KCC",fuse_new,"De Kapellen|KCC"
"De Kapellen","Capelle aan den IJssel","1999-09-04","1999-05-15","1970-09-06",2016.5243081711542,2013.6651975259012,309,"Gefuseerd met De Bermen tot KCC",fuse_new,"De Bermen|KCC"
"Archipel","Amsterdam","1999-09-04","1999-05-15","1924-11-02",2374.97199676412,1547.821975502749,1586,"Opgegaan in OKV",merge_into,"OKV"
"DKV (Du)","Dubbeldam","1999-09-04","1999-05-15","1959-09-13",1874.372821067506,1801.925981660028,740,"Gefuseerd met Quick (D) en TOV (D) tot Sporting Delta",fuse_new,"Quick (D)|TOV (D)|Sporting Delta"
"Quick (D)","Dordrecht","1999-09-04","1999-05-15","1925-10-04",2021.1063177627161,1333.845829173417,1210,"Gefuseerd met DKV (Du) en TOV (D) tot Sporting Delta",fuse_new,"DKV (Du)|TOV (D)|Sporting Delta"
"TOV (D)","Dordrecht","1999-09-04","1999-05-29","1918-12-01",1842.3122417274958,1256.5831808923124,967,"Gefuseerd met DKV (Du) en Quick (D) tot Sporting Delta",fuse_new,"DKV (Du)|Quick (D)|Sporting Delta"
"VIOS (N)","Numansdorp","1999-05-30","1999-05-29","1968-03-24",1422.7419948819902,1148.8978929972589,170,"Gestopt",end,""
"Eindhoven","Eindhoven","1999-05-16","1999-05-15","1947-09-21",2043.5761383195663,1235.3466644871999,812,"Gestopt",end,""
"Hermes (B)","Beets","1999-05-16","1999-05-15","1921-05-08",1841.6865215194193,1033.4600772111398,916,"Gestopt",end,""
"ODI (A)","Aalsmeer","1999-05-16","1999-05-15","1970-09-06",1322.6918836399345,1306.3705443029285,19,"Gestopt",end,""
"Animo (S)","Souburg","1998-09-12","1998-05-23","1938-06-05",1991.2249195767388,1929.737102494565,1036,"Gefuseerd met Zuidwesters tot Fortis",fuse_new,"Zuidwesters|Fortis"
"Zuidwesters","Souburg","1998-09-12","1998-05-23","1952-04-27",1751.8326612842811,1613.8735863290271,852,"Gefuseerd met Animo (S) tot Fortis",fuse_new,"Animo (S)|Fortis"
"Trega","Maastricht","1998-09-12","1994-03-05","1971-10-17",1315.6406895785449,942.6167298032484,193,"Hernoemd naar Maastricht",rename,"Maastricht"
"Thuve '73","Duiven","1998-09-05","1984-03-11","1983-11-20",1343.5333553339233,1167.7597049350218,8,"Hernoemd naar Duko",rename,"Duko"
"Jong Brabant","Berkel-Enschot","1998-09-05","1996-05-18","1971-11-28",1756.490062244283,1034.7678747333014,353,"Gefuseerd met Oranje Wit (T) tot OJC '98",fuse_new,"Oranje Wit (T)|OJC '98"
"Oranje Wit (T)","Tilburg","1998-09-05","1998-02-14","1929-06-23",1763.9771817752064,1555.9019380869863,736,"Gefuseerd met Jong Brabant tot OJC '98",fuse_new,"Jong Brabant|OJC '98"
"BKC³","Breda","1998-09-05","1991-05-26","1957-11-03",1676.891200215001,1030.666289691783,390,"Gefuseerd met Terheijden en Breda Noord tot Terda",fuse_new,"Terheijden|Breda Noord|Terda"
"Breda Noord","Breda","1998-09-05","1997-05-24","1977-12-18",1675.1433654160337,1133.7584990374226,50,"Gefuseerd met Terheijden en BKC³ tot Terda",fuse_new,"Terheijden|BKC³|Terda"
"Terheijden","Terheijden","1998-09-05","1995-05-20","1965-09-12",1936.6073853771152,1120.3509672437112,623,"Gefuseerd met Breda Noord en BKC³ tot Terda",fuse_new,"Breda Noord|BKC³|Terda"
"OLS","Witten","1998-09-05","1994-12-17","1920-08-29",1629.7515790127231,1018.3668422785483,569,"Gefuseerd met VDW tot VDW-OLS",fuse_new,"VDW|VDW-OLS"
"VDW","Assen","1998-09-05","1998-05-23","1952-05-11",1970.2891240571707,1936.6378434448816,868,"Gefuseerd met OLS tot VDW-OLS",fuse_new,"OLS|VDW-OLS"
"DFS (B)","Burgum","1998-02-08","1998-02-07","1980-08-31",1312.7939208531009,1310.4150932313746,128,"Gestopt",end,""
"Overkanters","Rotterdam","1997-09-06","1997-05-24","1948-04-04",2025.6076566636655,1781.0594562906301,933,"Gefuseerd met Zuiden (R) tot OZC",fuse_new,"Zuiden (R)|OZC"
"Zuiden (R)","Rotterdam","1997-09-06","1997-05-24","1923-09-16",2400.5434025997106,1825.7021016357414,1701,"Gefuseerd met Overkanters tot OZC",fuse_new,"Overkanters|OZC"
"KC Rotterdam","Rotterdam","1997-09-06","1997-05-24","1905-03-19",1982.9356409389836,1503.7264328347912,2401,"Gefuseerd met Rozenburg tot RKC²",fuse_new,"Rozenburg|RKC²"
"Rozenburg","Rotterdam","1997-09-06","1997-05-24","1914-10-04",1944.3744664758499,1553.3118863205289,1469,"Gefuseerd met KC Rotterdam tot RKC²",fuse_new,"KC Rotterdam|RKC²"
"Amersfoort","Amersfoort","1997-06-05","1997-05-24","1916-11-26",1973.9412073903861,1371.647361363453,966,"Opgegaan in MIA",merge_into,"MIA"
"USV","Rotterdam","1997-06-01","1997-05-31","1943-09-05",1620.7771639269743,1030.7481102566421,396,"Gestopt",end,""
"LDO","Terwispel","1996-09-07","1996-05-11","1938-04-24",2265.172432656989,2025.6952423951377,1152,"Gefuseerd met ODK tot LDODK",fuse_new,"ODK|LDODK"
"ODK","Gorredijk","1996-09-07","1994-10-15","1950-04-16",2048.187431432954,1343.3803615416973,855,"Gefuseerd met LDO tot LDODK",fuse_new,"LDO|LDODK"
"AW","Amsterdam","1996-08-31","1996-05-11","1909-11-07",2349.867599602212,2108.8255631586476,1619,"Gefuseerd met DTV tot AW.DTV",fuse_new,"DTV|AW.DTV"
"DTV","Amsterdam","1996-08-31","1996-03-09","1904-02-14",2132.112866425749,1849.3702331543386,1692,"Gefuseerd met AW tot AW.DTV",fuse_new,"AW|AW.DTV"
"Hoogvliet","Hoogvliet","1996-08-31","1996-05-18","1961-10-01",1874.8144765898544,1227.6791415271866,599,"Gefuseerd met Waterschip tot Nikantes",fuse_new,"Waterschip|Nikantes"
"Waterschip","Hoogvliet","1996-08-31","1995-05-20","1970-08-30",1430.9493630069833,1028.7301529656497,125,"Gefuseerd met Hoogvliet tot Nikantes",fuse_new,"Hoogvliet|Nikantes"
"DVS (U)","Utrecht","1996-08-31","1995-04-22","1933-10-01",1751.3458390702647,1463.175274188726,474,"Gefuseerd met SAMOS tot Synergo",fuse_new,"SAMOS|Synergo"
"SAMOS","Utrecht","1996-08-31","1996-05-04","1924-10-19",2281.577578065839,1824.8643322528064,1377,"Gefuseerd met DVS (U) tot Synergo",fuse_new,"DVS (U)|Synergo"
"Korvo","Oude Tonge","1996-05-19","1996-05-18","1965-09-12",1504.6276583259444,1163.629068060543,177,"Gestopt",end,""
"Desto","Utrecht","1995-10-29","1995-10-28","1930-10-19",1583.428186136161,1133.4530896840336,194,"Gestopt",end,""
"Jodan Boys","Gouda","1995-09-02","1995-05-20","1970-08-30",1726.5719667091373,1266.1485351052756,489,"Gefuseerd met Ter Gouw tot Gemini",fuse_new,"Ter Gouw|Gemini"
"Ter Gouw","Gouda","1995-09-02","1991-10-20","1927-12-11",1684.7538447041532,1399.6625287676766,339,"Gefuseerd met Jodan Boys tot Gemini",fuse_new,"Jodan Boys|Gemini"
"Amstel²","Amstelveen","1995-09-02","1995-05-20","1970-02-08",1775.0413960410622,1764.4583092901905,611,"Gefuseerd met DEVD tot KVA",fuse_new,"DEVD|KVA"
"DEVD","Amstelveen","1995-09-02","1995-05-20","1907-12-15",2181.0035460556464,2040.2913779198036,2411,"Gefuseerd met Amstel² tot KVA",fuse_new,"Amstel²|KVA"
"KVR²","Rijswijk","1995-09-02","1995-05-13","1956-10-28",1809.5583027707235,1679.2243672491177,447,"Gefuseerd met ODS tot Refleks",fuse_new,"ODS|Refleks"
"ODS","Rijswijk","1995-09-02","1995-03-11","1970-08-30",1524.8705786766548,1427.8845282856446,254,"Gefuseerd met KVR² tot Refleks",fuse_new,"KVR²|Refleks"
"Algemene","Leiden","1995-09-02","1995-05-20","1934-10-21",2050.8429850656203,1876.4135701840094,1106,"Gefuseerd met Fides Pacta tot Sporting Trigon",fuse_new,"Fides Pacta|Sporting Trigon"
"Fides Pacta","Leiden","1995-09-02","1995-05-20","1911-10-15",2216.663384560504,1701.9266988949291,2199,"Gefuseerd met Algemene tot Sporting Trigon",fuse_new,"Algemene|Sporting Trigon"
"Excelsior '54","Sittard","1995-03-12","1995-03-11","1964-09-13",1689.7938787358034,1352.907102729123,371,"Gestopt",end,""
"Albino's","Ezinge","1995-01-22","1995-01-21","1970-08-30",1454.7206221835102,1394.6916485421314,422,"Gestopt",end,""
"DOS (K)","Kerkenveld","1994-12-18","1994-12-17","1970-09-13",2025.6557767489558,1159.1793480985316,512,"Gestopt",end,""
"Griffioen","Smilde","1994-12-18","1994-12-17","1970-08-30",1332.8908502714876,615.2374405031316,376,"Gestopt",end,""
"Nowegro","Leens","1994-12-18","1994-12-17","1984-09-02",1189.992022613472,1121.4184852624608,179,"Gestopt",end,""
"Odival","Diever","1994-12-18","1994-12-17","1952-05-04",1726.6415433700327,1152.9603452441247,667,"Gestopt",end,""
"VSV","Vlagtwedde","1994-12-18","1994-12-17","1941-06-29",1490.9973198139064,1136.1541347138802,592,"Gestopt",end,""
"Wesko","Westerbork","1994-12-18","1994-12-17","1977-05-01",1322.2057709516444,839.6338755108054,281,"Gestopt",end,""
"Sportief (N)","Nieuw-Roden","1994-11-27","1994-11-26","1960-10-02",1497.7870629172214,1103.7905465723795,411,"Gestopt",end,""
"Vitesse '74","Franeker","1994-10-30","1994-10-29","1974-09-01",1648.7867537229808,1437.136657904229,423,"Gestopt",end,""
"Udik","Klijndijk","1994-09-11","1994-09-10","1913-10-12",1547.582490446874,1074.978710179941,304,"Gestopt",end,""
"Raven","Den Haag","1994-09-03","1994-03-05","1948-04-11",1620.3411067280745,989.9133136596519,439,"Opgegaan in Olympiek",merge_into,"Olympiek"
"Mickels","Haren","1994-05-09","1994-05-08","1983-09-11",1413.099040021151,1296.4865115401085,206,"Gestopt",end,""
"Deurne","Deurne","1994-03-06","1994-03-05","1980-11-23",1180.9344485815814,1044.1336081661566,150,"Gestopt",end,""
"SBO","Peize","1994-03-06","1994-03-05","1958-09-14",1403.0008812951485,731.3661728043137,340,"Gestopt",end,""
"Geldrop","Geldrop","1994-02-27","1994-02-26","1973-06-17",1971.2617729719896,1192.676581315363,338,"Gestopt",end,""
"Kwiek (H)","Den Haag","1993-09-05","1993-05-23","1952-09-21",1950.3465661915873,1645.8351717402904,722,"Gefuseerd met Olympiaan tot Olympiek",fuse_new,"Olympiaan|Olympiek"
"Olympiaan","Den Haag","1993-09-05","1993-05-09","1925-11-22",1827.2209647041702,1342.551279854559,1012,"Gefuseerd met Kwiek (H) tot Olympiek",fuse_new,"Kwiek (H)|Olympiek"
"Portugaal","Poortugaal","1993-09-05","1989-05-06","1948-04-18",1655.4732697648926,1144.702394867191,106,"Gefuseerd met RWR tot RWA",fuse_new,"RWR|RWA"
"RWR","Rhoon","1993-09-05","1993-03-07","1970-09-06",1768.6702063947512,1427.7963299395717,356,"Gefuseerd met Portugaal tot RWA",fuse_new,"Portugaal|RWA"
"Succes","Schiedam","1993-05-24","1993-05-23","1937-10-03",1667.644341943643,1291.1798605884653,634,"Gestopt",end,""
"Spartaan","Rotterdam","1992-09-13","1980-03-23","1913-09-28",1772.5020485054326,977.5275501990585,573,"Opgegaan in KC Rotterdam",merge_into,"KC Rotterdam"
"Excelsior","Hilversum","1992-09-06","1992-05-24","1912-11-17",2141.3361112460557,1843.0882518117407,1380,"Gefuseerd met Zwaluwen (H) tot De Corvers",fuse_new,"Zwaluwen (H)|De Corvers"
"Zwaluwen (H)","Hilversum","1992-09-06","1992-05-24","1922-09-17",1951.339986739216,1552.1069174876545,1099,"Gefuseerd met Excelsior tot De Corvers",fuse_new,"Excelsior|De Corvers"
"HKV","Den Haag","1992-09-06","1992-05-24","1919-10-19",2391.1785102490294,1813.0377536942897,1533,"Gefuseerd met Ons Eibernest tot HKV / Ons Eibernest",fuse_new,"Ons Eibernest|HKV / Ons Eibernest"
"Ons Eibernest","Den Haag","1992-09-06","1992-05-24","1921-11-27",2453.4051636550635,1967.7355976303668,1512,"Gefuseerd met HKV tot HKV / Ons Eibernest",fuse_new,"HKV|HKV / Ons Eibernest"
"Ons Eiland","Leiden","1992-09-06","1992-05-10","1970-08-30",1897.000973561057,1218.684129325679,557,"Gefuseerd met Zuiderkwartier (L) tot KZ Leiden",fuse_new,"Zuiderkwartier (L)|KZ Leiden"
"Zuiderkwartier (L)","Leiden","1992-09-06","1992-05-24","1936-02-23",1986.8899782571352,1636.2137293930728,944,"Gefuseerd met Ons Eiland tot KZ Leiden",fuse_new,"Ons Eiland|KZ Leiden"
"KNS","Leiden","1992-06-01","1992-05-31","1950-11-05",1942.7434912720328,1307.4614461174647,778,"Gestopt",end,""
"NOAD (D)","Dreischor","1992-03-16","1992-03-15","1952-05-11",1461.522672566971,931.9784170606633,298,"Gestopt",end,""
"Apollo '69","Apeldoorn","1991-09-15","1991-02-17","1952-09-28",1925.737412116184,1407.0314187874214,245,"Gefuseerd met Zuiderkwartier (A) tot Atalante",fuse_new,"Zuiderkwartier (A)|Atalante"
"Zuiderkwartier (A)","Apeldoorn","1991-09-15","1991-03-03","1959-09-27",1900.3591820271545,1804.0851814466462,217,"Gefuseerd met Apollo '69 tot Atalante",fuse_new,"Apollo '69|Atalante"
"Diemen","Diemen","1991-09-08","1983-04-17","1969-11-30",1330.5125262745419,915.5219657566116,14,"Opgegaan in Diamco",merge_into,"Diamco"
"HSV","Den Haag","1991-09-08","1991-05-26","1911-10-15",2086.958704289046,1162.6149356620413,1320,"Opgegaan in GKV",merge_into,"GKV"
"Hou Stand","Den Haag","1991-05-27","1991-05-26","1936-01-26",1823.9185097485363,1543.4945612803344,708,"Gestopt",end,""
"SMS","Utrecht","1991-05-27","1991-05-26","1970-08-30",2082.691145264317,1551.868195608326,561,"Gestopt",end,""
"Elsene","Elsene","1991-03-04","1991-03-03","1990-12-09",1173.6157815035479,1173.3806804538265,2,"Gestopt",end,""
"Oude Gracht","Eindhoven","1991-03-04","1991-03-03","1971-09-05",1733.2728011044337,1408.1235276605048,322,"Gestopt",end,""
"Scharn","Maastricht","1991-03-04","1991-03-03","1990-12-09",1200.0,1162.1749205214762,2,"Gestopt",end,""
"KIOL","Niekerk","1991-02-25","1991-02-24","1929-11-03",1594.1898930791272,767.8239138209567,482,"Gestopt",end,""
"WIK (S)","Schoonloo","1991-02-25","1991-02-24","1956-05-06",1644.8314818537067,1140.6112339596427,435,"Gestopt",end,""
"Woldjeprikken","Grootegast","1991-02-25","1991-02-24","1969-12-21",1134.2529757865484,805.7145302801148,186,"Gestopt",end,""
"Organon","Oss","1990-11-18","1990-02-11","1950-09-10",1784.328520449617,1589.3918518027197,579,"Hernoemd naar TOP (O)",rename,"TOP (O)"
"Pams","Den Haag","1990-09-09","1990-05-20","1953-02-22",2178.679253225822,1888.671754677831,852,"Gefuseerd met Ves tot Futura",fuse_new,"Ves|Futura"
"Ves","Den Haag","1990-09-09","1990-05-20","1970-08-30",2108.0227483355015,1834.7157610570714,538,"Gefuseerd met Pams tot Futura",fuse_new,"Pams|Futura"
"DBGC","Oude Tonge","1990-09-09","1979-02-25","1965-09-12",1504.6276583259444,1212.9052492659634,111,"Hernoemd naar Korvo",rename,"Korvo"
"BIKO","Bilthoven","1990-09-09","1987-05-24","1953-11-08",1699.4127766120866,1458.6092990881161,487,"Gefuseerd met Kameo tot Nova",fuse_new,"Kameo|Nova"
"Kameo","Groenekan","1990-09-09","1990-04-08","1941-09-14",1806.917925076231,1636.398946851074,662,"Gefuseerd met BIKO tot Nova",fuse_new,"BIKO|Nova"
"Meeuwen (L)","Lekkum","1990-05-21","1990-05-20","1938-05-15",1790.980402524908,1355.6390855108846,790,"Gestopt",end,""
"OKC²","Onstwedde","1990-02-26","1990-02-25","1976-09-12",1126.483213768988,836.0336223964356,247,"Gestopt",end,""
"RWB","Den Bosch","1990-02-19","1990-02-18","1942-09-27",1757.7592725117038,665.6219585848506,348,"Gestopt",end,""
"Veendam²","Veendam","1990-02-19","1990-02-18","1980-09-07",1309.7271688591657,915.7992252243956,168,"Gestopt",end,""
"Landlust","Amsterdam","1989-09-10","1989-05-20","1937-10-10",2067.8947657555686,1407.396333777924,872,"Gefuseerd met Westerkwartier tot Sporting West",fuse_new,"Westerkwartier|Sporting West"
"Westerkwartier","Amsterdam","1989-09-10","1989-05-20","1918-11-03",2474.0991569764146,1742.3542942512022,1588,"Gefuseerd met Landlust tot Sporting West",fuse_new,"Landlust|Sporting West"
"KVD","Amsterdam","1989-09-03","1989-05-20","1919-09-14",2002.3874693121625,1778.2647363472577,1153,"Gefuseerd met Oosterpark tot Diamco",fuse_new,"Oosterpark|Diamco"
"Oosterpark","Amsterdam","1989-09-03","1989-05-20","1920-09-19",1923.7946567569397,1457.5082564375448,982,"Gefuseerd met KVD tot Diamco",fuse_new,"KVD|Diamco"
"Naas²","Enschede","1989-09-03","1989-05-20","1913-05-19",2122.0576383958546,1607.6067496990183,1128,"Gefuseerd met Wilskracht (E) tot EKC Naas",fuse_new,"Wilskracht (E)|EKC Naas"
"Wilskracht (E)","Enschede","1989-09-03","1989-05-20","1986-08-31",2008.2929729979753,1922.1867671099967,55,"Gefuseerd met Naas² tot EKC Naas",fuse_new,"Naas²|EKC Naas"
"OSCR","Rotterdam","1989-09-03","1989-05-20","1905-03-19",1944.1798271375037,1713.0906550578118,1388,"Gefuseerd met Ons Huis (R) tot KC Rotterdam",fuse_new,"Ons Huis (R)|KC Rotterdam"
"Ons Huis (R)","RotterdamF","1989-09-03","1989-04-01","1932-09-25",1982.9356409389836,1186.9711624527358,850,"Gefuseerd met OSCR tot KC Rotterdam",fuse_new,"OSCR|KC Rotterdam"
"Kwiek (O)","Overschie","1989-09-03","1989-05-20","1970-08-30",1708.2132827443165,1321.3374759742594,290,"Opgegaan in WION",merge_into,"WION"
"SOS","Nijmegen","1989-05-21","1989-05-20","1935-11-03",2078.4473921554695,1661.457576018508,705,"Gestopt",end,""
"AVVLO","Appelscha","1989-05-08","1989-05-07","1959-07-05",1485.1374178843025,1220.3832101083447,318,"Gestopt",end,""
"Neptunus","IJmuiden","1989-03-06","1989-03-05","1964-09-12",1742.1463219906927,1274.6145208249925,444,"Gestopt",end,""
"DOS (E)","Enschede","1988-09-10","1988-02-28","1912-04-21",2171.835495720769,1739.556042293265,1221,"Gefuseerd met Wesselerbrink tot DOS-WK",fuse_new,"Wesselerbrink|DOS-WK"
"Wesselerbrink","Enschede","1988-09-10","1987-05-31","1969-04-20",1835.3909255519075,1621.3462367162447,128,"Gefuseerd met DOS (E) tot DOS-WK",fuse_new,"DOS (E)|DOS-WK"
"Volt","Tilburg","1988-09-03","1988-05-14","1929-05-05",1755.7992879980895,1384.3533601921224,714,"Gefuseerd met Wandelbos tot Tilburg",fuse_new,"Wandelbos|Tilburg"
"Wandelbos","Tilburg","1988-09-03","1988-05-14","1971-11-28",1703.8733563722603,1429.5001711352156,259,"Gefuseerd met Volt tot Tilburg",fuse_new,"Volt|Tilburg"
"Sportief (Rot)","Krimpen aan den IJssel","1988-04-24","1988-04-23","1970-09-13",1573.5912818666623,1439.74637723793,71,"Gestopt",end,""
"Charlois","Rotterdam","1987-05-18","1987-05-17","1952-09-14",1686.4175741359566,982.0660151168211,417,"Gestopt",end,""
"Blauwe Berg","Hoorn","1987-03-02","1987-03-01","1981-11-29",1710.918114935181,1248.7733960282821,64,"Gestopt",end,""
"Excelsior (U)","Uithuizermeeden","1987-03-02","1987-03-01","1983-11-20",1171.2867701709386,889.417035949704,47,"Gestopt",end,""
"UDI (H)","Havelte","1987-03-02","1987-03-01","1920-08-08",1633.3230522749798,639.0155338091306,384,"Gestopt",end,""
"DES '53","Nijeberkoop","1986-12-08","1986-12-07","1957-05-19",1478.4589400901489,1031.9645347082467,361,"Gestopt",end,""
"L en F","Hilaard","1986-12-08","1986-12-07","1968-12-08",1060.6329073631769,587.701684948178,269,"Gestopt",end,""
"Luxia","Luxwoude","1986-12-08","1986-12-07","1948-08-29",1724.9890278113326,1196.4689525564186,631,"Gestopt",end,""
"MI","Gersloot","1986-12-08","1986-12-07","1947-04-27",1416.289200583076,607.8579712283837,261,"Gestopt",end,""
"SSS '70","Marsum","1986-12-08","1986-12-07","1971-11-28",1041.8828479897725,1036.151769549404,221,"Gestopt",end,""
"AKC (Ak)","Akkrum","1986-11-17","1986-11-16","1949-04-10",1929.0202567544936,1151.4669193028221,692,"Gestopt",end,""
"TOV (Fri)","Veenpolder","1986-11-17","1986-11-16","1978-11-19",1073.4567778450096,858.5084546827657,149,"Gestopt",end,""
"Zwaagwesteinde","Zwaagwesteinde","1986-11-10","1986-11-09","1961-04-23",1370.4691436893302,657.2482267553203,247,"Gestopt",end,""
"DSV (B)","Bussum","1986-09-07","1986-06-01","1943-03-07",1892.4863593588395,1802.2493780391123,658,"Gefuseerd met Olympia (B) tot DOC",fuse_new,"Olympia (B)|DOC"
"Olympia (B)","Bussum","1986-09-07","1986-05-25","1924-10-19",1985.0617805152929,1651.8941692227384,994,"Gefuseerd met DSV (B) tot DOC",fuse_new,"DSV (B)|DOC"
"MEO","Amsterdam","1986-05-26","1986-05-25","1940-09-29",2047.6170549904841,1273.2232332928793,754,"Gestopt",end,""
"Riko","Rilland","1986-03-03","1986-03-02","1985-11-24",900.7241992846022,839.5397786440716,4,"Gestopt",end,""
"Amesia","Termunten","1986-02-17","1986-02-16","1985-12-15",934.686037708967,809.087681943563,5,"Gestopt",end,""
"Blauw Wit (Bu)","Burdaard","1985-05-20","1985-05-19","1940-07-14",1632.0480224173511,1253.6788362849748,586,"Gestopt",end,""
"OSK","Oldetrijne","1985-05-20","1985-05-19","1980-11-09",1060.369382642223,976.2700259179978,76,"Gestopt",end,""
"Raak","Noord","1985-05-20","1985-05-19","1984-09-16",931.2754073828787,567.8698298723125,19,"Gestopt",end,""
"Venlo","Venlo","1985-04-22","1985-04-21","1981-03-29",1317.5552802316956,618.6646708455438,17,"Gestopt",end,""
"Boornbergum","Boornbergum","1985-03-04","1985-03-03","1921-07-24",1754.6085116729093,806.5774104276925,551,"Gestopt",end,""
"Donia","Huisterheide","1985-03-04","1985-03-03","1968-09-29",1578.3198941959547,823.8199634115927,274,"Gestopt",end,""
"Schatzenburg","Menaldum","1985-02-25","1985-02-24","1978-11-19",1342.278984425437,880.8885867029123,135,"Gestopt",end,""
"Iduna","Heerlen","1985-01-21","1985-01-20","1983-09-04",1224.3874848233613,1186.8877310089738,23,"Gestopt",end,""
"DVS (Gld)","Arnhem","1984-05-28","1984-05-27","1983-10-02",1159.1915365549369,1126.1086118110247,12,"Gestopt",end,""
"Elko '70","Elst","1984-05-28","1984-05-27","1974-05-12",1469.139916726224,1469.0571466555177,15,"Gestopt",end,""
"Centaurea","Wijchen","1984-05-21","1984-05-20","1983-10-02",1489.3865138031645,1311.7270648365345,11,"Gestopt",end,""
"Mercedes","Velp","1984-05-21","1984-05-20","1917-12-16",1626.6855225028614,1444.4085760942733,413,"Gestopt",end,""
"Velp","Velp","1984-05-21","1984-05-20","1974-05-12",1446.2179427480821,1113.8050419223696,27,"Gestopt",end,""
"KCS","Slotermeer","1984-05-14","1984-05-13","1965-10-31",1664.0257978452555,1310.3969236302048,327,"Gestopt",end,""
"Quick '81","Hengelo","1984-05-07","1984-05-06","1983-10-09",1132.50677296381,1064.6621849575931,2,"Gestopt",end,""
"Blanckenburgh","Beuningen","1984-04-09","1984-04-08","1983-10-16",1261.3211118891975,1178.6785475112374,4,"Gestopt",end,""
"Druiden","Druten","1984-04-09","1984-04-08","1983-10-16",1095.2283228773565,1095.2176884674977,4,"Gestopt",end,""
"Warmond","Warmond","1984-03-05","1984-03-04","1970-09-06",1501.2777916836612,1210.7774307367188,151,"Gestopt",end,""
"Emma","Den Haag","1984-02-27","1984-02-26","1920-11-07",1911.6881362513627,951.8530785865495,238,"Gestopt",end,""
"Wieen","Venray","1984-02-06","1984-02-05","1982-11-28",1062.9658279534851,1006.1005978436908,14,"Gestopt",end,""
"Sport²","Hoorn","1983-11-27","1983-05-15","1981-11-29",1710.918114935181,1440.0470341039663,19,"Hernoemd naar Blauwe Berg",rename,"Blauwe Berg"
"Brummen","Brummen","1983-09-18","1975-05-25","1967-04-02",1336.6855140734076,1278.987032355653,12,"Hernoemd naar Turbulas",rename,"Turbulas"
"De Keien","Noord","1983-05-16","1983-05-15","1979-09-02",917.2206021636744,692.5546025179472,45,"Gestopt",end,""
"ODI (G)","Geleen","1983-05-09","1983-05-08","1956-10-14",1490.8647954671098,1156.433206939307,160,"Gestopt",end,""
"HPV","Rotterdam","1983-04-25","1983-04-24","1957-10-20",1919.6665678934378,1001.7334570640555,397,"Gestopt",end,""
"Mid Fryslân (W)","Wijtgaard","1983-04-25","1983-04-24","1972-09-10",1187.654329115757,721.9083757197936,189,"Gestopt",end,""
"Noorderkwartier","Leiden","1983-03-07","1983-03-06","1934-11-11",1527.6242064422497,1159.1502385041774,242,"Gestopt",end,""
"FIT","Amsterdam","1981-09-28","1981-09-27","1969-09-07",1479.650878107161,1194.396237476547,103,"Gestopt",end,""
"Trynwalden","Oentsjerk","1981-09-20","1981-05-17","1946-05-19",1546.8429176328482,1306.7500705456782,375,"Hernoemd naar DFD",rename,"DFD"
"Minor","Nuth","1981-05-04","1981-05-03","1979-10-21",1125.5,1023.1726508091315,22,"Gestopt",end,""
"Frisia","Harlingen","1981-03-02","1981-03-01","1917-09-09",1829.650887853994,699.8582340831252,246,"Gestopt",end,""
"DTG (O)","Oude Bildtzijl","1981-02-02","1981-02-01","1969-11-30",1508.945075944642,879.4641697327328,167,"Gestopt",end,""
"Oldensaele","Oldenzaal","1980-12-08","1980-12-07","1980-12-07",900.0,892.6322997358768,1,"Gestopt",end,""
"ODA (B)","Boornbergum","1980-08-31","1980-05-04","1921-07-24",1754.6085116729093,1229.6975680400994,442,"Hernoemd naar Boornbergum",rename,"Boornbergum"
"Old Hickery","Zuid?","1980-04-21","1980-04-20","1980-01-27",1215.080641530558,1211.4533229731212,2,"Gestopt",end,""
"Brouwershaven","Brouwershaven","1980-03-03","1980-03-02","1929-07-21",1637.24456907,1040.9070764630867,518,"Gestopt",end,""
"OWK (O)","Ouderkerk","1980-03-03","1980-03-02","1928-06-24",1731.0892123018104,945.3914010847476,348,"Gestopt",end,""
"Tilstars","Koosterstille","1980-03-03","1980-03-02","1965-06-27",1115.598238012552,529.7581062588234,134,"Gestopt",end,""
"ZSC","Scharendijke","1980-03-03","1980-03-02","1929-07-21",1579.8654999916746,1071.0353867759559,652,"Gestopt",end,""
"Germanicus","Coevorden","1979-09-02","1979-05-06","1933-04-30",1298.6260201232471,1183.9995403967605,61,"Hernoemd naar Korvesta",rename,"Korvesta"
"UDI (K)","Klijndijk","1979-09-02","1974-09-08","1913-10-12",1547.582490446874,1105.3921427686473,76,"Hernoemd naar Udik",rename,"Udik"
"Eurotop","Rotterdam","1979-04-23","1979-04-22","1966-03-06",1305.2033265925952,935.8750978520449,30,"Gestopt",end,""
"De Kieviten","Fijnaart","1979-04-09","1979-04-08","1977-10-16",1548.4301393778098,1424.3280958963605,10,"Gestopt",end,""
"Alliance","Roosendaal","1979-03-11","1952-03-16","1951-09-16",1087.7949996650564,991.8905130591035,9,"Hernoemd naar Keep Fit '70",rename,"Keep Fit '70"
"RKC","Rotterdam","1978-10-23","1978-10-22","1971-09-19",1140.6302137175219,886.1626380713657,14,"Gestopt",end,""
"Welgelegen","Utrecht","1978-05-08","1978-05-07","1966-09-11",1530.5064363410656,1364.0782685541924,109,"Gestopt",end,""
"Djempol","Zuid?","1977-10-17","1977-10-16","1977-10-09",1009.3302755656587,1005.4691790329125,2,"Gestopt",end,""
"Brielle","Brielle","1977-09-19","1977-09-18","1973-10-14",1089.3787121311277,966.6867451509731,12,"Gestopt",end,""
"Hesco","Schiebroek","1977-09-19","1977-09-18","1963-03-24",1622.3991694983908,1055.2172788200799,155,"Gestopt",end,""
"DFS","Burgh Haamstede","1977-03-07","1977-03-06","1929-05-12",1832.2216622934623,1121.4608424090532,945,"Gestopt",end,""
"De Zwerfsteen","Roden","1976-09-12","1976-05-09","1969-12-14",1484.7172490441808,1096.5753327359107,44,"Gefuseerd met Roko tot Noordenveld",fuse_new,"Roko|Noordenveld"
"Roko","Roden","1976-09-12","1976-05-09","1950-10-29",1601.7778974776643,1167.4972801868112,259,"Gefuseerd met De Zwerfsteen tot Noordenveld",fuse_new,"De Zwerfsteen|Noordenveld"
"DOS (B)","Boyl","1976-04-19","1976-04-18","1922-04-23",1565.4896379554245,847.2442540675435,181,"Gestopt",end,""
"ONI (A)","Arnhem","1976-04-05","1976-04-04","1957-10-27",1850.1266585909375,1224.0055345838377,233,"Gestopt",end,""
"ADO (H)","Haulerwijk","1976-03-01","1976-02-29","1941-05-11",1702.3072128193924,662.1767199212915,233,"Gestopt",end,""
"DOSKO (N)","Noordwelle","1976-03-01","1976-02-29","1942-09-06",1379.8518781898222,808.7907634170298,217,"Gestopt",end,""
"Alcides²","Meppel","1975-09-07","1975-04-27","1917-10-28",1767.9202320256416,1373.113238755072,516,"Hernoemd naar Meko '74",rename,"Meko '74"
"Oostloorn","Heemse","1975-05-26","1975-05-25","1946-09-15",1553.5267054971591,1362.891125793806,273,"Gestopt",end,""
"Animo (Wo)","Wolfheze","1975-05-19","1975-05-18","1972-09-10",1111.3226830198446,1044.261512162983,6,"Gestopt",end,""
"DIO (R)","Rotterdam","1975-05-05","1975-05-04","1970-09-06",1684.4928853675997,1224.3792556204123,47,"Gestopt",end,""
"Oldeboorn","Aldeboarn","1975-03-24","1975-03-23","1947-07-06",1652.6479886506154,819.0760189061976,182,"Gestopt",end,""
"VIOD","Tienhoven","1975-03-03","1975-03-02","1970-09-06",1567.7036569686072,1382.917990189093,95,"Gestopt",end,""
"SVD (Da)","Dalfsen","1975-02-17","1975-02-16","1974-11-24",1115.7934105274678,1012.0058256212234,11,"Gestopt",end,""
"Blauw Wit (Rot)","Delfshaven","1975-02-10","1975-02-09","1970-08-30",1285.762417577573,1051.8967722561056,44,"Gestopt",end,""
"Markelo³","Markelo³","1974-12-16","1974-12-15","1969-08-31",1090.962607082079,576.5555258293853,16,"Gestopt",end,""
"Ajax","Amsterdam","1974-10-07","1974-10-06","1927-02-13",1784.3473412833596,1569.948713308283,89,"Gestopt",end,""
"Schiedam","Schiedam","1974-09-01","1974-05-12","1923-04-22",1790.2481430426653,1598.04099920484,607,"Gefuseerd met Spangen tot Harga",fuse_new,"Spangen|Harga"
"Spangen","Rotterdam","1974-09-01","1974-05-05","1926-09-26",2177.685364367025,1868.4915272647736,798,"Gefuseerd met Schiedam tot Harga",fuse_new,"Schiedam|Harga"
"DDV","Amsterdam","1974-05-27","1974-05-26","1917-11-04",2046.4987387411584,1181.4897421801777,835,"Gestopt",end,""
"KSW","Warten","1974-05-13","1974-05-12","1967-12-10",1813.450570306024,1613.6236242482378,120,"Gestopt",end,""
"Oosthoek","Haarlem","1974-05-06","1974-05-05","1942-09-13",1743.1653819444168,1388.3723249271334,172,"Gestopt",end,""
"Swift (Ede)","Ede","1974-03-31","1973-05-13","1970-09-20",1484.9513148507797,1473.6743995639085,30,"Hernoemd naar Reehorst '45",rename,"Reehorst '45"
"Balkbrug","Balkbrug","1974-02-18","1974-02-17","1961-06-04",1268.2767023229264,758.050848738277,23,"Gestopt",end,""
"Houtsnippen","Den Haag","1974-02-04","1974-02-03","1956-10-28",1578.3951418122574,1104.0893590015512,60,"Gestopt",end,""
"SCOZ '71","Noord","1974-01-14","1974-01-13","1972-09-17",959.5827984637907,959.2456507390497,6,"Gestopt",end,""
"VIOS (Nrd)","Noord","1974-01-14","1974-01-13","1971-09-05",911.8748733914701,730.7120870391186,11,"Gestopt",end,""
"Sportlust (L)","Leidschendam","1973-11-26","1973-11-25","1970-11-29",1091.3792503805225,1008.3975061742265,11,"Gestopt",end,""
"Fluks","Leiden","1973-09-09","1973-05-05","1911-10-15",2061.7505880760355,1722.1492797317183,904,"Gefuseerd met Vicus Orientis tot Fides Pacta",fuse_new,"Vicus Orientis|Fides Pacta"
"Vicus Orientis","Leiden","1973-09-09","1973-05-12","1934-10-21",2164.98878600514,2040.3274407915787,673,"Gefuseerd met Fluks tot Fides Pacta",fuse_new,"Fluks|Fides Pacta"
"KVS (So)","Soest","1973-09-09","1958-03-30","1953-05-03",1301.988944391224,1220.9356888505836,7,"Opgegaan in KVO (S)",merge_into,"KVO (S)"
"Rotterdam Zuid","Rotterdam","1973-05-21","1973-05-20","1970-08-30",1732.4327608294307,1552.4545016763893,76,"Gestopt",end,""
"Be Quick (Z)","Zwolle","1973-04-30","1973-04-29","1952-09-28",1736.116088858637,1304.6004058057217,221,"Gestopt",end,""
"Delta","Ooltgensplaat","1973-02-26","1973-02-25","1965-04-25",1517.8198184018413,1375.6384029545004,118,"Gestopt",end,""
"Terwolde","Terwolde","1972-11-06","1972-11-05","1967-04-02",1406.0786506812174,1147.2268216072039,6,"Gestopt",end,""
"HDK","Amsterdam","1972-10-30","1972-10-29","1920-09-19",1932.104617402702,1300.690717837755,368,"Gestopt",end,""
"KVTO²","Amsterdam","1972-10-30","1972-10-29","1972-10-29",1094.1744716667824,1090.637742936377,1,"Gestopt",end,""
"Tuindorp","Deventer","1972-10-23","1972-10-22","1957-10-20",1290.804521024991,1042.4013085766203,31,"Gestopt",end,""
"SOS '60","Muntendam","1972-10-09","1972-10-08","1960-09-25",1714.6926953418601,1489.4199691719577,181,"Gestopt",end,""
"Odilo","Eindhoven","1972-09-02","1972-04-30","1934-10-21",1779.657132560842,1468.8673200101014,423,"Opgegaan in Rust Roest (E)",merge_into,"Rust Roest (E)"
"TOP (Ro)","Rotterdam","1972-05-22","1972-05-21","1970-08-30",1572.7934093048523,1341.047251691891,45,"Gestopt",end,""
"Swift '66","Eibergen","1972-04-17","1972-04-16","1966-11-13",1510.661348835245,1346.124627552914,24,"Gestopt",end,""
"NOK","Nije- en Oudemirdum","1972-04-10","1972-04-09","1966-04-24",1297.1879980033573,1118.5324219197612,24,"Gestopt",end,""
"SVN²","Naaldwijk","1972-04-10","1972-04-09","1970-10-18",1504.6752789805346,1257.16830834814,14,"Gestopt",end,""
"WIK (K)²","Kerkwerve","1972-03-13","1972-03-12","1942-07-12",1633.5700303524532,1139.5380307863722,288,"Gestopt",end,""
"SVK (K)","Koosterstille","1972-01-16","1970-03-15","1965-06-27",1115.598238012552,1026.4352670075123,21,"Hernoemd naar Tilstars",rename,"Tilstars"
"Orion","Afd Zuid","1971-11-29","1971-11-28","1971-09-12",1112.5553111283662,1099.7281026564544,2,"Gestopt",end,""
"Postiljons","Ten Post","1971-11-08","1971-11-07","1969-12-14",1232.712068458671,1056.8872035542079,17,"Gestopt",end,""
"SPO","De Pollen","1971-10-04","1971-10-03","1968-09-29",985.6366670079409,985.0285652958213,10,"Gestopt",end,""
"DTS (D)","Dorwerth","1971-08-29","1971-05-16","1970-09-27",1412.8811363801651,1411.6636347774738,5,"Opgegaan in DKOD",merge_into,"DKOD"
"Amstelodamum","Amsterdam","1971-08-29","1970-04-19","1920-09-19",1932.104617402702,1412.7041283298602,366,"Hernoemd naar HDK",rename,"HDK"
"DES (S)","Sirjansland","1971-06-21","1971-06-20","1939-04-09",1514.3518723678767,1167.816202636258,207,"Gestopt",end,""
"Wordt Kwiek","Amsterdam","1971-05-17","1971-05-16","1967-11-16",1504.9587453981314,1283.859845034177,28,"Gestopt",end,""
"Hermes (G)","Groningen","1971-05-03","1971-05-02","1930-03-23",2031.7562638916115,1514.7366478671647,563,"Gestopt",end,""
"Animo Ready","Haarlem","1971-04-26","1971-04-25","1929-10-06",1846.8728573964568,1557.9788126331798,410,"Gestopt",end,""
"Wez Fluch (R)","Reitsum","1971-03-29","1971-03-28","1969-12-07",930.2531279295641,898.9215218892605,12,"Gestopt",end,""
"Fluks (OB)","Oud Beijerland","1971-03-01","1971-02-28","1970-11-29",961.6075386634539,961.6014018460677,5,"Gestopt",end,""
"IJsvogels","Den Haag","1971-02-22","1971-02-21","1970-08-30",1521.5,1440.716971766338,17,"Gestopt",end,""
"Meeuwen (P Fri)","(Friesland)","1970-09-28","1970-09-27","1970-09-06",1149.6854115934714,1134.7969794594078,3,"Gestopt",end,""
"SDO (Fri)","(Friesland)","1970-09-28","1970-09-27","1970-09-13",1259.0718492985693,1249.6546063992485,3,"Gestopt",end,""
"KVL","Lammerenburg","1970-09-13","1970-05-03","1951-03-04",1357.8439452119414,1214.964636779288,120,"Gefuseerd met VEDO tot Seolto",fuse_new,"VEDO|Seolto"
"VEDO","Vlissingen","1970-09-13","1970-06-07","1933-04-09",1757.4029684787047,1303.804430433236,361,"Gefuseerd met KVL tot Seolto",fuse_new,"KVL|Seolto"
"Rapid (D)","Delfzijl","1970-09-06","1968-04-28","1967-05-14",1424.315478899757,1266.6614244043396,8,"Hernoemd naar Roda '70",rename,"Roda '70"
"KVS (Noord)","Smilde","1970-08-31","1970-08-30","1970-08-30",1005.5705581611267,962.7317029895484,1,"Gestopt",end,""
"TOP (P)","Pesse","1970-08-30","1966-05-08","1934-06-17",1409.2683044203354,1077.5705581611267,14,"Hernoemd naar Niek",rename,"Niek"
"WTEF","Mantgum","1970-08-30","1970-03-08","1950-04-02",1467.8998059669384,905.689034459512,96,"Gefuseerd met Wardy tot WWC",fuse_new,"Wardy|WWC"
"Wardy","Wieuwerd","1970-08-30","1970-03-01","1938-05-15",1684.3844473758195,1035.6475793606292,149,"Gefuseerd met WTEF tot WWC",fuse_new,"WTEF|WWC"
"SDO (SAJ)","Sint Philipsland","1970-08-03","1970-08-02","1966-01-16",1090.972291522517,991.6894098618905,16,"Gestopt",end,""
"SVS","Scharnegoutum","1970-05-25","1970-05-24","1959-06-07",1706.3247615072496,1561.6318967430486,132,"Gestopt",end,""
"Ahoy","Rotterdam","1970-04-27","1970-04-26","1954-10-17",1575.9280274280334,1504.0066387246623,195,"Gestopt",end,""
"OBZB","Amsterdam","1970-04-27","1970-04-26","1934-11-04",1895.7517518195025,1488.42458047312,402,"Gestopt",end,""
"Animo (W)","Westerlee","1970-03-16","1970-03-15","1943-04-11",1519.1087476184123,1019.3606658740787,155,"Gestopt",end,""
"Bergum","Burgum","1970-03-16","1970-03-15","1966-03-27",1886.0807124731973,1377.2521704881854,46,"Gestopt",end,""
"Tijnje","Tijnje","1970-03-16","1970-03-15","1922-07-16",1689.174982060416,952.4361695853096,130,"Gestopt",end,""
"DKC (Fri)","(Friesland)","1970-03-09","1970-03-08","1970-01-04",1025.18868786313,940.1296069768323,4,"Gestopt",end,""
"Quick (O)","Oldenzaal","1970-03-02","1970-03-01","1945-11-11",1776.1735787439386,1354.0002055408222,158,"Gestopt",end,""
"Rijssen","Rijssen","1970-03-02","1970-03-01","1967-10-08",929.5520469958537,873.50848146254,14,"Gestopt",end,""
"Drogeham","Drogeham","1970-02-23","1970-02-22","1952-09-14",1639.4346181183168,1632.881559965806,20,"Gestopt",end,""
"DIO (R Fri)","(Friesland)","1970-02-16","1970-02-15","1969-11-23",1448.9663462090455,1448.857745900277,6,"Gestopt",end,""
"OKC (Old)","Oldenzaal","1969-12-14","1969-02-02","1955-10-23",1664.3313289623507,1328.8931726099977,54,"Opgegaan in Quick (O)",merge_into,"Quick (O)"
"DOAC","Rotterdam","1969-09-29","1969-09-28","1969-09-28",900.4294704957026,864.8290806390252,1,"Gestopt",end,""
"UDI (T)","Tolbert","1969-09-07","1969-05-04","1920-08-01",1682.28778075508,1474.4160875154848,271,"Gefuseerd met UNA (L) tot Rodenburg",fuse_new,"UNA (L)|Rodenburg"
"UNA (L)","Leek","1969-09-07","1969-03-23","1920-08-01",1740.116169453118,1399.7068613733124,378,"Gefuseerd met UDI (T) tot Rodenburg",fuse_new,"UDI (T)|Rodenburg"
"WWNA","Apeldoorn","1969-08-31","1969-05-25","1952-09-28",1703.329780945725,1689.5473808785546,54,"Hernoemd naar Apollo '69",rename,"Apollo '69"
"Paasberg","Terborg","1969-03-17","1969-03-16","1966-11-13",1104.805859510883,1015.7500500492514,12,"Gestopt",end,""
"Thor (D)","Dirksland","1969-03-17","1969-03-16","1933-04-23",1489.5495122689106,1217.4033360784888,75,"Gestopt",end,""
"MKF","Wanswerd","1969-02-17","1969-02-16","1968-12-01",1075.7098585570825,1039.7307205381378,7,"Gestopt",end,""
"Ando","Aalten","1969-02-10","1969-02-09","1967-09-03",1251.7555424229922,1031.5771676286995,9,"Gestopt",end,""
"ODS (L)","Leeuwarden","1969-02-10","1969-02-09","1941-05-25",1546.2473111318332,994.9193903678877,104,"Gestopt",end,""
"ELTO (B)","Biezelinge","1968-11-11","1968-11-10","1945-05-27",1788.586833394714,1148.3308837230177,197,"Gestopt",end,""
"Colwidum","Koudum","1968-11-04","1968-11-03","1964-04-26",1008.9937219078145,688.5267873907492,12,"Gestopt",end,""
"MKC (Me)","Meppel","1968-09-08","1968-04-07","1917-10-28",1767.9202320256416,1369.3336309171227,364,"Hernoemd naar Alcides²",rename,"Alcides²"
"Rohda (H)","Hoogezand","1968-09-01","1968-04-21","1933-03-26",1776.3122234721932,1276.8709662738447,353,"Gefuseerd met UNI (S) tot Goorecht",fuse_new,"UNI (S)|Goorecht"
"UNI (S)","Sappemeer","1968-09-01","1968-04-21","1930-03-23",1713.610289322309,1553.652784450286,371,"Gefuseerd met Rohda (H) tot Goorecht",fuse_new,"Rohda (H)|Goorecht"
"Merwede (D)","Dordrecht","1968-09-01","1968-05-19","1923-09-16",1836.4525160508056,1566.4624101428392,420,"Hernoemd naar Merwic",rename,"Merwic"
"Actief (V)","Vroomshoop","1968-09-01","1968-03-17","1945-11-11",1441.9036078214042,1241.7705913480356,112,"Opgegaan in TOP (V)",merge_into,"TOP (V)"
"NIKO","Nieuwe Tonge","1968-07-01","1968-06-30","1966-05-08",1085.513339298495,906.0729132170851,9,"Gestopt",end,""
"Racing Amsterdam","Amsterdam","1968-05-06","1968-05-05","1966-09-11",1867.0012819999222,1707.5271088374097,30,"Gestopt",end,""
"DOP","Rotterdam","1968-04-01","1968-03-31","1957-10-20",1441.5727981349269,952.646622599068,39,"Gestopt",end,""
"Velocitas (Se)","Serooskerke","1968-01-29","1968-01-28","1941-06-08",1508.4976895905845,1079.8427958519683,262,"Gestopt",end,""
"ADO '64","Melissant","1967-10-02","1967-10-01","1932-12-26",1348.1264225695713,978.1163345500355,38,"Gestopt",end,""
"Unitas (Z)","Zierikzee","1967-08-27","1966-03-27","1928-04-08",1672.1337923535382,1358.9002749121491,433,"Hernoemd naar All-Ready",rename,"All-Ready"
"Itens","Itens","1967-08-21","1967-08-20","1958-05-04",1104.7535540569527,650.5260587264228,29,"Gestopt",end,""
"Pax","Gelderland","1967-04-10","1967-04-09","1967-04-09",947.897789829194,947.897789829194,1,"Gestopt",end,""
"Ajax (R)","Rotterdam","1967-03-13","1967-03-12","1962-09-16",1296.46711465035,1218.825262649909,14,"Gestopt",end,""
"DOS (N)²","Nieuwdorp","1967-02-13","1967-02-12","1943-04-11",1312.429528932288,1001.2948762631534,73,"Gestopt",end,""
"Wapse","Wapse","1966-11-28","1966-11-27","1933-04-30",1701.682639440645,1241.3203436173471,76,"Gestopt",end,""
"Fit '65","Waddinxveen","1966-09-19","1966-09-18","1966-05-22",1164.334726849089,1143.4496405606521,2,"Gestopt",end,""
"Schiebroek","Schiebroek","1966-09-11","1966-05-22","1963-03-24",1622.3991694983908,1322.8808066169781,57,"Hernoemd naar Hesco",rename,"Hesco"
"Blauwe Treffers","Spijkenisse","1966-09-11","1966-05-15","1965-09-19",1451.51056939113,1330.4920679637123,13,"Hernoemd naar Olympia (S)",rename,"Olympia (S)"
"WTOC","Oudwoude","1966-06-27","1966-06-26","1965-05-02",1162.4182687515256,969.6986770259448,7,"Gestopt",end,""
"Asenco","(Friesland)","1966-06-20","1966-06-19","1960-09-25",1112.0331549284638,986.444449170632,19,"Gestopt",end,""
"Dosko","Bergen op Zoom","1966-05-30","1966-05-29","1964-09-20",1341.5849489057703,1190.2013641020744,22,"Gestopt",end,""
"De Poel","'s-Heer Abtskerke","1966-05-23","1966-05-22","1943-04-04",1552.4157588842902,1075.7375880162322,187,"Gestopt",end,""
"Oisterwijk","Oisterwijk","1966-05-09","1966-05-08","1948-09-12",1492.6276831468824,917.6899521830397,85,"Gestopt",end,""
"Stormvogels (G)","Geleen","1966-05-09","1966-05-08","1956-10-14",1570.30177494002,1475.7744747920297,62,"Gestopt",end,""
"ADO (M)","Melissant","1966-05-01","1936-07-05","1932-12-26",1348.1264225695713,1297.878054181318,32,"Hernoemd naar ADO '64",rename,"ADO '64"
"Noord Oosten","Groningen","1966-02-28","1966-02-27","1935-06-02",1953.9072192322233,994.3791714321309,294,"Gestopt",end,""
"Renesse","Renesse","1966-02-21","1966-02-20","1930-04-20",1598.2875902577964,1047.3465233741617,227,"Gestopt",end,""
"Burgh","Burgh","1966-01-16","1965-07-11","1931-07-26",1832.2216622934623,1802.2137358993118,415,"Gefuseerd met Zeemeeuwen tot DFS",fuse_new,"Zeemeeuwen|DFS"
"Zeemeeuwen","Haamstede","1966-01-16","1965-07-04","1929-05-12",1678.6425974431997,1309.7503871975382,385,"Gefuseerd met Burgh tot DFS",fuse_new,"Burgh|DFS"
"EMOS","Vledder","1965-10-18","1965-10-17","1958-06-08",1754.0052848322441,1180.0350728476865,7,"Gestopt",end,""
"WBY","IJhorst","1965-10-18","1965-10-17","1964-04-12",1096.521037780671,1096.2719016208616,4,"Gestopt",end,""
"DKD","Krimpen aan den IJssel","1965-09-19","1963-10-13","1963-10-13",1412.8019143256347,1349.917364977147,1,"Hernoemd naar De Bermen",rename,"De Bermen"
"DED","Amsterdam","1965-09-12","1965-05-22","1911-11-12",2181.0035460556464,1885.7869998126605,751,"Gefuseerd met DVD² tot DEVD",fuse_new,"DVD²|DEVD"
"DVD²","Amsterdam","1965-09-12","1965-04-24","1907-12-15",2059.420529378739,1757.795664718767,864,"Gefuseerd met DED tot DEVD",fuse_new,"DED|DEVD"
"Rood Zwart","Veenhuizen","1965-05-24","1965-05-23","1921-08-14",1873.4303022804306,1399.2236136161544,345,"Gestopt",end,""
"Wilskracht","Arnhem","1965-05-24","1965-05-23","1926-12-12",1930.7799023258851,1145.9010636657863,346,"Gestopt",end,""
"Hercules²","Aldeboarn","1965-05-09","1959-08-30","1947-07-06",1652.6479886506154,1236.6164350550805,54,"Hernoemd naar Oldeboorn",rename,"Oldeboorn"
"Valkenisse","Biggekerke","1965-03-15","1965-03-14","1964-11-01",928.9704448385185,853.9268223244765,2,"Gestopt",end,""
"VKV","Vinkega","1964-09-14","1964-09-13","1949-08-14",1633.8602241189299,1343.3551227682613,62,"Gestopt",end,""
"NSL","Veenwouden","1964-08-31","1964-08-30","1949-04-24",1220.4185124784474,1075.0708737748353,75,"Gestopt",end,""
"Friso (A)","Appelscha","1964-06-22","1964-06-21","1924-05-25",1550.5536441575393,833.5032067896325,65,"Gestopt",end,""
"DSE","Nieuwland","1964-05-04","1964-05-03","1957-10-27",1408.8642839359788,1064.0301348325831,54,"Gestopt",end,""
"CVV","Wolfaartsdijk","1964-04-27","1964-04-26","1939-05-21",1572.570570449202,1239.8406194807114,251,"Gestopt",end,""
"WWIJD","Hommerts","1964-04-20","1964-04-19","1947-06-01",1462.1525112550264,854.6226896096787,76,"Gestopt",end,""
"VZOD (W)","Wissekerke","1964-02-02","1962-06-17","1939-05-21",1267.482906163232,951.0153888732966,77,"Gefuseerd met Vitesse (W) tot CVV",fuse_new,"Vitesse (W)|CVV"
"Vitesse (W)","Wolfaartsdijk","1964-02-02","1963-03-03","1941-04-13",1572.570570449202,1130.7330919032597,171,"Gefuseerd met VZOD (W) tot CVV",fuse_new,"VZOD (W)|CVV"
"Zeelandia","Hansweert","1964-01-06","1964-01-05","1917-12-09",1938.642506302341,1400.9409446503557,442,"Gestopt",end,""
"Sirios","Rutten","1963-12-02","1963-12-01","1955-10-30",1277.1287014301251,1167.3056351897333,49,"Gestopt",end,""
"Bant","Bant","1963-11-25","1963-11-24","1954-10-03",1323.8555731996578,1057.47508287816,5,"Gestopt",end,""
"Be Fair (K)","Kraggenburg","1963-11-25","1963-11-24","1954-09-26",1372.6463558369105,1271.8992009768087,45,"Gestopt",end,""
"Vitesse '59","Voorschoten","1963-11-25","1963-11-24","1960-09-25",1060.5921062272491,1059.4530892240123,4,"Gestopt",end,""
"Animo (Dkb)","Gieten","1963-11-11","1963-11-10","1949-05-29",1564.8755189277101,1052.5362768752357,33,"Gestopt",end,""
"Groen Wit (Dre)","Erica","1963-11-11","1963-11-10","1956-05-06",1238.4734130722893,1161.6788621729909,18,"Gestopt",end,""
"NKV (Na)","Nagele","1963-11-11","1963-11-10","1961-11-12",1213.3230374378218,1049.4113324271013,19,"Gestopt",end,""
"Hillegersberg","Hillegersberg","1963-10-28","1963-10-27","1933-10-01",1222.2422772263076,1096.291630395934,11,"Gestopt",end,""
"KVN","Nieuweschans","1963-10-21","1963-10-20","1963-10-20",920.0534510373393,895.2926458179503,1,"Gestopt",end,""
"Westen","Rotterdam","1963-10-14","1963-10-13","1962-09-16",1068.9672330030387,1068.9672330030387,5,"Gestopt",end,""
"VIOS (K)","Krabbendijke","1963-09-30","1963-09-29","1940-08-18",1764.2318265769518,1373.021092625789,253,"Gestopt",end,""
"Sneek","Sneek","1963-06-24","1963-06-23","1961-07-02",950.0379438616518,804.4812629476589,17,"Gestopt",end,""
"DTD²","Britsum","1963-06-17","1963-06-16","1963-06-09",1060.1946862104114,992.7334974446842,2,"Gestopt",end,""
"Morgenstond","Den Haag","1963-06-10","1963-06-09","1953-11-08",1714.7198769125994,1307.4876033739235,90,"Gestopt",end,""
"AKC (Aa)","Aardenburg","1963-05-27","1963-05-26","1918-09-01",1727.2228544574434,950.4368237936188,140,"Gestopt",end,""
"Zorgvlied","Zorgvlied","1963-05-27","1963-05-26","1959-06-14",1008.2556228227681,795.4258012445129,8,"Gestopt",end,""
"Treffers²","Wezep","1963-05-06","1963-05-05","1960-10-09",1254.1377128046192,1097.6233484601923,12,"Gestopt",end,""
"Noad","Groede","1963-04-22","1963-04-21","1946-06-02",1243.2517337575227,677.4859496387145,58,"Gestopt",end,""
"VOPO","Borssele","1963-03-11","1963-03-10","1944-04-02",1515.4877565970648,1310.3645758009527,135,"Gestopt",end,""
"Hillesluis","Rotterdam","1963-03-04","1963-03-03","1942-09-27",1450.318950170839,1221.4084981639498,6,"Gestopt",end,""
"Stormvogels (E)","Ellemeet","1963-02-24","1962-10-21","1942-09-06",1390.7157960764519,1338.7445172362125,167,"Gefuseerd met Zwaluwen (E) tot ZSC",fuse_new,"Zwaluwen (E)|ZSC"
"Zwaluwen (E)","Elkerzee","1963-02-24","1962-10-21","1929-07-21",1579.8654999916746,1319.2546884457247,284,"Gefuseerd met Stormvogels (E) tot ZSC",fuse_new,"Stormvogels (E)|ZSC"
"Zwaluwen (He)","Hellevoetsluis","1963-01-14","1963-01-13","1930-01-05",1608.6982672864754,1409.6574132728088,98,"Gestopt",end,""
"Zunobri²","Zuidhorn","1962-10-29","1962-10-28","1958-09-14",1376.3207133854025,1261.0329120485897,44,"Gestopt",end,""
"Groede","Groede","1962-10-07","1952-10-19","1946-06-02",1243.2517337575227,908.8298725795537,54,"Hernoemd naar Noad",rename,"Noad"
"Starveld","Geesteren Gld","1962-09-17","1962-09-16","1938-11-13",1484.5192696770375,1187.9294681603833,91,"Gestopt",end,""
"Wittenburg","Amsterdam","1962-09-09","1962-09-08","1953-10-25",1924.2889499252035,1657.0837327916347,94,"Gestopt",end,""
"Fortuna (A)","Amsterdam","1962-09-08","1962-05-27","1929-10-13",1995.9235055407962,1434.2633660683848,275,"Hernoemd naar BFC",rename,"BFC"
"Blauw Wit (R)","Roosendaal","1962-07-02","1962-07-01","1938-06-26",1638.9964700852179,1117.4784599139678,46,"Gestopt",end,""
"Olympia '47","Halsteren","1962-07-02","1962-07-01","1954-10-03",1409.9956443927456,1409.9624489217917,31,"Gestopt",end,""
"WKV","Wemeldinge","1962-07-02","1962-07-01","1939-10-01",1326.2286329269639,1179.1047316494191,98,"Gestopt",end,""
"Sport Vereent","Bloemendaal-Santpoort","1962-05-21","1962-05-20","1927-03-13",1874.5418296775915,1421.6108051377248,365,"Gestopt",end,""
"DDK","Wapse","1962-04-29","1961-09-10","1933-04-30",1701.682639440645,1151.948686317589,64,"Hernoemd naar Wapse",rename,"Wapse"
"Morskwartier","Leiden","1962-04-16","1962-04-15","1936-02-23",1438.3343676246832,1391.348474005668,22,"Gestopt",end,""
"DHJ","Bergen op Zoom","1961-11-27","1961-11-26","1956-10-07",1499.6859712854148,1386.0602684689507,44,"Gestopt",end,""
"Rood Wit","Dwingeloo","1961-11-06","1961-11-05","1926-09-26",1946.7548471303362,1178.6707839156911,252,"Gestopt",end,""
"Flitsers","Kamperveen","1961-10-16","1961-10-15","1961-09-17",1088.7614506443897,1066.890746954642,2,"Gestopt",end,""
"Maasglorie","Rotterdam","1961-09-18","1961-09-17","1960-04-24",1125.229561779323,1070.3732485846974,4,"Gestopt",end,""
"DVV (H)","Den Haag","1961-09-10","1960-10-09","1953-11-08",1614.244769501313,1307.7535217989305,21,"Gefuseerd met KIOD tot Morgenstond",fuse_new,"KIOD|Morgenstond"
"KIOD","Den Haag","1961-09-10","1961-05-07","1954-10-17",1714.7198769125994,1393.7994169130118,36,"Gefuseerd met DVV (H) tot Morgenstond",fuse_new,"DVV (H)|Morgenstond"
"MEVO (Z)","Zierikzee","1961-06-26","1961-06-25","1941-07-20",1725.157980058799,1311.5935557215946,172,"Gestopt",end,""
"Shell (DH)","Den Hulst","1961-06-05","1961-06-04","1958-03-23",1557.6009300479666,1445.2369881374282,8,"Gestopt",end,""
"Tuindorp (H)","Hoensbroek","1961-05-15","1961-05-14","1959-09-20",1155.0956268407333,1154.548044259755,13,"Gestopt",end,""
"Blauw Wit (J)","Jispingshuizen","1961-05-01","1961-04-30","1952-04-20",1473.8390666772689,1473.8390666772689,46,"Gestopt",end,""
"Lutten","Lutten","1961-05-01","1961-04-30","1957-10-06",1187.0343199560887,1065.2608335806547,15,"Gestopt",end,""
"Eldos","Hoensbroek","1961-04-17","1961-04-16","1959-09-20",1376.3621018137562,1122.3032980582677,22,"Gestopt",end,""
"Volharding (Dkb)","Nieuwe Krim","1961-03-20","1961-03-19","1949-05-29",1474.443738729171,1103.2439036781414,102,"Gestopt",end,""
"Zuidzande","Zuidzande","1961-03-20","1961-03-19","1942-05-24",1325.0769775005713,743.2860339608677,50,"Gestopt",end,""
"Zijlkwartier","Leiden","1961-01-16","1961-01-15","1960-09-25",900.0,797.8286341277962,2,"Gestopt",end,""
"DSS","Nieuwerkerk","1961-01-15","1960-07-31","1932-06-05",1625.5877303101424,1544.1282548865913,267,"Hernoemd naar SKNWK",rename,"SKNWK"
"Nationale","Rotterdam","1960-12-26","1960-12-25","1935-10-13",972.2547557237424,947.2210559549661,7,"Gestopt",end,""
"Hoven","Deventer","1960-10-17","1960-10-16","1957-10-20",1287.1878123440742,1067.610871941465,17,"Gestopt",end,""
"BKC (Bo)","Boerakker","1960-10-03","1960-10-02","1939-04-09",1377.2648831181339,1073.4686756084648,26,"Gestopt",end,""
"KCT","Den Bosch","1960-10-02","1960-04-10","1942-09-27",1542.8990747389942,1457.5490073197482,145,"Hernoemd naar RWB",rename,"RWB"
"Vitesse (F)","Franeker","1960-08-22","1960-08-21","1947-06-01",1772.6380246157871,1274.3571586969547,127,"Gestopt",end,""
"Aldega","Oudega","1960-06-20","1960-06-19","1953-05-17",1169.0505067880615,1161.6399116821904,14,"Gestopt",end,""
"Scampolo","Zaamslag","1960-06-13","1960-06-12","1946-06-30",1922.290176986868,1064.637262698414,177,"Gestopt",end,""
"Flamingo's (R)","Rotterdam","1960-05-09","1960-05-08","1959-09-27",1415.2622228346104,1341.0077398353285,10,"Gestopt",end,""
"Blauw Wit '55","De Wijk","1960-05-02","1960-05-01","1956-04-22",1201.6423860119137,1189.0915885462825,13,"Gestopt",end,""
"Elim","Elim","1960-04-04","1960-04-03","1949-05-22",1537.2120439112064,1288.5515835046995,62,"Gestopt",end,""
"Gibraltar","Amsterdam","1960-03-07","1960-03-06","1953-12-06",1610.3076456170909,1371.5183480662827,40,"Gestopt",end,""
"Klimop (Gr)","Ezinge","1959-11-30","1959-11-29","1953-06-07",1234.7023211342537,1028.3369555451443,11,"Gestopt",end,""
"KVA (Al)","Alteveer","1959-11-02","1959-11-01","1958-09-21",1082.7433033208704,1039.126127696517,6,"Gestopt",end,""
"Swift (Gr)","Veendam","1959-11-02","1959-11-01","1958-11-02",2009.4636914934597,1476.894489065952,7,"Gestopt",end,""
"Kinea (H)","Haren","1959-10-19","1959-10-18","1922-03-19",1074.467598760372,1020.9887787337531,10,"Gestopt",end,""
"KIK","Steenbergen","1959-08-31","1959-08-30","1938-07-24",1327.0850281777584,1137.8439180331034,12,"Gestopt",end,""
"Kats","Kats","1959-08-17","1959-08-16","1942-04-26",1369.5351427119153,1116.4312329256597,83,"Gestopt",end,""
"SSS (C)","Colijnsplaat","1959-07-06","1959-07-05","1933-07-16",1551.5174096338205,1060.620416195531,221,"Gestopt",end,""
"SYF","Sint Johannesga","1959-06-01","1959-05-31","1949-05-15",1330.3605437698695,925.7717630948149,47,"Gestopt",end,""
"DVS (R)","Rotterdam","1959-04-13","1959-04-12","1957-10-20",1816.6729500083732,1816.6729500083732,3,"Gestopt",end,""
"KVH","Den Helder","1959-04-13","1959-04-12","1942-09-20",1679.9630497951339,1319.4159516609416,146,"Gestopt",end,""
"Nevelo","Oisterwijk","1959-04-13","1959-04-12","1949-09-18",1345.603307446444,1146.069469578642,41,"Gestopt",end,""
"Sportlust (N)","Nieuwleusen","1959-04-13","1959-04-12","1955-03-27",1085.2830065248297,921.0542449938575,7,"Gestopt",end,""
"ASV (Aa)","Aadorp","1959-03-23","1959-03-22","1957-10-06",942.3981219596037,795.5379283493879,9,"Gestopt",end,""
"RIO","Ruurlo","1959-02-23","1959-02-22","1957-10-27",1077.8813448932947,1007.250475919594,9,"Gestopt",end,""
"Eendracht (WB)","Tholen","1958-10-13","1958-10-12","1942-08-23",1451.323753239497,937.4953818878218,99,"Gestopt",end,""
"VOTO","Hoek","1958-09-15","1958-09-14","1956-05-20",912.4421192973982,738.8526832244015,10,"Gestopt",end,""
"Die Gouwe","Noordgouwe","1958-07-28","1958-07-27","1930-04-20",1655.6176682572595,1126.4048547548812,310,"Gestopt",end,""
"Tjerk Hiddes","Sexbierum","1958-07-07","1958-07-06","1947-04-20",1463.3554879394776,1120.930350742532,45,"Gestopt",end,""
"DTD","Schingen","1958-06-30","1958-06-29","1947-04-27",1236.0715929451678,1129.015157413669,32,"Gestopt",end,""
"Postale (L)","Leeuwarden","1958-06-30","1958-06-29","1951-05-27",1210.5376820726958,1102.620563641763,12,"Gestopt",end,""
"Bliuw Warber","Brantgum","1958-06-23","1958-06-22","1946-06-23",1401.0750106700941,1202.1305433682105,79,"Gestopt",end,""
"UTIJ","Akmarijp","1958-06-16","1958-06-15","1946-08-18",1552.446123563462,1356.1437186874564,81,"Gestopt",end,""
"Hoogersmilde","Hoogersmilde","1958-06-09","1958-06-08","1950-05-07",1461.9601626278225,1085.503562500192,23,"Gestopt",end,""
"JPS","Tilburg","1958-06-02","1958-06-01","1936-09-27",1431.7880379619673,1012.8319177642161,92,"Gestopt",end,""
"WBC","Blijham","1958-05-19","1958-05-18","1957-09-22",1065.3918847647722,1037.4020185962167,8,"Gestopt",end,""
"Rood Wit (H)","Den Haag","1958-04-14","1958-04-13","1917-10-21",1748.974427501944,1399.1663737207316,228,"Gestopt",end,""
"Filos","?GUKB?","1958-03-31","1958-03-30","1953-11-08",1637.866633486415,1362.7938118330533,12,"Gestopt",end,""
"Austerlitz","Austerlitz","1958-02-24","1958-02-23","1952-09-21",1633.051769041543,1436.3564461607755,33,"Gestopt",end,""
"Thob","Vreeswijk","1957-12-02","1957-12-01","1952-09-28",1435.1453689505993,1343.5311715161913,15,"Gestopt",end,""
"DOSC","Den Dolder","1957-11-18","1957-11-17","1952-09-21",1659.3386068166892,1324.198928238878,32,"Gestopt",end,""
"Animo (T)","Tzum","1957-09-09","1957-09-08","1950-05-07",1047.9119706199283,820.4177076047455,25,"Gestopt",end,""
"DIOS (Dr)","Driewegen","1957-09-09","1957-09-08","1943-04-04",1403.3536847983783,804.0163786416744,100,"Gestopt",end,""
"SVS (Zkb)","Scherpenisse","1957-09-09","1957-09-08","1943-03-21",1232.0924565709047,812.1611433098631,31,"Gestopt",end,""
"OKC (Fri)","Oostrum","1957-09-02","1957-09-01","1942-05-03",1556.5397247603432,1057.5371659984412,98,"Gestopt",end,""
"KCS (Sl)","Sluiskil","1957-06-17","1957-06-16","1957-04-14",915.0168795838044,911.431441354935,4,"Gestopt",end,""
"Harkieten","Harkema","1957-05-27","1957-05-26","1952-06-08",1386.7958735659781,1070.029641231547,23,"Gestopt",end,""
"SKV","Schermerhorn","1957-05-20","1957-05-19","1937-09-19",1482.402878368742,1388.1984489731383,28,"Gestopt",end,""
"OKK (H)","Houtigehage","1957-05-13","1957-05-12","1947-07-20",1428.3866721176128,1262.6214608684386,67,"Gestopt",end,""
"SVZ","Zuidbroek","1957-05-13","1957-05-12","1956-10-14",1083.1847253922729,1075.1468887572505,2,"Gestopt",end,""
"KCR (Ro)","Roermond","1957-04-29","1957-04-28","1953-09-20",1311.7070615000173,1211.5089672992108,18,"Gestopt",end,""
"Folgeren","Drachten","1957-04-28","1956-10-07","1948-06-27",1492.3814391480912,1492.3814391480912,40,"Hernoemd naar Drachten",rename,"Drachten"
"Holver","Amsterdam","1957-04-01","1957-03-31","1920-09-19",1758.6223295514603,1464.2932154170776,77,"Gestopt",end,""
"Terre Neuve","Utrecht","1957-03-04","1957-03-03","1941-09-14",1194.174203864119,1103.6007519852274,25,"Gestopt",end,""
"Ald Gilles","Oosterwierum","1956-07-23","1956-07-22","1956-06-17",914.5809227142718,914.5809227142718,2,"Gestopt",end,""
"TDK (M)","Morra-Lioessens","1956-06-25","1956-06-24","1946-06-23",1232.071894223032,1126.5794927485847,65,"Gestopt",end,""
"Wez Wis","Wierum","1956-06-18","1956-06-17","1943-05-30",1454.4407851837548,1332.885857278426,75,"Gestopt",end,""
"WIK (SJ)","Sint Jacobiparochie","1956-06-11","1956-06-10","1949-05-15",1304.7500399395317,986.4491846938391,33,"Gestopt",end,""
"Vitesse (Z)","Zierikzee","1956-04-29","1949-09-11","1941-07-20",1725.157980058799,1502.4907598622513,105,"Hernoemd naar MEVO (Z)",rename,"MEVO (Z)"
"Zwaluwen (Hg)","Den Haag","1956-03-19","1956-03-18","1946-10-13",1546.059239831608,1439.1113778956362,12,"Gestopt",end,""
"SSVU","GUKB?","1956-03-12","1956-03-11","1953-01-25",1522.4638687408972,1137.0856452947721,17,"Gestopt",end,""
"GKC","Goor","1955-11-14","1955-11-13","1928-09-30",1581.8966268093563,1178.1700608925446,134,"Gestopt",end,""
"'t Harde","'t Harde","1955-11-07","1955-11-06","1953-03-08",1319.0774308379105,1252.6061320752679,7,"Gestopt",end,""
"Madjoe (V)","Vlissingen","1955-06-12","1954-09-26","1933-04-09",1757.4029684787047,1256.360697746328,213,"Hernoemd naar VEDO",rename,"VEDO"
"UNI (U)","?GUKB?","1955-04-18","1955-04-17","1955-04-17",1298.2992237748256,1298.2992237748256,1,"Gestopt",end,""
"TONEGO","Luttelgeest","1954-10-11","1954-10-10","1954-09-26",900.0,872.1469015567666,2,"Gestopt",end,""
"HSV (H)","Heemse","1954-09-19","1954-03-28","1946-09-15",1538.734305157769,1531.416929001928,20,"Hernoemd naar Oostloorn",rename,"Oostloorn"
"Jong Leven (L)","Leeuwarden","1954-09-12","1954-05-16","1941-05-25",1546.2473111318332,1490.3250744601305,66,"Hernoemd naar ODS (L)",rename,"ODS (L)"
"DVS (G)","Gerkesklooster","1954-07-12","1954-07-11","1948-06-27",1111.9976358056067,1095.129018676203,25,"Gestopt",end,""
"WKC (Wi)²","Winsum","1954-07-05","1954-07-04","1951-06-10",1189.3078743725753,1145.186929861892,11,"Gestopt",end,""
"Roidy","Zwaagswesteinde","1954-06-14","1954-06-13","1948-05-02",1382.2582093194162,1167.543964866378,36,"Gestopt",end,""
"Set Troch","Wier","1954-05-31","1954-05-30","1947-06-15",1194.6389385057573,995.3247368050365,23,"Gestopt",end,""
"Strandvogels","Renesse","1954-05-02","1953-07-12","1930-04-20",1465.4791074819193,1415.5240841565894,144,"Hernoemd naar Renesse",rename,"Renesse"
"Indo","Amsterdam","1954-04-26","1954-04-25","1933-09-10",2017.8544911625006,1421.245777312686,163,"Gestopt",end,""
"De Demping","Leiden","1954-04-19","1954-04-18","1950-10-08",1670.3657230707543,1377.9225324517063,15,"Gestopt",end,""
"PKC (Po)","De Pollen","1954-03-29","1954-03-28","1953-09-20",900.0,879.0646482162705,2,"Gestopt",end,""
"TOGO (A)","Amsterdam","1953-11-30","1953-11-29","1920-09-19",1823.252980564963,1350.7189014010812,266,"Gestopt",end,""
"Seolto (H)","'s-Heer Arendskerke","1953-10-26","1953-10-25","1941-04-06",1673.0284290977145,1389.6485159558372,139,"Gestopt",end,""
"ODS (B)","Baarland","1953-09-14","1953-09-13","1951-04-01",1393.098589000938,1163.6691273534514,20,"Gestopt",end,""
"Samenspel","Steggerda","1953-09-07","1953-09-06","1942-05-03",1759.870650346531,1449.0453921235767,52,"Gestopt",end,""
"VKV (Ve)","Veere","1953-08-31","1953-08-30","1938-04-03",1367.9072873995217,1075.0355247001935,96,"Gestopt",end,""
"Philips","Drachten","1953-07-20","1953-07-19","1953-07-19",1679.5242442138501,1679.0471271599215,1,"Gestopt",end,""
"Us Fortier","Drachten","1953-07-20","1953-07-19","1950-04-23",1332.585364026379,1327.8349027234117,7,"Gestopt",end,""
"TFS (H)","Haulerwijk","1953-07-13","1953-07-12","1944-05-07",1671.4021136879203,1418.9525421813835,54,"Gestopt",end,""
"SSS (E)","Enumatil","1953-06-15","1953-06-14","1933-04-02",1572.7745673292638,1224.9714851018139,83,"Gestopt",end,""
"MKC²","Marum","1953-06-08","1953-06-07","1947-10-19",1420.8622772531282,1344.3624497946082,6,"Gestopt",end,""
"Volo","Groningen","1953-06-08","1953-06-07","1953-06-07",1319.5241707899352,1319.5241707899352,1,"Gestopt",end,""
"Voorwaarts (M)","Muntendam","1953-06-08","1953-06-07","1918-09-15",1964.617085181258,939.1029285673242,226,"Gestopt",end,""
"HKV (Gro)","Helpman","1953-04-27","1953-04-26","1942-11-15",1161.882147312307,1111.7758513461526,16,"Gestopt",end,""
"Ens","Ens","1953-04-13","1953-04-12","1952-11-09",998.5,991.3909882720386,3,"Gestopt",end,""
"Giraffes","Baarn","1953-02-23","1953-02-22","1946-10-06",1901.4097440731018,1597.4904422705424,63,"Gestopt",end,""
"HJA","GUKB?","1953-01-26","1953-01-25","1952-11-09",1444.526397014044,1420.3203369281623,3,"Gestopt",end,""
"Rhenen","Rhenen","1952-10-06","1952-10-05","1936-10-18",1613.0390641282663,1207.4832979861865,58,"Gestopt",end,""
"TOS (B)","Blija","1952-09-01","1952-08-31","1946-06-02",1403.5983194583212,1243.7022859585961,42,"Gestopt",end,""
"DWS³","Blankenham","1952-08-25","1952-08-24","1943-04-04",1423.4324674455627,1013.7879450200479,16,"Gestopt",end,""
"Vrijheid","Geeuwenburg","1952-07-21","1952-07-20","1949-09-18",1676.2461673172547,1369.3860615246222,19,"Gestopt",end,""
"K en V","Norg","1952-07-07","1952-07-06","1952-07-06",901.442614558556,901.442614558556,1,"Gestopt",end,""
"Fortuna (Zkb)","Oostburg","1952-06-30","1952-06-29","1946-06-02",1323.0135156132635,975.0039927208627,44,"Gestopt",end,""
"Olympia (Bo)","Bourtange","1952-05-26","1952-05-25","1952-05-18",900.0,860.8222683971246,2,"Gestopt",end,""
"VCJB","Gerkesklooster","1952-05-25","1951-08-19","1948-06-27",1065.25,995.672688997749,12,"Hernoemd naar DVS (G)",rename,"DVS (G)"
"VIOS (G)","Gasselte","1952-05-19","1952-05-18","1934-08-19",1391.747758461522,1336.492302598921,11,"Gestopt",end,""
"SOTOZ","Oudemolen","1952-05-12","1952-05-11","1952-05-11",1246.5,1245.281074855022,1,"Gestopt",end,""
"KVW","Wemeldinge","1952-04-20","1947-07-13","1939-10-01",1318.4802043087413,1070.6500960381493,43,"Hernoemd naar WKV",rename,"WKV"
"ONDA","Kats","1952-04-06","1947-10-26","1942-04-26",1258.1699653517283,1059.4650209027102,39,"Hernoemd naar Kats",rename,"Kats"
"DOT (B)","Den Bosch","1952-03-24","1952-03-23","1943-10-03",1491.7411564916301,1162.0797412909856,46,"Gestopt",end,""
"OKC (A)","Arnhem","1952-03-17","1952-03-16","1933-09-03",1507.969329597184,1169.9477391810826,120,"Gestopt",end,""
"Westen (L)","Leeuwarden","1951-09-03","1951-09-02","1943-06-13",1975.75,1227.7515581807336,36,"Gestopt",end,""
"Hallum","Hallum","1951-08-27","1951-08-26","1951-07-01",900.0,832.4314227977857,5,"Gestopt",end,""
"West End","Groningen","1951-06-25","1951-06-24","1942-04-05",1467.9700036223994,1228.6396171528436,54,"Gestopt",end,""
"Rood Wit (Fkb)","(Friesland)","1951-06-18","1951-06-17","1951-05-20",1032.179218435643,978.4048771705644,3,"Gestopt",end,""
"Rust Roest (Z)","Zierikzee","1951-05-27","1950-09-24","1928-04-08",1672.1337923535382,1445.9733692044963,197,"Hernoemd naar Unitas (Z)",rename,"Unitas (Z)"
"Roda (B)","Brouwershaven","1951-04-22","1950-08-20","1929-07-21",1471.1882168272946,1299.662748890851,166,"Hernoemd naar Brouwershaven",rename,"Brouwershaven"
"EKC (Fri)","Elsloo","1951-04-08","1950-08-27","1942-05-03",1530.2979066459343,1383.3933348030464,45,"Hernoemd naar Odis (E)",rename,"Odis (E)"
"NSA","Alphen aan den Rijn","1951-03-12","1951-03-11","1950-10-15",2009.135780922187,1956.9687438029398,5,"Gestopt",end,""
"Augustinusga","Augustinusga","1950-09-18","1950-09-17","1949-04-24",1350.0593291498283,1230.1922738905253,13,"Gestopt",end,""
"DKC (Dr)","Driesum","1950-09-11","1950-09-10","1947-04-27",1258.9534319518996,1050.3243928018094,31,"Gestopt",end,""
"Britsum","Britsum","1950-08-21","1950-08-20","1950-08-20",913.1450827151883,879.4418719979368,1,"Gestopt",end,""
"Zonnemaire","Zonnemaire","1950-08-07","1950-08-06","1949-03-27",1167.7018991046843,1015.3900088223361,22,"Gestopt",end,""
"Dubbel Zes (V)","Veelerveen","1950-07-10","1950-07-09","1939-04-02",1347.4679310998347,1248.0882020369293,42,"Gestopt",end,""
"SBO (K)","Kolham","1950-07-03","1950-07-02","1934-04-22",1730.8436562159443,1661.8655237552796,95,"Gestopt",end,""
"Veroda","Smilde","1950-06-19","1950-06-18","1946-04-07",1609.5255698998901,1209.2280434529555,5,"Gestopt",end,""
"Wacker","De Wijk","1950-06-19","1950-06-18","1930-05-04",1527.5445297775186,1164.4666707167924,74,"Gestopt",end,""
"Makkum","Makkum","1950-06-12","1950-06-11","1938-07-03",1321.4724934709475,1215.0709024393161,10,"Gestopt",end,""
"Surhuisterveen","Surhuisterveen","1950-06-12","1950-06-11","1934-05-06",1502.3102891202643,1075.1970223442927,76,"Gestopt",end,""
"Maurik","Maurik","1950-06-05","1950-06-04","1950-01-08",901.4362281989343,882.5707368638199,2,"Gestopt",end,""
"DSG (L)","Lutten","1950-05-15","1950-05-14","1950-05-14",1196.539724934145,1196.539724934145,1,"Gestopt",end,""
"Dedemsvaart","Dedemsvaart","1950-05-14","1949-08-28","1933-10-08",1421.6033765133734,1320.716996608053,47,"Hernoemd naar Avereest",rename,"Avereest"
"TOS (U)","Ureterp","1950-04-30","1949-07-17","1946-06-02",1633.5974708703593,1630.094025990039,22,"Hernoemd naar Oerterp",rename,"Oerterp"
"Dowocs","De Wijk","1950-04-30","1944-04-23","1930-05-04",1527.5445297775186,1308.776548107807,72,"Hernoemd naar Wacker",rename,"Wacker"
"Avanti³","Schiedam","1950-04-24","1950-04-23","1943-09-19",1509.3992969314288,1216.5618294596973,35,"Gestopt",end,""
"Barendrecht","Barendrecht","1950-04-24","1950-04-23","1936-10-04",1693.2364886619473,1597.218340425053,65,"Gestopt",end,""
"Rapide (B)","Burgh","1950-04-02","1949-08-28","1931-07-26",1731.3152923551975,1478.0284149912693,153,"Hernoemd naar Burgh",rename,"Burgh"
"NKC (Ni)","Nieuwehorne","1950-04-02","1949-09-25","1944-05-07",1680.589205500406,1339.0092401100446,23,"Hernoemd naar Udiros",rename,"Udiros"
"Epe","Epe","1949-10-31","1949-10-30","1949-10-30",943.8935922143296,912.3911707933363,1,"Gestopt",end,""
"Sinoto","Heinkenszand","1949-10-10","1949-10-09","1945-06-03",1180.388695271047,1112.9528824038346,32,"Gestopt",end,""
"FDE","(Friesland)","1949-09-26","1949-09-25","1949-08-28",1066.552420648568,1029.278222305242,2,"Gestopt",end,""
"KWB","Biervliet","1949-09-26","1949-09-25","1948-04-11",1015.8353302921304,820.8073687392222,15,"Gestopt",end,""
"WSV","Woudsend","1949-09-26","1949-09-25","1948-04-25",1192.8858026833711,1149.218062519349,11,"Gestopt",end,""
"KCJ","St Nicolaasga","1949-08-29","1949-08-28","1948-04-25",973.9124218016614,950.6550208977966,13,"Gestopt",end,""
"Coevorden","Coevorden","1949-08-22","1949-08-21","1949-05-22",1507.737995182135,1441.911086886262,7,"Gestopt",end,""
"HSC","Hoogeveen","1949-08-22","1949-08-21","1922-04-17",1749.9162563414657,1670.2135807718657,7,"Gestopt",end,""
"Wez Warber (T)","Tjerkgaast","1949-08-08","1949-08-07","1948-04-18",900.0,769.8474998050344,12,"Gestopt",end,""
"Wilskracht (Eng)","Engwierum","1949-08-08","1949-08-07","1949-06-12",914.0247449390838,856.1937261800665,6,"Gestopt",end,""
"MKC (Man)","Mantgum","1949-06-13","1949-06-12","1942-05-10",1133.015689208354,1051.1101795095535,22,"Gestopt",end,""
"Vitesse (O)","Oudega","1949-05-23","1949-05-22","1943-05-30",1096.5243110060883,1077.346493958422,11,"Gestopt",end,""
"Blauwwitters","Winterswijk","1949-04-25","1949-04-24","1936-10-18",1660.5752428969895,1296.8747970062525,67,"Gestopt",end,""
"SKC","Silvolde","1949-04-25","1949-04-24","1934-09-23",1534.25,1179.4416841885175,62,"Gestopt",end,""
"Dindoa (H)","Haamstede","1949-03-27","1945-08-12","1929-05-12",1524.2247508833664,1203.312322397137,133,"Hernoemd naar Zeemeeuwen",rename,"Zeemeeuwen"
"Swift (E)","Eibergen","1948-11-29","1948-11-28","1933-10-15",1465.4887633490735,1047.4732403553228,88,"Gestopt",end,""
"Picus","Eindhoven","1948-10-18","1948-10-17","1942-09-20",1448.4251702382114,1328.5181296385933,41,"Gestopt",end,""
"WHS","Sint Annaland","1948-09-27","1948-09-26","1942-09-06",1473.6595472743943,1465.9093407728876,39,"Gestopt",end,""
"SSS (Si)","Sirjansland","1948-09-20","1948-09-19","1946-06-30",1252.4849946449085,1167.2830530993929,12,"Gestopt",end,""
"MSV","Marrum","1948-08-09","1948-08-08","1946-08-18",1161.1367660518495,1088.1753028695057,12,"Gestopt",end,""
"SSV","Sloten","1948-08-09","1948-08-08","1947-06-01",1490.9513278397844,1465.1827689369527,9,"Gestopt",end,""
"SIW","Nieuwland","1948-07-12","1948-07-11","1943-04-04",1392.1239318130988,1297.017350220622,28,"Gestopt",end,""
"CSC","Joure","1948-07-05","1948-07-04","1946-08-18",1504.851409263717,1333.2327326003403,14,"Gestopt",end,""
"Unitas (K)","Kloeninge","1948-06-28","1948-06-27","1941-08-17",1585.869050504193,1347.7277384037814,66,"Gestopt",end,""
"TOV (M)","Munnikeburen","1948-05-31","1948-05-30","1923-09-09",1259.2158145297863,1188.5969961056037,6,"Gestopt",end,""
"IVO","Poortvliet","1948-05-10","1948-05-09","1943-06-27",1492.864694519789,1302.6026822015258,26,"Gestopt",end,""
"NKC","Nijverdal","1948-05-10","1948-05-09","1938-11-27",1466.0418939263739,1186.2834834403077,55,"Gestopt",end,""
"HDW","Buitenpost","1948-05-03","1948-05-02","1943-05-30",1434.9072836632024,1427.904852047836,16,"Gestopt",end,""
"SSS (Ol)","Oldemarkt","1948-05-03","1948-05-02","1948-04-18",909.8924065107999,892.7974600719915,3,"Gestopt",end,""
"Tovos","Sint Laurens","1948-04-12","1948-04-11","1946-10-06",1093.613567951319,987.0615162211265,10,"Gestopt",end,""
"SIOS (A)","Aalten","1948-04-05","1948-04-04","1933-10-08",1516.785159719442,1058.7188249804358,69,"Gestopt",end,""
"Wapendragers","Apeldoorn","1948-03-15","1948-03-14","1946-10-20",1366.05247352733,1274.912060716472,16,"Gestopt",end,""
"Rood Wit (T)","Tilburg","1948-03-01","1948-02-29","1933-12-31",1477.6115824804397,1118.7956031311887,113,"Gestopt",end,""
"Ados²","Hoorn","1948-02-02","1948-02-01","1930-09-11",1669.3343204561763,1561.2272906480337,102,"Gestopt",end,""
"SVV","Vaassen","1948-01-05","1948-01-04","1947-10-19",1412.0023410043327,1331.1225429695883,2,"Gestopt",end,""
"SVC","Hoogezand","1947-10-27","1947-10-26","1942-09-27",1466.856057181517,1430.9565171654344,42,"Gestopt",end,""
"CKC","Corle","1947-10-06","1947-10-05","1946-12-01",987.1149342374936,987.1149342374936,2,"Gestopt",end,""
"Rohda (Gkb)","Gelderland","1947-10-06","1947-10-05","1946-12-01",927.4798361381149,815.5699705829321,2,"Gestopt",end,""
"DSKV","Schiedam","1947-09-28","1947-05-18","1943-09-19",1509.3992969314288,1309.410587781107,11,"Hernoemd naar Avanti³",rename,"Avanti³"
"DSV (R)","Rilland","1947-09-22","1947-09-21","1941-05-25",1351.9066662367982,955.1060054053336,41,"Gestopt",end,""
"SVO²","Stavenisse","1947-09-15","1947-09-14","1942-09-20",1211.7195210527993,1102.1835603576292,20,"Gestopt",end,""
"Smerdiek","Sint-Maartensdijk","1947-09-08","1947-09-07","1943-09-05",1610.8749379648198,1363.796487473752,30,"Gestopt",end,""
"Kollum","Kollum","1947-07-21","1947-07-20","1947-04-27",1210.7054436076687,1154.1770733417306,7,"Gestopt",end,""
"DOS (H)","Harkema","1947-07-14","1947-07-13","1947-04-27",1240.5453059940082,1163.1220829169645,3,"Gestopt",end,""
"Rapide","Axel","1947-07-14","1947-07-13","1920-08-08",1662.7758110242369,1446.888896577815,123,"Gestopt",end,""
"Paesens","Paesens","1947-07-07","1947-07-06","1946-06-23",950.653862454928,806.3420771794558,7,"Gestopt",end,""
"Moedig Voorwaarts (B)","Blesse","1947-06-16","1947-06-15","1922-04-23",1692.1455175637157,1349.8193248288505,39,"Gestopt",end,""
"Sportief (Z)","Zwolle","1947-06-09","1947-06-08","1945-11-11",1416.9302002519357,1254.3124774816813,25,"Gestopt",end,""
"ONA","Tilburg","1947-05-26","1947-05-25","1922-07-29",1613.7056670047964,1279.4466725268026,212,"Gestopt",end,""
"Hou Stand (H)","Hengelo Ov","1947-05-19","1947-05-18","1936-01-05",1608.0494860388349,1139.6569730992862,52,"Gestopt",end,""
"ASC²","Amsterdam","1947-05-12","1947-05-11","1919-09-14",2036.3417721678193,1777.7018574173171,350,"Gestopt",end,""
"THB","Haarlem","1947-05-12","1947-05-11","1918-10-13",1955.2039508374257,1636.693531259353,82,"Gestopt",end,""
"Bilthoven","Bilthoven","1947-05-05","1947-05-04","1924-10-05",1893.5979753743886,1757.9613179959015,265,"Gestopt",end,""
"Oosterpoort","Groningen","1947-04-21","1947-04-20","1938-04-10",1639.133019349084,1313.1749327001407,58,"Gestopt",end,""
"Micrometers","Arnhem","1946-12-16","1946-12-15","1941-10-05",950.4309549436839,930.7595293590724,9,"Gestopt",end,""
"ODS (Zkb)","Zeeland","1946-11-25","1946-11-24","1946-10-13",930.793356810862,908.2597616416907,3,"Gestopt",end,""
"Volharding (G)","Groesbeek","1946-11-25","1946-11-24","1946-10-20",1017.8704482098153,930.9591331214973,4,"Gestopt",end,""
"DSG","Gramsbergen","1946-11-04","1946-11-03","1946-09-15",1481.555094710563,1481.1933427968756,2,"Gestopt",end,""
"Gramsbergen","Gramsbergen","1946-11-04","1946-11-03","1946-09-15",1469.0207138043093,1434.3240886260944,3,"Gestopt",end,""
"Den Ham","Den Ham","1946-10-28","1946-10-27","1945-11-11",1680.2016351672967,1650.5641916022882,12,"Gestopt",end,""
"OKK²","Nijverdal","1946-10-21","1946-10-20","1940-09-29",1381.0591922331353,1061.5927343405804,22,"Gestopt",end,""
"VIOD (H)","Den Haag","1946-10-14","1946-10-13","1946-10-13",2005.7939831803044,2005.7939831803044,1,"Gestopt",end,""
"ZEVA","Zierikzee","1946-09-23","1946-09-22","1942-07-12",1662.7028584621144,1386.0388608636636,10,"Gestopt",end,""
"Oldenzaal","Oldenzaal","1946-09-16","1946-09-15","1941-12-14",1316.6931733848737,1225.102891610055,12,"Gestopt",end,""
"Excelsior (N)","Nisse","1946-08-19","1946-08-18","1944-04-02",1470.580865255181,1283.0785989651931,24,"Gestopt",end,""
"SDO (Ka)","Kapelle","1946-07-22","1946-07-21","1941-08-31",1438.5109263199968,1429.6771713067405,41,"Gestopt",end,""
"Steeds Vooruit","(Friesland)","1946-06-03","1946-06-02","1944-05-07",1389.423830763124,1331.8159602701926,5,"Gestopt",end,""
"Dubbel Zes²","Smilde","1946-05-06","1946-05-05","1925-09-13",1735.3818844673897,1403.4268994760816,70,"Gestopt",end,""
"SVW","Waarde","1946-04-28","1945-08-19","1941-05-25",1284.4420516674857,1166.04885640115,37,"Opgegaan in VIOS (K)",merge_into,"VIOS (K)"
"SDW","Zeyen","1946-04-08","1946-04-07","1933-04-02",1574.4983191323615,1529.552987053908,57,"Gestopt",end,""
"Thos","Vlissingen","1946-04-01","1946-03-31","1943-04-25",1119.4693716246147,971.1484112180625,9,"Gestopt",end,""
"Actief²","Amsterdam","1946-03-17","1944-02-27","1942-05-31",1999.9881976825227,1835.482964725067,8,"Gefuseerd met Sportief tot ASC²",fuse_new,"Sportief|ASC²"
"Sportief","Amsterdam","1946-03-17","1945-12-02","1919-09-14",2036.3417721678193,1787.6151207396606,331,"Gefuseerd met Actief² tot ASC²",fuse_new,"Actief²|ASC²"
"Holland","Enschede","1946-01-14","1946-01-13","1938-11-27",1611.8717678398655,1036.8809112781435,22,"Gestopt",end,""
"Maasvogels","Maastricht","1945-12-31","1945-12-30","1945-12-30",1236.3690876407834,1236.3690876407834,1,"Gestopt",end,""
"RKVVL","Maastricht","1945-12-31","1945-12-30","1945-12-30",1200.6404658119516,1200.6404658119516,1,"Gestopt",end,""
"CSP","Puttershoek","1945-12-03","1945-12-02","1943-10-17",1200.0,966.1342644634325,5,"Gestopt",end,""
"OSV²","Rotterdam?","1945-12-03","1945-12-02","1945-11-11",1294.810458482516,1294.810458482516,5,"Gestopt",end,""
"Be Quick²","Rotterdam?","1945-11-12","1945-11-11","1945-11-11",1202.5660109461508,1197.572876875741,4,"Gestopt",end,""
"Fluks (R)","Rotterdam?","1945-11-12","1945-11-11","1945-11-11",1590.396870198007,1496.3472907394619,3,"Gestopt",end,""
"Kwiek²","Rotterdam","1945-11-12","1945-11-11","1945-11-11",1600.6540754946454,1554.2164372559805,1,"Gestopt",end,""
"Be Quick (K)","Kortgene","1945-08-13","1945-08-12","1942-04-26",1282.427968713758,1141.6269527708744,26,"Gestopt",end,""
"VDB","'s-Gravenpolder","1945-08-13","1945-08-12","1921-06-19",1546.263879320229,1238.7891045533106,47,"Gestopt",end,""
"DOS (Ka)","Kamperland","1945-07-23","1945-07-22","1934-08-05",1279.6349753445988,994.3592960842562,37,"Gestopt",end,""
"SVK (Ka)","Kattendijke","1945-07-02","1945-07-01","1943-04-04",951.7462118212401,905.9962339643424,16,"Gestopt",end,""
"De Zeeuwen","Middelburg","1944-08-28","1944-08-27","1942-03-29",1377.070259958029,1190.4790867156053,13,"Gestopt",end,""
"AKV (OP)","Oude Pekela","1944-06-12","1944-06-11","1939-04-09",1509.5254064673215,1401.1579285709172,31,"Gestopt",end,""
"DEO","Groningen","1944-06-12","1944-06-11","1944-04-09",1065.575231837543,1047.77291060255,4,"Gestopt",end,""
"Frisia (Dr)","Drachten","1944-06-12","1944-06-11","1930-07-13",1622.1303742617245,1318.1814459632176,69,"Gestopt",end,""
"KVO (Gr)","Groningen","1944-06-12","1944-06-11","1944-04-09",1534.6098874563909,1534.6098874563909,2,"Gestopt",end,""
"HVW","Hem","1944-06-05","1944-06-04","1944-06-04",1359.1351327130822,1356.6452796798255,1,"Gestopt",end,""
"JVO","Leeuwarden","1944-06-05","1944-06-04","1943-06-13",1777.2264488473168,1729.1284361393837,3,"Gestopt",end,""
"Vlugheid & Kracht","Harlingen","1944-06-05","1944-06-04","1944-04-23",1453.4844994889866,1401.9701376593214,3,"Gestopt",end,""
"Edo","Serooskerke","1944-05-15","1944-05-14","1938-01-09",1225.4033487598567,1225.369446723823,12,"Gestopt",end,""
"ZKC (Zkb)","West Brabant","1944-05-15","1944-05-14","1942-08-30",1086.0670906113126,1038.1983410576165,4,"Gestopt",end,""
"Wirdum","Wirdum","1944-05-08","1944-05-07","1943-05-30",1272.3635639344382,1214.4883919655383,6,"Gestopt",end,""
"Felicitas","Sexbierum","1944-05-01","1944-04-30","1921-06-12",1605.2926704604324,1605.2926704604324,25,"Gestopt",end,""
"Gruno","Groningen","1944-05-01","1944-04-30","1935-06-09",1553.3646969171493,1553.3646969171493,32,"Gestopt",end,""
"Rengerspark","Leeuwarden","1944-05-01","1944-04-30","1944-04-30",910.390645022366,904.1991600242704,1,"Gestopt",end,""
"Rivas","Ruischerbrug","1944-05-01","1944-04-30","1933-04-02",1630.805179355191,1493.630758837835,89,"Gestopt",end,""
"VOG (G)","Groningen","1944-05-01","1944-04-30","1935-04-14",1511.8816968312794,1395.197439572971,74,"Gestopt",end,""
"Victorie","Groningen","1944-05-01","1944-04-30","1944-04-30",900.0,894.0593063150438,1,"Gestopt",end,""
"WKC (Wlp)","Wilp","1944-05-01","1944-04-30","1942-05-17",1575.9257324262135,1316.9296720076677,15,"Gestopt",end,""
"BKC (Ba)","Balkbrug","1944-04-24","1944-04-23","1942-05-03",1256.9135873390549,1256.6115062381837,9,"Gestopt",end,""
"DKC (Di)²","Diever","1944-04-24","1944-04-23","1942-04-05",1349.3318476665256,1113.833194516871,14,"Gestopt",end,""
"Dio (H)","Hooghalen","1944-04-24","1944-04-23","1943-04-11",1500.6412007985955,1500.3391196977243,6,"Gestopt",end,""
"Swastika","Smilde","1944-04-24","1944-04-23","1930-05-04",1699.5034538336365,1589.7238451865755,47,"Gestopt",end,""
"DWV","Amsterdam","1944-02-28","1944-02-27","1930-03-23",1764.3831624683594,1634.9641020244876,11,"Gestopt",end,""
"Golva","Oisterwijk","1944-02-28","1944-02-27","1943-09-19",1329.4952596703665,1271.3718055364095,2,"Gestopt",end,""
"LEB","Tilburg","1944-02-28","1944-02-27","1942-09-20",998.9778285340002,998.9302475668205,6,"Gestopt",end,""
"OKC (O)","Oostvoorne","1944-01-31","1944-01-30","1937-10-03",1501.0614933210388,1252.831508180418,23,"Gestopt",end,""
"SVD","Den Bosch","1944-01-10","1944-01-09","1943-09-26",1113.6348369199136,1058.3066308871578,5,"Gestopt",end,""
"Lodek","Oisterwijk","1943-12-13","1943-12-12","1937-10-31",1053.6972792750255,1053.6140000095138,17,"Gestopt",end,""
"OWB","Breda","1943-12-13","1943-12-12","1942-11-15",1082.7662869856651,1058.3053433320774,5,"Gestopt",end,""
"TKV","Haren","1943-11-22","1943-11-21","1942-11-15",914.2214274823059,884.4989752304638,8,"Gestopt",end,""
"Markelo²","Markelo","1943-11-15","1943-11-14","1927-08-21",1548.3232057073462,1247.8149233820789,61,"Gestopt",end,""
"Palthe","Almelo","1943-11-01","1943-10-31","1939-10-01",1334.5767624288778,1161.009644398443,21,"Gestopt",end,""
"Pechvogels²","Amsterdam","1943-10-25","1943-10-24","1939-03-19",1819.7658919319842,1473.6454573483888,6,"Gestopt",end,""
"ADE","Weesp","1943-10-18","1943-10-17","1941-10-05",1467.6127181966142,1386.582830221063,3,"Gestopt",end,""
"Slikkerveer","Slikkerveer","1943-10-18","1943-10-17","1943-10-17",2004.5343597870599,2004.0455188467224,1,"Gestopt",end,""
"SVH","Oudelande","1943-09-06","1943-09-05","1943-04-04",1505.907173138957,1455.8601786955478,6,"Gestopt",end,""
"HBS (B)","Blijham","1943-08-23","1943-08-22","1920-06-27",1673.1323954588293,1489.7144922258433,150,"Gestopt",end,""
"Lyts Bigjin","Langezwaag","1943-08-23","1943-08-22","1941-05-11",1144.153536957042,1097.9568348663304,5,"Gestopt",end,""
"Rawi","Winschoten","1943-08-16","1943-08-15","1943-04-11",1293.0,1237.5359010013187,3,"Gestopt",end,""
"ODK (W)","Wijnjeterp","1943-07-12","1943-07-11","1940-05-05",1346.1715204945517,1099.6402971284133,14,"Gestopt",end,""
"HDS (O)","Ouderkerk","1943-07-11","1942-09-06","1928-06-24",1731.0892123018104,1353.7650105285534,106,"Hernoemd naar OWK (O)",rename,"OWK (O)"
"ZKC (Zh)","Zuidhorn","1943-07-05","1943-07-04","1941-06-29",1266.491276139165,1192.5746454471218,8,"Gestopt",end,""
"Stanfries (A)","Appelscha","1943-06-21","1943-06-20","1942-09-20",1374.9968022501657,1219.0469591177846,5,"Gestopt",end,""
"KCV","Venlo","1943-05-24","1943-05-23","1940-10-20",1424.2809198600705,1329.4581396478065,7,"Gestopt",end,""
"Olympus","Amsterdam","1943-04-12","1943-04-11","1941-05-25",1861.5919900061049,1775.4606563857471,16,"Gestopt",end,""
"RSV²","Tilburg","1943-04-12","1943-04-11","1942-09-20",974.1904708465885,837.2129728923135,4,"Gestopt",end,""
"Willemstad","Willemstad","1943-04-12","1943-04-11","1942-08-23",1310.986233447489,1203.1271006450902,4,"Gestopt",end,""
"Achilles (B)","Bergen op Zoom","1943-04-05","1943-04-04","1941-04-13",1362.56201676811,1240.0309039921424,6,"Gestopt",end,""
"Stormvogels (H)","Hillegom","1943-03-15","1943-03-14","1941-10-05",1635.1942175355164,1622.2607412827472,8,"Gestopt",end,""
"Redichem","Renkum","1943-03-08","1943-03-07","1933-10-01",1322.8840411503938,1119.2568638204857,37,"Gestopt",end,""
"Vlug en Lenig²","Schiedam","1942-11-16","1942-11-15","1934-10-07",1605.83046135207,1420.9484317454346,56,"Gestopt",end,""
"KVC","Cadzand","1942-10-12","1942-10-11","1942-05-24",991.75,986.6260178626874,5,"Gestopt",end,""
"Amsterdam Noord","Amsterdam","1942-10-05","1942-10-04","1938-10-02",1762.8488352505822,1574.903428407491,27,"Gestopt",end,""
"Levu","Utrecht","1942-09-28","1942-09-27","1941-09-14",1085.4428961247515,971.9905207432779,4,"Gestopt",end,""
"Tiel Utrecht","Tiel","1942-09-21","1942-09-20","1942-09-20",1031.7141549200605,1031.7141549200605,1,"Gestopt",end,""
"De Meervogels (A)","Amsterdam","1942-09-14","1942-09-13","1937-10-17",1983.369712352564,1561.225453903387,21,"Gestopt",end,""
"POLO","?","1942-07-20","1942-07-19","1942-07-05",1228.5582671338657,1208.9873759657958,2,"Gestopt",end,""
"Blauw Geel (J)","Joure","1942-06-15","1942-06-14","1942-05-03",1169.948073373672,1155.3412812401943,4,"Gestopt",end,""
"DVO (V)","Varsseveld","1942-05-18","1942-05-17","1941-10-05",1109.7627388217725,1066.6017445453024,9,"Gestopt",end,""
"Jong Leven","Hilversum","1942-04-20","1942-04-19","1941-10-05",1206.9924123107703,1184.6184598086481,2,"Gestopt",end,""
"GVS","Tilburg","1942-04-13","1942-04-12","1942-04-12",1072.2864724649928,1016.5378384569613,2,"Gestopt",end,""
"De Kweek","Den Haag","1942-03-30","1942-03-29","1928-09-23",1746.1262060744757,1451.5932941076119,63,"Gestopt",end,""
"ReadyTekca","Amsterdam","1941-12-22","1941-12-21","1917-10-21",1922.8625393690777,1293.1960070505334,352,"Gestopt",end,""
"WZM","Middelburg","1941-12-01","1941-11-30","1941-11-30",1662.75,1601.126277234114,1,"Gestopt",end,""
"HDS","Leersum","1941-11-10","1941-11-09","1930-10-12",1431.14381824083,1176.1935795024208,24,"Gestopt",end,""
"Kievit","Amerongen","1941-11-10","1941-11-09","1941-10-19",1328.928287566604,1328.928287566604,2,"Gestopt",end,""
"Animo²","Haarlem","1941-10-19","1935-02-17","1929-10-06",1671.0935600391629,1317.4097367369898,44,"Hernoemd naar Animo Ready",rename,"Animo Ready"
"ODI (H)","Den Haag","1941-09-15","1941-09-14","1923-10-28",1746.9975047537976,1638.7346769391042,116,"Gestopt",end,""
"Olympia (Z)","Zierikzee","1941-09-08","1941-09-07","1929-05-12",1756.3259214009004,1343.7929404636184,101,"Gestopt",end,""
"SSS (H)","Haamstede","1941-07-06","1938-09-04","1929-05-12",1524.2247508833664,1380.1342756171368,101,"Hernoemd naar Dindoa (H)",rename,"Dindoa (H)"
"Oosterkwartier (A)","Amsterdam","1941-06-23","1941-06-22","1928-09-09",1960.4583834559046,1959.9705844668667,35,"Gestopt",end,""
"Renesse Vooruit","Renesse","1941-06-08","1931-06-14","1930-04-20",1224.2923204107642,1211.7525886677672,7,"Hernoemd naar Strandvogels",rename,"Strandvogels"
"Hercules","Amsterdam","1941-05-12","1941-05-11","1913-10-26",2005.6588836378917,1568.1828811765126,372,"Gestopt",end,""
"Sparta (A)²","Amsterdam²","1941-05-12","1941-05-11","1926-10-03",1763.0786271546062,1748.5776851467353,127,"Gestopt",end,""
"Dowocs (H)","Holten","1941-04-28","1941-04-27","1940-10-06",1142.5592435793699,1123.1245529744358,3,"Gestopt",end,""
"Wartburgia","Amsterdam","1941-04-27","1939-04-30","1930-03-23",1460.1670274777218,1356.0697192269138,3,"Hernoemd naar DWV",rename,"DWV"
"Oosterpark (G)","Groningen","1941-04-14","1941-04-13","1941-04-13",1546.1327199921272,1546.1327199921272,1,"Gestopt",end,""
"Baerne","Baarn","1941-03-31","1941-03-30","1926-09-26",1779.4805741947796,1588.6018161393547,133,"Gestopt",end,""
"NASB","Eindhoven","1940-09-29","1940-08-25","1932-10-16",1534.0626472404967,1488.7250765962985,45,"Hernoemd naar Sportlust",rename,"Sportlust"
"Smilde","Smilde","1940-09-02","1940-09-01","1939-10-01",924.9998224581959,896.5705165074938,4,"Gestopt",end,""
"HBS (M)","Middelburg","1940-07-22","1940-07-21","1933-10-22",1645.5303139801872,1331.0244779455688,22,"Gestopt",end,""
"SIOL","Scharmer-Harkstede","1940-06-03","1940-06-02","1936-03-22",1246.3652336515247,1246.3652336515247,13,"Gestopt",end,""
"HBS (H)","Den Haag","1940-05-06","1940-05-05","1920-10-17",1888.7255917626437,1635.0681609928686,197,"Gestopt",end,""
"GESH (A)","Alteveer","1940-04-22","1940-04-21","1932-04-17",1581.1724717567997,1209.5975659794333,18,"Gestopt",end,""
"Zuiderkwartier³","Amsterdam","1940-04-08","1940-04-07","1933-09-03",1932.9072951914204,1805.3004696397738,57,"Gestopt",end,""
"DION","Oldenzaal","1940-03-04","1940-03-03","1933-11-05",1482.0184850524852,1435.2114027332475,25,"Gestopt",end,""
"Elto","Den Helder","1940-03-04","1940-03-03","1936-09-13",1833.474575684096,1666.2154642555429,20,"Gestopt",end,""
"KVDH","Den Helder","1940-03-04","1940-03-03","1937-10-31",1397.7321774592413,1338.199417847571,13,"Gestopt",end,""
"Be Quick","Nijmegen","1939-12-04","1939-12-03","1916-11-05",1653.6456532411169,1255.7552759553187,206,"Gestopt",end,""
"SVA","Eindhoven","1939-12-04","1939-12-03","1934-01-21",1530.1487623802734,1423.3666111568784,35,"Gestopt",end,""
"Shell","Amsterdam","1939-11-13","1939-11-12","1937-10-03",1717.5942523103045,1609.1513345918556,10,"Gestopt",end,""
"HKC (DH)","Den Helder","1939-10-08","1939-07-16","1937-10-24",1364.9116395887438,1265.0535303157874,4,"Opgegaan in Elto",merge_into,"Elto"
"GESH","Valthermond","1939-09-04","1939-09-03","1920-10-24",1267.612543629173,1195.305502795604,20,"Gestopt",end,""
"Oring","Odoorn","1939-09-04","1939-09-03","1913-11-23",1670.8615236206144,1369.2323378215613,46,"Gestopt",end,""
"VIOS (Oo)","Oosterhesselen","1939-08-28","1939-08-27","1920-10-24",1549.1795461479128,1357.5579229957061,25,"Gestopt",end,""
"Kwiek (A)","Assen","1939-07-17","1939-07-16","1935-05-05",1387.4205717367147,1387.3467400716509,15,"Gestopt",end,""
"Quick (Ad)","Aduard","1939-07-03","1939-07-02","1934-04-08",1412.158873037189,1174.1499132182112,27,"Gestopt",end,""
"Domburg","Domburg","1939-06-26","1939-06-25","1938-01-09",1238.9549875000307,1054.0136768715865,10,"Gestopt",end,""
"Seolto (T)","Terneuzen","1939-06-19","1939-06-18","1927-07-31",1578.864619204641,1472.459738852454,59,"Gestopt",end,""
"Wester","Amsterdam","1939-06-19","1939-06-18","1928-09-16",1967.633245694326,1880.1372861370994,67,"Gestopt",end,""
"HMS (D)","Dinteloord","1939-06-05","1939-06-04","1931-05-10",1577.851046091393,1359.247773299553,6,"Gestopt",end,""
"Roda (K)","Kortgene","1939-05-29","1939-05-28","1938-07-03",1122.1774763812034,1121.992951999816,3,"Gestopt",end,""
"KVKV","Alkmaar","1939-05-22","1939-05-21","1922-09-10",1905.1350316792975,1341.0766464946307,123,"Gestopt",end,""
"Breda","Breda","1939-05-15","1939-05-14","1932-09-25",1681.0963647174854,1520.419046434331,78,"Gestopt",end,""
"Linnaeus","Amsterdam","1939-05-01","1939-04-30","1934-12-30",1766.6603091137877,1659.5963165220262,17,"Gestopt",end,""
"District V²","Amsterdam²","1939-04-24","1939-04-23","1934-09-16",1780.9504770295014,1718.8258892485007,25,"Gestopt",end,""
"Vesta","Amsterdam","1939-04-24","1939-04-23","1928-09-09",1876.1111732967056,1803.1484442234873,95,"Gestopt",end,""
"VVO","Amsterdam","1939-03-06","1939-03-05","1938-03-27",1043.0832301590167,1042.6732735566204,3,"Gestopt",end,""
"Mulo","Helmond","1939-02-27","1939-02-26","1936-11-08",1419.360292924065,1186.2063682952905,15,"Gestopt",end,""
"Red Star","Amsterdam","1939-02-27","1939-02-26","1938-01-23",913.7920105291587,903.4897446307053,2,"Gestopt",end,""
"VIOS (A)","Amsterdam","1939-02-27","1939-02-26","1938-01-23",912.5893962351157,900.8378392135252,2,"Gestopt",end,""
"Hekkensluiters","Vollenhove","1938-11-28","1938-11-27","1934-09-30",1260.167210487493,978.0005549896892,14,"Gestopt",end,""
"KIOL (Z)","Zwolle","1938-11-28","1938-11-27","1929-11-17",1381.9968853230082,1381.9855333303342,59,"Gestopt",end,""
"Quick (Z)","Zwolle","1938-11-28","1938-11-27","1930-02-23",1367.8842893364738,1295.4251895033226,54,"Gestopt",end,""
"Excelsior (W)","Westwoud","1938-11-21","1938-11-20","1937-09-19",1159.0237735283636,1089.6038367696035,5,"Gestopt",end,""
"Excelsior (K)","Kampen","1938-10-31","1938-10-30","1927-09-18",1354.6804576099257,1132.144394584757,67,"Gestopt",end,""
"Beatrix","Willemstad","1938-10-10","1938-10-09","1938-06-26",1338.9413610747392,1264.9826437577228,4,"Gestopt",end,""
"FSV","Zeeland","1938-10-03","1938-10-02","1938-06-26",1266.4826693412056,1236.3560948525221,4,"Gestopt",end,""
"Volharding (A)","Amsterdam","1938-09-18","1938-05-22","1924-11-02",1982.583830862377,1838.1875449872978,185,"Hernoemd naar Archipel",rename,"Archipel"
"HKC (Hrb)","Herbaijum","1938-08-01","1938-07-31","1935-05-05",1159.9462934513917,1158.3116451670785,7,"Gestopt",end,""
"DOV","Weerdinge","1938-07-25","1938-07-24","1920-10-24",1713.0087353084289,1515.001942881115,21,"Gestopt",end,""
"Nocht en Wille","Hallum","1938-07-18","1938-07-17","1938-05-22",1128.984901394911,1079.159139146663,2,"Gestopt",end,""
"OKC (Oost)","Oosterland","1938-07-11","1938-07-10","1932-06-05",1330.137403502445,1065.9784912090372,26,"Gestopt",end,""
"TKV (Th)","Tholen","1938-06-27","1938-06-26","1938-06-26",908.687982858298,903.4980358540674,1,"Gestopt",end,""
"Vitesse (H)","Hoogeveen","1938-06-27","1938-06-26","1928-08-26",1632.9764505600444,1322.8947765359155,39,"Gestopt",end,""
"ODIO","Hengelo Ov","1938-06-20","1938-06-19","1929-10-13",1662.9900634642772,1486.0747365536636,50,"Gestopt",end,""
"Westhoek","Scherpenzeel","1938-05-30","1938-05-29","1938-05-29",905.3548159531424,896.7685493828164,1,"Gestopt",end,""
"Unilever","Rotterdam","1938-05-23","1938-05-22","1925-01-04",1739.2751592320424,1377.1781186902922,52,"Gestopt",end,""
"Avanti²","Amsterdam","1938-05-16","1938-05-15","1926-01-31",1926.2530345319535,1605.6391077139272,105,"Gestopt",end,""
"Duiven","Den Dolder","1938-05-09","1938-05-08","1938-05-08",1200.0,1195.7093928049514,1,"Gestopt",end,""
"Rading","Hollandsche Rading","1938-05-09","1938-05-08","1938-05-08",2005.865932962791,2005.4783913992292,1,"Gestopt",end,""
"Groen Zwart (A)","Amsterdam","1938-05-02","1938-05-01","1926-10-17",1889.5910334254515,1881.9473940177536,56,"Gestopt",end,""
"Oosten²","Amsterdam","1938-04-25","1938-04-24","1933-03-05",1723.8128001463278,1551.400420332756,37,"Gestopt",end,""
"VEMO (T)","Tijnje","1938-04-25","1938-04-24","1933-04-09",1440.7527698307863,1418.8099923706009,19,"Gestopt",end,""
"Algemeene","Amsterdam","1938-04-11","1938-04-10","1928-11-04",1715.3014573234307,1417.8672715170558,59,"Gestopt",end,""
"EWW","Vlissingen","1938-03-28","1938-03-27","1933-06-04",1513.3138384268427,1513.3138384268427,13,"Gestopt",end,""
"DES (P)","Poortugaal","1938-03-21","1938-03-20","1933-05-21",1500.1334015195525,1482.7368294919902,33,"Gestopt",end,""
"TOP (W)","Weert","1938-02-21","1938-02-20","1936-11-08",1295.4505440190778,1158.234898025594,9,"Gestopt",end,""
"Blauw Rood","Wageningen","1938-02-14","1938-02-13","1936-11-29",1141.582714832385,1048.4248254278261,8,"Gestopt",end,""
"NASB (B)","Breda","1938-02-07","1938-02-06","1933-12-31",1367.3875678343522,1342.6499202362531,17,"Gestopt",end,""
"Rapid (B)","Den Bosch","1937-12-20","1937-12-19","1932-09-25",1451.4746592899241,1308.1719395061,15,"Gestopt",end,""
"Be Fair","Oldenzaal","1937-11-15","1937-11-14","1933-11-05",1207.6368333001042,1040.3538160973878,12,"Gestopt",end,""
"Annen","Annen","1937-10-04","1937-10-03","1930-05-04",1670.9823825609437,1411.0775705027,44,"Gestopt",end,""
"Gees","Gees","1937-09-06","1937-09-05","1936-04-26",1254.0848037250655,1250.7923054094808,8,"Gestopt",end,""
"Excelsior (Z)","Zierikzee","1937-08-30","1937-08-29","1929-05-05",1807.8464046337433,1622.8787132740897,103,"Gestopt",end,""
"Oosterstreek","Noordwolde","1937-07-12","1937-07-11","1937-04-25",1169.25,1099.4551694400554,4,"Gestopt",end,""
"Gronitas","Groningen","1937-07-05","1937-07-04","1937-05-23",901.2268103880353,886.2955473141321,2,"Gestopt",end,""
"NASB (D)","Dordrecht","1937-07-05","1937-07-04","1937-05-02",900.0,854.3301088499044,2,"Gestopt",end,""
"GKC²","Grijpskerk","1937-06-28","1937-06-27","1933-04-23",1416.1681545389526,1287.0136114256168,44,"Gestopt",end,""
"Blauw Wit (OP)","Oude Pekela","1937-06-21","1937-06-20","1937-04-04",1263.820021512555,1263.820021512555,4,"Gestopt",end,""
"HMS","Bakkeveen","1937-06-14","1937-06-13","1935-04-28",1356.3498896948383,1356.3498896948383,14,"Gestopt",end,""
"MIA (M)","Musselkanaal","1937-06-07","1937-06-06","1920-09-05",1597.726086461366,1274.887702460079,26,"Gestopt",end,""
"VIOS (H)","Heenvliet","1937-05-24","1937-05-23","1930-07-05",1537.7193050346393,1406.4837201077353,58,"Gestopt",end,""
"Concordia (Zkb)","Zeeland","1937-05-03","1937-05-02","1937-01-24",1266.5966304042936,1247.5616503745753,3,"Gestopt",end,""
"Leusderkwartier","Amersfoort","1937-04-26","1937-04-25","1934-11-11",1488.5135446907348,1482.501610541306,8,"Gestopt",end,""
"VIOD (G)","Germerwolde","1937-04-26","1937-04-25","1932-03-27",1307.9283824836348,1034.3316308740755,43,"Gestopt",end,""
"DKAV","Diemen","1937-04-05","1937-04-04","1933-10-22",1854.9332353942061,1651.5193047726616,16,"Gestopt",end,""
"Kameraadschap","Amsterdam","1937-04-05","1937-04-04","1933-10-29",1462.1036218640422,1462.1036218640422,13,"Gestopt",end,""
"ODS (W)","Winterswijk","1937-04-05","1937-04-04","1924-12-07",1406.8754451254038,1181.991366120213,64,"Gestopt",end,""
"Oriento","Amsterdam","1937-04-05","1937-04-04","1932-10-30",1883.3972260280982,1771.7295506090782,29,"Gestopt",end,""
"VVGA","Amsterdam","1937-04-05","1937-04-04","1932-12-04",1858.2747002663043,1542.7215898392794,26,"Gestopt",end,""
"Klimop","Leiden","1937-03-22","1937-03-21","1932-11-20",1735.335035174661,1289.1925073630011,27,"Gestopt",end,""
"Swift (Gl)","Glanerbrug","1937-03-22","1937-03-21","1936-01-05",1094.3979273986306,1000.2500588667928,6,"Gestopt",end,""
"Vreewijk","Rotterdam","1937-03-22","1937-03-21","1925-01-25",1846.9899729153383,1517.5815708969567,101,"Gestopt",end,""
"DVC","Oss","1937-03-15","1937-03-14","1934-09-23",1413.9492267625649,1298.2624503168122,16,"Gestopt",end,""
"PM","Arnhem","1937-03-01","1937-02-28","1933-01-15",1497.7519854655218,1386.2969554374706,35,"Gestopt",end,""
"CWP","Voorburg","1937-02-22","1937-02-21","1936-01-12",1136.2217336221556,1136.2217336221556,4,"Gestopt",end,""
"Ornas","Den Haag","1937-02-22","1937-02-21","1936-01-12",1220.5224270157541,1146.141935937337,4,"Gestopt",end,""
"DVO (M)","Maurik","1937-01-18","1937-01-17","1936-11-29",901.0219709853512,880.4163625245419,2,"Gestopt",end,""
"KVK (E)","Eindhoven","1937-01-11","1937-01-10","1936-11-22",900.0,854.0609720379357,3,"Gestopt",end,""
"BCSV","Borne","1937-01-04","1937-01-03","1935-11-10",1080.0492983578085,971.4340452734351,5,"Gestopt",end,""
"Rapid (G)","Groenlo","1937-01-04","1937-01-03","1936-10-04",1131.213830262263,1005.7490909596564,4,"Gestopt",end,""
"Voorwaarts (B)","Den Bosch","1937-01-04","1937-01-03","1935-03-10",1239.3345187696486,1141.488278911853,7,"Gestopt",end,""
"Oosterkwartier (S)","Schiedam","1936-11-16","1936-11-15","1936-11-15",1200.0,1199.4778648493295,1,"Gestopt",end,""
"Palvu","Vlaardingen","1936-11-16","1936-11-15","1936-11-15",1405.2247404902578,1405.2247404902578,1,"Gestopt",end,""
"Wilhelmina³","Oss","1936-10-19","1936-10-18","1936-01-05",1271.7033641274206,1084.9272143372164,4,"Gestopt",end,""
"SGOC","Winterswijk","1936-09-20","1936-03-22","1924-12-07",1406.8754451254038,1318.9495829963919,58,"Hernoemd naar ODS (W)",rename,"ODS (W)"
"Treffers","Amsterdam","1936-09-14","1936-09-13","1933-09-10",2013.1893878170563,1745.604736980289,24,"Gestopt",end,""
"BVK","Beerta","1936-07-20","1936-07-19","1930-09-07",1429.5872548323875,1244.8129079779687,57,"Gestopt",end,""
"Excelsior (O)","Oude Tonge","1936-07-06","1936-07-05","1933-04-23",1370.3846565533888,1221.7474327405228,24,"Gestopt",end,""
"GSV","Goedereede","1936-07-06","1936-07-05","1932-12-26",1489.5253634598382,1393.8067107773754,27,"Gestopt",end,""
"SSS (O)","Ooltgensplaat","1936-07-06","1936-07-05","1934-05-13",1194.2769157387875,1091.361540709616,14,"Gestopt",end,""
"HKC (Ho)","Hoogeveen","1936-06-15","1936-06-14","1936-05-24",1042.8123320660607,1038.3601579732024,2,"Gestopt",end,""
"Concordia²","Amsterdam","1936-05-11","1936-05-10","1921-10-30",1719.6482164313215,1460.9402400704994,116,"Gestopt",end,""
"SOS (U)","Ureterp","1936-05-11","1936-05-10","1935-04-14",1245.4874821911856,1132.6950191288765,10,"Gestopt",end,""
"TOP (Ap)","Appingedam","1936-05-11","1936-05-10","1914-04-12",1264.5250848463504,1068.0645507791712,28,"Gestopt",end,""
"Sportlust (U)","Utrecht","1936-05-04","1936-05-03","1932-10-02",1494.8054394430435,1276.9548893676201,32,"Gestopt",end,""
"RSV","Ransdorp","1936-04-27","1936-04-26","1934-12-30",915.4710935546478,915.4710935546478,2,"Gestopt",end,""
"EMO","Eindhoven","1936-04-20","1936-04-19","1930-04-13",1549.3905621114181,1411.9581733508467,61,"Gestopt",end,""
"Stormers","Soest","1936-04-20","1936-04-19","1932-10-02",1386.752180942257,1319.4581605838346,22,"Gestopt",end,""
"VIVA","Rhoon","1936-04-20","1936-04-19","1932-09-18",1634.3486195809123,1319.2537368532599,35,"Gestopt",end,""
"Ons Ploegje","Amsterdam","1936-03-30","1936-03-29","1932-10-30",1449.9941317970522,1422.720611604113,14,"Gestopt",end,""
"VDS","Rotterdam","1936-03-30","1936-03-29","1933-10-01",1323.8711126220767,1314.0611190534696,16,"Gestopt",end,""
"Maccabi","Den Haag","1936-03-23","1936-03-22","1933-11-26",1252.6081917596132,1129.31435979755,9,"Gestopt",end,""
"HE","Soest","1936-03-16","1936-03-15","1921-04-24",1496.527860192344,1204.9291984486483,19,"Gestopt",end,""
"BKC (Bru)","Brummen","1936-03-09","1936-03-08","1935-11-10",900.0,859.5477333532359,2,"Gestopt",end,""
"Lenig en Flink","Kampen","1936-03-09","1936-03-08","1934-10-14",1119.7466443246253,1053.889654180202,18,"Gestopt",end,""
"Oosten (R)","Rotterdam","1936-03-09","1936-03-08","1930-06-01",1458.3026105040622,1243.8565918394636,29,"Gestopt",end,""
"DKC (Do)²","Doetinchem","1936-02-17","1936-02-16","1934-09-23",1500.0,1313.4441797649472,15,"Gestopt",end,""
"Kwiek","Amsterdam","1936-02-17","1936-02-16","1920-09-26",1782.6703158526211,1458.7047989602456,102,"Gestopt",end,""
"Stormers (HvH)","Hoek van Holland","1936-01-27","1936-01-26","1934-11-18",1198.684863258897,1176.9154721050834,4,"Gestopt",end,""
"Amicitia (B)","Boskoop","1935-11-11","1935-11-10","1932-11-06",1242.9363206809653,1242.9363206809653,8,"Gestopt",end,""
"Union","Nieuwleusen","1935-11-11","1935-11-10","1933-10-01",936.2950227930353,837.2196285136964,22,"Gestopt",end,""
"VIOS (Oss)","Oss","1935-11-03","1935-01-20","1934-09-23",1348.1788996068299,1303.8769243454476,4,"Hernoemd naar DVC",rename,"DVC"
"Ervea","Amsterdam","1935-10-28","1935-10-27","1931-03-29",1573.2052907487305,1287.2768837260485,8,"Gestopt",end,""
"Genemuiden","Genemuiden","1935-10-21","1935-10-20","1934-09-30",1298.5853455963568,1199.6302067538422,6,"Gestopt",end,""
"OSCA","Amsterdam","1935-09-15","1935-03-24","1903-12-03",1906.100610378591,1626.6840208509248,249,"Opgegaan in KCN",merge_into,"KCN"
"VIOS (D)","Diever","1935-09-02","1935-09-01","1928-06-24",1412.244503032093,1375.972476319057,5,"Gestopt",end,""
"Weest Kwiek","Middelharnis","1935-08-26","1935-08-25","1930-07-05",1574.145915779721,1171.0511755039909,25,"Gestopt",end,""
"Emos","Kortgene","1935-08-05","1935-08-04","1934-07-01",1128.566295914405,1128.5120068931462,9,"Gestopt",end,""
"VIOS (Wo)","Woensel","1935-07-29","1935-07-28","1933-07-30",1586.1116157501847,1549.3548187427946,15,"Gestopt",end,""
"ZKV (Zz)","Zuidzande","1935-06-24","1935-06-23","1932-06-19",1328.9250110691075,1235.378298141562,12,"Gestopt",end,""
"Adundo","Baflo","1935-06-17","1935-06-16","1922-03-19",1197.8880318167714,1197.621374851779,21,"Gestopt",end,""
"SSS (V)","Valthermond","1935-06-17","1935-06-16","1920-09-05",1611.5890006596887,1611.3223436946962,14,"Gestopt",end,""
"TOP (ND)","Nieuw Dordrecht","1935-06-17","1935-06-16","1935-06-02",1535.7183664633421,1494.274865844687,2,"Gestopt",end,""
"CDT","Groningen","1935-06-10","1935-06-09","1935-06-02",900.0,878.8212098923651,2,"Gestopt",end,""
"Steeds Voorwaarts²","Eesergroen","1935-06-03","1935-06-02","1935-06-02",1502.11076776322,1502.11076776322,1,"Gestopt",end,""
"Advendo (N)","Noordgouwe","1935-05-12","1934-08-26","1932-07-10",1452.9102791980165,1401.8811163448977,21,"Gefuseerd met DOS (D) tot Die Gouwe",fuse_new,"DOS (D)|Die Gouwe"
"DOS (D)","Dreischor","1935-05-12","1934-04-01","1930-04-20",1523.9579937748867,1304.7779837733176,37,"Gefuseerd met Advendo (N) tot Die Gouwe",fuse_new,"Advendo (N)|Die Gouwe"
"MVU","Midwolda","1935-04-29","1935-04-28","1933-04-02",1367.2855084401524,1128.7372510703578,7,"Gestopt",end,""
"Wez Dapper","Houtigehage","1935-04-15","1935-04-14","1934-04-22",1358.970132458766,1283.8637709079755,9,"Gestopt",end,""
"Watersnippen","Aalsmeer","1935-04-08","1935-04-07","1934-12-30",902.5171097757961,888.7844653646296,2,"Gestopt",end,""
"ADO (A)","Arkel","1935-03-25","1935-03-24","1932-08-21",1452.6665877366486,1397.4447560361746,13,"Gestopt",end,""
"Sport","Amsterdam","1935-03-25","1935-03-24","1922-10-01",1721.2574083147103,1409.4613361581246,117,"Gestopt",end,""
"DOS (M)","Middelburg","1935-03-18","1935-03-17","1919-05-25",1737.1778444978572,1675.5677961179397,133,"Gestopt",end,""
"OJD","Jutphaas","1935-02-18","1935-02-17","1929-10-20",1515.6601341385208,1307.563818192321,28,"Gestopt",end,""
"Thor (M)","Maarssen","1935-02-18","1935-02-17","1929-11-10",1610.275139811678,1378.6099097798296,34,"Gestopt",end,""
"OTO","Hilversum","1935-02-04","1935-02-03","1924-10-19",1819.5078708628316,1572.5348761546595,145,"Gestopt",end,""
"Voordaan","Groenekan","1935-02-04","1935-02-03","1929-10-20",1521.6866547563195,1417.4952565839774,29,"Gestopt",end,""
"KLM","Rotterdam","1935-01-21","1935-01-20","1930-05-18",1323.9587998393,1298.4100197613868,6,"Gestopt",end,""
"SDO (D)","Durgerdam","1934-12-31","1934-12-30","1934-12-30",1118.5968778109145,1118.5968778109145,1,"Gestopt",end,""
"Sport Vereent (W)","Weesp","1934-12-31","1934-12-30","1934-01-21",1221.8498492487965,1195.2217138736512,2,"Gestopt",end,""
"Bredania","Breda","1934-12-10","1934-12-09","1933-02-26",1469.541647100232,1346.587799103931,9,"Gestopt",end,""
"'s Gravenhage","Den Haag","1934-11-19","1934-11-18","1931-11-01",1468.5148003566794,1361.4918803011994,16,"Gestopt",end,""
"TOP (Hg)","Den Haag","1934-11-19","1934-11-18","1929-09-22",1388.7111919877655,1274.4530023550926,22,"Gestopt",end,""
"Avance","Nederhorst den Berg","1934-10-22","1934-10-21","1934-01-21",1001.4152301222011,1001.4152301222011,2,"Gestopt",end,""
"Vreeland","Vreeland","1934-10-22","1934-10-21","1934-10-21",900.0,846.8102608159568,1,"Gestopt",end,""
"Oranje Nassau (E)","Enschede","1934-10-15","1934-10-14","1931-09-20",1536.131941124,1328.1312781229765,14,"Gestopt",end,""
"PZEM","Middelburg","1934-10-14","1934-04-15","1933-10-08",1476.3214638887055,1374.5793443697585,10,"Gefuseerd met Sportief (M) tot Swift (M)",fuse_new,"Sportief (M)|Swift (M)"
"Sportief (M)","Middelburg","1934-10-14","1934-08-12","1933-04-09",1305.1944292355743,1136.2537420442022,12,"Gefuseerd met PZEM tot Swift (M)",fuse_new,"PZEM|Swift (M)"
"VIOS (Kr)","Kropswolde","1934-10-08","1934-10-07","1933-03-26",1250.721564979224,1168.6029959994976,13,"Gestopt",end,""
"District V","Amsterdam","1934-09-16","1934-02-18","1927-02-13",1784.3473412833596,1670.6545548709616,46,"Hernoemd naar Ajax",rename,"Ajax"
"Eendracht","Amsterdam","1934-09-16","1934-04-08","1922-09-24",2032.312450227998,1872.7752258436344,153,"Opgegaan in OSCA",merge_into,"OSCA"
"Groen Wit (N)","Nieuweschans","1934-09-10","1934-09-09","1920-09-12",1503.8850587175336,1296.3797865900576,40,"Gestopt",end,""
"Advendo (P)","Pieterburen","1934-09-03","1934-09-02","1931-05-10",1437.5046477490134,1129.9774062370118,31,"Gestopt",end,""
"'t Overschotje (Z)","Zuidbroek","1934-08-27","1934-08-26","1934-08-26",900.0,890.8641443995283,1,"Gestopt",end,""
"Veendam","Veendam","1934-08-27","1934-08-26","1920-06-27",1385.1086966679397,1282.7062648954038,17,"Gestopt",end,""
"Spido","Zwartewaal","1934-08-20","1934-08-19","1933-05-28",1250.6146862142714,1229.1393546412608,8,"Gestopt",end,""
"Vidar","Oudenhoorn","1934-08-20","1934-08-19","1933-04-30",1410.1835792830857,1387.8534408452056,18,"Gestopt",end,""
"Zeevaartschool","Vlissingen","1934-08-06","1934-08-05","1930-10-19",1721.5774369187886,1481.6949662524687,31,"Gestopt",end,""
"Zuidland","Zuidland","1934-07-16","1934-07-15","1930-07-08",1462.097497069443,1396.6319917807564,23,"Gestopt",end,""
"TDK (B)","Bergum","1934-06-18","1934-06-17","1932-07-10",1380.4034129436473,1072.4598096880732,16,"Gestopt",end,""
"ENCK","Vlaardingen","1934-05-28","1934-05-27","1933-11-19",1339.5768920376463,1282.2305982394191,5,"Gestopt",end,""
"TOGO (J)","Jubbega","1934-05-28","1934-05-27","1934-04-15",1477.3193832271481,1477.3193832271481,4,"Gestopt",end,""
"ADO (B)","Bolnes","1934-04-23","1934-04-22","1932-10-02",1387.9219919946343,1387.9219919946343,12,"Gestopt",end,""
"Advendo (V)","Veenendaal","1934-04-23","1934-04-22","1932-09-25",1637.9725194356847,1637.9725194356847,16,"Gestopt",end,""
"TOP (D)","Doetinchem","1934-04-23","1934-04-22","1933-10-01",1244.1585099845931,1244.1585099845931,6,"Gestopt",end,""
"AW (DC)","Drachtstercompagnie","1934-04-22","1933-08-13","1922-07-09",1430.0131989486015,1404.1102831838778,15,"Hernoemd naar TFS",rename,"TFS"
"KEV","Kampen","1934-04-09","1934-04-08","1930-10-26",1296.1637427971173,1296.1637427971173,20,"Gestopt",end,""
"VOG","Veenendaal","1934-04-09","1934-04-08","1933-10-15",1598.8223495697134,1470.6851000775912,5,"Gestopt",end,""
"MKC (Ma)","Marum","1934-04-08","1932-10-02","1921-05-08",1517.6269822573888,1511.6771602777533,41,"Hernoemd naar NKC (No)",rename,"NKC (No)"
"Dalto²","Driebergen²","1934-03-12","1934-03-11","1933-10-01",1505.9100055827246,1407.5122583959126,5,"Gestopt",end,""
"Deska","Amsterdam","1934-03-12","1934-03-11","1921-10-09",1995.9864649191152,1951.938129331336,90,"Gestopt",end,""
"Ons Buiten","Amsterdam","1934-03-12","1934-03-11","1925-01-25",1557.3945882878609,1373.4002217971843,13,"Gestopt",end,""
"Rijssen Vooruit","Rijssen","1934-03-12","1934-03-11","1933-10-29",906.9684779720792,878.6761684433949,2,"Gestopt",end,""
"Sprotje","Holten","1934-03-12","1934-03-11","1928-09-30",1264.9875814613956,1192.3812568815754,22,"Gestopt",end,""
"Algemene (H)","Den Haag","1934-03-05","1934-03-04","1932-11-20",1403.6825913653172,1385.7124381079987,7,"Gestopt",end,""
"BKC²","Breda²","1934-03-05","1934-03-04","1928-01-22",1355.04403207793,1230.1643295213476,47,"Gestopt",end,""
"UVO","Den Haag","1934-03-05","1934-03-04","1931-10-11",1313.029288939037,1262.8139052512856,16,"Gestopt",end,""
"Wilskracht (B)","Baarn","1934-03-05","1934-03-04","1928-10-14",1649.3499055966367,1473.8593079790728,37,"Gestopt",end,""
"KKK","Amsterdam","1934-02-19","1934-02-18","1934-02-18",910.4312667295542,910.4312667295542,1,"Gestopt",end,""
"Odis (A)","Amsterdam","1934-02-19","1934-02-18","1930-10-19",1501.3788082069832,1458.2269669637406,9,"Gestopt",end,""
"ECJC","Eindhoven","1934-01-22","1934-01-21","1932-11-06",1626.1394739198818,1602.0530915109578,9,"Gestopt",end,""
"Grasshoppers","Amsterdam","1933-12-04","1933-12-03","1933-12-03",900.0,899.4000763810803,1,"Gestopt",end,""
"Vitesse (D)","Doornenburg","1933-11-06","1933-11-05","1933-09-24",1174.481917035434,1174.481917035434,3,"Gestopt",end,""
"KVTO","Amsterdam","1933-10-22","1931-03-01","1926-10-17",1684.9777655604878,1545.078119348455,27,"Hernoemd naar Groen Zwart (A)",rename,"Groen Zwart (A)"
"Quick (E)","Enschede","1933-10-15","1933-06-04","1931-09-20",1499.4171213775471,1491.8969129386007,11,"Hernoemd naar Oranje Nassau (E)",rename,"Oranje Nassau (E)"
"Tekace","Tilburg","1933-10-02","1933-10-01","1929-06-09",1544.7303731689613,1349.5831169918247,41,"Gestopt",end,""
"Progress","Rotterdam","1933-09-24","1933-05-28","1925-01-04",1718.1964146539249,1710.6295616328423,24,"Hernoemd naar Unilever",rename,"Unilever"
"WIK (N)","Nijeveen","1933-09-11","1933-09-10","1921-04-17",1571.6154889878742,1354.4289343172547,29,"Gestopt",end,""
"Velox (D)","Dinteloord","1933-08-21","1933-08-20","1933-04-16",1644.434037105927,1644.3947927988036,3,"Gestopt",end,""
"FSC²","Frederiksoord","1933-08-14","1933-08-13","1931-05-10",1566.6251339044686,1309.6021126425126,13,"Gestopt",end,""
"Volharding (B)","Bruinisse","1933-08-14","1933-08-13","1933-06-18",1245.684537242214,1245.673097860138,8,"Gestopt",end,""
"Bildtkers","Oudebildtzijl","1933-07-24","1933-07-23","1932-07-10",1263.9798348895906,1219.7384199646547,4,"Gestopt",end,""
"Gooiers²","Laren NH","1933-07-24","1933-07-23","1924-09-21",1743.271326023019,1433.7051968360781,72,"Gestopt",end,""
"Rasch","Onderdendam","1933-07-24","1933-07-23","1931-05-10",1064.568768681515,1042.263627204748,19,"Gestopt",end,""
"Steeds Hooger (S)","Spijkenisse","1933-07-17","1933-07-16","1933-04-23",1336.938798360022,1317.3598631706584,11,"Gestopt",end,""
"DOS (U)","Ulrum","1933-07-10","1933-07-09","1931-05-10",1214.9089689189461,1191.8194720667636,19,"Gestopt",end,""
"DVV²","Zeist","1933-07-10","1933-07-09","1933-05-14",1206.4138661835148,1206.4138661835148,7,"Gestopt",end,""
"Zwart Wit (IJ)","IJsselstein","1933-07-10","1933-07-09","1932-09-25",1256.6671107556401,1112.7364548851715,11,"Gestopt",end,""
"JMM","Biervliet","1933-06-26","1933-06-25","1932-06-19",1451.91171578894,1388.750471928005,11,"Gestopt",end,""
"Naaldwijk","Naaldwijk","1933-05-29","1933-05-28","1923-11-04",1425.4381351260809,1297.9839139628846,8,"Gestopt",end,""
"Sintpier","Nieuwvlieten","1933-05-22","1933-05-21","1933-05-21",1081.5167174490605,1067.602793678468,2,"Gestopt",end,""
"DWS²","Blokzijl","1933-05-01","1933-04-30","1933-04-30",1234.0,1215.8458967210845,1,"Gestopt",end,""
"TOP (U)","Utrecht","1933-05-01","1933-04-30","1932-09-25",1280.3713396638925,1223.346035967753,5,"Gestopt",end,""
"Sparta (H)","Hoogeveen","1933-04-23","1928-08-26","1928-08-26",1343.0,1328.1729292497869,1,"Hernoemd naar Vitesse (H)",rename,"Vitesse (H)"
"Advendo","Haarlem","1933-04-03","1933-04-02","1915-08-29",1915.5085474267892,1607.517213854705,199,"Gestopt",end,""
"Zilvermeeuwen","IJmuiden","1933-03-27","1933-03-26","1927-03-13",1537.3335377631697,1445.7676529401551,46,"Gestopt",end,""
"Palvu (H)","Den Haag","1933-03-13","1933-03-12","1931-10-18",1590.7576426115425,1446.6269108342099,7,"Gestopt",end,""
"Helmond²","Helmond","1933-02-27","1933-02-26","1932-10-23",1515.8123508223641,1497.094942165766,3,"Gestopt",end,""
"EKV","Eindhoven","1933-02-13","1933-02-12","1932-10-23",1263.6815167338418,1198.7400546515535,5,"Gestopt",end,""
"Rapid (A)","Amsterdam","1933-01-09","1933-01-08","1928-09-09",1536.2515239943505,1504.8510854068613,11,"Gestopt",end,""
"SVB","Amsterdam","1932-12-05","1932-12-04","1926-12-19",1545.700296937114,1380.1447377320544,24,"Gestopt",end,""
"Groen Wit²","Amsterdam","1932-11-28","1932-11-27","1930-02-23",1680.1375580128422,1496.4575475257514,6,"Gestopt",end,""
"Marum","Marum","1932-11-21","1932-11-20","1932-10-23",1340.2568749274292,1322.2805736677135,4,"Gestopt",end,""
"Oosten","Amsterdam","1932-10-30","1931-03-29","1928-09-09",1474.3742809962996,1458.560911520725,11,"Hernoemd naar Oosterkwartier (A)",rename,"Oosterkwartier (A)"
"Insulinde","Amsterdam","1932-10-23","1931-03-01","1930-02-23",1680.1375580128422,1540.181291673172,3,"Hernoemd naar Groen Wit²",rename,"Groen Wit²"
"BKC (Be)","Beilen","1932-09-25","1932-05-15","1928-08-26",1850.4486429247222,1719.1851589547953,31,"Opgegaan in Vitesse (Be)",merge_into,"Vitesse (Be)"
"Fortuna (R)","Rotterdam","1932-09-19","1932-09-18","1930-10-12",1205.8195580973177,1104.2665145698616,3,"Gestopt",end,""
"Quick (T)","Tilburg","1932-09-18","1930-07-27","1929-06-23",1419.1652855257892,1256.7367202729527,17,"Hernoemd naar Oranje Wit (T)",rename,"Oranje Wit (T)"
"UDI (Se)","Serooskerke","1932-06-06","1932-06-05","1932-06-05",1936.8194658775183,1936.8194658775183,1,"Gestopt",end,""
"UDI (N)","Nieuweschans","1932-04-17","1923-06-24","1920-09-12",1503.8850587175336,1414.288381743454,19,"Hernoemd naar Groen Wit (N)",rename,"Groen Wit (N)"
"Rapid (Ap)","Apeldoorn","1932-03-21","1932-03-20","1926-01-31",1110.9897627246996,944.4659962977532,21,"Gestopt",end,""
"Kennemers","Driehuis","1932-03-14","1932-03-13","1932-02-21",1530.151638012812,1477.532205671431,2,"Gestopt",end,""
"Vooruit","Enschede","1932-01-18","1932-01-17","1927-08-21",1523.9769650512133,1226.9633217307448,16,"Gestopt",end,""
"Vitesse (Leiden)","Leiden","1931-12-21","1931-12-20","1905-08-31",2053.971594582577,1746.74300318544,332,"Gestopt",end,""
"WKC (Wi)","Wierden","1931-11-09","1931-11-08","1928-09-30",1392.75,996.6600882720609,14,"Gestopt",end,""
"MKC (Markelo)","Markelo","1931-10-25","1931-04-26","1927-08-21",1497.9367284563068,1490.3155692205437,10,"Hernoemd naar Markelo²",rename,"Markelo²"
"DWS","Dordrecht","1931-10-11","1931-04-12","1923-09-16",1527.5106349262742,1141.2439826603934,47,"Gefuseerd met Kraaien² tot Merwede (D)",fuse_new,"Kraaien²|Merwede (D)"
"Kraaien²","Dordrecht","1931-10-11","1930-05-25","1929-11-10",1509.7375905689398,1482.6335324582378,3,"Gefuseerd met DWS tot Merwede (D)",fuse_new,"DWS|Merwede (D)"
"Laaresch","Enschede","1931-10-04","1931-04-06","1927-08-21",1523.9769650512133,1389.4232662213944,12,"Hernoemd naar Vooruit",rename,"Vooruit"
"ELTO","Kloetinge","1931-09-28","1931-09-27","1921-09-11",1689.238939517683,1689.1720912099872,82,"Gestopt",end,""
"Hinde","Laren NH","1931-09-13","1931-04-26","1924-09-21",1743.271326023019,1509.8030043408396,53,"Hernoemd naar Gooiers²",rename,"Gooiers²"
"Noordster","Oude Pekela","1931-09-07","1931-09-06","1930-03-30",1341.246933823812,1115.5627511076184,15,"Gestopt",end,""
"TOP (As)","Assen","1931-08-17","1931-08-16","1930-05-04",1561.5899628009226,1507.022954715781,9,"Gestopt",end,""
"Driemaal Vier","Meppel","1931-08-10","1931-08-09","1928-08-26",1420.6732042688936,1212.7289252567198,12,"Gestopt",end,""
"VIOS (Ki)","Kielwindeweer","1931-07-06","1931-07-05","1921-03-27",1434.1239049506598,1433.9292421044227,28,"Gestopt",end,""
"CKWO","Vlissingen","1931-06-15","1931-06-14","1930-10-19",1316.8458169263643,1316.8458169263643,6,"Gestopt",end,""
"De Musschen","Vlissingen","1931-06-15","1931-06-14","1931-05-10",1099.5597202365377,1093.141028990512,3,"Gestopt",end,""
"HBS (G)","Goes","1931-06-15","1931-06-14","1917-12-23",1496.1906168596008,1298.334551145603,9,"Gestopt",end,""
"VIOS (M)","Middelburg","1931-06-15","1931-06-14","1926-08-22",1595.211754071035,1315.4780158533167,47,"Gestopt",end,""
"Be Quick (O)","Oud Vossemeer","1931-06-08","1931-06-07","1931-06-07",904.6133599604136,901.6547455836354,1,"Gestopt",end,""
"SDO (K)²","Kampen","1931-05-18","1931-05-17","1927-11-20",1096.7078061808206,1096.7078061808206,12,"Gestopt",end,""
"Fortuna","Hilversum","1931-05-11","1931-05-10","1927-01-23",1434.0651942510208,1347.2387850315888,16,"Gestopt",end,""
"NSF","Hilversum","1931-05-11","1931-05-10","1929-06-02",1795.2131849630475,1745.7864351467786,6,"Gestopt",end,""
"RCU","Utrecht","1931-05-04","1931-05-03","1924-10-19",1503.1166886074047,1456.1769584422914,37,"Gestopt",end,""
"Kadimah","Amsterdam","1931-04-27","1931-04-26","1926-01-31",1400.177775648562,1219.7383241314026,23,"Gestopt",end,""
"Pechvogels","Winterswijk","1931-04-27","1931-04-26","1924-12-07",1485.2454142979238,1276.7768551135844,44,"Gestopt",end,""
"Blauw Wit (B)","Breda","1931-04-20","1931-04-19","1931-04-12",1177.5555053113385,1176.2299309463597,2,"Gestopt",end,""
"NEO","Sprang-Capelle","1931-04-20","1931-04-19","1929-06-23",1573.0013919527628,1437.9201038011709,23,"Gestopt",end,""
"Te Werve","Den Haag","1931-04-20","1931-04-19","1929-11-03",1692.7348764143965,1692.7348764143965,4,"Gestopt",end,""
"SOS (A)","Amsterdam","1931-04-13","1931-04-12","1930-09-28",1315.673019428757,1275.0580558786871,4,"Gestopt",end,""
"Excelsa","Amsterdam","1931-04-07","1931-04-06","1921-10-02",1745.7711089624722,1607.844656474974,76,"Gestopt",end,""
"Velocitas (A)","Amsterdam","1931-03-16","1931-03-15","1922-09-24",1632.6334938929876,1372.1206647797687,64,"Gestopt",end,""
"ASVA","Amsterdam","1931-02-16","1931-02-15","1920-09-19",1652.0246809804717,1282.668835702286,59,"Gestopt",end,""
"Eskavee","Amsterdam","1931-01-26","1931-01-25","1926-10-24",1510.7670002506388,1357.0152111325756,18,"Gestopt",end,""
"Sloterdijk","Amsterdam","1931-01-26","1931-01-25","1930-02-23",1440.184724424197,1439.3369793513791,2,"Gestopt",end,""
"Roda (H)","Hoek van Holland","1931-01-12","1931-01-11","1930-09-21",1534.477980116443,1518.9686728060046,4,"Gestopt",end,""
"DES (V)","Varsseveld","1930-12-08","1930-12-07","1924-12-07",1405.5230502427617,1292.1508110127122,37,"Gestopt",end,""
"VDL","Maassluis","1930-12-08","1930-12-07","1930-09-21",1380.2914559190872,1340.315604385444,3,"Gestopt",end,""
"Moordrecht","Moordrecht","1930-12-01","1930-11-30","1928-12-16",1431.016772504104,1369.4048757709998,5,"Gestopt",end,""
"Actief","Hilversum","1930-10-19","1930-04-27","1924-10-19",1819.5078708628316,1654.2662188898162,52,"Gefuseerd met Osno tot OTO",fuse_new,"Osno|OTO"
"Osno","Hilversum","1930-10-19","1930-03-30","1925-11-22",1690.1379453839,1558.6021991219625,38,"Gefuseerd met Actief tot OTO",fuse_new,"Actief|OTO"
"Blauw Wit (K)²","Kampen","1930-10-19","1930-06-15","1928-12-09",1470.3399545823693,1465.8955762626142,8,"Hernoemd naar Wit Blauw",rename,"Wit Blauw"
"Krachtsport","Gouda","1930-10-13","1930-10-12","1930-09-14",900.39214492169,889.7846085219602,3,"Gestopt",end,""
"Nardinclant","Laren NH²·","1930-10-05","1930-02-23","1919-09-07",1986.5130930508924,1299.0649636004075,88,"Opgegaan in Hinde",merge_into,"Hinde"
"Brinio","Brielle","1930-09-19","1930-09-18","1919-09-14",1729.9006574954467,1153.3699183052156,20,"Gestopt",end,""
"Hercules (NP)","Nieuwe Pekela","1930-09-15","1930-09-14","1920-06-20",1330.0245832346627,1171.6870648148977,13,"Gestopt",end,""
"WKC","Winterswijk","1930-09-14","1930-01-12","1924-12-07",1485.2454142979238,1481.5976771103476,36,"Hernoemd naar Pechvogels",rename,"Pechvogels"
"Rapid (W)²","Wageningen","1930-09-14","1930-02-09","1928-09-30",1465.006970069758,1424.4342056659546,10,"Hernoemd naar VADA",rename,"VADA"
"DSV","Amstelveen","1930-09-12","1930-09-11","1929-11-03",1600.8606257978072,1482.9218792271943,7,"Gestopt",end,""
"Korva","Waddinxveen","1930-09-12","1930-09-11","1930-07-05",1462.1819126355447,1420.9004629698654,4,"Gestopt",end,""
"Kweek","Schoonhoven","1930-09-12","1930-09-11","1930-07-05",1200.0,1186.7178621234627,4,"Gestopt",end,""
"OKC (Ou)","Ouderkerk aan den IJssel","1930-09-12","1930-09-11","1930-07-05",1189.9076738815645,1187.6364157606827,4,"Gestopt",end,""
"DIOS²","Harmelen","1930-09-05","1930-09-04","1930-09-04",1542.9717174392429,1541.5842998230335,2,"Gestopt",end,""
"Volharding (H)","Haulerwijk","1930-08-25","1930-08-24","1924-04-27",1579.0051603032593,1400.9225821471384,19,"Gestopt",end,""
"DEV","Amsterdam","1930-08-24","1930-03-30","1904-04-30",2095.714225148692,1652.0408500630695,324,"Opgegaan in DTV",merge_into,"DTV"
"DDK (A)","Ansen-Ruinen","1930-07-28","1930-07-27","1928-08-26",1324.5372254438046,1222.2837703744733,4,"Gestopt",end,""
"Advendo (O)","Oudenhoorn","1930-07-09","1930-07-08","1930-07-05",1117.4900863203293,1117.4900863203293,3,"Gestopt",end,""
"TSC","Terneuzen","1930-07-07","1930-07-06","1927-07-31",1341.6125479601942,1341.6125479601942,14,"Gestopt",end,""
"DOS (N)","Nunspeet","1930-06-16","1930-06-15","1930-03-09",1075.886634825341,1056.0413535787397,5,"Gestopt",end,""
"VOP","Zwolle","1930-06-16","1930-06-15","1927-09-18",1085.073467159591,901.1232013445748,10,"Gestopt",end,""
"DETO (M)","Middelburg","1930-06-09","1930-06-08","1926-08-22",1537.2989337189963,1535.910882385443,18,"Gestopt",end,""
"Quick (V)","Vlissingen","1930-06-09","1930-06-08","1930-06-08",1699.7830231078265,1699.075889951382,1,"Gestopt",end,""
"SDL (E)","Epse","1930-04-14","1930-04-13","1930-01-26",972.5467763425576,951.3541102718004,3,"Gestopt",end,""
"Ons Zwaluwennest","Rotterdam","1930-03-30","1929-11-03","1925-01-25",1846.9899729153383,1595.2826287901657,30,"Hernoemd naar Vreewijk",rename,"Vreewijk"
"KVO","Amsterdam","1930-03-24","1930-03-23","1919-11-09",1821.6091624699088,1536.496701805985,117,"Gestopt",end,""
"LUTO (U)","Uithoorn","1930-03-24","1930-03-23","1930-01-19",1489.5542233335939,1489.5542233335939,5,"Gestopt",end,""
"Vitesse (Haag)","Den Haag","1930-03-10","1930-03-09","1910-02-06",1884.1169854430823,1576.610312555436,220,"Gestopt",end,""
"Ambakor","Den Haag","1930-03-03","1930-03-02","1921-12-11",1645.7565081204912,1504.573282325376,37,"Gestopt",end,""
"Olympia (A)²","Amsterdam","1930-03-03","1930-03-02","1929-11-03",1614.2116101970332,1614.0541660871008,5,"Gestopt",end,""
"Duno","Den Haag","1930-01-20","1930-01-19","1917-10-21",1403.1801803422538,1239.1450832323133,34,"Gestopt",end,""
"Nieuwe Tonge","Nieuw Tonge","1930-01-20","1930-01-19","1930-01-19",1320.0856382037703,1320.0856382037703,1,"Gestopt",end,""
"OGKV","Goedereede","1930-01-20","1930-01-19","1930-01-19",1201.596537117226,1201.596537117226,1,"Gestopt",end,""
"LOV","Middelburg","1930-01-19","1928-07-15","1926-08-22",1471.9520352530933,1460.1099378728024,15,"Hernoemd naar DETO (M)",rename,"DETO (M)"
"Korf²","Doetinchem","1930-01-13","1930-01-12","1928-10-21",1063.1338431355975,883.4898304678676,9,"Gestopt",end,""
"NKC (Nij)","Nijverdal²","1929-12-27","1929-12-26","1921-10-08",1063.8667999525694,996.4943475085671,8,"Gestopt",end,""
"DOS (Ni)","Nijeveen","1929-11-03","1928-06-24","1921-04-17",1571.6154889878742,1564.9969840155543,7,"Hernoemd naar WIK (N)",rename,"WIK (N)"
"Akkrum","Akkrum","1929-10-28","1929-10-27","1922-04-30",1605.3601646432799,1202.850787282389,20,"Gestopt",end,""
"UDI (NK)","Nieuwerkerk aan den IJssel","1929-10-14","1929-10-13","1928-12-16",1194.7280205522911,1107.007693774362,3,"Gestopt",end,""
"Swift (W)²","Wageningen","1929-10-13","1929-03-24","1928-09-30",1465.006970069758,1456.2057068937418,4,"Hernoemd naar Rapid (W)²",rename,"Rapid (W)²"
"Gooiers","Laren NH²·","1929-09-29","1929-06-02","1919-09-07",1986.5130930508924,1405.2544730710613,84,"Hernoemd naar Nardinclant",rename,"Nardinclant"
"Mei Elkoar","Warga","1929-08-12","1929-08-11","1929-06-09",1345.511648331978,1283.689968083418,4,"Gestopt",end,""
"VVC","Goes","1929-07-22","1929-07-21","1926-07-25",1614.8164962006447,1387.1805588133775,39,"Gestopt",end,""
"KDO (W)","Wirdum","1929-05-13","1929-05-12","1929-05-12",1065.383179399395,1065.383179399395,1,"Gestopt",end,""
"Achilles (Am)","Amsterdam","1929-04-30","1929-04-29","1924-01-27",1448.3708517374805,1303.1694892445569,30,"Gestopt",end,""
"NHM (A)","Amsterdam","1929-04-30","1929-04-29","1921-10-02",1282.8497467517388,1280.748512946039,28,"Gestopt",end,""
"DVG","Amsterdam","1929-04-29","1929-04-28","1925-11-22",1719.5,1297.3598613815907,10,"Gestopt",end,""
"Paars Wit","Gorinchem","1929-04-29","1929-04-28","1922-10-08",1422.271102438011,1229.3460936568285,36,"Gestopt",end,""
"SDO (L)","Leiden","1929-04-08","1929-04-07","1921-09-25",1564.012662007187,1364.703288359919,41,"Gestopt",end,""
"SDL","Deventer","1929-03-21","1929-03-20","1926-09-26",1022.9735144591968,758.420280877206,14,"Gestopt",end,""
"Graaf Willem 2","Den Haag","1929-03-18","1929-03-17","1921-11-27",1688.480358051225,1554.333928485879,27,"Gestopt",end,""
"Princes Juliana","Terborg","1928-12-10","1928-12-09","1928-10-14",1096.428954665214,1041.3209934651484,3,"Gestopt",end,""
"NIVO","Deventer","1928-11-19","1928-11-18","1922-10-29",1490.9989226004536,1166.7584274034127,32,"Gestopt",end,""
"EGC","Gorssel","1928-11-12","1928-11-11","1928-10-14",1035.3186574423535,985.2194696183514,2,"Gestopt",end,""
"KVR","Den Haag","1928-09-23","1928-03-04","1920-11-07",1809.4842452925461,1790.7297673842324,45,"Hernoemd naar Ready (H)",rename,"Ready (H)"
"TOP (Vl)","Vlissingen","1928-09-17","1928-09-16","1927-07-17",1627.333405495112,1457.1126441106524,9,"Gestopt",end,""
"Quick (A)","Amsterdam","1928-09-09","1928-06-10","1920-09-26",1782.6703158526211,1747.125609912775,52,"Hernoemd naar Kwiek",rename,"Kwiek"
"Kinea (A)","Assen","1928-09-03","1928-09-02","1920-06-20",1604.5235131395707,1367.5047320080935,74,"Gestopt",end,""
"ODI (W)","Westerbork","1928-08-27","1928-08-26","1928-08-26",1152.769807185791,1152.769807185791,1,"Gestopt",end,""
"VIOS (Gi)","Giethoorn","1928-06-25","1928-06-24","1928-06-24",1211.2566227474538,1211.2566227474538,1,"Gestopt",end,""
"Olympia (K)","Kapelle","1928-06-18","1928-06-17","1927-05-22",1423.2890605211105,1408.5400504558859,3,"Gestopt",end,""
"WKC (We)","Wemeldingen","1928-06-18","1928-06-17","1920-10-10",1363.0184567486342,1265.5520372611963,15,"Gestopt",end,""
"HERO","Rotterdam","1928-06-14","1928-06-13","1925-01-04",1531.9187789664945,1370.003299536968,20,"Gestopt",end,""
"Geel Zwart","Oranjewoud","1928-06-11","1928-06-10","1922-05-07",1398.7049934617694,1363.8405076953802,12,"Gestopt",end,""
"NHM (R)","Rotterdam","1928-06-04","1928-06-03","1921-09-18",1672.3740106869998,1516.6779858032123,18,"Gestopt",end,""
"Ona (R)","Rotterdam","1928-06-04","1928-06-03","1928-04-29",1087.8234543529916,1087.7296659443261,3,"Gestopt",end,""
"Ulyssus","Haarlem","1928-06-04","1928-06-03","1927-03-13",1282.8230754831163,1208.5420850280025,7,"Gestopt",end,""
"Kweekschool","Rotterdam","1928-05-31","1928-05-30","1927-09-25",1384.4265249399239,1384.414687527994,7,"Gestopt",end,""
"Sparta (B)","Brummen","1928-05-21","1928-05-20","1926-09-26",900.0,821.1694813906847,6,"Gestopt",end,""
"VIOS (Bo)","Boxmeer","1928-05-07","1928-05-06","1923-11-25",1260.647698305361,1231.1920203339582,14,"Gestopt",end,""
"OKC","Olst","1928-04-16","1928-04-15","1924-11-16",1151.9760496286542,850.0099697410503,22,"Gestopt",end,""
"Voltas","Goes","1928-04-08","1927-08-07","1926-07-25",1614.8164962006447,1498.6231239765143,19,"Hernoemd naar VVC",rename,"VVC"
"Nausikaa","Amsterdam","1928-03-19","1928-03-18","1905-10-22",2129.191291527393,1526.3915495526433,112,"Gestopt",end,""
"Spodato","Utrecht","1928-03-19","1928-03-18","1927-10-02",1336.099099621846,1310.0844031286522,6,"Gestopt",end,""
"Stormvogels","Driebergen","1928-03-19","1928-03-18","1926-12-12",1115.3125857778355,1048.4537471266553,11,"Gestopt",end,""
"EMM","Elst","1928-03-05","1928-03-04","1928-01-15",943.128665861848,834.7106225168574,4,"Gestopt",end,""
"Meeuwen","Amsterdam","1928-03-05","1928-03-04","1928-03-04",1479.34808686763,1479.1681870334019,1,"Gestopt",end,""
"Zwanenberg²","Oss","1928-02-27","1928-02-26","1927-10-02",1138.4705742957144,1138.337469581752,4,"Gestopt",end,""
"Fraternitas","De Bilt","1928-02-13","1928-02-12","1927-01-30",1350.1540574625521,1341.7259292582683,11,"Gestopt",end,""
"Wilhelmina²","Deventer","1928-01-30","1928-01-29","1923-11-25",1379.2237021172552,1181.5310047131857,27,"Gestopt",end,""
"SMN","Amsterdam","1928-01-16","1928-01-15","1927-12-04",900.0,843.1312291489991,2,"Gestopt",end,""
"Zwaluw²","Doorn","1927-11-28","1927-11-27","1925-10-25",1481.1913969431528,1210.0359593327041,13,"Gestopt",end,""
"SSS (T)","Terborg","1927-11-21","1927-11-20","1926-12-05",910.7433151267917,874.8189208930758,8,"Gestopt",end,""
"SSS (Z)","Zuidlaren","1927-10-31","1927-10-30","1913-10-12",1835.7283590959594,1748.6254243658454,61,"Gestopt",end,""
"KKC","Kruiningen","1927-10-03","1927-10-02","1926-06-06",1282.2586732972723,1218.1976824460965,7,"Gestopt",end,""
"Korf","Deventer","1927-09-25","1927-08-21","1922-10-22",1747.3288957929356,1747.3288957929356,37,"Gefuseerd met Unitas (D) tot Hellas",fuse_new,"Unitas (D)|Hellas"
"Unitas (D)","Deventer","1927-09-25","1926-12-19","1921-10-23",1553.2765150657733,1511.696430505786,27,"Gefuseerd met Korf tot Hellas",fuse_new,"Korf|Hellas"
"ASV","Amsterdam","1927-09-18","1927-05-15","1920-09-19",1652.0246809804717,1459.471250226223,36,"Hernoemd naar ASVA",rename,"ASVA"
"TDW","Amsterdam","1927-09-18","1927-05-15","1924-11-02",1827.8238766710786,1559.9312102985482,16,"Hernoemd naar Volharding (A)",rename,"Volharding (A)"
"HKC (Hrd)","Hardegarijp","1927-09-05","1927-09-04","1922-04-30",1657.5453333842866,1365.1518735995191,31,"Gestopt",end,""
"DOS (L)","Lemmer","1927-08-01","1927-07-31","1923-06-24",1560.1210809377026,1367.7495224976858,12,"Gestopt",end,""
"Wit Zwart (L)","Langezwaag","1927-05-30","1927-05-29","1926-08-01",1234.6537473186127,1221.1963980541268,3,"Gestopt",end,""
"Dordrecht","Dordrecht","1927-05-16","1927-05-15","1918-11-24",1978.4159610662239,1594.4657138628847,124,"Gestopt",end,""
"Jonge Spartaan","Oranjewoud","1927-04-24","1923-09-09","1922-05-07",1301.4438520945052,1293.5654788361592,4,"Hernoemd naar Geel Zwart",rename,"Geel Zwart"
"Smos","Maarn","1927-04-11","1927-04-10","1927-02-06",948.9691355298651,888.0982063361256,6,"Gestopt",end,""
"Velocitas","Hoorn","1927-03-07","1927-03-06","1915-10-03",1642.4745751622704,1321.006410593433,73,"Gestopt",end,""
"Phoenix","Rotterdam","1927-02-28","1927-02-27","1925-01-18",1348.4330212596233,1348.4138668612393,6,"Gestopt",end,""
"Swallows","Amsterdam","1927-02-14","1927-02-13","1922-10-15",1845.4421273624328,1455.5118399728754,23,"Gestopt",end,""
"Rohda (R)","Rotterdam","1927-02-07","1927-02-06","1927-02-06",1003.8787056249851,1000.658618174868,1,"Gestopt",end,""
"SVN","Amsterdam","1927-01-10","1927-01-09","1926-04-25",1440.547918766132,1440.0639418200567,5,"Gestopt",end,""
"VIOS (Bu)","Bussum","1926-12-20","1926-12-19","1924-09-21",1981.7826144994935,1593.171521192329,20,"Gestopt",end,""
"Korfeam","Amsterdam","1926-12-13","1926-12-12","1926-10-17",1533.9469281381437,1533.9469281381437,3,"Gestopt",end,""
"Zwaluwen (R)","Rotterdam","1926-12-12","1926-09-19","1925-01-25",1846.9899729153383,1809.4204925454012,5,"Hernoemd naar Ons Zwaluwennest",rename,"Ons Zwaluwennest"
"Zuiderkwartier²","Amsterdam","1926-12-05","1926-04-25","1926-01-31",1494.6929580001356,1493.9458566561011,2,"Hernoemd naar Avanti²",rename,"Avanti²"
"Ready (A)","Amsterdam","1926-10-31","1926-04-11","1917-10-21",1876.3685378029645,1704.506708931229,112,"Gefuseerd met Tekca tot ReadyTekca",fuse_new,"Tekca|ReadyTekca"
"Tekca","Amsterdam","1926-10-31","1926-01-03","1919-11-02",1856.203664097443,1625.3057017640708,85,"Gefuseerd met Ready (A) tot ReadyTekca",fuse_new,"Ready (A)|ReadyTekca"
"GIOS","Meppel","1926-10-25","1926-10-24","1921-04-17",1717.512467780676,1477.563461878805,13,"Gestopt",end,""
"SSS (A)","Amsterdam","1926-09-19","1926-03-14","1922-10-01",1624.3795348613883,1595.3453259631692,20,"Hernoemd naar Sport",rename,"Sport"
"WIK (O)","Oudehaske","1926-09-06","1926-09-05","1923-09-09",1433.9131759356003,1350.3604660859926,10,"Gestopt",end,""
"UDI (O)","Oosterwolde","1926-08-16","1926-08-15","1922-04-30",1590.049964236287,1535.1779065629498,23,"Gestopt",end,""
"Ready (R)","Rilland","1926-07-19","1926-07-18","1924-09-14",1298.4055818331399,1281.4069274604442,2,"Gestopt",end,""
"KW","Ureterp","1926-06-14","1926-06-13","1921-07-17",1688.8917711791282,1467.6415374197602,21,"Gestopt",end,""
"Nieuwe Kracht","Wolvega","1926-06-07","1926-06-06","1925-06-14",986.6231035243673,903.4157292961992,4,"Gestopt",end,""
"DVO (H)","Den Haag","1926-05-10","1926-05-09","1921-12-11",1540.4937967085712,1196.7176603608532,22,"Gestopt",end,""
"DIO (O)","Oldenzaal","1926-05-03","1926-05-02","1922-11-05",1535.8358516427386,1535.5556262716402,8,"Gestopt",end,""
"Bakkeveen","Bakkeveen","1926-04-26","1926-04-25","1926-04-25",1107.779378171307,1097.8991584155276,1,"Gestopt",end,""
"Fazanten","Bakkum","1926-03-29","1926-03-28","1924-09-21",1549.2467089195688,1354.077526191181,12,"Gestopt",end,""
"Thor (Zu)","Zutphen","1926-03-22","1926-03-21","1919-06-09",1623.9676852148505,1342.4737048039156,35,"Gestopt",end,""
"DOTO","Ruurlo","1926-03-08","1926-03-07","1924-12-07",1185.0,1117.4900036669023,12,"Gestopt",end,""
"Amstel","Amsterdam","1926-03-01","1926-02-28","1920-10-03",1598.4262242987193,1431.679410803653,33,"Gestopt",end,""
"Rozenkwartier","Amsterdam","1926-02-01","1926-01-31","1925-11-22",1833.4525090141162,1833.4525090141162,2,"Gestopt",end,""
"DIO","Baarn","1926-01-11","1926-01-10","1924-10-05",1349.0020238760899,1237.9894306789845,8,"Gestopt",end,""
"GHBSC","Gorinchem","1926-01-10","1925-10-25","1922-10-08",1422.271102438011,1400.8602229820156,13,"Hernoemd naar Paars Wit",rename,"Paars Wit"
"RAP","Utrecht","1926-01-04","1926-01-03","1924-10-12",1729.6253796936942,1589.9415292041006,7,"Gestopt",end,""
"Keppel","Laag Keppel","1925-11-23","1925-11-22","1923-12-16",1097.3509972707725,997.2400656319721,11,"Gestopt",end,""
"Ready (W)","Wageningen","1925-11-02","1925-11-01","1925-02-01",1318.4446333032854,1294.9683412120207,3,"Gestopt",end,""
"Robur","Groningen","1925-10-26","1925-10-25","1925-10-25",907.8337738400378,895.1912895458153,1,"Gestopt",end,""
"Excelsior (A)","Amsterdam","1925-10-25","1925-01-25","1921-10-02",1745.7711089624722,1424.7765551984958,31,"Hernoemd naar Excelsa",rename,"Excelsa"
"Foarut","Beetgumermolen","1925-10-12","1925-10-11","1922-04-30",1482.152273972905,1482.152273972905,21,"Gestopt",end,""
"Kattenburg","Kattenburg","1925-10-11","1923-09-09","1918-11-03",1646.842096240287,1591.515764024271,10,"Hernoemd naar SVK",rename,"SVK"
"Groen Wit","Doetinchem²","1925-10-05","1925-10-04","1923-10-28",1414.1387612577184,1320.262138628993,12,"Gestopt",end,""
"MAAS²","Maassluis","1925-10-05","1925-10-04","1924-10-26",1484.5580951650754,1442.4618946122437,3,"Gestopt",end,""
"OKC (Ol)","Oldeberkoop","1925-10-05","1925-10-04","1921-06-05",1518.0952370509424,1350.1580738064417,21,"Gestopt",end,""
"HBS (De)","Deventer","1925-10-04","1925-01-25","1922-10-22",1474.938176530727,1462.748637210141,21,"Hernoemd naar Korf",rename,"Korf"
"KDC","Amsterdam","1925-10-04","1925-01-25","1920-10-31",1615.270689289935,1519.3515705791378,31,"Hernoemd naar Oranje Nassau",rename,"Oranje Nassau"
"SCS²","Schiedam","1925-10-04","1925-01-18","1923-04-22",1533.7289272837843,1521.5393879631981,3,"Hernoemd naar Schiedam",rename,"Schiedam"
"Nieuwendam","Amsterdam","1925-09-28","1925-09-27","1925-09-27",927.3881433666718,927.3687860555401,1,"Gestopt",end,""
"EBKC","Bussum","1925-09-27","1925-04-19","1924-10-19",1722.0299569769363,1709.7277234387498,7,"Hernoemd naar Olympia (B)",rename,"Olympia (B)"
"Concordia","Sneek","1925-09-20","1924-07-06","1921-05-22",1469.3485590722744,1311.935220508967,18,"Gestopt",end,""
"SCH","Amsterdam","1925-09-20","1925-01-25","1921-10-30",1535.9288077780177,1512.8067197511575,23,"Hernoemd naar Concordia²",rename,"Concordia²"
"DSK","Amsterdam","1925-09-20","1925-01-25","1921-10-09",1673.8653833949516,1644.8949241089676,32,"Hernoemd naar Deska",rename,"Deska"
"Blauw Wit (G)","Grijpskerk","1925-08-31","1925-08-30","1922-03-19",1315.775672415838,1099.9908217220886,8,"Gestopt",end,""
"GKC (Gr)","Grijpskerk","1925-08-30","1923-10-07","1922-03-19",1315.775672415838,1239.7683803678688,7,"Hernoemd naar Blauw Wit (G)",rename,"Blauw Wit (G)"
"OKK (Z)","Zevenhuizen Gr","1925-08-06","1923-09-09","1921-04-10",1254.881074160647,1216.7518430060181,8,"Hernoemd naar Sparta (Ze)",rename,"Sparta (Ze)"
"BLEI","Geertruidenberg","1925-07-06","1925-07-05","1925-05-17",1544.8817842563662,1528.6409690877495,4,"Gestopt",end,""
"Blauw Wit (Z)","Zutphen","1925-07-06","1925-07-05","1921-10-23",1560.4299266292783,1458.7531034892795,25,"Gestopt",end,""
"DDB","Hoornsterzwaag","1925-07-06","1925-07-05","1923-04-08",1378.2788904251595,1322.7654099462015,12,"Gestopt",end,""
"Fluks (Z)","Zevenbergen","1925-07-06","1925-07-05","1921-04-03",1592.635205758296,1592.1220402386211,7,"Gestopt",end,""
"Gelre","Dieren","1925-07-06","1925-07-05","1924-10-12",1448.21348234407,1419.272780941325,9,"Gestopt",end,""
"HBS (DB)","Den Bosch","1925-07-06","1925-07-05","1922-10-08",1642.3610549357643,1535.3337544398114,8,"Gestopt",end,""
"Juliana (S)","Sprang-Capelle","1925-07-06","1925-07-05","1925-05-17",966.184710409863,957.7073876009462,5,"Gestopt",end,""
"ODI","Den Bosch","1925-07-06","1925-07-05","1925-05-17",1374.135470728684,1314.1328693891223,6,"Gestopt",end,""
"Zwaluwen (BoZ)","Bergen op Zoom","1925-07-06","1925-07-05","1925-05-17",1419.4485596953746,1418.9353941756997,2,"Gestopt",end,""
"Zwaluwen (LZ)","Lage Zwaluwe","1925-07-06","1925-07-05","1925-05-17",1475.180809696112,1392.0022347009883,6,"Gestopt",end,""
"Zwanenberg","Zwanenberg","1925-07-06","1925-07-05","1925-05-31",900.0,871.123069972882,3,"Gestopt",end,""
"TOP (R)","Rhenen","1925-06-22","1925-06-21","1924-10-12",1391.4883653246552,1280.9903448458106,6,"Gestopt",end,""
"Oliveo","Wolfheze","1925-06-15","1925-06-14","1923-10-28",1313.9525399501827,1313.9525399501827,10,"Gestopt",end,""
"EKC","Eerbeek","1925-05-18","1925-05-17","1924-11-16",1019.4407033696001,916.6629041372994,6,"Gestopt",end,""
"Helder","Den Helder","1925-05-18","1925-05-17","1923-09-09",1373.8458589803536,1228.8955233232002,12,"Gestopt",end,""
"ODIS (M)","Menaldum","1925-05-10","1924-06-15","1922-05-28",1247.464109035682,1231.0829602986455,9,"Opgegaan in Foarut",merge_into,"Foarut"
"Leonidas","Noordwolde","1925-04-27","1925-04-26","1921-06-05",1411.1255346475489,1236.5357326191574,9,"Gestopt",end,""
"Ready (M)","Maastricht","1925-04-20","1925-04-19","1925-04-05",1130.0,1098.1577492333538,2,"Gestopt",end,""
"Wit Zwart²","Maastricht","1925-04-20","1925-04-19","1925-03-29",1280.2327044308347,1280.0594926708222,2,"Gestopt",end,""
"Teutonia","Maastricht","1925-04-06","1925-04-05","1925-04-05",2003.8895125158533,2003.2562453903029,1,"Gestopt",end,""
"DOK","Enschede","1925-03-30","1925-03-29","1921-10-23",1244.4323952076659,1231.6935090218722,18,"Gestopt",end,""
"Juliana²","Maastricht","1925-03-30","1925-03-29","1925-03-22",1245.1050220987236,1237.1085976345005,2,"Gestopt",end,""
"Advendo (He)","Heerlen","1925-03-23","1925-03-22","1925-03-22",1200.0,1158.1930301065806,1,"Gestopt",end,""
"Hollandia","Den Haag","1925-03-23","1925-03-22","1922-10-15",1735.3165640011312,1568.1995472126423,12,"Gestopt",end,""
"Oranje","Den Haag","1925-03-23","1925-03-22","1922-03-26",1598.5098979222246,1468.7058197761678,13,"Gestopt",end,""
"TOG (V)","Vlaardingen","1925-03-23","1925-03-22","1925-03-22",1639.568038185256,1639.5565011494095,1,"Gestopt",end,""
"Sloten","Amsterdam","1925-02-23","1925-02-22","1922-10-22",1581.5,1491.531403731347,6,"Gestopt",end,""
"Rapid (W)","Wageningen²","1925-02-09","1925-02-08","1921-11-20",1821.6715061321897,1485.7709077831068,27,"Gestopt",end,""
"Quick (Arn)","Arnhem","1925-02-02","1925-02-01","1911-10-15",1724.7350513329172,1604.4168264610905,129,"Gestopt",end,""
"Quick (U)","Utrecht","1925-01-19","1925-01-18","1924-10-05",1764.6232397016583,1764.6232397016583,5,"Gestopt",end,""
"Animo","Amsterdam","1925-01-12","1925-01-11","1915-04-18",1687.0983909663476,1194.0292696212327,55,"Gestopt",end,""
"VZOD (L)","Lochem","1925-01-12","1925-01-11","1923-09-30",948.2516856293249,906.0284329536674,7,"Gestopt",end,""
"AKV","Apeldoorn","1924-12-22","1924-12-21","1915-05-24",1596.9663918963877,1396.8074467194774,14,"Gestopt",end,""
"Vitesse (A)","Amsterdam","1924-11-24","1924-11-23","1920-10-31",1751.160700705085,1750.8527645885406,18,"Gestopt",end,""
"ODO","Ellecom","1924-11-17","1924-11-16","1924-10-12",912.2805644996315,893.572812018189,2,"Gestopt",end,""
"Zuiderkwartier","Amsterdam","1924-10-26","1924-10-12","1919-09-14",1748.1232465000994,1641.983386365413,37,"Hernoemd naar Sportief",rename,"Sportief"
"VEMO","Hallum","1924-10-13","1924-10-12","1922-05-14",1194.4482267502617,1181.2074222938859,11,"Gestopt",end,""
"TOGO (H)","Den Haag","1924-10-12","1924-04-13","1917-10-21",1403.1801803422538,1332.8395501951356,20,"Hernoemd naar Duno",rename,"Duno"
"UDI (W)","Westerwolde","1924-10-06","1924-10-05","1924-04-27",1579.3799475641606,1578.3871828919014,5,"Gestopt",end,""
"Velox (A)","Amsterdam","1924-10-05","1924-03-30","1922-09-24",1533.4691852367623,1528.109822919437,13,"Hernoemd naar Velocitas (A)",rename,"Velocitas (A)"
"Zuiden","Amsterdam","1924-10-05","1924-06-15","1919-09-14",1748.1232465000994,1681.3791611319236,35,"Hernoemd naar Zuiderkwartier",rename,"Zuiderkwartier"
"KDO","Amsterdam","1924-10-04","1924-03-09","1922-10-01",1584.0317370806385,1575.2787820213111,7,"Opgegaan in KDC",merge_into,"KDC"
"DES²","Amsterdam","1924-09-28","1924-04-27","1922-09-24",1770.1849748058926,1764.9056022426773,17,"Hernoemd naar Eendracht",rename,"Eendracht"
"Zwaluwen (A)","Amsterdam","1924-09-28","1924-04-13","1922-10-15",1845.4421273624328,1677.8266441938438,14,"Hernoemd naar Swallows",rename,"Swallows"
"DKC (Do)","Doetinchem²","1924-09-21","1923-12-16","1923-10-28",1414.1387612577184,1396.3717931036354,3,"Hernoemd naar Groen Wit",rename,"Groen Wit"
"Blauw Geel","Bergum","1924-06-30","1924-06-29","1923-04-22",1405.1662271790644,1262.0688953217195,9,"Gestopt",end,""
"Inter Nos (SJ)","Sint Jacobiparochie","1924-06-23","1924-06-22","1922-04-30",1241.7317771527112,1082.0000997471006,11,"Gestopt",end,""
"Lyts Begjin","Jubbega","1924-06-23","1924-06-22","1922-07-16",1632.867031514157,1528.5235971981494,9,"Gestopt",end,""
"DOVA","Almelo","1924-06-16","1924-06-15","1918-11-17",1557.3020872904788,1512.612435360329,28,"Gestopt",end,""
"MEVO","Goes","1924-06-16","1924-06-15","1917-12-09",1509.360944203007,1299.994470071959,85,"Gestopt",end,""
"Excelsior (V)","Vlissingen","1924-06-02","1924-06-01","1921-06-19",1448.6280239438777,1293.2840108766225,6,"Gestopt",end,""
"GKC (Go)","Goes","1924-06-02","1924-06-01","1924-06-01",1167.7192229181417,1145.2438355978961,2,"Gestopt",end,""
"Gorkum","Gorinchem","1924-06-02","1924-06-01","1921-11-13",1555.2757666323575,1440.6485678335348,18,"Gestopt",end,""
"Vierde Vijf","Amsterdam","1924-05-19","1924-05-18","1921-09-25",1902.0106746127522,1607.3922445902708,17,"Gestopt",end,""
"VIJW","Poortugaal","1924-05-05","1924-05-04","1919-09-14",1730.7837492265285,1466.8942631972047,15,"Gestopt",end,""
"HSC (Hi)","Hilversum","1924-04-14","1924-04-13","1921-09-25",1477.9552903328592,1336.6767331726894,16,"Gestopt",end,""
"KDO (Ap)","Apeldoorn","1924-04-07","1924-04-06","1923-09-30",1388.7283857096154,1252.2885866586391,10,"Gestopt",end,""
"Voorwaarts (L)","Leerdam","1924-04-07","1924-04-06","1922-09-17",1214.0528077528231,1177.555599975614,10,"Gestopt",end,""
"Kraaien","Hillegom","1924-03-24","1924-03-23","1923-09-09",912.3925951173529,882.1056330126286,4,"Gestopt",end,""
"Macbi","Haarlem","1924-02-18","1924-02-17","1920-05-30",1447.0785882473476,1335.0866791757473,13,"Gestopt",end,""
"Vooruitgang","Deventer","1924-02-18","1924-02-17","1923-11-25",1068.678284326697,1009.262756286802,3,"Gestopt",end,""
"Zwaluw","Lobith","1924-02-18","1924-02-17","1923-11-25",1866.3893841022316,1858.591071072812,2,"Gestopt",end,""
"Donar","Amsterdam","1924-02-04","1924-02-03","1923-11-25",902.1245710343683,876.0679915858411,2,"Gestopt",end,""
"NOAD","Arnhem","1923-12-17","1923-12-16","1923-10-28",914.75,899.9870415594911,2,"Gestopt",end,""
"SIL","Den Haag","1923-12-17","1923-12-16","1923-12-16",994.3515476943192,993.7034402591017,1,"Gestopt",end,""
"WASV","Arnhem","1923-12-17","1923-12-16","1923-10-28",1229.7077132179716,1224.0212996813093,2,"Gestopt",end,""
"Noorden","Amsterdam","1923-12-10","1923-12-09","1919-11-02",1672.563300153049,1296.2020599810537,11,"Gestopt",end,""
"Laren","Laren Gld","1923-11-26","1923-11-25","1923-09-30",959.134081765304,950.3576229049777,3,"Gestopt",end,""
"Nieuwe Turnkring","Apeldoorn","1923-11-26","1923-11-25","1923-09-30",1253.806511529674,1200.5922443402014,5,"Gestopt",end,""
"Go Ahead","Amsterdam?","1923-11-19","1923-11-18","1923-09-30",1020.024513486844,1009.9902412101769,3,"Gestopt",end,""
"TOP (V)²","Vroomshoop²","1923-11-19","1923-11-18","1922-10-28",1178.2730806953782,1167.578402551593,5,"Gestopt",end,""
"HVC","Dordrecht","1923-11-18","1923-11-04","1918-11-24",1971.4171582695667,1957.8550729153899,86,"Hernoemd naar Dordrecht",rename,"Dordrecht"
"Nieuwendammerham","Amsterdam","1923-11-04","1923-09-16","1922-09-24",1717.690327398851,1715.9529338932566,6,"Hernoemd naar KCN",rename,"KCN"
"Gorssel","Gorssel","1923-10-29","1923-10-28","1922-10-22",1138.113573469196,1110.823854746863,7,"Gestopt",end,""
"VKC (A)","Amsterdam","1923-10-22","1923-10-21","1921-10-09",1371.063357575308,1251.0150573953358,12,"Gestopt",end,""
"TOP (B)","Berlikum","1923-10-08","1923-10-07","1922-05-28",1007.4789362804015,995.6249756626158,6,"Gestopt",end,""
"Wit Zwart","Meeden","1923-10-08","1923-10-07","1921-03-20",1616.6141124168096,1409.9328983990922,23,"Gestopt",end,""
"SDO (A)","Amsterdam","1923-09-17","1923-09-16","1920-09-19",1628.5595945682019,1579.6571085927342,27,"Gestopt",end,""
"HBS (D)","Dordrecht","1923-09-16","1923-04-29","1918-11-24",1692.1482078664337,1608.7829501919393,49,"Gefuseerd met Vlug en Lenig tot HVC",fuse_new,"Vlug en Lenig|HVC"
"Vlug en Lenig","Dordrecht","1923-09-16","1923-05-06","1919-09-21",1971.4171582695667,1858.4137726929036,33,"Gefuseerd met HBS (D) tot HVC",fuse_new,"HBS (D)|HVC"
"SVO","Amsterdam","1923-09-16","1923-09-09","1920-09-19",1866.6766015238443,1842.6881891998385,22,"Hernoemd naar Oosterpark",rename,"Oosterpark"
"Bato","Winschoten","1923-09-10","1923-09-09","1921-05-22",1374.2732439059835,1321.9471016453642,17,"Gestopt",end,""
"HJWDO","Joure","1923-09-10","1923-09-09","1923-09-09",1172.6374223322287,1172.6374223322287,3,"Gestopt",end,""
"OKV²","Oudeschans","1923-09-10","1923-09-09","1921-03-27",1506.623906251074,1506.623906251074,19,"Gestopt",end,""
"SEV (E)","Echten","1923-09-10","1923-09-09","1923-09-09",941.3039298226017,941.3039298226017,1,"Gestopt",end,""
"Voorwaarts (O)","Oosterzee","1923-09-10","1923-09-09","1923-09-09",971.216052330441,971.216052330441,2,"Gestopt",end,""
"Wilhelmina","Enschede","1923-09-09","1923-01-07","1913-05-19",1839.1173668772587,1584.1112295535615,76,"Hernoemd naar Naas²",rename,"Naas²"
"DKC (DZ)","Delfzijl","1923-09-03","1923-09-02","1923-08-12",1409.968056755541,1409.968056755541,3,"Gestopt",end,""
"Quick (M)","Meppel","1923-09-03","1923-09-02","1921-04-24",1448.2086243760198,1379.7682218361663,11,"Gestopt",end,""
"NKC (?)","onbekend","1923-08-27","1923-08-26","1923-08-12",1186.7017898844115,1171.8806632065175,2,"Gestopt",end,""
"TOGIDO (D)","Drachten","1923-08-26","1922-10-22","1921-07-17",1673.774585519242,1632.4219403025734,11,"Opgegaan in KW",merge_into,"KW"
"STA","Ter Apel","1923-08-20","1923-08-19","1920-10-24",1266.273924235227,1097.332035721958,14,"Gestopt",end,""
"VKC (Vr)","Vriescheloo","1923-08-20","1923-08-19","1921-03-27",1458.065655967743,1212.513797956859,21,"Gestopt",end,""
"DES (Z)","Zuidbroek","1923-08-13","1923-08-12","1922-03-26",1209.4878395751991,1181.114338427685,10,"Gestopt",end,""
"Kinea (S)","Siddeburen","1923-08-06","1923-08-05","1922-03-19",1059.2837467637573,1029.244403470865,5,"Gestopt",end,""
"Ons Doel","'s-Heer Arendskerke","1923-07-30","1923-07-29","1922-07-23",1445.7995872254498,1392.7505110211198,10,"Gestopt",end,""
"Quick (S)","Stadskanaal","1923-07-23","1923-07-22","1920-07-25",1521.4324514232094,1332.118020659671,21,"Gestopt",end,""
"SKC (Sc)","Schalsum","1923-07-02","1923-07-01","1923-04-22",1183.7695916332075,1104.4641980468361,4,"Gestopt",end,""
"BKC (Bu)","Buitenpost","1923-06-25","1923-06-24","1922-05-28",1559.4516401983094,1539.1206926733873,15,"Gestopt",end,""
"Doel","Sneek","1923-06-25","1923-06-24","1923-06-24",1197.25,1174.963993536316,1,"Gestopt",end,""
"TOGO (W)","Wolvega","1923-05-28","1923-05-27","1922-04-30",1140.997144567173,1063.1409445833465,6,"Gestopt",end,""
"KCH","Huizum","1923-05-07","1923-05-06","1922-04-30",1522.4062440176638,1384.3546891984831,8,"Gestopt",end,""
"LEKC","Loenen","1923-04-23","1923-04-22","1922-12-31",1052.0912553409953,991.2865660987802,6,"Gestopt",end,""
"OHS","Amsterdam","1923-04-16","1923-04-15","1918-11-10",2055.1671368407674,1460.0346644024035,19,"Gestopt",end,""
"Achilles (N)","Nijmegen","1923-04-09","1923-04-08","1921-10-02",1699.7222614867383,1416.0914802454756,10,"Gestopt",end,""
"UDI (S)","Sexbierum","1923-04-08","1922-05-28","1921-06-12",1478.851330520108,1408.4176317379,4,"Hernoemd naar Felicitas",rename,"Felicitas"
"DDM (O)","Oostvoorne","1923-03-26","1923-03-25","1923-02-04",900.322039459659,878.2381282771853,2,"Gestopt",end,""
"ODIS²","Enkhuizen","1923-03-26","1923-03-25","1917-09-09",1537.3205169489427,1537.2945937343711,29,"Gestopt",end,""
"Olympia (A)","Amsterdam²","1923-03-19","1923-03-18","1922-09-24",1606.522459187143,1545.10854349852,4,"Gestopt",end,""
"Trekvogels (A)","Amsterdam","1923-03-19","1923-03-18","1922-10-15",1437.809160574864,1437.5920601494875,4,"Gestopt",end,""
"Blauw Wit (O)","Oldenzaal","1923-03-12","1923-03-11","1922-11-05",1429.5,1415.8542447713378,3,"Gestopt",end,""
"Ons Huis","Amsterdam","1923-03-05","1923-03-04","1920-11-07",1710.130128643707,1546.0497490378705,9,"Gestopt",end,""
"HBS (A)","Amsterdam","1923-03-04","1923-02-04","1921-09-25",1902.0106746127522,1682.3709543043915,8,"Hernoemd naar Vierde Vijf",rename,"Vierde Vijf"
"MKV","Medemblik","1923-02-05","1923-02-04","1923-02-04",1484.146099109843,1484.146099109843,1,"Gestopt",end,""
"DEDO","Helmond","1923-01-29","1923-01-28","1922-10-08",1679.7784551967427,1613.9185963783357,3,"Gestopt",end,""
"Pope","Venlo","1923-01-29","1923-01-28","1922-07-30",2003.1711004662432,1960.478161945184,3,"Gestopt",end,""
"UNI (De)","Deventer","1923-01-22","1923-01-21","1922-10-22",1172.8727704187452,1149.5639247768534,3,"Gestopt",end,""
"DES (D)","Deventer","1923-01-21","1922-11-05","1922-10-22",1172.8727704187452,1172.8712010375352,2,"Hernoemd naar UNI (De)",rename,"UNI (De)"
"Swift (W)","Wageningen²","1923-01-14","1922-10-15","1921-11-20",1821.6715061321897,1762.55939699813,5,"Hernoemd naar Rapid (W)",rename,"Rapid (W)"
"Bijenkorf","Amsterdam","1922-11-20","1922-11-19","1918-10-20",1615.514770844193,1378.8927371371724,15,"Gestopt",end,""
"Judea","Amsterdam","1922-11-20","1922-11-19","1922-11-19",1451.2361749504503,1451.2361749504503,1,"Gestopt",end,""
"Avanti","Amsterdam²","1922-11-13","1922-11-12","1915-10-03",1660.4337953098313,1348.3519071623778,40,"Gestopt",end,""
"AJC","Amsterdam","1922-10-29","1922-02-26","1920-09-26",1454.417121851546,1289.2123219585308,10,"Hernoemd naar Quick (A)",rename,"Quick (A)"
"TOG (L)","Lochem","1922-10-22","1920-02-15","1916-09-17",1293.75,1206.9422030860492,10,"Hernoemd naar 't Overschotje",rename,"'t Overschotje"
"OKC (Ob)","Oostburg","1922-10-09","1922-10-08","1921-03-13",1392.3541984461206,1364.2085889838381,16,"Gestopt",end,""
"SSS (W)","Warren","1922-10-09","1922-10-08","1922-05-28",1615.6216881179837,1562.7943831706061,8,"Gestopt",end,""
"Boekhuis","Amsterdam","1922-09-25","1922-09-24","1922-09-24",2000.0,1844.6464741584643,1,"Gestopt",end,""
"VOMOS (S)","Sleen","1922-09-11","1922-09-10","1920-10-24",1573.9658262229423,1440.3480683612033,14,"Gestopt",end,""
"Vitesse (V)","Veenhuizen","1922-08-20","1922-05-28","1921-08-14",1332.4415162952482,1305.7702655219755,5,"Hernoemd naar Rood Zwart",rename,"Rood Zwart"
"AFLM","Leeuwarden","1922-07-24","1922-07-23","1921-06-05",1468.5704173156137,1451.8564519141544,8,"Gestopt",end,""
"Rohda (B)","Berlikum","1922-07-24","1922-07-23","1922-05-14",1043.5994060654114,1043.5994060654114,3,"Gestopt",end,""
"SSS (S)","Schoondijke","1922-07-24","1922-07-23","1921-05-22",1095.5459995665572,1049.6462550606911,5,"Gestopt",end,""
"Alcides","Meppel","1922-05-22","1922-05-21","1921-04-17",1534.3546646320463,1474.8624941336664,7,"Gestopt",end,""
"DIO (B)","Biervliet","1922-05-22","1922-05-21","1921-09-11",1048.4623564825479,1048.2438192841473,2,"Gestopt",end,""
"IJKC","IJzendijke","1922-05-22","1922-05-21","1921-07-31",1101.798476319989,1094.2687878367062,4,"Gestopt",end,""
"WKC (DW)","De Wijk","1922-05-22","1922-05-21","1920-08-08",1616.0764357261967,1615.8875216269992,10,"Gestopt",end,""
"OLIK","Heerenveen","1922-05-15","1922-05-14","1922-05-14",1197.3234261482842,1197.3234261482842,1,"Gestopt",end,""
"WVV","Winschoten","1922-05-15","1922-05-14","1922-04-23",1165.9135891021162,1136.7679349507869,3,"Gestopt",end,""
"KCK","Kloosterveen","1922-05-08","1922-05-07","1922-05-07",1203.1795605547218,1203.1795605547218,1,"Gestopt",end,""
"UDO","Westervelde","1922-05-08","1922-05-07","1922-05-07",1239.6935770009072,1239.6935770009072,1,"Gestopt",end,""
"DOS (Ho)","Hoogkerk","1922-05-01","1922-04-30","1921-04-10",1339.2154682657588,1339.2154682657588,9,"Gestopt",end,""
"RKC DOS","Ansen-Ruinen","1922-04-10","1922-04-09","1922-04-09",1396.99409900111,1396.99409900111,1,"Gestopt",end,""
"SLF","Leiden","1922-04-02","1922-02-26","1921-09-25",1399.5350861722648,1311.4619943983378,4,"Hernoemd naar SDO (L)",rename,"SDO (L)"
"Ons Huis (M)","Middelburg","1922-01-09","1922-01-08","1921-04-03",1337.9012687152253,1331.172199480514,3,"Gestopt",end,""
"Aldy","Amsterdam","1921-12-12","1921-12-11","1920-11-07",991.1524318170002,991.1524318170002,6,"Gestopt",end,""
"Madjoe (A)","Amsterdam","1921-12-12","1921-12-11","1921-10-02",1181.5219266958213,1146.5194662748568,2,"Gestopt",end,""
"Ozos","Amsterdam","1921-11-28","1921-11-27","1921-10-02",970.1255707030126,944.4687490857068,6,"Gestopt",end,""
"Metallicus","Amsterdam","1921-11-21","1921-11-20","1921-11-20",1206.5802343099178,1206.5802343099178,1,"Gestopt",end,""
"Ontwikkeling","Nijmegen","1921-11-21","1921-11-20","1921-11-20",904.0270381422346,904.0270381422346,1,"Gestopt",end,""
"SVGT","Amsterdam","1921-11-21","1921-11-20","1921-11-20",1071.7907679077127,1071.7907679077127,1,"Gestopt",end,""
"Utrecht","Utrecht","1921-11-21","1921-11-20","1921-09-18",1399.083032287728,1313.731491215092,3,"Gestopt",end,""
"DOSO","Amsterdam","1921-11-14","1921-11-13","1914-10-25",1778.1759551323378,1619.7968908943635,68,"Gestopt",end,""
"WKC (Wij)","Wijhe","1921-11-12","1921-11-11","1921-11-11",900.0,894.8249453691154,1,"Gestopt",end,""
"DDM","Brielle","1921-10-30","1920-09-05","1919-09-14",1729.9006574954467,1729.9006574954467,3,"Hernoemd naar Brinio",rename,"Brinio"
"BKC (E)","Enkhuizen","1921-10-03","1921-10-02","1921-09-18",1212.0915876270678,1186.7995709545191,3,"Gestopt",end,""
"DHBSC","Dordrecht","1921-09-18","1921-02-06","1918-11-24",1687.0699603813282,1526.277569498278,23,"Hernoemd naar HBS (D)",rename,"HBS (D)"
"Sparta (F)","Finsterwolde","1921-09-12","1921-09-11","1921-03-27",1111.7899828170414,1009.5688637955417,11,"Gestopt",end,""
"OKK (R)","Roswinkel","1921-08-15","1921-08-14","1920-09-05",1517.9557316085777,1517.9557316085777,10,"Gestopt",end,""
"TOG (ND)","Nieuw Dordrecht","1921-08-15","1921-08-14","1920-10-24",1465.9690331837137,1363.1934711752594,5,"Gestopt",end,""
"DGV","Dalen","1921-08-08","1921-08-07","1921-05-22",1379.788163019742,1358.2240405975351,3,"Gestopt",end,""
"DOL","Nieuw Amsterdam","1921-08-08","1921-08-07","1921-04-17",1501.9579327276276,1501.915168477262,4,"Gestopt",end,""
"DOSO (NA)","Nieuw Amsterdam","1921-08-01","1921-07-31","1920-10-24",1551.5654161213627,1551.5654161213627,6,"Gestopt",end,""
"TOG (N)","Nijehorne","1921-08-01","1921-07-31","1921-05-29",1205.3202258727824,1144.8326625259836,5,"Gestopt",end,""
"VIOS (Dre)","(Drenthe)","1921-08-01","1921-07-31","1921-05-08",1136.3687894313612,1134.1611566038878,4,"Gestopt",end,""
"VOC","Ierseke","1921-08-01","1921-07-31","1921-07-10",1642.69848672263,1642.69848672263,2,"Gestopt",end,""
"SH","Huizum","1921-07-18","1921-07-17","1921-06-05",1314.9866537268822,1313.3100006492568,2,"Gestopt",end,""
"Velocitas (S)","Schoonoord","1921-07-04","1921-07-03","1921-03-27",1374.1433782791266,1373.8780494237767,6,"Gestopt",end,""
"Vitesse (E)","Ees","1921-07-04","1921-07-03","1921-04-24",1523.1526389639566,1522.8873101086067,5,"Gestopt",end,""
"Hercules (A)","Assen","1921-06-27","1921-06-26","1921-04-17",1435.4005915424707,1429.4989947965414,7,"Gestopt",end,""
"Olympia (F)","Franeker","1921-06-20","1921-06-19","1921-04-03",1445.2608763490498,1389.6741158035209,6,"Gestopt",end,""
"UDI (Te)","Terneuzen","1921-06-20","1921-06-19","1919-05-25",1232.392575972763,1147.1165888753408,6,"Gestopt",end,""
"VOMOS","Bellingwolde","1921-06-20","1921-06-19","1914-11-08",1599.0157129872555,1405.9549132892757,18,"Gestopt",end,""
"ZAC","Zwartemeer","1921-06-20","1921-06-19","1921-05-22",1781.9853731884828,1781.9853731884828,3,"Gestopt",end,""
"AKC (As)","Assen","1921-06-13","1921-06-12","1920-06-20",1339.052350982279,1241.504986450419,6,"Gestopt",end,""
"SCS","Drouwen","1921-06-06","1921-06-05","1921-06-05",2006.5415447157875,2006.5415447157875,1,"Gestopt",end,""
"VOP (M)","Maten","1921-06-06","1921-06-05","1920-09-05",1462.2013981186997,1369.477624988072,8,"Gestopt",end,""
"WSS (ND)","Nieuw Dordrecht","1921-06-06","1921-06-05","1921-05-22",2022.5223667893958,1921.3437949636295,2,"Gestopt",end,""
"OKC (Oo)","Oostwold","1921-05-30","1921-05-29","1921-04-10",994.8583732474688,994.8583732474688,5,"Gestopt",end,""
"TOGIDO","Roden","1921-05-16","1921-05-15","1921-04-17",1014.6259538523624,996.7049057893596,2,"Gestopt",end,""
"Be Quick (EC)","Emmer-Compascum","1921-05-09","1921-05-08","1920-10-24",1103.3508649872258,1091.0686386120674,2,"Gestopt",end,""
"Vogel²","Amersfoort","1921-04-25","1921-04-24","1921-04-24",1251.0,1209.7099218319709,1,"Gestopt",end,""
"Jong Holland","Hoorn","1921-04-11","1921-04-10","1917-09-30",1586.967578512734,1525.141170062771,27,"Gestopt",end,""
"Blauw Wit (D)","Dordrecht","1921-04-04","1921-04-03","1921-04-03",1436.2847227679576,1436.2847227679576,2,"Gestopt",end,""
"Rap","Utrecht","1921-03-21","1921-03-20","1918-09-29",1345.238461263067,1273.8385027163847,13,"Gestopt",end,""
"Doelen","Tweede Exloermond","1921-03-14","1921-03-13","1913-11-23",1366.5972029150767,1366.5972029150767,8,"Gestopt",end,""
"Incasso Bank","Amsterdam","1921-02-28","1921-02-27","1920-10-31",1365.25,1345.8403915650676,3,"Gestopt",end,""
"Robaver","Amsterdam","1921-01-31","1921-01-30","1920-11-07",1353.2321245644855,1353.2321245644855,2,"Gestopt",end,""
"Taseno","Amsterdam","1920-11-08","1920-11-07","1920-11-07",1771.75,1771.2093829591454,1,"Gestopt",end,""
"Delft","Delft","1920-11-07","1914-03-15","1908-04-12",1405.2122152404575,1172.7788987127146,26,"Hernoemd naar DKC (De)",rename,"DKC (De)"
"TOV (H)","Holten","1920-11-01","1920-10-31","1919-12-14",950.0108905874476,910.7975804380008,3,"Gestopt",end,""
"WIK (K)","Klazinaveen","1920-10-25","1920-10-24","1920-10-24",1368.5248651946386,1368.5248651946386,1,"Gestopt",end,""
"Juliana (G)","Goes","1920-10-10","1920-08-01","1918-09-15",1382.7044991946914,1322.8617067290068,16,"Gefuseerd met Steeds Voorwaarts tot MEVO",fuse_new,"Steeds Voorwaarts|MEVO"
"Steeds Voorwaarts","Goes","1920-10-10","1920-07-25","1917-12-09",1509.360944203007,1269.4930060511826,28,"Gefuseerd met Juliana (G) tot MEVO",fuse_new,"Juliana (G)|MEVO"
"AJC (H)","Haarlem","1920-09-13","1920-09-12","1920-06-13",1283.7143077996961,1231.550334302938,6,"Gestopt",end,""
"DSV (H)","Haarlem","1920-09-13","1920-09-12","1920-05-30",1355.6915938766215,1305.5214900204508,4,"Gestopt",end,""
"DDK (S)","Smilde","1920-08-30","1920-08-29","1920-06-27",1463.9991790965569,1461.2110962550576,3,"Gestopt",end,""
"WTK","Vlissingen","1920-08-23","1920-08-22","1920-08-22",1086.7058359792147,1086.7058359792147,1,"Gestopt",end,""
"WKC (Gro)","Wildervank","1920-07-12","1920-07-11","1920-07-11",997.2148448289877,990.8205730835434,1,"Gestopt",end,""
"DKC (Di)","Diepenheim","1920-06-21","1920-06-20","1919-12-14",949.0326699789763,949.0326699789763,3,"Gestopt",end,""
"HBS (As)","Assen","1920-06-21","1920-06-20","1920-06-20",1074.692493038473,1074.692493038473,1,"Gestopt",end,""
"NKC (Ne)","Neede","1920-06-21","1920-06-20","1920-06-20",1493.1387311392123,1493.1387311392123,1,"Gestopt",end,""
"Pro Patria","Den Helder","1920-06-21","1920-06-20","1920-06-20",920.903609592891,920.903609592891,1,"Gestopt",end,""
"Delden","Deldem","1920-04-12","1920-04-11","1917-10-07",1725.0868051799,1407.3013380089367,22,"Gestopt",end,""
"Naas","Deventer","1920-03-01","1920-02-29","1913-04-13",1543.7895009235906,1203.4084134954817,40,"Gestopt",end,""
"Sparta (A)","Amsterdam","1920-02-02","1920-02-01","1917-10-14",1775.8103660016734,1623.590648525301,17,"Gestopt",end,""
"HW","Amsterdam","1920-01-19","1920-01-18","1917-11-04",1579.7966130056075,1556.0010314632846,11,"Gestopt",end,""
"Markelo","Markelo²","1920-01-19","1920-01-18","1918-11-10",1566.9969448949814,1518.7084712667436,9,"Gestopt",end,""
"TIA","Dordrecht","1920-01-19","1920-01-18","1918-11-24",1424.25,1370.410444336787,9,"Gestopt",end,""
"Inter Nos (A)","Amsterdam","1919-12-29","1919-12-28","1919-09-14",1543.0,1442.0648573866636,4,"Gestopt",end,""
"TOP (H)","Hengelo Ov","1919-12-15","1919-12-14","1912-04-28",1770.0312506610328,1518.915872434027,59,"Gestopt",end,""
"Venetas","Warnsveld","1919-12-01","1919-11-30","1918-09-22",1439.187874544906,1205.4814163667875,8,"Gestopt",end,""
"Dubbel Zes","Den Haag","1919-10-27","1919-10-26","1918-10-20",1203.6646653789737,1123.3094863309993,4,"Gestopt",end,""
"Boekelo","Boekelo","1919-10-13","1919-10-12","1913-02-16",1377.8514372393065,1376.0596916757395,4,"Gestopt",end,""
"Goor","Goor","1919-10-13","1919-10-12","1913-02-16",1601.448921402032,1485.9623694623788,12,"Gestopt",end,""
"VIOD (D)","Dordrecht","1919-09-29","1919-09-28","1919-09-28",1193.4882055524133,1193.4882055524133,1,"Gestopt",end,""
"Dordt","Dordrecht","1919-09-14","1919-03-02","1913-10-05",1712.9551022012706,1566.5284891197043,32,"Gefuseerd met EDN tot Deetos",fuse_new,"EDN|Deetos"
"EDN","Dordrecht","1919-09-14","1919-06-08","1911-12-10",1735.5753804889741,1612.522712083945,60,"Gefuseerd met Dordt tot Deetos",fuse_new,"Dordt|Deetos"
"VTV","Vlissingen","1919-09-01","1919-08-31","1918-07-07",1269.6428181874553,1192.6996309094552,7,"Gestopt",end,""
"Luctor et Emergo","Zeeland","1919-08-04","1919-08-03","1918-08-25",1857.3210643824762,1730.9811454216451,5,"Gestopt",end,""
"Sparta (V)","Vlissingen","1919-07-28","1919-07-27","1918-07-07",1352.5969810218976,1352.5969810218976,4,"Gestopt",end,""
"HHD","Goes","1919-06-30","1919-06-29","1918-05-05",1403.618136606996,1301.9261023243246,10,"Gestopt",end,""
"Vriendschap","Sneek","1919-06-16","1919-06-15","1918-09-29",1594.057358437517,1565.8290953274914,4,"Gestopt",end,""
"Amicitia","Boskoop²","1919-05-26","1919-05-25","1908-11-01",1653.0806503879894,1546.922562316583,46,"Gestopt",end,""
"Olympia","Weesp","1919-05-05","1919-05-04","1915-10-03",1572.7259344499864,1380.1292717634822,22,"Gestopt",end,""
"Gelria","Borculo","1919-03-24","1919-03-23","1918-11-03",1578.1814923570334,1504.521291155575,7,"Gestopt",end,""
"HSL","Leerdam","1919-03-24","1919-03-23","1918-09-15",1325.1212236307892,1315.316860711787,4,"Gestopt",end,""
"HS","Zoelen","1919-01-20","1919-01-19","1913-09-07",1303.0521618943587,1194.4833187395052,14,"Gestopt",end,""
"HOC²","Haarlem","1919-01-13","1919-01-12","1912-11-03",1590.9870791443827,1179.083967161867,32,"Gestopt",end,""
"Merwestad","Dordrecht","1918-12-09","1918-12-08","1917-03-18",1548.885789447837,1484.6888762293436,12,"Gestopt",end,""
"Twentsch Haagje","Goor","1918-12-09","1918-12-08","1918-11-03",1407.75,1385.8150964462595,3,"Gestopt",end,""
"DVS","Amsterdam","1918-11-25","1918-11-24","1914-10-25",1482.9298535932055,1344.1086662495889,15,"Gestopt",end,""
"OKK","Dordrecht","1918-09-22","1918-05-19","1911-12-10",1735.5753804889741,1542.710609962716,45,"Hernoemd naar EDN",rename,"EDN"
"Six Semper","Vlissingen","1918-09-02","1918-09-01","1918-05-19",1254.6405874582433,1241.6398673654364,7,"Gestopt",end,""
"THOR (S)","Sas van Gent","1918-08-19","1918-08-18","1918-08-18",1200.0,1199.4270776928222,1,"Gestopt",end,""
"TKC (T)","Terneuzen","1918-08-19","1918-08-18","1918-08-18",1793.8908054351682,1793.8908054351682,1,"Gestopt",end,""
"BKC (DB)","Den Bosch","1918-05-20","1918-05-19","1913-06-29",1573.7254146973821,1429.968885065282,27,"Gestopt",end,""
"Helmond","Helmond²","1918-04-15","1918-04-14","1916-11-19",1379.1861805802057,1156.1304191370853,5,"Gestopt",end,""
"WKC (Wo)","Wormerveen","1918-03-25","1918-03-24","1917-09-09",1403.5639465741247,1322.7948412715582,6,"Gestopt",end,""
"UDI","Harlingen","1918-03-18","1918-03-17","1917-09-09",902.5111816430928,894.3344599830777,5,"Gestopt",end,""
"Victoria (V)","Vlaardingen","1918-03-04","1918-03-03","1917-03-18",1526.443733845857,1467.017714228557,5,"Gestopt",end,""
"DOS","Amsterdam","1918-03-03","1918-02-17","1906-05-12",1856.0398950279832,1462.7887437021589,120,"Opgegaan in DOSO",merge_into,"DOSO"
"VOS","Amsterdam","1918-01-28","1918-01-27","1917-10-14",1566.75,1531.9809378845773,4,"Gestopt",end,""
"RSGV","Rotterdam","1917-11-05","1917-11-04","1913-09-28",1566.407648737674,1378.922914359265,24,"Gestopt",end,""
"Stanfries","Gorredijk","1917-11-05","1917-11-04","1917-10-14",1479.75,1466.5443079731551,2,"Gestopt",end,""
"Friso (H)","Heerenveen","1917-10-29","1917-10-28","1917-10-14",1448.3595832674241,1448.3595832674241,2,"Gestopt",end,""
"UD (Al)","Almelo","1917-10-08","1917-10-07","1916-11-12",1309.4907057606151,1307.6647130853983,3,"Gestopt",end,""
"OC","Arnhem","1917-04-23","1917-04-22","1916-12-03",1423.7349370567515,1355.7433190753559,5,"Gestopt",end,""
"Gazelle","Dieren","1917-03-12","1917-03-11","1916-10-22",1107.734074992527,1107.67239748499,4,"Gestopt",end,""
"Lycurgus","Den Bosch","1917-03-12","1917-03-11","1916-12-03",1054.9252555712328,1022.8107438151694,2,"Gestopt",end,""
"UNI","Amsterdam","1917-03-12","1917-03-11","1913-10-26",1777.4561282609288,1673.4824784327698,23,"Gestopt",end,""
"Purmerend","Purmerend","1917-02-18","1916-02-06","1915-10-03",1633.5,1562.2333735735826,5,"Hernoemd naar BEP",rename,"BEP"
"TOP (Sch)","Schellingwoude","1916-12-25","1916-12-24","1912-11-10",1677.6137012000943,1331.4298986991794,14,"Gestopt",end,""
"AOC","Almelo","1916-12-04","1916-12-03","1916-11-05",1728.7785360813214,1728.7785360813214,2,"Gestopt",end,""
"Deventer","Deventer","1916-05-01","1916-04-30","1913-04-13",1551.4672749218869,1262.079797519716,27,"Gestopt",end,""
"ODIS","IJmuiden","1916-04-25","1916-04-24","1913-10-19",1782.302030753326,1412.9158807430013,11,"Gestopt",end,""
"UD","Amsterdam","1916-04-10","1916-04-09","1910-10-09",1670.3507056352414,1504.0951083429645,49,"Gestopt",end,""
"UKC","Utrecht","1916-03-06","1916-03-05","1914-10-04",1729.6781744081732,1604.8582622505708,11,"Gestopt",end,""
"Bussum","Bussum","1915-12-13","1915-12-12","1914-10-11",1670.0554542781626,1540.1176105675438,11,"Gestopt",end,""
"Baarn","Baarn","1915-11-01","1915-10-31","1914-10-04",1290.6692816209015,1224.7001111147429,10,"Gestopt",end,""
"Victoria","Wageningen","1915-10-25","1915-10-24","1912-01-28",1459.4866189213787,1281.1522681313436,34,"Gestopt",end,""
"LKC","Loppersum","1915-10-18","1915-10-17","1915-05-16",1375.588561137225,1265.6485527863142,4,"Gestopt",end,""
"NKC (Nw)","Nieuwolda","1915-10-18","1915-10-17","1915-06-20",910.0461603372603,869.0698140254963,2,"Gestopt",end,""
"UNA (S)","Scheemda","1915-09-27","1915-09-26","1914-04-05",1567.7696969299577,1543.2584943342035,9,"Gestopt",end,""
"Quick (OP)","Oude Pekela","1915-05-24","1915-05-23","1915-05-23",954.5003687679628,954.5003687679628,1,"Gestopt",end,""
"Ready","Enschede","1915-04-05","1915-04-04","1915-03-14",1411.8174779264868,1375.8389015401258,2,"Gestopt",end,""
"EDO","Arnhem","1915-03-29","1915-03-28","1910-10-16",1717.539465683372,1490.2137883265752,47,"Gestopt",end,""
"WIK","Gorinchem","1915-02-15","1915-02-14","1914-10-25",1720.3008796622735,1649.4355943248706,3,"Gestopt",end,""
"MAAS","Poortugaal","1915-01-25","1915-01-24","1914-10-04",1583.8177463769948,1532.2283447910654,3,"Gestopt",end,""
"Residentie","Den Haag","1915-01-04","1915-01-03","1914-10-18",910.3813374090655,899.658429851165,2,"Gestopt",end,""
"LB","Laren NH","1914-12-14","1914-12-13","1913-10-12",1845.199029520721,1705.1739463831432,10,"Gestopt",end,""
"VKC (Ve)","Veendam","1914-10-12","1914-10-11","1914-04-05",1171.1280460099422,1169.3647325399704,2,"Gestopt",end,""
"VDW (R)","Rolde","1914-06-15","1914-06-14","1913-10-12",1555.007436242339,1483.861126625935,6,"Gestopt",end,""
"DES","Amsterdam","1914-04-20","1914-04-19","1909-11-07",1677.7036684526033,1374.3005330289134,43,"Gestopt",end,""
"KIOS (Z)","Zwolle","1914-04-20","1914-04-19","1913-09-07",2007.0899760963161,1894.750032970766,9,"Gestopt",end,""
"Maasstad","Rotterdam","1914-03-30","1914-03-29","1913-10-12",1527.46573917169,1422.1499706505929,5,"Gestopt",end,""
"SDO","Utrecht","1914-03-23","1914-03-22","1908-10-25",1724.2609572312942,1381.3370677266146,22,"Gestopt",end,""
"ZOV","Zaandam","1914-02-09","1914-02-08","1912-11-10",1483.212727087353,1327.6076255090404,7,"Gestopt",end,""
"TOG","Amsterdam","1913-12-08","1913-12-07","1911-10-15",1265.368277894339,1085.999979536206,26,"Gestopt",end,""
"AKC (Ap)","Apeldoorn","1913-12-01","1913-11-30","1908-05-31",1401.5383194809383,1271.6194515704296,23,"Gestopt",end,""
"Swift (G)","Gouda","1913-11-03","1913-11-02","1912-10-13",1399.0786085770533,1398.2710174230976,3,"Gestopt",end,""
"Apeldoorn²","Apeldoorn","1913-10-13","1913-10-12","1913-10-12",917.468998028478,917.468998028478,1,"Gestopt",end,""
"Dwingelo","Dwingeloo","1913-10-13","1913-10-12","1913-10-12",933.6427687386641,933.6427687386641,1,"Gestopt",end,""
"Frederiksoord","Frederiksoord","1913-10-13","1913-10-12","1913-10-12",978.0430719905984,978.0430719905984,2,"Gestopt",end,""
"MHS","Utrecht","1913-10-13","1913-10-12","1908-10-25",1812.0007091293446,1424.302318030072,39,"Gestopt",end,""
"Westerbork","Westerbork","1913-10-13","1913-10-12","1913-10-12",1285.7265110522278,1285.7265110522278,2,"Gestopt",end,""
"ASC","Almelo","1913-04-29","1913-04-28","1912-04-28",1236.3382208116232,1236.3382208116232,11,"Gestopt",end,""
"OSV","Oldenzaal","1912-07-01","1912-06-30","1912-04-21",1125.7817020167236,1125.6708423394118,5,"Gestopt",end,""
"DIOS","Utrecht","1912-04-01","1912-03-31","1908-09-28",1473.9790759446034,1343.8021612354821,30,"Gestopt",end,""
"DEOS","Amsterdam","1911-12-18","1911-12-17","1909-11-14",1380.2447692760716,1305.2898630289594,17,"Gestopt",end,""
"ONI","Utrecht","1911-03-06","1911-03-05","1908-10-25",1686.806119177182,1328.585253706777,16,"Gestopt",end,""
"AVOG","Amersfoort","1910-12-12","1910-12-11","1908-05-10",1481.2015946722438,1467.51954767645,12,"Gestopt",end,""
"NOSC","Nijmegen","1910-04-11","1910-04-10","1909-10-24",1081.3665183910255,1057.1189604707768,4,"Gestopt",end,""
"Quick","Amsterdam²","1910-04-11","1910-04-10","1904-06-05",1690.5317107419482,1597.3667784375493,59,"Gestopt",end,""
"GSC","Hilversum","1910-01-31","1910-01-30","1908-02-02",1247.6857209815696,1245.9766283424312,7,"Gestopt",end,""
"DVV","Amsterdam","1909-05-21","1909-05-20","1905-11-12",1762.735111740521,1650.7783260818633,22,"Gestopt",end,""
"THOR","Den Haag","1909-04-19","1909-04-18","1908-11-08",1640.7894716564122,1494.7963222939693,7,"Gestopt",end,""
"Inter Nos","Rotterdam","1909-04-05","1909-04-04","1909-01-10",1249.2535548515286,1249.0563867219648,4,"Gestopt",end,""
"Reuni","Amsterdam","1909-03-22","1909-03-21","1905-06-25",1717.0525936671697,1717.0525936671697,37,"Gestopt",end,""
"Swift²","Amsterdam","1909-01-25","1909-01-24","1905-05-21",1969.7579982838602,1948.5022783720206,42,"Gestopt",end,""
"Sparta","Den Haag","1908-06-01","1908-05-31","1908-05-31",1149.4037556991757,1149.4037556991757,2,"Gestopt",end,""
"THOR (Ar)","Arnhem","1908-06-01","1908-05-31","1908-05-31",1738.8326505508599,1738.8326505508599,2,"Gestopt",end,""
"HBC","Utrecht","1908-03-23","1908-03-22","1907-09-29",1238.1140664979919,1213.7627582545658,3,"Gestopt",end,""
"HOC","Haarlem","1907-04-29","1907-04-28","1903-12-03",1701.0755659555994,1585.5287929123542,35,"Gestopt",end,""
"DVD","Amsterdam","1906-10-27","1906-05-12","1905-06-25",1401.2004554495936,1340.9754703151993,9,"Hernoemd naar Reuni",rename,"Reuni"
"EHOC","Den Haag","1906-09-29","1906-01-14","1905-05-21",1391.8483739766918,1306.2837117179756,5,"Hernoemd naar ALO",rename,"ALO"
"DEAK","Amsterdam","1905-04-17","1905-04-16","1904-10-30",1261.981457496842,1206.1251185430465,2,"Gestopt",end,""
"Amsterdamsch Twaalftal","Amsterdam","1905-03-20","1905-03-19","1905-03-05",1784.4553094492635,1754.787098162477,3,"Gestopt",end,""
"BKC","Bloemendaal","1904-10-31","1904-10-30","1904-02-14",1227.4938310051746,1227.4938310051746,4,"Gestopt",end,""