{"H":30.548852515174328,"SD_A":0.166,"SD_B":1.85,"RD_PERIOD_DAYS":1.0,"RD_MAX":350.0,"INITIAL_HOME_ADVANTAGE":35.0,"HOME_ADVANTAGE_SPEED":0.015625,"SCORE_SPEED_INV":100.0,"MARGIN_RATING_SCALE":400.0,"MIN_AVERAGE_SCORE":0.5,"SCORE_RATING_TWEAK_MODE":"MATCH_TEAM_SCORE","SCORE_RATING_TWEAK_LEARNING_RATE":0.001,"SCORE_RATING_TWEAK_MAX_ADJUSTMENT":10.0,"SCORE_RATING_TWEAK_MIN_GAMES":4,"SCORE_SEASONALITY_MODE":"MONTHLY_OFFSET","SCORE_SEASONALITY_LEARNING_RATE":0.0025,"SCORE_SEASONALITY_MAX_ADJUSTMENT":6.0,"SCORE_SEASONALITY_HALF_LIFE_DAYS":1825.0,"SCORE_SEASONALITY_MONTH_OFFSETS":[1.4778639967495388,1.5808696842626309,1.62656103078648,-2.0913645533466045,-1.5631153590076843,-1.3217234429924523,1.0875212694482146E-5,0.02986380231724472,-1.6939147398866612,-1.6904217819407028,1.6005953945853533,1.4710501718961266],"MAX_ID":13,"ACTIVE_SEASON":"veld2526vj","ACTIVE_MODE":"veld","ACTIVE_SEASONS":["zaal2627","veld2526vj"],"INDOOR_SEASON":"zaal2627","OUTDOOR_SEASON":"veld2526vj"}