{"H":30.558179525249315,"SD_A":0.166,"SD_B":1.85,"RD_PERIOD_DAYS":1.0,"RD_MAX":350.0,"INITIAL_HOME_ADVANTAGE":35.0,"HOME_ADVANTAGE_SPEED":0.015625,"SCORE_SPEED_INV":100.0,"MARGIN_RATING_SCALE":400.0,"MIN_AVERAGE_SCORE":0.5,"SCORE_RATING_TWEAK_MODE":"MATCH_TEAM_SCORE","SCORE_RATING_TWEAK_LEARNING_RATE":0.001,"SCORE_RATING_TWEAK_MAX_ADJUSTMENT":10.0,"SCORE_RATING_TWEAK_MIN_GAMES":4,"SCORE_SEASONALITY_MODE":"MONTHLY_OFFSET","SCORE_SEASONALITY_LEARNING_RATE":0.0025,"SCORE_SEASONALITY_MAX_ADJUSTMENT":6.0,"SCORE_SEASONALITY_HALF_LIFE_DAYS":1825.0,"SCORE_SEASONALITY_MONTH_OFFSETS":[1.4761752012773324,1.5790448976733864,1.6247238092518757,-2.079042087161844,-1.5941023683015016,-1.3203453520962178,1.0867772886356502E-5,0.029830570741999216,-1.6919821650736342,-1.6885013212428597,1.5987313810721377,1.4693925881524652],"MAX_ID":13,"ACTIVE_SEASON":"veld2526vj","ACTIVE_MODE":"veld","ACTIVE_SEASONS":["zaal2627","veld2526vj"],"INDOOR_SEASON":"zaal2627","OUTDOOR_SEASON":"veld2526vj"}