{"H":30.5984474878479,"SD_A":0.166,"SD_B":1.85,"RD_PERIOD_DAYS":1.0,"RD_MAX":350.0,"INITIAL_HOME_ADVANTAGE":35.0,"HOME_ADVANTAGE_SPEED":0.015625,"SCORE_SPEED_INV":100.0,"MARGIN_RATING_SCALE":400.0,"MIN_AVERAGE_SCORE":0.5,"SCORE_RATING_TWEAK_MODE":"MATCH_TEAM_SCORE","SCORE_RATING_TWEAK_LEARNING_RATE":0.001,"SCORE_RATING_TWEAK_MAX_ADJUSTMENT":10.0,"SCORE_RATING_TWEAK_MIN_GAMES":4,"SCORE_SEASONALITY_MODE":"MONTHLY_OFFSET","SCORE_SEASONALITY_LEARNING_RATE":0.0025,"SCORE_SEASONALITY_MAX_ADJUSTMENT":6.0,"SCORE_SEASONALITY_HALF_LIFE_DAYS":1825.0,"SCORE_SEASONALITY_MONTH_OFFSETS":[1.4767359689560957,1.5796447433699985,1.6253410073990586,-2.0808829541379072,-1.5811780872451164,-1.320846923317317,1.0871901322987559E-5,0.02984190274371331,-1.692624913244987,-1.6891427471154004,1.5993387052466357,1.4699507792602262],"MAX_ID":13,"ACTIVE_SEASON":"veld2526vj","ACTIVE_MODE":"veld","ACTIVE_SEASONS":["zaal2627","veld2526vj"],"INDOOR_SEASON":"zaal2627","OUTDOOR_SEASON":"veld2526vj"}