{"H":30.583981898981726,"SD_A":0.166,"SD_B":1.85,"RD_PERIOD_DAYS":1.0,"RD_MAX":350.0,"INITIAL_HOME_ADVANTAGE":35.0,"HOME_ADVANTAGE_SPEED":0.015625,"SCORE_SPEED_INV":100.0,"MARGIN_RATING_SCALE":400.0,"MIN_AVERAGE_SCORE":0.5,"SCORE_RATING_TWEAK_MODE":"MATCH_TEAM_SCORE","SCORE_RATING_TWEAK_LEARNING_RATE":0.001,"SCORE_RATING_TWEAK_MAX_ADJUSTMENT":10.0,"SCORE_RATING_TWEAK_MIN_GAMES":4,"SCORE_SEASONALITY_MODE":"MONTHLY_OFFSET","SCORE_SEASONALITY_LEARNING_RATE":0.0025,"SCORE_SEASONALITY_MAX_ADJUSTMENT":6.0,"SCORE_SEASONALITY_HALF_LIFE_DAYS":1825.0,"SCORE_SEASONALITY_MONTH_OFFSETS":[1.4773094784303678,1.5802542984920087,1.625965768698248,-2.081677386815313,-1.5640833852357916,-1.3212215389265427,1.0871083000408902E-5,0.029852461999505774,-1.6932538409505271,-1.6897707572291722,1.5999608523130482,1.4705229564039033],"MAX_ID":13,"ACTIVE_SEASON":"veld2526vj","ACTIVE_MODE":"veld","ACTIVE_SEASONS":["zaal2627","veld2526vj"],"INDOOR_SEASON":"zaal2627","OUTDOOR_SEASON":"veld2526vj"}