2024-11-18,Melmac,VIKO,14,18,1110,1200,0.382,0.064,0.554,14,15,-14.4,13.2,136,130
2024-11-19,DKOD,Débaldérin,17,16,1002,751,0.810,0.047,0.144,14,9,-41.5,74.5,275,350
2024-11-21,NIO,Sperwers,30,12,1516,936,0.966,0.010,0.024,23,10,3.1,-3.1,130,131
2024-11-23,'t Capproen,Terda,22,8,1336,811,0.953,0.014,0.033,21,10,3.3,-3.6,131,139
2024-11-23,ADO,TOGO (G),11,13,1596,1535,0.601,0.054,0.345,20,17,-18.0,18.7,127,130
2024-11-23,ALO,Phoenix (Z),16,14,1823,1770,0.589,0.057,0.355,19,17,0.5,-0.5,121,120
2024-11-23,ASVD,Exakwa,25,22,1824,1781,0.576,0.052,0.372,22,20,4.7,-4.6,126,124
2024-11-23,AVO,NKC '51,32,22,1982,1915,0.609,0.053,0.338,20,18,21.1,-21.6,121,123
2024-11-23,AW.DTV,TOP (A),25,22,2324,2119,0.773,0.042,0.185,21,15,-7.9,8.3,120,123
2024-11-23,Achilles (A) / AKC,SDO (W),18,13,1498,1225,0.833,0.036,0.131,20,13,-3.9,4.5,120,127
2024-11-23,Amicitia (V),Sparta (Zw),18,19,1870,1922,0.439,0.058,0.503,17,18,-2.1,2.1,123,122
2024-11-23,Animo (G),DOT (O),22,16,1824,1871,0.449,0.053,0.498,20,21,22.7,-22.8,123,123
2024-11-23,Apollo,Furore,18,18,1373,1554,0.268,0.057,0.676,13,16,14.7,-14.1,125,123
2024-11-23,Arena,KCD,13,10,1390,1425,0.463,0.059,0.478,17,18,13.0,-13.3,122,124
2024-11-23,Atlantis,Vriendenschaar (B),24,31,1638,1818,0.272,0.047,0.680,18,22,-10.3,10.3,122,123
2024-11-23,Atlas,Albatros,16,27,1717,1982,0.185,0.040,0.774,16,22,-12.8,12.5,126,124
2024-11-23,Attila,OEC,20,9,1191,1053,0.697,0.054,0.249,17,13,19.3,-19.8,125,127
2024-11-23,CSL,Flamingo's (B),21,19,1994,1957,0.571,0.050,0.380,23,21,0.8,-0.8,120,121
2024-11-23,Club Brothers,DTL,8,24,1185,1556,0.109,0.030,0.862,14,22,-10.2,10.7,125,128
2024-11-23,Conventus,Paal Centraal,12,20,1047,1426,0.104,0.031,0.865,12,20,-2.3,2.5,124,133
2024-11-23,DKB,SGV,14,9,1220,877,0.880,0.030,0.091,19,11,-6.9,8.7,129,142
2024-11-23,DKV Victoria,Dunas,24,21,1502,1498,0.520,0.057,0.423,19,18,8.7,-8.7,121,121
2024-11-23,DOS '46,KCC,24,14,2501,2293,0.778,0.039,0.183,23,17,11.6,-11.0,132,128
2024-11-23,DOS (W),Avanti (P),20,32,1966,2127,0.294,0.050,0.656,18,21,-21.0,21.4,123,124
2024-11-23,DOS Kampen,HHV,32,20,1866,1510,0.890,0.023,0.087,25,16,4.8,-4.8,124,124
2024-11-23,DOS-WK,Reehorst '45,20,19,1716,1636,0.630,0.047,0.323,24,21,-7.0,7.1,124,125
2024-11-23,DSO (K),Korbatjo,18,17,1470,1588,0.350,0.054,0.596,18,20,13.6,-12.5,128,123
2024-11-23,DTS (E),RODA (W),11,26,1395,1708,0.146,0.037,0.816,14,20,-13.9,12.6,129,122
2024-11-23,DTS (S),Leeuwarden,16,20,1381,1428,0.446,0.058,0.496,17,18,-13.5,13.9,119,120
2024-11-23,DVO,LDODK,24,23,2593,2444,0.716,0.041,0.243,26,20,-15.5,13.9,137,130
2024-11-23,DWA / Argo,It Fean,15,21,1397,1549,0.306,0.052,0.641,17,20,-11.0,10.5,123,120
2024-11-23,Dalto,Oost Arnhem,17,15,2335,2138,0.768,0.037,0.194,25,19,-12.7,12.9,122,123
2024-11-23,De Corvers,Huizen,11,13,1081,1284,0.244,0.052,0.704,14,18,7.3,-7.1,126,125
2024-11-23,De Hoeve,Roreko,13,23,1305,1322,0.488,0.059,0.452,18,17,-32.4,36.0,123,130
2024-11-23,De Meervogels,Nieuwerkerk,17,28,1952,2104,0.305,0.052,0.643,17,20,-20.6,20.8,122,123
2024-11-23,De Meeuwen,Spirit (Vo),15,21,2057,2147,0.389,0.050,0.560,21,23,-14.4,15.0,121,124
2024-11-23,De Parabool,Quick '21 / Vlug en Vaardig (G),22,18,1733,1777,0.451,0.056,0.493,18,19,16.1,-17.0,119,123
2024-11-23,De Wâlden,IFC '25,23,22,1808,1845,0.462,0.055,0.483,19,20,4.6,-5.0,121,126
2024-11-23,DeetosSnel,DSC,19,19,2270,2277,0.505,0.056,0.440,20,19,-2.2,2.1,123,118
2024-11-23,Devinco,Zwart Wit,16,17,1634,1518,0.672,0.053,0.276,19,15,-18.1,18.1,122,122
2024-11-23,Die Haghe,GKV (G),19,19,2260,2027,0.801,0.036,0.163,23,16,-24.6,22.6,127,122
2024-11-23,Drachten,Wit Blauw,25,31,1966,2030,0.426,0.052,0.523,21,22,-15.5,17.1,115,121
2024-11-23,Duko,Blauw Zwart,19,24,1495,1336,0.725,0.046,0.230,21,16,-39.9,37.7,128,124
2024-11-23,EKCA,Keizer Karel,14,25,1205,1299,0.377,0.063,0.561,15,16,-28.3,27.5,125,123
2024-11-23,EKVA,ESDO,22,12,1563,1115,0.931,0.016,0.052,25,14,-0.9,1.2,129,138
2024-11-23,Elburg,Juventa,17,22,1633,1788,0.302,0.052,0.646,17,20,-7.7,7.7,123,124
2024-11-23,Erasmus,DVS '69,22,27,1531,1654,0.341,0.055,0.603,17,19,-11.6,10.6,129,122
2024-11-23,Excelsior (D),Achilles (H),18,21,1948,2080,0.331,0.052,0.617,18,21,-1.9,1.9,120,121
2024-11-23,Fiks,TOP (S),18,18,2173,2326,0.306,0.046,0.647,20,24,12.4,-11.8,126,123
2024-11-23,Fluks (N),Madjoe,21,16,1406,1470,0.423,0.057,0.521,18,19,22.2,-27.8,123,138
2024-11-23,Focus,Blauw Wit (K),9,23,1076,1551,0.062,0.020,0.918,13,23,-6.0,5.5,134,128
2024-11-23,Fortis,HKV / Ons Eibernest,24,23,1871,1802,0.609,0.057,0.334,18,16,-5.1,4.7,123,119
2024-11-23,Fortissimo,Koveni,25,11,1627,1349,0.838,0.032,0.130,23,16,10.6,-11.2,124,128
2024-11-23,HBC (Be),DSO (A),17,8,1476,1199,0.834,0.039,0.127,17,11,7.7,-8.0,123,126
2024-11-23,HKC (Ha),PKC,21,30,2362,2602,0.211,0.040,0.750,19,24,-10.0,12.4,126,143
2024-11-23,Haarlem,KVZ '23,14,29,1685,1894,0.240,0.046,0.714,17,21,-19.7,18.6,124,120
2024-11-23,Harich,De Granaet,16,26,1540,1631,0.386,0.055,0.559,18,20,-23.1,24.8,118,123
2024-11-23,Heerenveen,Thrianta,33,11,1916,1526,0.907,0.021,0.072,25,15,6.6,-7.2,116,122
2024-11-23,Helios,Dijkvogels,4,14,1301,1583,0.167,0.046,0.787,11,17,-13.9,12.0,132,122
2024-11-23,Hellas '63,Oranje Zwart,25,17,1589,1506,0.630,0.051,0.319,21,18,16.7,-16.5,125,124
2024-11-23,Het Bosch,DOC,12,13,938,798,0.695,0.062,0.243,13,10,-55.9,87.6,281,350
2024-11-23,IJsselvogels,KCR,21,24,1707,1808,0.373,0.053,0.574,19,21,-4.8,4.8,121,121
2024-11-23,Joure,Emmeloord,21,11,1420,1397,0.547,0.057,0.396,19,18,24.4,-28.7,119,129
2024-11-23,Juliana,GKV,18,9,1782,1618,0.734,0.037,0.229,27,22,9.0,-8.7,125,123
2024-11-23,KIOS (N),Swift,20,24,1831,1819,0.532,0.056,0.412,19,18,-19.6,18.6,122,119
2024-11-23,KVA,Velocitas (L),22,16,2021,1871,0.715,0.045,0.240,22,18,5.1,-5.1,121,121
2024-11-23,KVW '22,Noordenveld,13,21,1704,1924,0.229,0.044,0.726,17,22,-9.6,9.4,121,119
2024-11-23,Keep Fit '70,Scheldevogels,17,10,1164,1006,0.722,0.048,0.230,19,15,10.2,-13.7,130,155
2024-11-23,Kinderdijk,KOAG,19,18,1965,1989,0.479,0.058,0.463,19,18,3.6,-3.6,121,121
2024-11-23,Korbis,Thor (R),22,13,1788,1522,0.827,0.036,0.137,20,13,6.5,-6.6,123,124
2024-11-23,Lemmer,MN en W,8,24,807,1135,0.132,0.041,0.827,10,16,-22.3,14.1,167,129
2024-11-23,Lintjo,Westergo,15,15,1309,1196,0.667,0.054,0.279,18,15,-15.0,14.6,131,129
2024-11-23,Luctor,KVK,14,16,1164,1485,0.140,0.035,0.825,15,22,17.8,-18.5,130,133
2024-11-23,Melmac,OJC '98,10,9,1095,1233,0.319,0.061,0.620,13,16,16.8,-15.5,130,125
2024-11-23,Nexus,Luno,21,16,1531,1453,0.621,0.058,0.321,17,15,10.3,-11.1,122,127
2024-11-23,Nova,DWS (K),27,11,1744,1464,0.837,0.036,0.126,19,12,12.3,-12.3,125,126
2024-11-23,Noveas,EKC 2000,19,15,1072,1054,0.539,0.061,0.400,17,16,12.9,-15.5,127,140
2024-11-23,Noviomagum,Antilopen,16,17,1753,1931,0.276,0.049,0.676,17,21,9.7,-9.7,122,122
2024-11-23,ODIK,KVZ,15,17,1770,1839,0.416,0.057,0.527,18,19,-4.6,4.6,124,124
2024-11-23,ODO (M),KZ Danaiden,19,14,1696,1642,0.588,0.061,0.352,17,15,13.7,-12.6,127,121
2024-11-23,OKO,Sparta (Ze),36,10,1834,1503,0.875,0.026,0.099,25,16,9.0,-10.1,118,125
2024-11-23,Oerterp,Hoogkerk,13,25,1451,1638,0.262,0.052,0.685,15,18,-18.9,19.7,120,122
2024-11-23,Olympia '22,KIOS '45,25,11,1207,753,0.932,0.019,0.049,20,10,6.0,-6.7,138,148
2024-11-23,Olympia (S),NIO,14,25,1099,1521,0.082,0.025,0.893,13,22,-4.8,4.9,127,129
2024-11-23,Olympia (T),WIK '34,19,11,1340,1138,0.766,0.049,0.185,16,11,10.5,-11.1,123,127
2024-11-23,Oosterkwartier (H),Tweemaal Zes,15,20,1619,1893,0.178,0.039,0.783,16,22,2.1,-2.0,122,121
2024-11-23,Oranje Wit (D),Tjoba,23,18,1931,1740,0.761,0.038,0.200,25,19,-1.9,1.8,125,123
2024-11-23,Oranje Zwart (M),Good Luck,10,9,1190,1361,0.281,0.053,0.666,15,19,20.0,-19.0,132,129
2024-11-23,PSV,NKV,20,15,1383,1372,0.528,0.061,0.411,17,16,15.9,-17.1,121,125
2024-11-23,Pallas '08,VDDO,20,17,1621,1530,0.644,0.047,0.309,23,20,-0.3,0.4,119,124
2024-11-23,Pernix,Maassluis,18,15,1969,1789,0.748,0.042,0.210,22,17,-6.8,6.8,121,121
2024-11-23,RDZ,Rheko,18,14,1437,1291,0.706,0.053,0.241,17,13,1.6,-1.6,121,126
2024-11-23,RWA,DES (De),25,26,1733,1791,0.432,0.056,0.512,18,19,-1.3,1.3,121,121
2024-11-23,Regio '72,Revival,25,26,1210,1437,0.218,0.051,0.731,13,17,13.5,-13.6,124,125
2024-11-23,Ritola,KIOS (R),24,28,1906,2081,0.280,0.044,0.676,20,25,-0.5,0.5,117,121
2024-11-23,Rohda (A),BEP,25,20,1885,1956,0.412,0.057,0.531,18,19,22.1,-24.2,119,125
2024-11-23,Rood Wit (W),De Pein,22,14,1565,1541,0.550,0.054,0.397,21,19,21.5,-19.9,123,118
2024-11-23,Rust Roest (E),ONDO (M),18,17,1832,1845,0.496,0.057,0.446,19,18,2.5,-2.5,123,122
2024-11-23,SDO (K),NRC '22,21,16,1944,1864,0.626,0.054,0.320,19,16,9.0,-9.2,121,122
2024-11-23,SDO (V),Ready '60,26,13,1703,1500,0.771,0.042,0.186,20,15,15.8,-15.2,128,125
2024-11-23,SF Deinum,DTG,5,24,727,1416,0.018,0.008,0.974,10,24,-3.9,3.0,165,139
2024-11-23,SIOS / Leonidas,SDO (S),22,9,1382,1262,0.677,0.053,0.271,18,15,23.2,-22.5,129,127
2024-11-23,SKV (S),Springfield,8,24,797,1123,0.136,0.040,0.825,11,17,-14.9,15.5,133,136
2024-11-23,Seolto,Zaamslag,14,24,1201,1438,0.211,0.045,0.744,15,20,-13.9,14.1,126,128
2024-11-23,Spannum,ROG,21,13,1504,1537,0.466,0.060,0.474,16,17,27.7,-27.9,121,121
2024-11-23,Sparta (N),Fiducia,15,25,1602,1730,0.336,0.054,0.610,17,20,-22.3,22.6,124,125
2024-11-23,Sporting Delta,Tilburg,19,13,2114,1993,0.680,0.048,0.272,21,17,8.8,-8.3,129,125
2024-11-23,Sporting Trigon,ONDO (G),12,23,1721,1902,0.270,0.050,0.680,16,20,-17.8,18.4,120,122
2024-11-23,Sporting West,Rapid (H),15,14,1479,1475,0.516,0.064,0.421,16,15,1.5,-1.5,124,124
2024-11-23,Swift (M),Refleks,24,17,2056,1776,0.839,0.032,0.128,23,15,-0.0,0.1,120,127
2024-11-23,Synergo,Dindoa,20,23,1928,2085,0.299,0.050,0.651,18,21,0.2,-0.4,120,130
2024-11-23,TOP (V),Rivalen,16,21,987,1121,0.326,0.060,0.614,14,17,-12.7,14.9,132,144
2024-11-23,Telstar,Apeldoorn,20,22,1802,1782,0.544,0.054,0.402,20,19,-12.9,12.2,123,120
2024-11-23,Tempo,KVS,12,22,2008,2119,0.360,0.054,0.586,18,20,-26.7,23.6,133,124
2024-11-23,Thor (H),HKC (U),14,23,1144,1551,0.090,0.027,0.883,13,21,-4.6,3.4,167,126
2024-11-23,Tiel '72,Woudenberg,19,30,1762,1790,0.475,0.056,0.469,20,19,-33.6,32.1,125,122
2024-11-23,Trekvogels (R),OZC,19,12,1641,1454,0.759,0.037,0.205,26,20,3.1,-3.1,121,121
2024-11-23,Triade,Sperwers,25,12,1041,933,0.660,0.056,0.283,17,14,25.2,-24.9,131,130
2024-11-23,Twist,Movado,13,18,1581,1722,0.318,0.055,0.626,16,18,-9.5,9.5,122,123
2024-11-23,Unitas,KZ,16,19,2286,2454,0.288,0.047,0.665,19,23,1.8,-1.8,129,129
2024-11-23,VEO,Vriendenschaar (H),21,17,1973,1852,0.679,0.049,0.272,21,17,1.7,-1.6,122,120
2024-11-23,VIKO,Kesteren,11,19,1214,1378,0.288,0.056,0.656,14,17,-17.1,19.1,125,133
2024-11-23,VZOD,Badhoevedorp,14,16,1400,1583,0.266,0.053,0.680,14,18,5.5,-5.3,124,122
2024-11-23,Vakgericht,Ons Clubje,13,14,921,922,0.504,0.075,0.421,12,11,-12.4,9.4,156,135
2024-11-23,Valto,SKF,36,29,2156,2142,0.535,0.054,0.411,21,19,20.4,-20.0,124,123
2024-11-23,Ventura Sport,Voltreffers (O),21,13,1280,829,0.931,0.019,0.050,20,10,-2.0,2.8,122,135
2024-11-23,Victum,MIA,19,19,1916,1828,0.637,0.051,0.312,21,18,-11.5,10.9,124,121
2024-11-23,Viking,De Vinken,17,22,1660,1816,0.302,0.051,0.648,17,21,-7.4,7.5,125,125
2024-11-23,Vitesse (Ba),OVVO,17,18,1908,1945,0.461,0.058,0.482,17,18,-3.5,3.4,123,121
2024-11-23,WION,Reeuwijk,21,29,1472,1670,0.251,0.049,0.700,16,20,-13.2,13.0,126,125
2024-11-23,WSS,Stadskanaal '74,18,16,1531,1431,0.657,0.045,0.299,25,21,-4.8,5.2,119,123
2024-11-23,WWC,Vitesse (Be),21,19,1590,1435,0.721,0.044,0.236,23,18,-8.7,9.1,120,122
2024-11-23,Wageningen,SCO,19,17,2224,2186,0.571,0.050,0.378,23,21,1.0,-0.9,128,124
2024-11-23,Weidevogels,Merwede,21,22,1798,1785,0.533,0.056,0.411,19,18,-8.1,8.3,121,122
2024-11-23,Wesstar,SkunK,16,14,1345,1349,0.508,0.059,0.433,18,17,6.2,-6.2,126,126
2024-11-23,Wez Handich,Kinea / Udiros,20,15,1873,1507,0.894,0.024,0.082,23,14,-10.0,10.4,121,123
2024-11-23,Wolderwijd,Hebbes,22,7,1418,1112,0.856,0.032,0.111,20,13,10.8,-10.3,127,124
2024-11-23,ZKC '19,Nic,28,23,1976,2072,0.381,0.050,0.569,21,23,23.0,-23.9,120,122
2024-11-23,Zwaluwen (Ze),HKC (He),21,19,1721,1597,0.681,0.051,0.267,19,15,-5.8,5.6,123,122
2024-11-24,FSC,Eymerick,20,15,929,1166,0.206,0.054,0.740,11,15,63.1,-64.1,157,159
2024-11-24,Fortuna (D),Blauw Wit,24,19,2519,2424,0.647,0.047,0.305,23,20,7.2,-7.0,133,131
2024-11-24,Maastricht,KVS '17,16,9,1138,887,0.813,0.041,0.146,18,12,6.9,-7.5,148,157
2024-11-24,Mid Fryslân,Groen Geel,24,24,2270,2253,0.541,0.052,0.407,22,21,-4.3,4.6,119,123
2024-11-24,Moedig Voorwaarts,WK,19,7,934,768,0.729,0.052,0.219,17,12,26.8,-36.3,155,184
2024-11-28,Nikantes,Gemini,11,23,931,1202,0.175,0.050,0.774,10,15,-18.2,17.3,136,132
2024-11-28,Olympia '22,Rivalen,12,13,1215,1137,0.622,0.056,0.321,18,16,-17.8,17.6,138,137
2024-11-30,ACKC,DSO (K),18,13,1723,1484,0.804,0.040,0.156,19,13,-2.3,2.1,128,125
2024-11-30,AW.DTV,Mid Fryslân,24,22,2316,2267,0.588,0.049,0.363,23,21,-0.4,0.3,119,116
2024-11-30,Achilles (H),KVA,17,18,2082,2026,0.594,0.052,0.354,21,19,-11.5,11.6,118,119
2024-11-30,Ados,HBC (Be),18,14,1246,1484,0.208,0.050,0.742,13,17,43.6,-36.4,134,123
2024-11-30,Albatros,Rust Roest (E),21,9,1996,1835,0.727,0.045,0.228,21,17,16.4,-15.7,123,120
2024-11-30,Antilopen,Tiel '72,17,18,1921,1729,0.760,0.042,0.198,22,16,-23.1,24.0,119,122
2024-11-30,Apeldoorn,Victum,23,20,1794,1905,0.361,0.052,0.588,19,21,17.7,-19.1,117,121
2024-11-30,Avanti (P),Wageningen,26,26,2151,2224,0.411,0.053,0.536,20,21,4.2,-4.4,121,124
2024-11-30,BEP,Vitesse (Ba),14,20,1932,1904,0.556,0.054,0.390,20,19,-26.8,26.2,121,119
2024-11-30,Badhoevedorp,Nexus,13,11,1577,1542,0.565,0.056,0.379,19,17,1.9,-1.9,120,120
2024-11-30,Blauw Wit (K),Luctor,19,16,1558,1181,0.901,0.022,0.078,25,15,-20.2,20.4,128,129
2024-11-30,Blauw Wit,Unitas,23,18,2417,2287,0.693,0.044,0.263,24,20,3.1,-3.1,126,126
2024-11-30,Blauw Zwart,Devinco,13,21,1375,1616,0.208,0.044,0.748,15,21,-9.1,8.8,122,120
2024-11-30,DES (De),Weidevogels,24,22,1794,1791,0.520,0.055,0.425,20,19,4.4,-4.5,118,118
2024-11-30,DOT (O),Amicitia (V),23,22,1848,1868,0.487,0.055,0.458,21,20,2.9,-2.9,120,119
2024-11-30,DSC,Fiks,35,20,2279,2185,0.647,0.046,0.307,24,21,20.6,-23.0,116,123
2024-11-30,DSO (A),Zaandam Zuid,16,8,1189,1182,0.519,0.067,0.414,15,14,27.3,-31.9,126,137
2024-11-30,DTG,Lintjo,19,13,1420,1294,0.685,0.049,0.266,20,16,10.3,-8.7,140,127
2024-11-30,DTL,WWC,22,17,1568,1582,0.496,0.055,0.450,21,20,18.2,-15.8,127,118
2024-11-30,DVS '69,Oranje Wit (D),18,35,1666,1930,0.188,0.038,0.774,18,24,-15.0,15.9,119,123
2024-11-30,DWS (K),Apollo,15,14,1450,1388,0.598,0.062,0.340,16,14,-4.2,4.0,125,123
2024-11-30,De Granaet,Oerterp,30,20,1657,1431,0.793,0.039,0.168,21,15,9.2,-9.0,120,118
2024-11-30,De Pein,Joure,23,19,1521,1445,0.622,0.051,0.327,21,19,4.6,-4.6,116,116
2024-11-30,De Vinken,Sporting West,27,17,1824,1480,0.882,0.026,0.092,22,14,3.5,-3.4,122,121
2024-11-30,De Waterpoort,Lemmer,22,5,1168,783,0.903,0.024,0.073,20,11,8.3,-12.3,128,161
2024-11-30,DeetosSnel,Dalto,20,22,2267,2322,0.438,0.055,0.508,19,20,-5.3,5.4,120,121
2024-11-30,Dijkvogels,Fluks (N),16,12,1594,1429,0.729,0.049,0.222,18,14,-0.4,0.4,121,120
2024-11-30,Dindoa,SDO (K),18,11,2085,1953,0.693,0.048,0.259,21,17,10.4,-9.4,126,119
2024-11-30,Dunas,Stormvogels (U),35,10,1489,1055,0.926,0.019,0.056,23,12,5.6,-7.0,118,133
2024-11-30,EKC 2000,SIOS / Leonidas,17,16,1038,1406,0.110,0.032,0.858,13,20,37.9,-33.4,134,126
2024-11-30,ESDO,Wolderwijd,8,17,1115,1429,0.144,0.039,0.817,13,19,-9.5,8.1,138,126
2024-11-30,Elko,De Hoeve,16,16,1400,1272,0.687,0.051,0.262,19,15,-16.4,13.9,129,119
2024-11-30,Emmeloord,Rood Wit (W),11,23,1367,1587,0.228,0.046,0.726,16,20,-17.3,16.0,125,120
2024-11-30,Exakwa,DOS Kampen,18,19,1777,1873,0.382,0.050,0.568,21,23,2.5,-2.7,121,124
2024-11-30,Fiducia,DTS (E),20,7,1754,1380,0.898,0.024,0.078,22,13,5.8,-6.2,122,127
2024-11-30,Flamingo's (B),Drachten,24,25,1956,1952,0.521,0.055,0.424,20,19,-6.9,6.4,118,113
2024-11-30,Furore,Nova,16,25,1540,1757,0.229,0.050,0.721,14,18,-13.4,14.3,120,124
2024-11-30,GKV (G),De Meervogels,15,16,2049,1931,0.677,0.048,0.275,21,18,-17.7,17.2,121,119
2024-11-30,GKV,WION,25,22,1608,1459,0.716,0.039,0.245,26,21,-5.8,6.1,121,123
2024-11-30,Gemini,Triade,12,15,1220,1068,0.712,0.056,0.232,15,11,-33.8,33.8,128,128
2024-11-30,Good Luck,'t Capproen,20,11,1341,1340,0.513,0.060,0.426,18,17,28.1,-31.0,125,132
2024-11-30,Groen Geel,TOP (A),26,13,2258,2127,0.691,0.050,0.259,19,16,19.0,-19.6,119,121
2024-11-30,HHV,ASVD,13,23,1505,1829,0.140,0.032,0.828,16,24,-6.6,6.4,125,123
2024-11-30,HKC (Ha),Fortuna (D),16,19,2352,2526,0.280,0.047,0.673,18,22,1.9,-2.1,124,129
2024-11-30,HKC (He),Hellas '63,25,22,1603,1607,0.509,0.058,0.433,19,18,9.3,-9.7,119,122
2024-11-30,HKC (U),De Corvers,24,17,1555,1087,0.938,0.016,0.046,24,13,-7.9,7.5,126,124
2024-11-30,HKV / Ons Eibernest,Swift (M),15,26,1807,2056,0.200,0.042,0.758,16,22,-11.8,12.4,116,119
2024-11-30,Hebbes,EKVA,11,27,1100,1563,0.067,0.020,0.913,14,25,-6.1,6.6,124,130
2024-11-30,Hemur Enge,DKOD,19,19,1083,960,0.675,0.060,0.265,15,12,-44.5,33.5,287,252
2024-11-30,Hoogkerk,Harich,23,16,1659,1517,0.704,0.048,0.247,20,16,9.3,-8.7,120,116
2024-11-30,Huizen,Thor (H),18,7,1276,1140,0.693,0.057,0.250,16,12,19.2,-32.1,123,163
2024-11-30,IFC '25,KVW '22,15,16,1841,1694,0.712,0.046,0.243,22,17,-20.5,19.4,122,119
2024-11-30,It Fean,Pallas '08,15,22,1560,1621,0.428,0.052,0.519,20,21,-18.9,18.6,117,117
2024-11-30,Juventa,ODIK,24,17,1797,1765,0.559,0.056,0.385,19,18,18.5,-18.5,121,121
2024-11-30,KCC,PKC,20,31,2280,2615,0.132,0.030,0.837,17,25,-7.4,8.6,126,138
2024-11-30,KCD,SDO (V),13,24,1411,1720,0.149,0.037,0.814,14,21,-9.6,10.3,121,126
2024-11-30,KCR,VEO,21,23,1813,1974,0.295,0.050,0.655,18,21,4.1,-4.3,118,120
2024-11-30,KIOS (R),ZKC '19,28,31,2083,2000,0.634,0.045,0.321,25,22,-20.3,19.7,119,117
2024-11-30,KOAG,Sporting Delta,20,34,1985,2123,0.323,0.054,0.623,17,19,-23.2,26.0,118,125
2024-11-30,KVK,Focus,23,6,1466,1069,0.909,0.024,0.068,20,11,8.0,-8.3,131,134
2024-11-30,KVS,Valto,20,15,2142,2179,0.464,0.054,0.482,19,20,18.6,-18.4,121,121
2024-11-30,KVZ '23,Atlantis,29,14,1914,1628,0.845,0.030,0.125,25,17,9.4,-9.7,118,120
2024-11-30,KVZ,Elburg,22,17,1843,1625,0.785,0.040,0.175,21,15,-1.8,1.8,120,121
2024-11-30,KZ Danaiden,Pernix,14,27,1629,1961,0.133,0.034,0.833,14,22,-9.6,9.8,118,119
2024-11-30,KZ,DVO,22,22,2451,2578,0.341,0.047,0.612,21,24,9.5,-10.7,126,133
2024-11-30,Keizer Karel,Regio '72,23,12,1328,1225,0.655,0.055,0.290,18,15,20.0,-20.8,120,122
2024-11-30,Kesteren,Attila,21,14,1398,1211,0.752,0.047,0.200,18,13,8.5,-7.9,129,123
2024-11-30,Kinea / Udiros,Heerenveen,20,25,1517,1925,0.090,0.026,0.884,14,22,9.3,-8.2,123,117
2024-11-30,Koveni,PSV,13,10,1337,1400,0.424,0.057,0.519,18,19,16.4,-14.1,127,118
2024-11-30,Leeuwarden,Olympia (T),21,12,1443,1351,0.641,0.056,0.304,18,15,17.5,-18.8,117,122
2024-11-30,Luno,VZOD,18,21,1442,1405,0.562,0.064,0.374,15,14,-20.8,20.0,124,121
2024-11-30,MIA,Telstar,15,15,1839,1789,0.586,0.055,0.359,20,18,-7.3,7.5,118,120
2024-11-30,Maassluis,ODO (M),29,13,1795,1710,0.632,0.055,0.313,19,16,23.9,-25.3,119,123
2024-11-30,Madjoe,Helios,17,10,1442,1285,0.721,0.049,0.230,19,15,10.8,-10.4,132,130
2024-11-30,Merwede,RWA,26,14,1794,1733,0.600,0.054,0.346,20,18,23.5,-23.1,119,118
2024-11-30,Movado,Korbis,19,18,1731,1795,0.424,0.055,0.520,19,20,7.0,-7.3,120,123
2024-11-30,NIO,Conventus,23,8,1528,1044,0.942,0.015,0.042,23,12,4.2,-3.9,129,124
2024-11-30,NKC '51,De Meeuwen,20,13,1894,2042,0.312,0.050,0.638,18,21,34.6,-33.7,120,119
2024-11-30,NKV,Fortissimo,14,21,1355,1639,0.169,0.040,0.791,15,21,-4.0,4.1,122,123
2024-11-30,NRC '22,Synergo,27,20,1854,1928,0.410,0.056,0.534,18,19,27.9,-27.2,120,118
2024-11-30,Nic,Ritola,19,19,2048,1906,0.707,0.043,0.250,24,19,-15.3,14.4,119,115
2024-11-30,Nieuwerkerk,Die Haghe,18,16,2126,2235,0.362,0.053,0.584,18,20,14.9,-16.3,120,125
2024-11-30,Noordenveld,De Wâlden,26,15,1933,1813,0.679,0.047,0.273,22,18,16.7,-16.7,118,118
2024-11-30,OEC,VIKO,16,18,1032,1196,0.288,0.057,0.655,14,17,3.5,-3.4,124,122
2024-11-30,OJC '98,DKB,24,15,1216,1213,0.516,0.063,0.420,16,15,27.3,-30.2,122,129
2024-11-30,OKV,Aurora / DKV (IJ),18,8,1489,1239,0.813,0.040,0.147,18,12,10.1,-10.8,125,130
2024-11-30,ONDO (G),ALO,17,16,1921,1823,0.650,0.052,0.299,20,17,-7.7,7.4,120,118
2024-11-30,ONDO (M),Atlas,24,13,1842,1703,0.701,0.048,0.252,21,17,16.2,-17.4,119,124
2024-11-30,OVVO,Rohda (A),31,17,1948,1908,0.570,0.058,0.373,18,17,26.6,-25.8,118,116
2024-11-30,OZC,ADO,20,18,1450,1577,0.336,0.056,0.608,16,18,17.0,-18.3,119,124
2024-11-30,Ons Clubje,TOP (V),17,17,931,975,0.446,0.069,0.485,12,13,1.4,-1.4,130,128
2024-11-30,Oost Arnhem,TOP (S),9,27,2150,2314,0.292,0.048,0.660,19,22,-23.2,22.8,121,120
2024-11-30,Oranje Zwart,Zwaluwen (Ze),17,33,1490,1716,0.224,0.044,0.733,17,22,-17.9,17.9,121,121
2024-11-30,Paal Centraal,Olympia (S),35,13,1429,1094,0.876,0.028,0.095,21,13,10.9,-10.3,132,127
2024-11-30,Phoenix (Z),Sporting Trigon,19,18,1769,1702,0.609,0.055,0.336,19,17,-4.7,4.8,117,118
2024-11-30,Quick '21 / Vlug en Vaardig (G),OKO,16,24,1760,1846,0.394,0.052,0.553,20,21,-19.7,19.3,119,118
2024-11-30,RODA (W),Sparta (N),23,22,1722,1580,0.705,0.048,0.247,20,16,-11.4,11.5,121,121
2024-11-30,ROG,WSS,25,14,1508,1526,0.489,0.055,0.456,20,19,28.9,-28.1,118,117
2024-11-30,Rapid (H),Viking,17,19,1473,1653,0.271,0.053,0.675,15,18,4.9,-5.1,120,122
2024-11-30,Ready '60,Arena,20,21,1484,1402,0.627,0.055,0.318,19,16,-15.3,14.2,124,119
2024-11-30,Reehorst '45,Achilles (A) / AKC,27,17,1643,1494,0.716,0.041,0.243,25,20,12.7,-12.3,122,119
2024-11-30,Reeuwijk,Juliana,20,18,1685,1791,0.365,0.055,0.580,18,20,15.5,-15.6,122,123
2024-11-30,Refleks,Fortis,20,22,1776,1866,0.385,0.058,0.557,16,18,-2.9,2.6,126,120
2024-11-30,Revival,EKCA,23,18,1425,1176,0.811,0.041,0.148,18,12,-1.9,1.9,123,121
2024-11-30,Rheko,Wesstar,14,14,1289,1351,0.423,0.062,0.515,15,16,3.2,-3.1,124,123
2024-11-30,Rivalen,Vakgericht,20,9,1154,908,0.808,0.043,0.149,17,11,13.2,-16.3,130,147
2024-11-30,SCO,DOS (W),28,12,2184,1944,0.807,0.034,0.158,24,17,12.8,-12.8,121,121
2024-11-30,SDO (S),Noveas,27,19,1238,1086,0.715,0.049,0.236,19,15,12.2,-12.1,124,123
2024-11-30,SDO (W),DOS-WK,6,23,1229,1709,0.060,0.021,0.920,12,21,-6.4,5.9,126,121
2024-11-30,SEV (Z),Olympia '22,10,19,952,1197,0.203,0.046,0.751,14,19,-13.0,13.3,129,131
2024-11-30,SGV,Melmac,8,14,885,1111,0.218,0.054,0.728,12,16,-10.2,8.5,140,126
2024-11-30,SKF,Tempo,21,13,2123,1980,0.706,0.046,0.247,21,17,10.8,-12.2,120,128
2024-11-30,Scheldevogels,Seolto,13,16,991,1186,0.253,0.052,0.695,14,18,3.1,-1.8,148,124
2024-11-30,SkunK,RDZ,21,18,1342,1439,0.377,0.058,0.565,16,18,19.1,-18.2,122,119
2024-11-30,Sparta (Ze),De Parabool,10,26,1491,1750,0.192,0.041,0.767,16,22,-16.7,14.7,125,117
2024-11-30,Sparta (Zw),Animo (G),16,16,1924,1847,0.623,0.052,0.325,20,18,-9.7,9.9,119,120
2024-11-30,Sperwers,Nikantes,13,6,907,912,0.505,0.064,0.432,16,15,25.7,-27.4,127,131
2024-11-30,Spirit (Vo),AVO,27,20,2162,2005,0.725,0.041,0.234,24,19,6.1,-5.9,121,119
2024-11-30,Springfield,Ventura Sport,16,17,1140,1279,0.322,0.053,0.625,17,20,7.3,-6.0,134,123
2024-11-30,Stadskanaal '74,Spannum,28,21,1436,1532,0.380,0.051,0.569,20,22,29.1,-28.2,120,118
2024-11-30,Swift,Oosterkwartier (H),26,14,1838,1621,0.787,0.038,0.176,23,17,10.8,-11.5,116,120
2024-11-30,TOGO (G),Trekvogels (R),16,26,1553,1644,0.389,0.047,0.564,23,25,-23.2,21.2,126,120
2024-11-30,Terda,Oranje Zwart (M),8,22,806,1209,0.091,0.029,0.880,12,20,-10.5,9.0,140,128
2024-11-30,Thor (R),Twist,16,19,1514,1571,0.430,0.065,0.505,14,15,-11.3,10.7,123,120
2024-11-30,Thrianta,Wez Handich,18,28,1518,1863,0.126,0.030,0.844,17,25,-4.9,4.8,123,121
2024-11-30,Tilburg,Kinderdijk,14,14,1984,1968,0.538,0.055,0.408,20,19,-4.4,4.1,122,118
2024-11-30,Tjoba,Erasmus,15,8,1742,1520,0.790,0.038,0.172,22,16,3.3,-3.5,121,125
2024-11-30,Tweemaal Zes,KIOS (N),14,11,1891,1812,0.626,0.053,0.321,20,17,1.7,-1.6,120,119
2024-11-30,VDDO,DWA / Argo,27,14,1530,1386,0.708,0.047,0.246,21,17,18.0,-17.8,121,120
2024-11-30,Velocitas (L),Excelsior (D),21,26,1865,1946,0.401,0.054,0.545,19,20,-13.1,12.7,119,118
2024-11-30,Vitesse (Be),Club Brothers,17,15,1445,1173,0.833,0.033,0.134,22,15,-16.1,17.4,120,124
2024-11-30,Voltreffers (O),SKV (S),20,10,832,782,0.578,0.071,0.351,13,11,31.6,-29.9,136,132
2024-11-30,Vriendenschaar (B),Haarlem,21,18,1831,1664,0.733,0.045,0.222,21,16,-5.5,5.6,120,122
2024-11-30,Vriendenschaar (H),IJsselvogels,21,20,1850,1703,0.712,0.046,0.243,22,17,-11.6,11.7,118,118
2024-11-30,WIK '34,DTS (S),11,25,1126,1368,0.205,0.048,0.747,13,18,-17.9,15.5,125,116
2024-11-30,Westergo,SF Deinum,22,6,1210,722,0.943,0.017,0.040,19,9,4.9,-7.7,126,165
2024-11-30,Wit Blauw,CSL,28,23,2049,1995,0.595,0.046,0.359,25,23,8.0,-7.8,118,117
2024-11-30,Woudenberg,Noviomagum,19,15,1824,1763,0.602,0.052,0.346,21,19,6.2,-6.3,119,120
2024-11-30,Zaamslag,Keep Fit '70,24,13,1453,1174,0.839,0.032,0.129,23,15,8.0,-8.2,125,127
2024-11-30,Zwart Wit,Duko,22,14,1536,1456,0.626,0.054,0.320,19,17,16.5,-18.0,120,125
2024-12-01,LDODK,DOS '46,26,18,2458,2513,0.439,0.052,0.509,21,22,29.6,-30.7,127,130
2024-12-01,Mariarade,FSC,7,18,568,993,0.079,0.031,0.890,8,15,-13.8,10.9,174,151
2024-12-01,NKC (N)/Wees Kwiek,Goorecht,13,10,840,744,0.643,0.060,0.297,16,13,17.6,-17.5,301,300
2024-12-07,ADO,ACKC,11,23,1556,1719,0.290,0.057,0.653,14,17,-21.5,23.6,121,127
2024-12-07,ALO,Maassluis,15,20,1828,1819,0.528,0.056,0.416,19,18,-20.7,21.1,116,117
2024-12-07,ASVD,Thrianta,21,12,1835,1511,0.870,0.027,0.103,24,16,1.6,-1.6,122,122
2024-12-07,AVO,Avanti (P),19,24,1998,2154,0.302,0.050,0.649,18,21,-6.2,6.3,117,118
2024-12-07,Achilles (A) / AKC,Blauw Zwart,25,21,1480,1364,0.673,0.051,0.275,19,16,2.4,-2.5,118,121
2024-12-07,Amicitia (V),NRC '22,21,18,1863,1882,0.489,0.055,0.455,20,19,9.7,-9.7,117,117
2024-12-07,Animo (G),Dindoa,15,29,1855,2093,0.212,0.040,0.748,18,24,-14.7,16.1,117,123
2024-12-07,Apollo,RODA (W),18,19,1390,1709,0.142,0.036,0.822,14,21,19.4,-19.1,120,119
2024-12-07,Arena,Koveni,13,9,1416,1351,0.606,0.053,0.341,20,18,6.0,-6.6,117,123
2024-12-07,Atlantis,Tweemaal Zes,24,29,1616,1890,0.178,0.039,0.783,16,22,2.1,-1.9,120,117
2024-12-07,Atlas,DVS '69,24,21,1683,1649,0.563,0.055,0.382,20,18,5.6,-5.4,122,118
2024-12-07,Attila,SGV,34,7,1201,872,0.871,0.032,0.097,18,11,9.7,-11.9,121,136
2024-12-07,CSL,KIOS (R),28,28,1986,2062,0.410,0.047,0.542,23,25,4.0,-4.2,115,117
2024-12-07,Celeritas (A),Kleine Sluis,9,9,915,1016,0.366,0.070,0.565,12,13,13.8,-14.5,208,213
2024-12-07,Club Brothers,Leeuwarden,18,24,1189,1459,0.181,0.041,0.779,15,21,-1.7,1.6,123,115
2024-12-07,Conventus,Gemini,10,9,1037,1184,0.306,0.065,0.629,12,14,16.8,-16.8,125,125
2024-12-07,DKB,Kesteren,11,21,1180,1405,0.222,0.049,0.729,14,19,-15.3,15.7,125,126
2024-12-07,DKV Victoria,Madjoe,18,13,1509,1451,0.596,0.056,0.348,19,16,11.0,-12.4,121,129
2024-12-07,DOS (W),Spirit (Vo),19,26,1928,2167,0.212,0.039,0.749,19,25,-4.4,4.3,120,119
2024-12-07,DOS Kampen,Kinea / Udiros,22,14,1868,1525,0.882,0.026,0.092,23,14,-0.8,0.9,121,124
2024-12-07,DOS-WK,Zwart Wit,23,14,1714,1552,0.728,0.048,0.225,19,15,12.8,-12.0,122,117
2024-12-07,DSO (K),TOGO (G),23,17,1484,1527,0.452,0.056,0.491,18,19,23.5,-23.0,123,122
2024-12-07,DTS (E),DWS (K),14,12,1370,1444,0.406,0.065,0.529,14,15,14.6,-13.3,127,122
2024-12-07,DTS (S),Vitesse (Be),19,15,1383,1427,0.452,0.057,0.491,18,19,15.3,-16.4,115,119
2024-12-07,DVO,Blauw Wit,22,18,2565,2418,0.714,0.040,0.245,26,21,-2.5,2.3,128,123
2024-12-07,DWA / Argo,De Pein,12,25,1366,1524,0.299,0.050,0.651,18,21,-20.7,19.2,118,114
2024-12-07,De Corvers,ESDO,11,16,1093,1103,0.500,0.060,0.440,18,17,-22.4,26.4,125,136
2024-12-07,De Hoeve,EKC 2000,21,13,1284,1075,0.776,0.044,0.180,19,14,7.8,-9.5,118,133
2024-12-07,De Meervogels,KVS,13,24,1946,2159,0.237,0.045,0.719,17,22,-14.3,14.4,117,118
2024-12-07,De Meeuwen,SCO,17,23,2005,2196,0.261,0.046,0.693,18,22,-5.9,6.2,116,120
2024-12-07,De Parabool,Noordenveld,21,19,1764,1949,0.268,0.046,0.686,18,22,20.5,-20.5,116,116
2024-12-07,De Wâlden,Quick '21 / Vlug en Vaardig (G),16,25,1794,1738,0.594,0.054,0.352,20,18,-34.1,34.4,116,117
2024-12-07,Devinco,SDO (W),18,14,1623,1219,0.912,0.022,0.065,21,12,-13.0,15.0,119,127
2024-12-07,Die Haghe,SKF,23,20,2216,2132,0.633,0.050,0.317,22,19,0.7,-0.7,122,118
2024-12-07,Drachten,Nic,22,14,1957,2031,0.411,0.053,0.536,20,21,25.7,-28.3,111,117
2024-12-07,Duko,Reehorst '45,19,22,1436,1655,0.232,0.039,0.729,21,26,6.8,-6.5,122,120
2024-12-07,EKCA,SkunK,20,18,1177,1360,0.267,0.052,0.680,15,19,22.5,-22.2,120,119
2024-12-07,EKVA,HKC (U),21,12,1569,1547,0.550,0.051,0.400,22,21,24.9,-23.9,130,127
2024-12-07,Elburg,Oranje Zwart,19,13,1625,1470,0.721,0.045,0.234,22,17,4.8,-4.8,120,119
2024-12-07,Erasmus,ONDO (M),21,25,1513,1857,0.125,0.033,0.842,14,21,9.5,-8.4,124,117
2024-12-07,Excelsior (D),OVVO,14,17,1958,1974,0.491,0.057,0.452,20,19,-12.0,12.1,115,115
2024-12-07,Fiks,AW.DTV,27,19,2160,2315,0.306,0.046,0.648,21,24,36.1,-33.6,120,116
2024-12-07,Focus,Scheldevogels,21,17,1058,992,0.606,0.057,0.337,18,16,8.9,-9.8,134,142
2024-12-07,Fortis,KOAG,23,18,1868,1960,0.383,0.058,0.560,17,18,24.0,-23.5,117,116
2024-12-07,Fortissimo,Ready '60,17,15,1642,1467,0.742,0.045,0.213,20,16,-10.1,9.8,122,121
2024-12-07,Groen Geel,Oost Arnhem,24,13,2276,2123,0.720,0.044,0.236,22,18,14.0,-14.4,117,119
2024-12-07,HBC (Be),Purmer,28,5,1445,849,0.968,0.011,0.022,19,8,2.7,-3.5,121,140
2024-12-07,Haarlem,Swift,21,17,1668,1848,0.273,0.050,0.678,17,20,29.1,-27.0,120,115
2024-12-07,Harich,Stadskanaal '74,26,12,1506,1465,0.577,0.049,0.374,24,22,23.7,-24.9,114,118
2024-12-07,Heerenveen,HHV,21,12,1915,1496,0.921,0.018,0.061,26,15,-2.1,2.5,118,124
2024-12-07,Helios,Dunas,13,27,1272,1496,0.224,0.045,0.731,16,21,-18.9,16.8,127,120
2024-12-07,Hellas '63,KVZ,16,23,1596,1840,0.205,0.043,0.752,16,21,-5.8,5.8,119,119
2024-12-07,Hoogkerk,WSS,26,12,1667,1496,0.739,0.044,0.217,21,16,16.0,-15.1,118,114
2024-12-07,IJsselvogels,DES (De),20,15,1713,1797,0.396,0.053,0.551,19,21,21.9,-21.2,117,115
2024-12-07,Joure,It Fean,18,22,1439,1539,0.374,0.055,0.571,18,20,-7.9,8.0,114,115
2024-12-07,Juliana,Movado,17,14,1773,1736,0.568,0.056,0.376,19,18,5.4,-5.2,120,117
2024-12-07,KCC,LDODK,20,28,2271,2487,0.235,0.043,0.722,18,23,-10.0,9.7,125,123
2024-12-07,KIOS (N),Vriendenschaar (B),17,11,1807,1824,0.492,0.055,0.453,20,19,18.6,-19.3,117,119
2024-12-07,KVA,BEP,16,12,2036,1903,0.695,0.047,0.258,22,17,0.2,-0.2,116,118
2024-12-07,KVW '22,Sparta (Ze),29,15,1711,1472,0.806,0.037,0.157,22,15,11.8,-12.9,117,123
2024-12-07,Keep Fit '70,KVK,16,20,1164,1474,0.148,0.040,0.812,12,19,6.1,-6.7,126,131
2024-12-07,Kinderdijk,Refleks,17,15,1970,1771,0.767,0.042,0.191,21,15,-10.7,12.1,116,122
2024-12-07,Korbis,GKV,21,20,1785,1601,0.756,0.035,0.208,28,21,-15.3,15.1,119,119
2024-12-07,Korvesta,d'Ommerdieck,7,11,557,862,0.149,0.046,0.805,10,15,2.8,-3.6,234,242
2024-12-07,Lemmer,Westergo,7,13,768,1215,0.071,0.026,0.903,10,18,7.7,-4.4,158,127
2024-12-07,Lintjo,De Waterpoort,10,18,1283,1176,0.661,0.052,0.287,19,16,-41.8,44.3,124,128
2024-12-07,Melmac,OEC,11,6,1118,1034,0.628,0.060,0.312,16,14,10.9,-10.5,124,121
2024-12-07,Mid Fryslân,DeetosSnel,35,22,2265,2260,0.525,0.052,0.423,21,20,26.3,-27.5,114,117
2024-12-07,Nexus,Rapid (H),20,19,1537,1476,0.599,0.059,0.343,17,15,-4.0,4.1,117,118
2024-12-07,Nikantes,NIO,12,27,881,1531,0.023,0.010,0.967,10,23,-2.1,2.2,127,130
2024-12-07,Nova,Fiducia,14,17,1771,1758,0.534,0.056,0.410,19,18,-16.2,16.3,122,123
2024-12-07,Noveas,Elko,16,17,1073,1382,0.150,0.037,0.813,15,21,19.1,-20.6,121,126
2024-12-07,Noviomagum,Apeldoorn,20,21,1754,1811,0.435,0.054,0.511,19,20,-1.2,1.2,117,115
2024-12-07,ODIK,HKC (He),20,12,1744,1612,0.693,0.050,0.257,20,16,12.0,-11.8,118,116
2024-12-07,ODO (M),Phoenix (Z),22,15,1682,1762,0.398,0.061,0.540,16,17,30.4,-27.8,120,115
2024-12-07,OKO,IFC '25,23,24,1864,1818,0.584,0.050,0.366,22,20,-10.2,11.0,116,120
2024-12-07,Oerterp,ROG,15,24,1421,1536,0.353,0.056,0.592,17,19,-19.8,19.4,117,116
2024-12-07,Olympia '22,Ons Clubje,18,11,1209,932,0.835,0.038,0.127,17,11,3.2,-3.1,128,126
2024-12-07,Olympia (T),DTL,12,16,1329,1585,0.193,0.045,0.762,14,19,2.7,-3.0,119,123
2024-12-07,Oosterkwartier (H),KVZ '23,17,33,1607,1924,0.145,0.033,0.822,17,24,-11.5,11.3,119,118
2024-12-07,Oranje Nassau / Triaz,Vlug en Vaardig (A),15,18,960,947,0.528,0.067,0.405,14,13,-22.4,32.8,141,172
2024-12-07,Oranje Wit (D),Albatros,19,18,1946,2010,0.426,0.052,0.522,21,22,7.0,-6.9,122,121
2024-12-07,Oranje Zwart (M),Voltreffers (O),20,15,1217,863,0.887,0.028,0.085,19,11,-7.7,8.1,128,131
2024-12-07,PKC,Fortuna (D),24,22,2623,2522,0.658,0.045,0.296,24,20,-6.2,5.1,136,125
2024-12-07,PSV,KCD,17,22,1383,1399,0.490,0.061,0.449,17,16,-19.4,21.0,115,120
2024-12-07,Pallas '08,Emmeloord,16,15,1639,1347,0.850,0.029,0.121,24,16,-19.7,23.0,114,123
2024-12-07,Pernix,ONDO (G),16,26,1971,1911,0.600,0.053,0.347,21,18,-37.3,36.5,119,118
2024-12-07,RDZ,Keizer Karel,15,18,1419,1348,0.612,0.058,0.330,18,15,-21.0,21.3,117,118
2024-12-07,RWA,Vriendenschaar (H),11,21,1707,1837,0.335,0.054,0.611,17,20,-19.5,19.7,116,117
2024-12-07,Regio '72,Rheko,15,19,1201,1290,0.386,0.062,0.552,15,16,-11.3,11.4,120,120
2024-12-07,Ritola,Wit Blauw,25,28,1919,2056,0.327,0.046,0.626,21,24,-0.3,0.3,114,116
2024-12-07,Rohda (A),Achilles (H),15,20,1880,2068,0.264,0.048,0.688,17,21,-3.9,4.0,114,116
2024-12-07,Rood Wit (W),VDDO,27,16,1602,1548,0.593,0.053,0.354,21,18,22.4,-22.5,119,119
2024-12-07,Rust Roest (E),Tjoba,23,26,1815,1743,0.618,0.052,0.330,20,18,-20.5,21.0,118,120
2024-12-07,SDO (K),DOT (O),22,17,1941,1849,0.641,0.052,0.307,20,17,7.1,-7.1,117,117
2024-12-07,SDO (V),NKV,24,9,1730,1349,0.902,0.023,0.075,22,13,6.9,-6.5,125,121
2024-12-07,SF Deinum,MN en W,8,19,711,1149,0.074,0.028,0.898,9,17,-10.0,7.0,164,131
2024-12-07,SIOS / Leonidas,Roreko,17,10,1371,1357,0.534,0.058,0.408,18,17,21.8,-22.7,125,128
2024-12-07,SKV (S),Good Luck,12,18,749,1367,0.027,0.012,0.961,9,20,10.1,-9.1,128,122
2024-12-07,Seolto,Blauw Wit (K),15,25,1183,1536,0.119,0.033,0.848,13,20,-6.7,7.4,122,128
2024-12-07,Spannum,De Granaet,19,28,1503,1666,0.292,0.052,0.656,16,20,-15.6,16.3,116,119
2024-12-07,Sparta (N),Furore,16,16,1590,1524,0.606,0.058,0.337,18,15,-8.8,8.8,119,119
2024-12-07,Sporting Delta,HKV / Ons Eibernest,29,20,2149,1793,0.889,0.025,0.086,23,14,1.1,-1.0,122,115
2024-12-07,Sporting Trigon,KZ Danaiden,18,17,1704,1617,0.636,0.055,0.310,19,16,-6.2,6.5,115,118
2024-12-07,Sporting West,Badhoevedorp,15,16,1474,1577,0.369,0.058,0.573,16,18,2.6,-2.4,121,117
2024-12-07,Stormvogels (U),Dijkvogels,12,29,1045,1592,0.041,0.017,0.942,9,18,-5.3,4.4,134,119
2024-12-07,Swift (M),Tilburg,25,20,2068,1977,0.643,0.049,0.308,22,19,6.3,-6.4,118,119
2024-12-07,Synergo,Sparta (Zw),15,20,1899,1912,0.495,0.059,0.446,18,17,-19.3,19.7,116,117
2024-12-07,TOP (A),Dalto,17,21,2104,2325,0.228,0.045,0.727,17,21,1.7,-1.7,119,118
2024-12-07,TOP (S),DSC,23,19,2336,2300,0.568,0.052,0.380,22,20,7.9,-7.4,118,114
2024-12-07,TOP (V),KIOS '45,26,10,972,744,0.793,0.044,0.163,17,12,15.1,-21.4,124,150
2024-12-07,Telstar,Woudenberg,18,12,1794,1828,0.466,0.056,0.478,18,19,20.6,-20.4,117,117
2024-12-07,Tempo,GKV (G),18,21,1965,2029,0.423,0.057,0.520,18,19,-9.2,8.4,125,119
2024-12-07,Thor (H),Hebbes,12,14,1104,1092,0.529,0.065,0.407,15,14,-20.2,13.3,154,124
2024-12-07,Tiel '72,MIA,19,26,1751,1829,0.403,0.056,0.541,18,19,-19.7,18.4,120,116
2024-12-07,Trekvogels (R),Korbatjo,21,11,1665,1573,0.647,0.044,0.309,26,22,15.4,-17.0,117,123
2024-12-07,Triade,Paal Centraal,13,16,1100,1441,0.127,0.034,0.839,14,21,13.0,-14.4,125,131
2024-12-07,Twist,Reeuwijk,14,21,1580,1699,0.347,0.057,0.597,16,18,-15.8,16.5,117,120
2024-12-07,Unitas,HKC (Ha),23,18,2281,2351,0.417,0.053,0.530,20,21,22.2,-21.6,123,121
2024-12-07,VEO,Merwede,17,15,1969,1817,0.717,0.045,0.237,22,17,-8.1,8.0,117,117
2024-12-07,VIKO,OJC '98,15,16,1191,1243,0.437,0.064,0.499,14,15,-2.5,2.4,120,119
2024-12-07,VZOD,De Vinken,10,23,1424,1827,0.092,0.027,0.881,13,22,-6.6,7.0,119,122
2024-12-07,Vakgericht,SEV (Z),11,13,889,937,0.441,0.069,0.490,13,14,-10.8,8.6,143,127
2024-12-07,Valto,Nieuwerkerk,18,21,2157,2139,0.542,0.054,0.404,20,19,-15.4,15.3,118,117
2024-12-07,Ventura Sport,Terda,21,7,1271,793,0.941,0.016,0.043,22,11,3.6,-4.5,120,138
2024-12-07,Victum,Antilopen,20,26,1884,1895,0.499,0.055,0.445,20,19,-22.3,22.1,119,118
2024-12-07,Viking,Luno,15,17,1646,1419,0.793,0.041,0.166,19,14,-30.4,30.9,120,121
2024-12-07,Vitesse (Ba),Velocitas (L),31,22,1928,1850,0.625,0.051,0.324,21,18,16.9,-16.9,117,117
2024-12-07,WION,Thor (R),12,23,1464,1501,0.460,0.063,0.478,15,16,-32.0,31.6,121,120
2024-12-07,WWC,WIK '34,29,13,1564,1105,0.934,0.017,0.049,23,12,4.1,-4.6,116,123
2024-12-07,Wageningen,NKC '51,25,14,2219,1927,0.850,0.029,0.121,25,17,5.7,-5.5,120,118
2024-12-07,Weidevogels,KCR,26,14,1785,1816,0.471,0.055,0.474,19,20,29.9,-30.0,116,116
2024-12-07,Wesstar,Revival,16,23,1346,1422,0.403,0.061,0.536,16,17,-21.0,21.6,120,122
2024-12-07,Wez Handich,Exakwa,26,21,1867,1778,0.642,0.047,0.311,24,20,6.1,-5.8,121,118
2024-12-07,Wiko,Diderna,10,15,542,964,0.081,0.030,0.889,9,17,9.3,-11.5,224,237
2024-12-07,Wolderwijd,Huizen,19,9,1436,1294,0.702,0.054,0.244,17,13,17.8,-16.7,125,121
2024-12-07,ZKC '19,Flamingo's (B),22,17,2020,1948,0.619,0.048,0.333,23,21,6.9,-7.0,115,116
2024-12-07,Zaandam Zuid,OKV,12,19,1147,1497,0.120,0.035,0.845,12,19,-1.6,1.6,131,123
2024-12-07,Zwaluwen (Ze),Juventa,21,21,1734,1814,0.401,0.056,0.543,18,20,4.6,-4.5,119,118
2024-12-08,DOS '46,KZ,19,15,2479,2459,0.546,0.052,0.402,22,20,10.2,-9.8,125,123
2024-12-08,FSC,KVS '17,17,15,1002,876,0.681,0.059,0.260,15,12,-5.7,6.2,149,154
2024-12-08,Forward,WK,21,11,552,728,0.272,0.062,0.667,11,14,118.5,-78.2,216,174
2024-12-08,Koru,Vefo,15,12,1126,895,0.795,0.044,0.161,17,12,-12.6,14.5,175,185
2024-12-12,Aurora / DKV (IJ),Purmer,21,4,1225,844,0.899,0.028,0.073,16,9,8.7,-10.0,130,141
2024-12-12,Luctor,Zaamslag,12,17,1200,1460,0.192,0.037,0.771,19,25,2.7,-2.5,131,127
2024-12-14,ADO,Trekvogels (R),20,16,1534,1681,0.314,0.049,0.637,19,22,24.7,-23.3,118,115
2024-12-14,ALO,Sporting Trigon,24,17,1807,1698,0.664,0.051,0.285,20,17,10.5,-10.5,114,113
2024-12-14,AW.DTV,TOP (S),20,17,2280,2344,0.426,0.054,0.520,20,21,13.1,-13.4,114,115
2024-12-14,Achilles (A) / AKC,DOS-WK,15,32,1484,1728,0.205,0.044,0.751,15,20,-15.8,16.9,116,120
2024-12-14,Achilles (H),Velocitas (L),25,18,2072,1834,0.806,0.035,0.159,23,17,1.4,-1.4,114,115
2024-12-14,Ados,DSO (A),19,12,1288,1215,0.614,0.061,0.325,16,14,20.2,-18.0,133,125
2024-12-14,Animo (G),Amicitia (V),18,19,1839,1873,0.468,0.054,0.478,19,20,-3.3,3.1,116,114
2024-12-14,Apeldoorn,MIA,23,21,1812,1849,0.464,0.054,0.482,19,20,7.3,-7.4,113,114
2024-12-14,Arena,SDO (V),13,20,1421,1737,0.144,0.035,0.821,15,22,-1.3,1.3,115,125
2024-12-14,Atlantis,Haarlem,16,17,1619,1698,0.404,0.055,0.541,19,20,0.6,-0.6,119,118
2024-12-14,Avanti (P),SCO,24,14,2160,2202,0.458,0.052,0.490,21,22,27.9,-28.5,116,118
2024-12-14,Badhoevedorp,Luno,11,13,1574,1450,0.682,0.053,0.266,18,15,-20.9,22.7,115,120
2024-12-14,CSL,Drachten,24,20,1991,1983,0.530,0.051,0.419,22,21,9.2,-8.7,113,110
2024-12-14,Club Brothers,WWC,22,22,1187,1570,0.103,0.027,0.869,15,24,28.2,-26.2,122,118
2024-12-14,Conventus,Olympia (S),18,10,1053,1081,0.472,0.064,0.464,16,15,28.6,-32.1,122,130
2024-12-14,DOS (W),Wageningen,16,29,1924,2225,0.157,0.035,0.808,17,24,-10.7,11.0,119,120
2024-12-14,DOS Kampen,ASVD,28,22,1868,1836,0.562,0.051,0.387,22,20,14.6,-14.8,121,122
2024-12-14,DSC,Groen Geel,22,24,2292,2290,0.519,0.053,0.428,21,20,-9.3,9.9,112,116
2024-12-14,DTG,Westergo,16,13,1428,1210,0.787,0.039,0.174,22,16,-11.7,9.9,138,128
2024-12-14,DTL,Vitesse (Be),17,10,1582,1410,0.740,0.043,0.217,22,17,6.5,-6.1,122,117
2024-12-14,DTS (E),Sparta (N),19,21,1384,1581,0.253,0.051,0.696,15,19,6.9,-6.1,123,117
2024-12-14,DTS (S),Olympia (T),17,18,1398,1331,0.607,0.059,0.334,17,15,-12.2,13.3,113,118
2024-12-14,DVS '69,Tjoba,22,26,1644,1765,0.348,0.052,0.600,19,21,-6.0,6.1,116,117
2024-12-14,Dalto,Mid Fryslân,23,22,2323,2293,0.562,0.048,0.390,24,22,-2.1,2.0,116,112
2024-12-14,De Granaet,Hoogkerk,18,12,1684,1684,0.514,0.058,0.428,19,18,18.0,-18.0,117,117
2024-12-14,De Meeuwen,AVO,11,12,1998,1991,0.526,0.056,0.418,19,18,-7.0,7.1,115,115
2024-12-14,De Pein,Emmeloord,22,16,1545,1369,0.743,0.043,0.213,22,16,3.2,-3.6,112,122
2024-12-14,De Waterpoort,MN en W,4,5,1221,1156,0.605,0.055,0.340,19,17,-13.6,15.0,125,131
2024-12-14,DeetosSnel,Fiks,24,18,2232,2197,0.568,0.051,0.381,22,20,12.7,-13.4,114,118
2024-12-14,Devinco,Duko,22,11,1610,1443,0.735,0.045,0.220,21,16,14.3,-14.4,120,120
2024-12-14,Die Haghe,De Meervogels,25,17,2217,1930,0.845,0.031,0.124,23,16,1.4,-1.4,119,116
2024-12-14,EKC 2000,SDO (S),15,21,1065,1250,0.266,0.051,0.683,15,19,-9.8,9.1,130,125
2024-12-14,ESDO,Hebbes,14,9,1129,1105,0.545,0.065,0.390,15,14,18.3,-16.0,130,121
2024-12-14,Elko,Roreko,24,14,1361,1333,0.555,0.055,0.390,20,18,25.7,-25.5,125,124
2024-12-14,Exakwa,HHV,26,19,1772,1498,0.837,0.031,0.132,24,16,-0.5,0.7,116,124
2024-12-14,Flamingo's (B),Wit Blauw,19,19,1940,2058,0.353,0.048,0.599,21,24,7.5,-7.5,114,114
2024-12-14,Fortis,Swift (M),15,19,1892,2075,0.270,0.049,0.681,17,20,-1.4,1.4,115,116
2024-12-14,Fortuna (D),Unitas,27,19,2526,2303,0.793,0.036,0.171,24,18,4.4,-4.3,122,120
2024-12-14,Furore,DWS (K),17,10,1533,1429,0.652,0.061,0.287,15,12,14.2,-14.7,117,119
2024-12-14,HKC (Ha),DVO,28,29,2328,2562,0.217,0.040,0.743,19,25,13.7,-15.5,118,125
2024-12-14,HKC (U),Huizen,25,21,1522,1276,0.810,0.040,0.150,19,12,-6.0,5.6,123,119
2024-12-14,Heerenveen,Wez Handich,22,21,1913,1874,0.573,0.050,0.377,22,21,-2.8,2.8,119,119
2024-12-14,Helios,Fluks (N),9,10,1252,1427,0.277,0.055,0.668,14,18,9.3,-8.8,125,121
2024-12-14,IJsselvogels,VEO,23,24,1735,1960,0.225,0.044,0.732,17,22,12.3,-12.6,115,116
2024-12-14,Joure,Rood Wit (W),13,30,1431,1626,0.256,0.047,0.697,17,21,-17.9,19.1,112,116
2024-12-14,Juliana,WION,30,10,1778,1431,0.884,0.026,0.090,22,13,8.1,-8.2,117,118
2024-12-14,KCR,Vriendenschaar (H),18,26,1785,1856,0.414,0.055,0.531,19,20,-20.1,20.3,114,114
2024-12-14,KVA,Excelsior (D),22,20,2035,1944,0.642,0.050,0.308,21,18,-3.3,3.2,115,113
2024-12-14,KVK,Blauw Wit (K),12,20,1467,1545,0.404,0.058,0.538,17,18,-25.4,24.7,129,128
2024-12-14,KVS,SKF,29,24,2174,2131,0.577,0.052,0.370,21,19,10.3,-10.2,117,116
2024-12-14,KVW '22,De Wâlden,19,21,1724,1759,0.466,0.056,0.479,18,19,-7.0,6.7,117,114
2024-12-14,KVZ,Juventa,19,14,1846,1810,0.568,0.055,0.377,20,18,11.6,-11.2,118,116
2024-12-14,KZ Danaiden,Maassluis,24,27,1623,1840,0.231,0.048,0.721,15,20,4.1,-4.0,116,115
2024-12-14,KZ,KCC,27,21,2448,2260,0.757,0.041,0.202,22,17,2.4,-2.5,119,123
2024-12-14,Keizer Karel,Revival,17,31,1369,1445,0.405,0.061,0.534,16,17,-27.8,29.3,116,119
2024-12-14,Kesteren,OEC,21,11,1421,1022,0.910,0.023,0.067,21,11,2.5,-2.4,124,119
2024-12-14,Korbatjo,ACKC,22,19,1555,1743,0.263,0.048,0.689,17,21,26.1,-27.5,120,124
2024-12-14,Korbis,Twist,17,13,1770,1563,0.775,0.042,0.183,20,15,-4.2,3.9,118,115
2024-12-14,LDODK,PKC,29,27,2497,2617,0.351,0.047,0.603,22,25,15.1,-17.8,121,131
2024-12-14,Luctor,Focus,15,7,1202,1068,0.696,0.049,0.255,20,16,13.4,-14.1,126,130
2024-12-14,Madjoe,Dijkvogels,14,13,1438,1598,0.295,0.054,0.651,16,19,17.4,-16.2,125,121
2024-12-14,Melmac,DKB,7,12,1128,1164,0.459,0.065,0.476,14,15,-20.3,20.7,121,123
2024-12-14,Merwede,DES (De),23,22,1824,1775,0.585,0.053,0.361,20,18,-3.3,3.2,115,113
2024-12-14,NIO,Paal Centraal,19,14,1535,1426,0.665,0.048,0.286,22,18,6.4,-6.3,132,130
2024-12-14,NKC '51,Spirit (Vo),20,29,1920,2172,0.200,0.037,0.763,20,26,-7.2,7.3,118,118
2024-12-14,NKV,Koveni,15,11,1341,1343,0.511,0.059,0.430,18,17,13.2,-13.0,121,120
2024-12-14,NRC '22,Dindoa,18,20,1871,2111,0.211,0.041,0.748,18,23,9.7,-11.1,114,122
2024-12-14,Nic,KIOS (R),29,21,2001,2059,0.436,0.049,0.514,22,23,24.5,-24.4,115,114
2024-12-14,Nieuwerkerk,GKV (G),22,17,2154,2037,0.675,0.049,0.276,21,17,4.6,-4.7,115,116
2024-12-14,Noordenveld,IFC '25,16,16,1928,1829,0.654,0.049,0.298,22,19,-11.0,11.6,115,118
2024-12-14,Nova,Apollo,25,7,1754,1409,0.882,0.027,0.091,22,13,8.3,-8.3,119,119
2024-12-14,ODIK,Elburg,15,13,1756,1630,0.686,0.050,0.264,20,16,-5.7,5.9,116,118
2024-12-14,OKO,De Parabool,25,20,1855,1785,0.617,0.049,0.335,23,20,7.0,-7.1,114,115
2024-12-14,ONDO (M),Albatros,24,25,1849,2003,0.305,0.052,0.644,17,20,7.1,-7.1,117,118
2024-12-14,OVVO,BEP,16,8,1986,1901,0.633,0.053,0.314,20,17,14.5,-15.1,113,116
2024-12-14,Oerterp,Harich,14,19,1401,1531,0.335,0.052,0.613,18,21,-8.2,8.0,115,113
2024-12-14,Oost Arnhem,TOP (A),23,20,2107,2105,0.518,0.057,0.426,19,18,8.3,-8.4,117,117
2024-12-14,Oosterkwartier (H),KIOS (N),23,21,1595,1825,0.220,0.043,0.737,17,22,25.1,-23.3,118,114
2024-12-14,Oranje Wit (D),Erasmus,37,10,1953,1523,0.925,0.017,0.058,26,15,5.7,-6.1,119,123
2024-12-14,Oranje Zwart (M),'t Capproen,11,8,1210,1306,0.377,0.061,0.562,15,17,20.8,-21.6,128,130
2024-12-14,Oranje Zwart,HKC (He),20,34,1464,1599,0.329,0.052,0.619,18,20,-23.2,22.2,118,115
2024-12-14,PSV,Fortissimo,17,26,1363,1631,0.183,0.042,0.776,15,21,-8.1,9.1,113,120
2024-12-14,Pallas '08,DWA / Argo,28,13,1619,1344,0.836,0.031,0.133,24,17,9.4,-9.7,115,116
2024-12-14,Pernix,ODO (M),25,12,1932,1713,0.788,0.039,0.172,21,15,12.1,-12.2,116,117
2024-12-14,Phoenix (Z),ONDO (G),7,29,1734,1948,0.234,0.048,0.718,15,20,-17.3,18.0,113,115
2024-12-14,Purmer,OKV,6,27,833,1499,0.021,0.010,0.970,8,20,-3.2,2.6,138,123
2024-12-14,Quick '21 / Vlug en Vaardig (G),Sparta (Ze),28,20,1774,1458,0.865,0.029,0.106,22,14,0.7,-0.7,114,122
2024-12-14,RODA (W),Fiducia,21,13,1690,1774,0.396,0.056,0.548,18,19,30.5,-31.1,118,119
2024-12-14,RWA,Weidevogels,15,14,1686,1816,0.336,0.053,0.611,18,20,12.1,-12.0,114,114
2024-12-14,Rapid (H),De Vinken,14,21,1480,1834,0.120,0.032,0.849,14,22,0.2,-0.3,116,123
2024-12-14,Ready '60,KCD,16,16,1476,1420,0.593,0.058,0.350,18,16,-8.0,7.7,119,117
2024-12-14,Reehorst '45,SDO (W),24,14,1649,1234,0.920,0.018,0.063,27,15,-0.8,1.1,118,127
2024-12-14,Reeuwijk,GKV,25,19,1716,1617,0.657,0.042,0.301,26,23,6.3,-6.3,117,118
2024-12-14,Refleks,HKV / Ons Eibernest,25,23,1782,1792,0.502,0.057,0.441,19,18,6.0,-5.6,121,116
2024-12-14,Regio '72,EKCA,18,14,1190,1200,0.498,0.063,0.439,17,16,14.1,-14.3,117,118
2024-12-14,Ritola,ZKC '19,20,24,1919,2027,0.367,0.049,0.584,21,23,-5.8,5.8,113,113
2024-12-14,Rust Roest (E),Atlas,22,13,1795,1690,0.661,0.050,0.289,21,17,14.8,-15.5,116,119
2024-12-14,SDO (K),Synergo,15,6,1948,1879,0.612,0.056,0.332,19,16,18.3,-17.7,115,113
2024-12-14,SEV (Z),KIOS '45,18,13,945,722,0.788,0.047,0.166,16,11,1.1,-1.0,123,145
2024-12-14,SF Deinum,Lintjo,12,17,700,1240,0.042,0.018,0.940,8,18,17.4,-9.1,161,122
2024-12-14,SGV,OJC '98,10,16,859,1245,0.099,0.033,0.868,10,17,2.4,-1.5,135,116
2024-12-14,SIOS / Leonidas,Noveas,25,12,1393,1092,0.854,0.033,0.114,20,13,9.3,-9.1,122,121
2024-12-14,SKV (S),Ventura Sport,14,17,759,1276,0.049,0.019,0.932,10,19,21.0,-18.4,129,122
2024-12-14,Scheldevogels,Zaamslag,18,20,983,1458,0.063,0.018,0.918,15,26,29.4,-23.6,136,123
2024-12-14,Seolto,Keep Fit '70,15,19,1176,1170,0.520,0.065,0.414,15,14,-21.2,22.4,122,125
2024-12-14,SkunK,Rheko,14,15,1338,1302,0.565,0.059,0.375,17,16,-10.2,10.2,118,118
2024-12-14,Sparta (Zw),DOT (O),20,19,1931,1842,0.640,0.052,0.308,20,17,-6.6,6.6,114,115
2024-12-14,Sperwers,Gemini,14,20,931,1166,0.210,0.052,0.738,12,16,-7.3,7.0,125,122
2024-12-14,Sporting Delta,Kinderdijk,19,15,2151,1958,0.762,0.042,0.196,21,16,-4.0,3.4,122,115
2024-12-14,Springfield,Voltreffers (O),13,9,1145,871,0.834,0.036,0.130,20,13,-9.0,8.7,133,131
2024-12-14,Stadskanaal '74,ROG,25,27,1439,1557,0.353,0.050,0.597,20,22,0.8,-0.8,115,114
2024-12-14,Stormvogels (U),DKV Victoria,12,22,1039,1520,0.059,0.022,0.919,11,20,-2.7,2.3,134,118
2024-12-14,Swift,Tweemaal Zes,19,14,1821,1890,0.417,0.057,0.526,18,19,20.0,-21.1,114,117
2024-12-14,TOGO (G),OZC,19,16,1504,1465,0.574,0.051,0.375,22,20,4.3,-4.3,119,119
2024-12-14,TOP (V),Vakgericht,21,20,989,878,0.664,0.058,0.278,16,13,-8.3,10.4,123,136
2024-12-14,Tempo,Valto,18,28,1955,2141,0.267,0.048,0.685,17,21,-16.3,14.8,121,115
2024-12-14,Terda,Good Luck,8,29,787,1358,0.036,0.014,0.950,11,21,-5.2,4.3,139,124
2024-12-14,Thor (H),De Corvers,14,11,1084,1070,0.534,0.059,0.407,17,16,11.3,-8.2,145,121
2024-12-14,Thor (R),Movado,16,10,1533,1730,0.253,0.051,0.696,15,19,36.5,-34.8,117,115
2024-12-14,Thrianta,Kinea / Udiros,12,18,1509,1525,0.491,0.059,0.450,18,17,-24.0,24.6,122,124
2024-12-14,Tiel '72,Noviomagum,16,22,1731,1753,0.485,0.057,0.459,20,19,-21.5,20.5,118,115
2024-12-14,Tilburg,KOAG,22,22,1970,1936,0.565,0.054,0.381,20,19,-5.8,5.5,117,114
2024-12-14,Triade,Nikantes,20,13,1112,879,0.798,0.043,0.158,17,12,5.6,-5.9,124,128
2024-12-14,VDDO,It Fean,16,15,1525,1547,0.484,0.056,0.460,20,19,3.0,-2.8,116,113
2024-12-14,VIKO,Attila,15,28,1189,1214,0.477,0.062,0.461,17,16,-32.6,35.1,117,122
2024-12-14,VZOD,Nexus,17,18,1416,1533,0.349,0.059,0.592,15,17,3.7,-3.5,119,115
2024-12-14,Victum,Telstar,15,16,1861,1814,0.584,0.054,0.363,20,18,-10.7,10.5,116,115
2024-12-14,Viking,Sporting West,19,24,1615,1476,0.700,0.050,0.250,19,15,-34.4,33.7,119,118
2024-12-14,Vitesse (Ba),Rohda (A),23,16,1947,1875,0.616,0.053,0.331,20,18,13.3,-12.8,115,112
2024-12-14,Vriendenschaar (B),KVZ '23,18,27,1803,1937,0.331,0.049,0.620,20,22,-16.5,16.9,116,118
2024-12-14,WIK '34,Leeuwarden,7,28,1100,1462,0.114,0.032,0.854,13,21,-11.3,9.7,125,115
2024-12-14,WSS,Spannum,11,17,1480,1488,0.505,0.056,0.439,20,19,-21.2,21.5,113,114
2024-12-14,Wesstar,RDZ,17,14,1325,1397,0.410,0.061,0.529,16,17,15.9,-15.2,117,115
2024-12-14,Wolderwijd,EKVA,14,14,1454,1594,0.323,0.049,0.628,19,22,10.5,-11.0,123,126
2024-12-14,Woudenberg,Antilopen,28,30,1807,1918,0.359,0.053,0.588,19,21,-0.1,0.1,115,116
2024-12-14,Zaandam Zuid,HBC (Be),10,22,1145,1450,0.152,0.040,0.808,13,19,-13.3,12.1,130,123
2024-12-14,Zwaluwen (Ze),Hellas '63,28,23,1739,1590,0.715,0.046,0.239,21,16,2.5,-2.5,117,118
2024-12-14,Zwart Wit,Blauw Zwart,18,13,1539,1362,0.744,0.046,0.210,20,15,1.2,-1.3,116,118
2024-12-15,Blauw Wit,DOS '46,26,17,2419,2488,0.420,0.051,0.529,21,22,30.7,-30.9,121,122
2024-12-15,Eymerick,Mariarade,13,7,1100,551,0.958,0.014,0.028,17,7,-10.3,13.0,157,172
2024-12-15,KIA,Forward,20,8,956,672,0.839,0.039,0.122,16,10,16.5,-25.0,151,194
2024-12-17,Ons Clubje,Rivalen,8,9,928,1166,0.207,0.054,0.740,11,15,14.1,-15.6,127,132
2024-12-21,DOS '46,HKC (Ha),17,22,2457,2343,0.673,0.047,0.280,22,19,-30.0,29.6,118,117
2024-12-21,DVO,Fortuna (D),21,17,2547,2531,0.542,0.050,0.408,23,22,9.6,-9.2,123,121
2024-12-21,Fiks,Dalto,23,34,2183,2321,0.327,0.046,0.627,22,25,-18.0,17.6,115,114
2024-12-21,Groen Geel,AW.DTV,17,18,2301,2293,0.528,0.054,0.418,20,19,-6.8,6.6,113,112
2024-12-21,KCC,Blauw Wit,17,18,2258,2451,0.260,0.045,0.695,18,23,11.1,-10.4,121,118
2024-12-21,Niek,Avereest,10,12,767,834,0.413,0.071,0.516,12,13,-26.7,20.9,290,247
2024-12-21,Oost Arnhem,DSC,18,28,2115,2282,0.290,0.047,0.663,19,23,-15.0,14.0,115,110
2024-12-21,PKC,Unitas,24,18,2600,2298,0.858,0.026,0.116,28,18,-6.9,5.9,127,119
2024-12-21,TOP (A),Mid Fryslân,14,12,2097,2295,0.254,0.045,0.702,18,23,21.2,-19.5,115,110
2024-12-21,TOP (S),DeetosSnel,20,13,2329,2245,0.633,0.052,0.315,20,17,12.2,-12.0,113,112
2024-12-21,Zaandam Zuid,Ados,12,20,1131,1309,0.273,0.056,0.671,14,17,-17.0,17.1,128,129
2024-12-22,LDODK,KZ,26,26,2513,2451,0.606,0.049,0.345,23,21,-8.5,8.4,118,118
2024-12-22,WWSV,Vogel,17,12,1222,787,0.924,0.022,0.054,18,9,-15.5,24.4,314,350
2025-01-04,DOS '46,PKC,21,26,2426,2593,0.291,0.045,0.664,20,24,-4.5,5.1,119,129
2025-01-04,DWA / Argo,Emmeloord,11,21,1334,1366,0.469,0.060,0.471,16,17,-31.3,33.3,122,126
2025-01-04,HKC (Ha),Blauw Wit,20,23,2373,2440,0.422,0.052,0.526,20,21,-7.2,7.3,118,118
2025-01-04,Unitas,LDODK,14,26,2304,2505,0.251,0.043,0.706,20,24,-16.5,15.6,122,118
2025-01-05,Fortuna (D),KZ,32,25,2521,2460,0.604,0.051,0.345,22,19,14.7,-14.0,121,118
2025-01-09,Olympia (T),Club Brothers,14,7,1345,1216,0.686,0.054,0.260,17,14,12.7,-13.6,124,129
2025-01-10,Maastricht,Mariarade,20,5,1142,563,0.965,0.012,0.024,18,7,5.0,-5.9,158,176
2025-01-11,'t Capproen,SKV (S),22,5,1283,780,0.947,0.016,0.037,18,8,5.1,-5.4,135,138
2025-01-11,ACKC,TOGO (G),31,15,1716,1509,0.777,0.040,0.183,22,16,17.2,-16.0,130,125
2025-01-11,ASVD,Heerenveen,20,22,1822,1911,0.391,0.053,0.556,19,21,-2.4,2.3,128,124
2025-01-11,AVO,DOS (W),26,14,1997,1912,0.633,0.052,0.315,20,17,22.2,-24.0,122,127
2025-01-11,AW.DTV,Oost Arnhem,23,15,2299,2100,0.770,0.039,0.191,23,17,5.7,-6.0,116,119
2025-01-11,Albatros,DVS '69,30,19,1997,1639,0.891,0.024,0.085,24,14,4.0,-3.9,124,123
2025-01-11,Amicitia (V),SDO (K),28,23,1876,1965,0.388,0.058,0.554,17,18,24.8,-25.2,121,122
2025-01-11,Antilopen,Apeldoorn,25,17,1920,1820,0.655,0.048,0.297,22,19,14.0,-13.5,122,120
2025-01-11,Apollo,DTS (E),17,13,1399,1392,0.523,0.063,0.414,16,15,14.7,-14.9,128,130
2025-01-11,Atlas,Oranje Wit (D),25,30,1673,1962,0.168,0.034,0.798,19,26,4.7,-4.9,126,128
2025-01-11,Attila,Melmac,16,7,1251,1106,0.706,0.053,0.241,17,13,16.5,-16.5,128,128
2025-01-11,Aurora / DKV (IJ),Zaandam Zuid,11,11,1234,1113,0.676,0.058,0.266,16,12,-17.4,15.5,138,131
2025-01-11,BEP,Achilles (H),15,14,1884,2074,0.262,0.048,0.690,17,21,18.9,-18.9,122,122
2025-01-11,Blauw Wit (K),Scheldevogels,21,6,1570,1013,0.962,0.010,0.028,26,13,2.3,-2.6,132,144
2025-01-11,Blauw Zwart,Reehorst '45,16,23,1360,1650,0.168,0.034,0.799,19,26,-1.1,1.1,126,128
2025-01-11,DES (De),KCR,19,18,1779,1765,0.537,0.054,0.408,20,19,-0.4,0.4,120,121
2025-01-11,DKB,VIKO,17,9,1184,1156,0.553,0.062,0.385,16,15,25.4,-23.7,128,124
2025-01-11,DKV Victoria,Helios,11,10,1523,1260,0.824,0.039,0.137,18,12,-21.1,22.4,127,131
2025-01-11,DOS-WK,Devinco,23,17,1747,1625,0.681,0.050,0.269,20,16,9.1,-9.1,127,127
2025-01-11,DOT (O),NRC '22,23,22,1848,1881,0.470,0.055,0.475,19,20,4.1,-4.1,122,122
2025-01-11,DSC,TOP (A),19,14,2298,2117,0.750,0.043,0.207,21,16,0.3,-0.2,115,119
2025-01-11,DSO (A),Purmer,21,12,1196,828,0.892,0.031,0.077,15,8,5.6,-6.7,131,147
2025-01-11,DSO (K),ADO,14,14,1508,1559,0.439,0.064,0.497,14,15,2.2,-2.0,132,125
2025-01-11,DWA / Argo,Joure,13,15,1302,1412,0.360,0.056,0.584,17,19,-0.7,0.7,119,120
2025-01-11,DWS (K),RODA (W),10,16,1414,1721,0.150,0.040,0.810,13,19,-1.2,1.2,126,124
2025-01-11,Dalto,TOP (S),17,20,2341,2341,0.517,0.053,0.430,21,20,-13.5,13.3,118,118
2025-01-11,De Corvers,Wolderwijd,13,20,1061,1464,0.092,0.027,0.881,14,22,2.4,-2.6,126,129
2025-01-11,De Hoeve,SIOS / Leonidas,11,18,1292,1403,0.356,0.061,0.583,15,17,-20.5,21.0,128,130
2025-01-11,De Meervogels,Tempo,21,23,1928,1939,0.500,0.058,0.442,19,18,-10.5,11.0,125,127
2025-01-11,De Parabool,KVW '22,22,10,1778,1717,0.602,0.052,0.346,21,18,24.1,-24.4,122,123
2025-01-11,De Vinken,Badhoevedorp,28,8,1834,1552,0.842,0.032,0.126,23,15,13.2,-11.9,130,123
2025-01-11,De Wâlden,OKO,18,22,1766,1863,0.381,0.051,0.567,20,22,-8.2,8.2,121,121
2025-01-11,DeetosSnel,Groen Geel,20,22,2232,2293,0.428,0.058,0.515,18,19,-4.9,4.9,117,117
2025-01-11,Dindoa,Sparta (Zw),15,19,2099,1925,0.743,0.044,0.213,21,16,-38.0,34.2,129,122
2025-01-11,Drachten,Ritola,18,23,1974,1913,0.603,0.051,0.346,21,19,-25.1,26.4,117,120
2025-01-11,Duko,Achilles (A) / AKC,15,17,1427,1468,0.457,0.058,0.485,17,18,-8.0,7.4,128,123
2025-01-11,Dunas,Madjoe,19,9,1514,1455,0.602,0.050,0.348,22,20,23.1,-23.6,129,131
2025-01-11,Débaldérin,Hemur Enge,16,9,823,1036,0.230,0.060,0.710,10,14,177.6,-125.5,305,254
2025-01-11,EKCA,Wesstar,17,15,1185,1341,0.300,0.057,0.643,14,17,21.3,-21.5,124,125
2025-01-11,EKVA,Thor (H),15,9,1583,1095,0.945,0.014,0.041,25,13,-12.0,15.2,131,145
2025-01-11,Elburg,Zwaluwen (Ze),15,15,1635,1743,0.363,0.056,0.581,17,19,7.7,-7.6,125,125
2025-01-11,Emmeloord,VDDO,9,15,1400,1528,0.337,0.055,0.608,17,19,-13.4,13.4,122,123
2025-01-11,Erasmus,Rust Roest (E),19,23,1516,1811,0.161,0.039,0.800,14,21,7.0,-5.8,133,123
2025-01-11,Excelsior (D),Vitesse (Ba),24,21,1947,1960,0.498,0.055,0.447,21,20,9.5,-9.8,120,122
2025-01-11,Fiducia,Furore,18,12,1742,1547,0.763,0.045,0.192,19,14,4.2,-4.1,125,124
2025-01-11,Fluks (N),Stormvogels (U),18,8,1417,1036,0.901,0.025,0.074,20,12,3.7,-4.3,127,142
2025-01-11,Focus,Seolto,16,14,1052,1155,0.366,0.066,0.568,13,14,19.7,-17.5,135,127
2025-01-11,Fortissimo,Arena,25,15,1642,1419,0.792,0.039,0.169,21,15,10.7,-10.1,128,124
2025-01-11,Fortuna (D),DOS '46,16,14,2538,2421,0.676,0.047,0.277,22,19,-5.7,5.6,118,117
2025-01-11,GKV (G),KVS,16,27,2032,2185,0.306,0.050,0.644,18,21,-20.6,20.5,123,123
2025-01-11,GKV,Thor (R),20,16,1610,1570,0.577,0.049,0.374,23,21,7.3,-7.4,124,125
2025-01-11,Gemini,NIO,12,24,1174,1541,0.111,0.032,0.857,12,19,-9.4,10.3,129,136
2025-01-11,Good Luck,Springfield,20,11,1365,1136,0.797,0.038,0.164,21,15,9.3,-10.0,134,139
2025-01-11,HHV,Thrianta,14,17,1499,1484,0.537,0.056,0.407,19,18,-18.6,17.4,132,127
2025-01-11,HKC (Ha),KCC,23,22,2365,2268,0.651,0.050,0.299,21,18,-7.2,8.4,116,125
2025-01-11,HKC (He),KVZ,21,33,1624,1858,0.215,0.045,0.740,16,20,-15.6,16.0,121,123
2025-01-11,HKV / Ons Eibernest,Tilburg,21,21,1787,1964,0.277,0.048,0.675,18,21,13.6,-13.9,121,123
2025-01-11,Haarlem,Oosterkwartier (H),20,15,1697,1621,0.622,0.053,0.325,20,17,9.1,-9.4,123,125
2025-01-11,Harich,WSS,19,13,1539,1457,0.631,0.050,0.319,22,19,10.4,-10.4,120,120
2025-01-11,Hebbes,HKC (U),22,22,1088,1517,0.080,0.025,0.895,12,21,32.6,-34.2,128,131
2025-01-11,Hellas '63,ODIK,12,28,1588,1750,0.294,0.052,0.654,17,20,-24.6,23.9,125,123
2025-01-11,Hoogkerk,Stadskanaal '74,21,12,1665,1441,0.794,0.036,0.170,23,17,6.9,-6.9,123,122
2025-01-11,Huizen,ESDO,16,10,1282,1147,0.692,0.058,0.250,15,12,11.3,-12.5,127,134
2025-01-11,IFC '25,Quick '21 / Vlug en Vaardig (G),21,15,1840,1776,0.607,0.053,0.340,21,18,13.1,-12.9,125,123
2025-01-11,It Fean,De Pein,25,22,1544,1549,0.510,0.055,0.435,20,19,9.0,-9.0,121,120
2025-01-11,Juventa,Oranje Zwart,29,18,1798,1442,0.890,0.024,0.086,25,15,3.6,-3.7,123,124
2025-01-11,KCD,NKV,16,21,1428,1354,0.617,0.058,0.324,17,15,-31.5,32.9,124,127
2025-01-11,KIOS '45,Ons Clubje,11,15,720,941,0.222,0.060,0.718,10,13,-4.4,3.8,149,132
2025-01-11,KIOS (N),Atlantis,23,17,1802,1619,0.752,0.042,0.206,22,17,2.9,-3.0,122,125
2025-01-11,KIOS (R),Flamingo's (B),20,27,2035,1947,0.641,0.046,0.313,24,21,-33.6,33.7,121,121
2025-01-11,KOAG,Refleks,24,21,1942,1789,0.718,0.047,0.235,21,16,-4.3,4.8,121,126
2025-01-11,KVZ '23,Swift,25,11,1955,1841,0.674,0.047,0.279,22,19,21.3,-20.1,123,120
2025-01-11,KZ,PKC,23,32,2446,2599,0.309,0.046,0.645,21,24,-14.1,16.4,115,125
2025-01-11,Keep Fit '70,Luctor,22,11,1193,1215,0.483,0.059,0.459,19,18,35.0,-35.9,130,132
2025-01-11,Kinderdijk,Fortis,16,17,1961,1890,0.614,0.056,0.329,18,16,-14.2,14.0,123,122
2025-01-11,Kinea / Udiros,Exakwa,15,16,1550,1773,0.227,0.046,0.728,16,21,14.4,-13.6,128,125
2025-01-11,Koveni,Ready '60,21,16,1329,1468,0.322,0.054,0.623,16,19,31.7,-31.4,126,126
2025-01-11,Leeuwarden,DTL,13,21,1473,1588,0.356,0.054,0.591,18,20,-19.1,20.6,123,128
2025-01-11,Lintjo,Lemmer,25,5,1231,774,0.932,0.020,0.047,17,8,6.5,-9.5,131,165
2025-01-11,Luno,Rapid (H),9,13,1472,1480,0.500,0.066,0.434,15,14,-21.4,20.9,127,125
2025-01-11,MIA,Woudenberg,28,26,1841,1808,0.564,0.054,0.381,20,18,1.8,-1.8,121,122
2025-01-11,MN en W,DTG,11,24,1170,1416,0.203,0.044,0.753,15,20,-18.9,20.8,135,142
2025-01-11,Maassluis,Phoenix (Z),19,11,1837,1714,0.682,0.051,0.267,20,16,13.6,-13.3,122,120
2025-01-11,Mid Fryslân,Fiks,33,24,2274,2165,0.670,0.043,0.288,26,22,12.1,-12.8,116,119
2025-01-11,Movado,Reeuwijk,15,15,1694,1723,0.474,0.057,0.469,19,18,-0.2,0.2,122,125
2025-01-11,NQL,SIM,14,13,1056,1138,0.394,0.068,0.538,13,14,15.3,-45.2,197,350
2025-01-11,Nexus,Viking,18,24,1530,1580,0.443,0.059,0.499,17,18,-20.6,22.0,122,126
2025-01-11,Nikantes,Conventus,14,16,873,1082,0.236,0.056,0.708,12,16,7.8,-6.9,135,128
2025-01-11,Noviomagum,Victum,18,22,1774,1850,0.408,0.055,0.537,19,20,-11.0,11.2,122,123
2025-01-11,ODO (M),ALO,17,20,1700,1818,0.348,0.057,0.594,16,18,-4.5,4.3,125,121
2025-01-11,OEC,SGV,23,12,1019,860,0.720,0.055,0.225,16,12,19.0,-22.8,128,142
2025-01-11,OJC '98,Kesteren,11,19,1244,1425,0.270,0.055,0.675,14,17,-16.1,17.9,126,133
2025-01-11,OKV,Ados,15,15,1503,1327,0.744,0.045,0.210,20,15,-21.3,20.9,132,131
2025-01-11,ONDO (G),KZ Danaiden,20,8,1968,1628,0.880,0.027,0.093,22,13,6.5,-6.5,123,123
2025-01-11,OZC,Korbatjo,25,16,1460,1581,0.348,0.051,0.601,19,21,38.2,-39.8,125,127
2025-01-11,Olympia '22,TOP (V),16,17,1212,982,0.798,0.039,0.163,20,14,-33.6,29.1,138,129
2025-01-11,Olympia (S),Triade,14,22,1048,1119,0.411,0.063,0.526,15,16,-29.2,28.6,133,132
2025-01-11,RDZ,Regio '72,18,15,1382,1204,0.743,0.048,0.208,18,14,-5.2,5.5,121,124
2025-01-11,Revival,SkunK,20,22,1476,1327,0.713,0.049,0.238,19,15,-26.2,26.1,125,125
2025-01-11,Rheko,Keizer Karel,12,17,1312,1341,0.470,0.063,0.467,17,16,-21.4,20.8,124,122
2025-01-11,Rivalen,SEV (Z),17,9,1149,947,0.768,0.048,0.184,17,12,12.1,-11.2,136,131
2025-01-11,Rohda (A),KVA,16,26,1862,2032,0.285,0.051,0.665,17,20,-17.1,17.7,119,121
2025-01-11,Rood Wit (W),Pallas '08,17,18,1647,1630,0.544,0.051,0.405,22,21,-8.7,8.6,124,123
2025-01-11,Roreko,EKC 2000,16,12,1307,1055,0.817,0.036,0.146,21,15,-8.0,8.7,129,134
2025-01-11,SCO,NKC '51,17,13,2172,1913,0.825,0.032,0.143,25,17,-9.4,9.7,123,125
2025-01-11,SDO (S),Elko,18,23,1260,1388,0.337,0.054,0.609,17,19,-11.4,11.2,131,130
2025-01-11,SDO (V),PSV,26,17,1739,1355,0.904,0.023,0.073,22,13,0.4,-0.5,132,121
2025-01-11,SDO (W),Zwart Wit,17,16,1235,1540,0.151,0.041,0.808,12,18,34.6,-28.5,136,124
2025-01-11,SKF,Nieuwerkerk,16,19,2121,2159,0.463,0.055,0.482,19,20,-11.1,11.0,123,122
2025-01-11,Spannum,Oerterp,29,25,1509,1392,0.674,0.052,0.274,19,16,2.7,-2.7,121,122
2025-01-11,Sparta (N),Nova,13,20,1575,1763,0.264,0.049,0.687,16,20,-11.0,11.6,124,128
2025-01-11,Sparta (Ze),Noordenveld,19,35,1458,1917,0.069,0.021,0.911,14,24,-6.9,6.2,130,122
2025-01-11,Spirit (Vo),Avanti (P),21,22,2181,2189,0.508,0.050,0.442,23,22,-6.2,5.9,126,123
2025-01-11,Sporting Trigon,Pernix,16,21,1687,1945,0.193,0.040,0.766,17,22,1.1,-1.2,120,124
2025-01-11,Sporting West,VZOD,16,10,1511,1420,0.640,0.058,0.302,17,14,13.1,-13.3,125,126
2025-01-11,Swift (M),Sporting Delta,24,20,2076,2147,0.415,0.055,0.530,19,20,19.1,-21.0,122,129
2025-01-11,Synergo,Animo (G),16,14,1858,1836,0.549,0.055,0.396,20,18,2.8,-2.9,120,123
2025-01-11,Telstar,Tiel '72,26,17,1824,1709,0.672,0.051,0.277,20,16,16.0,-16.5,122,124
2025-01-11,Tjoba,ONDO (M),14,19,1772,1857,0.395,0.054,0.550,19,20,-13.5,13.7,123,124
2025-01-11,Tweemaal Zes,Vriendenschaar (B),18,11,1868,1786,0.629,0.053,0.318,20,17,14.6,-14.5,123,123
2025-01-11,Twist,Juliana,16,22,1566,1788,0.226,0.048,0.726,15,19,-6.2,6.5,123,126
2025-01-11,Unitas,DVO,18,24,2286,2557,0.184,0.035,0.781,19,26,0.5,-0.7,120,126
2025-01-11,VEO,RWA,31,21,1948,1698,0.816,0.036,0.148,22,15,8.1,-7.9,123,121
2025-01-11,Valto,Die Haghe,22,21,2157,2219,0.429,0.054,0.517,20,21,6.9,-7.3,123,126
2025-01-11,Velocitas (L),OVVO,12,20,1832,1999,0.288,0.051,0.661,17,20,-14.8,14.3,123,121
2025-01-11,Ventura Sport,Oranje Zwart (M),12,16,1257,1230,0.553,0.060,0.387,17,16,-25.0,25.6,131,133
2025-01-11,Voltreffers (O),Terda,15,13,879,781,0.645,0.062,0.293,15,12,-2.4,2.9,137,147
2025-01-11,Vriendenschaar (H),Merwede,30,15,1878,1821,0.596,0.054,0.350,20,18,26.3,-26.8,121,122
2025-01-11,WION,Korbis,10,34,1422,1766,0.126,0.033,0.841,14,21,-12.8,12.7,127,126
2025-01-11,WWC,DTS (S),21,16,1544,1386,0.725,0.044,0.230,22,17,1.8,-1.7,127,120
2025-01-11,Wageningen,De Meeuwen,22,16,2237,1990,0.815,0.035,0.151,23,16,-1.7,1.4,128,122
2025-01-11,Weidevogels,IJsselvogels,21,19,1803,1748,0.595,0.053,0.353,21,19,-0.3,0.3,121,122
2025-01-11,Westergo,De Waterpoort,15,16,1219,1205,0.535,0.058,0.407,18,17,-10.1,9.4,134,130
2025-01-11,Wez Handich,DOS Kampen,27,32,1877,1884,0.510,0.051,0.439,23,22,-20.3,21.0,125,127
2025-01-11,Wit Blauw,Nic,15,19,2050,2027,0.552,0.049,0.399,24,22,-18.8,18.6,121,121
2025-01-11,ZKC '19,CSL,21,20,2033,2001,0.566,0.048,0.386,24,22,-2.5,2.5,120,120
2025-01-11,Zaamslag,KVK,15,23,1434,1441,0.506,0.057,0.437,19,18,-33.7,34.5,132,134
2025-01-12,Blauw Wit,LDODK,20,14,2447,2521,0.413,0.050,0.537,22,23,22.2,-22.6,116,117
2025-01-12,Forward,Moedig Voorwaarts,19,16,647,959,0.144,0.043,0.813,11,16,81.4,-58.8,190,162
2025-01-12,KVS '17,Eymerick,9,14,882,1089,0.238,0.058,0.704,11,15,-11.0,11.8,157,164
2025-01-15,ROG,De Granaet,20,20,1557,1702,0.316,0.052,0.632,17,20,10.8,-11.3,123,125
2025-01-18,'t Capproen,Voltreffers (O),17,12,1289,877,0.916,0.023,0.062,19,10,-11.1,10.6,136,133
2025-01-18,ACKC,Trekvogels (R),17,15,1735,1657,0.628,0.048,0.324,23,20,-3.1,2.9,128,124
2025-01-18,ASVD,Kinea / Udiros,21,14,1820,1564,0.820,0.036,0.144,21,14,2.0,-2.0,124,126
2025-01-18,AVO,SCO,22,20,2020,2162,0.320,0.051,0.630,18,21,17.6,-18.6,119,122
2025-01-18,Achilles (A) / AKC,Zwart Wit,21,16,1475,1511,0.462,0.061,0.477,16,17,20.0,-21.0,120,123
2025-01-18,Achilles (H),Vitesse (Ba),20,16,2054,1951,0.659,0.049,0.292,22,18,2.6,-2.5,120,118
2025-01-18,Amicitia (V),Dindoa,22,20,1902,2060,0.301,0.049,0.650,19,22,18.6,-21.1,118,126
2025-01-18,Animo (G),NRC '22,20,27,1832,1877,0.452,0.055,0.493,19,20,-22.0,21.5,120,119
2025-01-18,Apeldoorn,Tiel '72,29,28,1806,1692,0.673,0.048,0.279,21,18,-8.9,9.6,117,122
2025-01-18,Apollo,Fiducia,15,19,1414,1746,0.133,0.035,0.831,14,20,8.3,-8.2,124,124
2025-01-18,Arena,NKV,13,8,1408,1387,0.544,0.060,0.396,17,16,15.2,-15.5,123,124
2025-01-18,Aurora / DKV (IJ),DSO (A),16,11,1216,1202,0.530,0.067,0.403,14,13,20.6,-19.8,133,131
2025-01-18,DES (De),VEO,15,22,1778,1958,0.275,0.048,0.677,18,22,-9.8,10.5,118,122
2025-01-18,DKB,OEC,15,18,1210,1039,0.736,0.049,0.215,18,13,-32.7,33.3,124,125
2025-01-18,DOS '46,Unitas,25,22,2425,2286,0.704,0.045,0.251,23,18,-3.8,4.1,115,119
2025-01-18,DOS Kampen,Thrianta,33,11,1907,1501,0.915,0.019,0.066,26,15,6.8,-6.8,123,123
2025-01-18,DOS-WK,Blauw Zwart,34,24,1757,1359,0.911,0.021,0.068,23,13,1.4,-1.4,124,124
2025-01-18,DOT (O),Synergo,18,27,1853,1860,0.506,0.056,0.439,20,19,-29.7,29.0,119,118
2025-01-18,DSC,AW.DTV,23,19,2297,2305,0.507,0.053,0.440,22,21,11.1,-11.1,114,115
2025-01-18,DSO (K),OZC,20,12,1509,1500,0.529,0.058,0.413,18,17,25.3,-23.2,127,121
2025-01-18,DTS (S),DTL,21,20,1384,1609,0.224,0.046,0.730,16,20,20.8,-22.9,119,125
2025-01-18,DVS '69,Rust Roest (E),20,27,1635,1805,0.285,0.049,0.665,17,21,-11.8,11.4,123,121
2025-01-18,DWS (K),Sparta (N),15,22,1411,1563,0.304,0.058,0.638,14,17,-16.0,15.2,125,121
2025-01-18,De Granaet,WSS,24,16,1691,1446,0.812,0.035,0.153,23,16,3.7,-3.6,120,118
2025-01-18,De Meervogels,SKF,18,19,1918,2109,0.261,0.046,0.692,18,22,10.8,-10.5,121,119
2025-01-18,De Meeuwen,Avanti (P),15,29,1990,2195,0.247,0.046,0.707,17,21,-18.7,18.2,121,119
2025-01-18,De Parabool,IFC '25,16,16,1802,1854,0.443,0.054,0.502,19,20,1.9,-2.0,119,121
2025-01-18,De Pein,Pallas '08,16,21,1540,1638,0.380,0.050,0.570,21,23,-10.2,10.7,117,120
2025-01-18,De Vinken,Nexus,27,11,1849,1509,0.881,0.025,0.094,24,15,9.1,-7.9,129,119
2025-01-18,De Waterpoort,SF Deinum,32,2,1214,717,0.946,0.015,0.038,20,10,5.0,-8.1,126,168
2025-01-18,Diderna,DLKV,12,11,952,844,0.657,0.063,0.280,14,11,-13.2,23.0,231,289
2025-01-18,Die Haghe,KVS,17,19,2211,2207,0.524,0.054,0.422,21,20,-11.2,10.8,122,120
2025-01-18,Dijkvogels,DKV Victoria,16,5,1581,1501,0.624,0.060,0.317,16,14,25.8,-24.5,130,126
2025-01-18,EKCA,Rheko,10,11,1207,1290,0.394,0.064,0.542,14,15,0.3,-0.3,121,121
2025-01-18,EKVA,Huizen,24,9,1570,1293,0.837,0.034,0.129,21,14,12.9,-11.7,132,125
2025-01-18,ESDO,Thor (H),14,15,1134,1109,0.546,0.067,0.387,14,13,-11.2,13.9,131,145
2025-01-18,Emmeloord,DWA / Argo,21,11,1385,1301,0.632,0.056,0.312,18,15,20.2,-19.3,120,117
2025-01-18,Exakwa,Heerenveen,16,22,1759,1913,0.305,0.049,0.646,19,22,-9.5,9.3,123,121
2025-01-18,Excelsior (D),BEP,10,14,1958,1902,0.595,0.054,0.351,20,18,-22.2,23.2,117,120
2025-01-18,Fluks (N),Dunas,15,13,1420,1538,0.353,0.051,0.596,19,21,17.2,-16.6,128,125
2025-01-18,Fortis,Tilburg,17,21,1903,1950,0.448,0.058,0.495,17,18,-13.6,13.9,119,121
2025-01-18,Furore,DTS (E),16,15,1541,1376,0.730,0.051,0.219,17,13,-13.0,13.7,122,125
2025-01-18,GKV (G),Valto,18,25,2010,2164,0.306,0.050,0.644,18,21,-12.3,12.2,120,120
2025-01-18,GKV,Twist,12,16,1618,1559,0.602,0.047,0.351,24,21,-21.9,22.1,121,121
2025-01-18,Good Luck,Ventura Sport,17,17,1375,1232,0.706,0.048,0.245,20,16,-18.2,16.8,131,127
2025-01-18,Groen Geel,Dalto,19,19,2298,2326,0.477,0.054,0.470,22,21,-0.2,0.2,114,116
2025-01-18,HHV,Wez Handich,17,26,1479,1858,0.106,0.026,0.868,16,25,-1.5,1.5,127,121
2025-01-18,HKC (He),Elburg,20,12,1609,1642,0.467,0.059,0.474,17,18,26.9,-27.9,120,122
2025-01-18,HKV / Ons Eibernest,Kinderdijk,19,18,1801,1946,0.315,0.053,0.632,17,20,14.4,-14.6,119,120
2025-01-18,Harich,ROG,18,16,1550,1569,0.489,0.056,0.455,20,19,6.4,-6.5,118,118
2025-01-18,Hellas '63,Juventa,20,31,1562,1803,0.209,0.043,0.748,16,22,-13.8,13.9,122,123
2025-01-18,Hemur Enge,Débaldérin,12,19,910,1001,0.378,0.072,0.550,11,12,-62.6,76.6,230,259
2025-01-18,Hoogkerk,Spannum,24,16,1672,1513,0.724,0.049,0.227,19,14,11.5,-11.1,122,119
2025-01-18,Joure,VDDO,17,17,1412,1540,0.337,0.053,0.609,18,20,8.7,-9.1,118,120
2025-01-18,Juliana,Thor (R),25,9,1795,1562,0.800,0.040,0.160,19,14,14.5,-14.0,124,122
2025-01-18,KCC,Fortuna (D),19,25,2276,2530,0.197,0.041,0.762,17,22,-2.0,1.9,122,116
2025-01-18,KCD,Fortissimo,14,17,1396,1653,0.193,0.043,0.764,15,21,7.3,-8.0,121,126
2025-01-18,KIOS (N),KVZ '23,18,21,1805,1977,0.284,0.048,0.668,18,22,1.7,-1.7,120,121
2025-01-18,KIOS (R),Drachten,24,19,2001,1948,0.593,0.049,0.358,23,21,9.0,-8.5,119,115
2025-01-18,KVA,OVVO,22,21,2050,2014,0.568,0.056,0.376,19,18,-2.3,2.3,119,118
2025-01-18,KZ Danaiden,ALO,18,21,1620,1822,0.247,0.050,0.703,15,19,3.1,-2.8,123,118
2025-01-18,KZ,Blauw Wit,26,21,2432,2469,0.465,0.052,0.483,21,22,16.0,-15.9,113,113
2025-01-18,Keep Fit '70,Blauw Wit (K),12,13,1229,1572,0.126,0.034,0.840,13,21,22.2,-25.0,126,133
2025-01-18,Keizer Karel,Wesstar,29,19,1362,1319,0.576,0.059,0.365,18,16,23.5,-24.5,119,122
2025-01-18,Korbatjo,ADO,17,16,1541,1556,0.494,0.059,0.447,18,17,2.8,-2.6,124,121
2025-01-18,LDODK,HKC (Ha),28,18,2497,2358,0.705,0.044,0.252,24,19,12.4,-12.4,114,114
2025-01-18,Leeuwarden,WWC,14,11,1454,1546,0.386,0.052,0.562,20,21,16.8,-17.9,120,124
2025-01-18,Lemmer,DTG,8,13,763,1438,0.020,0.009,0.971,9,21,24.7,-17.0,163,138
2025-01-18,MIA,Noviomagum,23,17,1845,1762,0.631,0.052,0.317,20,18,10.6,-10.7,118,119
2025-01-18,MN en W,Lintjo,11,11,1150,1239,0.386,0.062,0.551,15,16,6.3,-6.3,132,132
2025-01-18,Maassluis,Sporting Trigon,29,14,1851,1688,0.731,0.045,0.225,21,16,17.4,-17.2,120,119
2025-01-18,Madjoe,Stormvogels (U),23,12,1430,1030,0.911,0.023,0.067,21,11,4.2,-4.9,126,141
2025-01-18,Melmac,Kesteren,13,21,1088,1443,0.117,0.036,0.847,11,18,-4.5,4.7,125,129
2025-01-18,Merwede,IJsselvogels,21,22,1794,1748,0.582,0.053,0.365,20,18,-10.9,11.0,119,119
2025-01-18,NIO,Triade,22,4,1552,1148,0.914,0.021,0.066,23,13,7.8,-7.2,134,128
2025-01-18,NKC '51,DOS (W),20,19,1921,1887,0.565,0.054,0.380,20,18,-2.3,2.3,124,123
2025-01-18,Nic,CSL,27,17,2045,2003,0.579,0.049,0.372,23,21,20.4,-20.4,118,117
2025-01-18,Nieuwerkerk,Tempo,24,20,2169,1950,0.788,0.040,0.172,21,15,-5.2,5.6,119,123
2025-01-18,Nova,RODA (W),25,17,1775,1721,0.591,0.055,0.353,19,17,20.0,-19.4,125,123
2025-01-18,Noveas,Roreko,15,16,1082,1299,0.232,0.047,0.720,15,20,14.4,-13.5,132,128
2025-01-18,ODO (M),ONDO (G),19,23,1695,1974,0.173,0.041,0.786,14,20,4.8,-4.9,122,123
2025-01-18,OJC '98,Attila,10,14,1227,1267,0.455,0.063,0.482,15,16,-16.3,16.9,123,125
2025-01-18,OKO,Noordenveld,18,18,1871,1925,0.441,0.051,0.508,21,22,2.1,-2.3,118,123
2025-01-18,OKV,HBC (Be),8,11,1481,1462,0.543,0.058,0.399,18,17,-18.7,19.9,129,133
2025-01-18,Oerterp,Stadskanaal '74,13,21,1391,1433,0.457,0.052,0.490,20,21,-23.5,24.2,120,121
2025-01-18,Olympia (S),Gemini,16,13,1019,1164,0.310,0.063,0.626,12,15,27.4,-27.2,129,128
2025-01-18,Olympia (T),Vitesse (Be),16,13,1357,1402,0.448,0.062,0.490,15,16,14.4,-15.3,122,127
2025-01-18,Oost Arnhem,DeetosSnel,15,15,2093,2227,0.330,0.053,0.617,18,20,9.2,-8.7,117,114
2025-01-18,Oosterkwartier (H),Vriendenschaar (B),12,31,1611,1770,0.299,0.049,0.651,18,21,-24.1,23.5,122,120
2025-01-18,Oranje Wit (D),ONDO (M),28,19,1958,1871,0.641,0.047,0.312,24,20,17.1,-15.7,126,121
2025-01-18,Oranje Zwart (M),Springfield,15,16,1256,1125,0.691,0.052,0.257,19,15,-20.8,23.6,128,136
2025-01-18,Oranje Zwart,ODIK,19,23,1438,1775,0.131,0.032,0.837,16,23,10.0,-9.4,124,121
2025-01-18,PKC,DVO,20,21,2616,2556,0.605,0.046,0.349,25,23,-12.1,12.5,122,124
2025-01-18,Paal Centraal,Nikantes,28,8,1419,881,0.957,0.012,0.031,22,10,4.5,-4.1,138,131
2025-01-18,Pernix,Phoenix (Z),25,19,1944,1700,0.811,0.037,0.152,21,15,-0.5,0.4,122,118
2025-01-18,Purmer,Zaandam Zuid,12,21,821,1128,0.148,0.046,0.806,10,15,-14.1,11.2,146,127
2025-01-18,Quick '21 / Vlug en Vaardig (G),KVW '22,19,18,1762,1691,0.616,0.053,0.331,20,17,-5.5,5.4,120,120
2025-01-18,RWA,KCR,17,18,1690,1765,0.410,0.056,0.534,18,19,0.1,-0.1,121,118
2025-01-18,Rapid (H),VZOD,19,7,1500,1405,0.643,0.060,0.296,16,13,22.9,-23.2,122,123
2025-01-18,Ready '60,PSV,16,20,1436,1355,0.629,0.056,0.315,18,15,-27.7,27.1,123,121
2025-01-18,Reehorst '45,Devinco,16,16,1651,1616,0.570,0.050,0.380,23,21,-6.9,6.6,127,124
2025-01-18,Reeuwijk,Korbis,19,16,1722,1781,0.433,0.056,0.511,19,20,14.2,-15.1,121,125
2025-01-18,Refleks,Sporting Delta,19,43,1794,2125,0.135,0.034,0.832,15,22,-12.9,13.0,124,124
2025-01-18,Regio '72,SkunK,16,17,1210,1354,0.315,0.055,0.630,16,19,6.4,-6.5,122,122
2025-01-18,Revival,RDZ,8,17,1450,1376,0.617,0.058,0.324,17,15,-41.1,39.3,123,120
2025-01-18,Ritola,Flamingo's (B),19,18,1940,1982,0.458,0.053,0.489,20,21,4.6,-4.7,117,119
2025-01-18,Rivalen,Olympia '22,11,16,1161,1179,0.489,0.062,0.449,17,16,-25.1,25.7,133,135
2025-01-18,Rood Wit (W),It Fean,19,14,1638,1554,0.634,0.052,0.314,20,17,7.9,-7.5,121,118
2025-01-18,SDO (S),De Hoeve,19,19,1249,1270,0.483,0.061,0.456,17,16,-1.0,0.9,126,124
2025-01-18,SDO (V),Koveni,26,15,1740,1361,0.902,0.022,0.076,24,14,3.4,-3.1,132,123
2025-01-18,SDO (W),Duko,10,15,1269,1419,0.309,0.056,0.636,15,18,-10.6,9.3,133,124
2025-01-18,SGV,VIKO,10,21,837,1131,0.159,0.045,0.796,11,16,-15.5,12.3,137,121
2025-01-18,SIOS / Leonidas,Elko,21,16,1424,1400,0.550,0.058,0.392,18,17,15.0,-15.1,125,126
2025-01-18,Scheldevogels,Luctor,25,17,1009,1178,0.286,0.051,0.664,17,20,54.4,-42.3,145,127
2025-01-18,Seolto,KVK,11,22,1137,1476,0.127,0.038,0.835,11,18,-9.8,10.6,124,129
2025-01-18,Sparta (Ze),De Wâlden,14,21,1451,1758,0.153,0.036,0.811,16,22,-2.0,1.8,130,118
2025-01-18,Sparta (Zw),SDO (K),22,17,1959,1940,0.540,0.061,0.399,17,16,15.1,-14.8,120,119
2025-01-18,Spirit (Vo),Wageningen,16,19,2175,2235,0.433,0.049,0.518,22,23,-7.6,8.1,122,126
2025-01-18,Sporting West,Luno,17,10,1524,1449,0.618,0.059,0.323,17,14,16.6,-17.0,122,123
2025-01-18,Swift (M),KOAG,27,21,2095,1938,0.724,0.044,0.231,22,17,4.5,-4.5,119,119
2025-01-18,Swift,Atlantis,25,18,1819,1616,0.774,0.039,0.187,23,17,3.8,-4.0,117,123
2025-01-18,TOP (A),Fiks,22,25,2115,2153,0.464,0.054,0.482,19,20,-10.2,10.0,118,117
2025-01-18,TOP (S),Mid Fryslân,29,17,2354,2288,0.612,0.048,0.340,23,20,20.4,-20.0,115,114
2025-01-18,TOP (V),SEV (Z),21,10,1011,935,0.621,0.059,0.320,17,14,24.9,-25.5,127,128
2025-01-18,Telstar,Antilopen,19,19,1841,1935,0.384,0.055,0.562,18,20,5.9,-5.8,120,120
2025-01-18,Tjoba,Atlas,20,15,1757,1679,0.627,0.051,0.322,21,18,7.9,-8.4,120,124
2025-01-18,Tweemaal Zes,Haarlem,19,14,1882,1706,0.743,0.046,0.211,20,15,1.6,-1.6,120,120
2025-01-18,Vakgericht,KIOS '45,18,14,889,716,0.736,0.055,0.209,15,11,1.6,-1.6,142,143
2025-01-18,Velocitas (L),Rohda (A),21,20,1816,1844,0.476,0.057,0.467,19,18,3.7,-3.5,120,117
2025-01-18,Victum,Woudenberg,24,21,1862,1807,0.594,0.052,0.353,21,19,3.3,-3.2,120,119
2025-01-18,Viking,Badhoevedorp,21,13,1603,1538,0.607,0.056,0.337,18,16,18.9,-18.8,123,122
2025-01-18,WION,Movado,20,19,1408,1693,0.169,0.041,0.791,14,20,28.3,-25.2,126,119
2025-01-18,Weidevogels,Vriendenschaar (H),8,17,1803,1906,0.371,0.054,0.575,18,20,-20.7,20.7,118,118
2025-01-18,Wolderwijd,HKC (U),15,15,1462,1483,0.484,0.059,0.457,19,18,-1.0,1.0,129,130
2025-01-18,ZKC '19,Wit Blauw,14,21,2031,2030,0.521,0.049,0.430,24,23,-23.5,23.9,117,118
2025-01-18,Zaamslag,Focus,21,11,1400,1072,0.873,0.028,0.099,22,13,4.8,-5.0,128,130
2025-01-18,Zwaluwen (Ze),KVZ,26,20,1735,1876,0.321,0.053,0.627,17,20,32.3,-32.2,121,121
2025-01-19,KIA,WK,24,9,973,649,0.868,0.033,0.099,17,10,16.0,-18.9,157,174
2025-01-19,Maastricht,Eymerick,13,10,1148,1101,0.579,0.065,0.357,15,13,10.5,-10.1,159,155
2025-01-19,Vogel,WWSV,18,17,811,1206,0.094,0.033,0.873,10,17,133.4,-110.4,320,294
2025-01-20,Olympia (S),Sperwers,24,14,1046,923,0.682,0.053,0.265,18,14,18.1,-21.2,123,134
2025-01-21,DVO,KCC,30,13,2568,2274,0.852,0.028,0.119,26,17,9.7,-9.7,119,118
2025-01-21,Paal Centraal,Sperwers,28,8,1425,902,0.954,0.012,0.034,24,12,4.6,-4.1,137,128
2025-01-22,Spannum,Harich,22,20,1502,1556,0.439,0.057,0.504,18,19,9.6,-9.2,117,114
2025-01-25,ALO,Pernix,17,24,1820,1944,0.343,0.052,0.605,18,21,-14.0,15.2,116,121
2025-01-25,Ados,Purmer,20,7,1347,807,0.957,0.014,0.030,19,8,3.1,-3.5,131,142
2025-01-25,Albatros,Tjoba,32,18,2002,1765,0.805,0.036,0.159,23,16,13.3,-11.5,127,117
2025-01-25,Antilopen,MIA,16,18,1929,1856,0.620,0.052,0.328,21,18,-16.7,16.5,117,116
2025-01-25,Atlantis,Oosterkwartier (H),28,21,1612,1586,0.556,0.053,0.392,21,20,18.1,-17.4,122,119
2025-01-25,Atlas,Erasmus,18,17,1670,1523,0.712,0.048,0.240,20,16,-11.6,14.3,121,133
2025-01-25,Attila,DKB,17,13,1284,1177,0.661,0.055,0.284,18,15,4.0,-4.0,122,122
2025-01-25,Avanti (P),NKC '51,21,18,2214,1919,0.852,0.029,0.119,25,16,-13.8,14.7,118,121
2025-01-25,BEP,Velocitas (L),21,24,1924,1820,0.660,0.050,0.290,20,17,-23.1,23.3,117,117
2025-01-25,Badhoevedorp,Rapid (H),13,11,1518,1523,0.507,0.063,0.430,16,15,6.2,-6.2,120,119
2025-01-25,Blauw Wit (K),Zaamslag,15,18,1546,1406,0.705,0.046,0.248,21,17,-31.7,29.7,132,127
2025-01-25,Blauw Wit,PKC,23,21,2452,2603,0.312,0.045,0.643,21,25,15.6,-17.9,111,119
2025-01-25,Blauw Zwart,SDO (W),19,13,1358,1258,0.654,0.054,0.292,18,15,11.3,-12.0,125,129
2025-01-25,CSL,Ritola,17,20,1982,1944,0.573,0.049,0.377,23,21,-15.8,15.8,115,115
2025-01-25,Club Brothers,DTS (S),14,25,1201,1406,0.246,0.049,0.705,15,20,-18.9,15.9,129,117
2025-01-25,DKV Victoria,Fluks (N),15,15,1474,1437,0.567,0.060,0.373,17,15,-6.6,6.7,123,124
2025-01-25,DOS (W),De Meeuwen,9,13,1889,1971,0.400,0.057,0.543,17,19,-10.8,10.6,120,119
2025-01-25,DSO (A),OKV,10,16,1181,1461,0.172,0.043,0.785,13,19,-2.8,2.8,126,125
2025-01-25,DTG,De Waterpoort,16,15,1420,1222,0.769,0.040,0.191,22,16,-20.6,16.9,139,127
2025-01-25,DTS (E),Nova,15,19,1389,1796,0.091,0.027,0.882,13,21,12.2,-11.8,123,121
2025-01-25,DVO,DOS '46,27,21,2579,2422,0.727,0.041,0.232,25,20,2.9,-2.8,118,114
2025-01-25,DWA / Argo,Rood Wit (W),14,23,1281,1646,0.113,0.030,0.857,14,22,-3.2,3.3,115,119
2025-01-25,Dalto,DSC,31,17,2326,2308,0.544,0.051,0.405,22,21,25.4,-25.0,113,112
2025-01-25,De Corvers,EKVA,11,18,1063,1584,0.049,0.015,0.936,14,26,8.8,-9.1,129,130
2025-01-25,De Hoeve,Noveas,18,10,1272,1096,0.742,0.048,0.210,18,14,10.5,-11.8,121,129
2025-01-25,De Wâlden,De Parabool,21,18,1760,1803,0.455,0.055,0.490,19,20,12.1,-11.9,118,117
2025-01-25,DeetosSnel,AW.DTV,19,13,2217,2293,0.408,0.056,0.536,18,19,22.9,-22.9,112,112
2025-01-25,Devinco,Achilles (A) / AKC,27,13,1622,1495,0.687,0.051,0.262,19,15,20.3,-19.1,121,117
2025-01-25,Dindoa,DOT (O),25,20,2039,1823,0.787,0.037,0.176,24,17,-3.3,2.8,123,116
2025-01-25,Drachten,ZKC '19,20,18,1940,2006,0.424,0.053,0.524,20,21,9.6,-9.9,113,115
2025-01-25,Duko,DOS-WK,6,27,1427,1760,0.134,0.033,0.833,16,23,-12.2,12.8,121,124
2025-01-25,Dunas,Dijkvogels,24,19,1520,1606,0.395,0.055,0.550,18,19,23.9,-25.5,122,126
2025-01-25,Débaldérin,DKOD,17,15,1079,992,0.631,0.066,0.304,14,11,1.4,-1.1,224,236
2025-01-25,Elburg,Hellas '63,23,22,1613,1549,0.607,0.055,0.338,19,17,-4.7,4.9,119,121
2025-01-25,Elko,EKC 2000,19,20,1385,1063,0.869,0.029,0.102,22,14,-32.1,39.4,122,135
2025-01-25,Fiducia,DWS (K),16,9,1737,1395,0.881,0.029,0.090,19,12,-1.1,1.1,123,122
2025-01-25,Fiks,Groen Geel,24,17,2163,2297,0.333,0.048,0.619,20,23,29.5,-28.3,115,112
2025-01-25,Flamingo's (B),Nic,23,21,1977,2067,0.391,0.052,0.557,20,21,12.2,-12.0,116,115
2025-01-25,Focus,Keep Fit '70,11,19,1066,1250,0.266,0.056,0.677,13,16,-17.3,16.2,130,125
2025-01-25,Fortissimo,SDO (V),20,22,1645,1745,0.376,0.054,0.570,18,20,-1.5,1.7,124,131
2025-01-25,Gemini,Paal Centraal,11,21,1136,1432,0.160,0.041,0.800,13,19,-10.6,12.5,125,137
2025-01-25,HBC (Be),Aurora / DKV (IJ),16,11,1481,1237,0.809,0.041,0.150,18,12,-1.8,1.8,128,128
2025-01-25,HKC (Ha),KZ,18,32,2345,2448,0.372,0.052,0.576,20,22,-23.6,23.0,113,111
2025-01-25,HKC (U),ESDO,17,15,1484,1122,0.892,0.026,0.082,21,12,-21.9,22.1,126,127
2025-01-25,Haarlem,KIOS (N),17,19,1704,1806,0.370,0.057,0.573,17,19,-1.4,1.4,119,118
2025-01-25,Heerenveen,DOS Kampen,20,11,1923,1915,0.530,0.051,0.419,22,21,22.3,-24.2,119,124
2025-01-25,Huizen,Hebbes,19,13,1280,1121,0.722,0.054,0.224,16,12,8.4,-9.2,124,131
2025-01-25,IFC '25,Sparta (Ze),37,28,1851,1449,0.913,0.020,0.067,24,14,-0.9,1.3,118,128
2025-01-25,It Fean,Emmeloord,11,26,1546,1406,0.703,0.050,0.248,19,15,-47.1,48.4,116,117
2025-01-25,Juventa,HKC (He),19,13,1818,1636,0.752,0.042,0.205,22,16,3.0,-2.8,121,117
2025-01-25,KCR,Merwede,20,28,1764,1783,0.490,0.056,0.454,20,19,-25.4,25.9,115,117
2025-01-25,KIOS '45,Rivalen,14,19,714,1136,0.082,0.029,0.889,10,18,8.3,-7.0,138,129
2025-01-25,KOAG,HKV / Ons Eibernest,26,22,1934,1815,0.679,0.049,0.272,21,17,1.5,-1.5,117,117
2025-01-25,KVK,Scheldevogels,27,12,1488,1065,0.921,0.020,0.059,22,12,6.0,-6.9,128,139
2025-01-25,KVS,Nieuwerkerk,27,21,2217,2164,0.591,0.053,0.356,21,18,12.6,-12.8,117,118
2025-01-25,KVW '22,OKO,16,32,1696,1873,0.280,0.047,0.674,19,23,-20.4,19.7,117,115
2025-01-25,KVZ '23,Tweemaal Zes,27,19,1975,1883,0.645,0.050,0.305,21,18,14.1,-14.3,118,119
2025-01-25,KVZ,Oranje Zwart,18,9,1844,1448,0.911,0.020,0.069,25,15,-1.4,1.6,119,123
2025-01-25,Kesteren,SGV,25,7,1448,821,0.973,0.009,0.018,21,8,2.4,-2.6,128,134
2025-01-25,Kinderdijk,Swift (M),15,26,1931,2101,0.286,0.049,0.664,17,21,-17.7,17.8,117,117
2025-01-25,Kinea / Udiros,HHV,18,13,1561,1478,0.632,0.055,0.314,19,16,9.3,-9.6,124,127
2025-01-25,Korbis,Juliana,12,13,1765,1810,0.452,0.055,0.493,19,20,-2.6,2.7,122,123
2025-01-25,Koveni,KCD,17,12,1358,1403,0.451,0.058,0.491,17,18,21.3,-20.0,124,120
2025-01-25,Luctor,Seolto,22,13,1136,1126,0.529,0.060,0.411,17,16,26.9,-26.3,124,123
2025-01-25,Luno,De Vinken,14,16,1431,1859,0.081,0.024,0.895,13,22,20.6,-23.6,120,128
2025-01-25,Movado,GKV,26,17,1668,1595,0.623,0.045,0.332,25,22,15.6,-15.5,118,118
2025-01-25,NKV,Ready '60,8,12,1370,1408,0.459,0.063,0.478,15,16,-16.0,15.9,120,120
2025-01-25,NRC '22,Sparta (Zw),23,25,1900,1974,0.410,0.057,0.533,18,19,-3.7,3.8,116,118
2025-01-25,Nexus,Sporting West,12,19,1500,1540,0.457,0.060,0.483,16,17,-23.9,23.7,119,119
2025-01-25,Nikantes,Olympia (S),17,24,875,1066,0.259,0.055,0.686,13,17,-14.6,12.2,132,120
2025-01-25,Noordenveld,Quick '21 / Vlug en Vaardig (G),24,19,1923,1756,0.735,0.043,0.222,22,17,0.7,-0.7,120,118
2025-01-25,Noviomagum,Telstar,16,21,1751,1847,0.382,0.055,0.563,18,20,-11.8,12.0,117,117
2025-01-25,ODIK,Zwaluwen (Ze),18,23,1766,1768,0.514,0.057,0.429,19,18,-21.4,21.0,120,119
2025-01-25,OEC,OJC '98,14,9,1073,1210,0.323,0.060,0.616,14,16,31.9,-30.1,123,120
2025-01-25,ONDO (G),Maassluis,16,17,1970,1870,0.655,0.050,0.295,21,18,-16.4,15.5,122,118
2025-01-25,ONDO (M),DVS '69,17,18,1855,1623,0.800,0.037,0.163,23,16,-25.4,26.6,118,121
2025-01-25,OVVO,Achilles (H),12,21,2016,2056,0.458,0.058,0.484,17,18,-25.9,26.5,116,117
2025-01-25,OZC,ACKC,10,16,1475,1732,0.195,0.042,0.763,15,21,-2.7,2.9,118,124
2025-01-25,Olympia '22,Vakgericht,12,6,1204,891,0.862,0.032,0.106,19,12,-2.3,2.8,130,138
2025-01-25,PSV,Arena,25,22,1382,1423,0.457,0.060,0.484,16,17,12.8,-12.9,119,120
2025-01-25,Pallas '08,Joure,18,19,1649,1421,0.798,0.036,0.166,24,17,-24.9,24.1,118,116
2025-01-25,Phoenix (Z),KZ Danaiden,17,11,1700,1623,0.622,0.058,0.320,17,15,12.7,-13.3,118,121
2025-01-25,RDZ,EKCA,13,11,1416,1206,0.777,0.045,0.178,18,13,-11.1,11.2,117,118
2025-01-25,RODA (W),Furore,23,12,1701,1528,0.740,0.048,0.212,18,14,14.7,-15.0,119,121
2025-01-25,ROG,Hoogkerk,15,20,1562,1685,0.342,0.057,0.600,16,18,-10.2,10.9,116,120
2025-01-25,Rheko,Revival,11,11,1288,1408,0.345,0.062,0.593,14,16,8.0,-8.2,118,120
2025-01-25,Rohda (A),Excelsior (D),27,23,1840,1934,0.384,0.056,0.560,18,19,19.5,-19.7,114,115
2025-01-25,Roreko,SDO (S),20,18,1285,1248,0.569,0.056,0.375,19,17,1.8,-1.7,125,123
2025-01-25,Rust Roest (E),Oranje Wit (D),15,20,1818,1976,0.302,0.046,0.652,21,24,-5.0,5.3,119,123
2025-01-25,SCO,Spirit (Vo),29,25,2143,2166,0.487,0.050,0.463,24,23,12.6,-12.5,119,119
2025-01-25,SDO (K),Animo (G),23,21,1925,1810,0.674,0.050,0.276,20,17,-5.0,5.1,117,117
2025-01-25,SEV (Z),Ons Clubje,15,15,908,945,0.456,0.073,0.470,11,12,0.5,-0.5,125,132
2025-01-25,SF Deinum,Lemmer,15,11,707,787,0.390,0.080,0.529,9,10,43.0,-41.2,167,163
2025-01-25,SKF,GKV (G),29,32,2098,1998,0.656,0.049,0.294,21,18,-22.7,22.8,117,118
2025-01-25,SKV (S),Oranje Zwart (M),10,19,773,1235,0.066,0.025,0.909,9,17,-3.2,2.8,142,125
2025-01-25,SkunK,Keizer Karel,19,17,1348,1388,0.458,0.058,0.483,17,18,8.9,-8.5,120,117
2025-01-25,Sparta (N),Apollo,23,11,1579,1421,0.723,0.048,0.229,19,15,16.3,-17.5,119,124
2025-01-25,Sporting Delta,Fortis,19,14,2142,1889,0.819,0.035,0.146,22,15,-4.5,3.9,123,116
2025-01-25,Sporting Trigon,ODO (M),25,25,1670,1699,0.472,0.060,0.468,18,17,-0.2,0.2,117,120
2025-01-25,Springfield,Terda,22,12,1148,784,0.893,0.026,0.080,20,11,4.8,-5.4,132,144
2025-01-25,Stadskanaal '74,De Granaet,22,24,1458,1695,0.215,0.040,0.746,19,25,10.5,-10.8,118,120
2025-01-25,Stormvogels (U),Helios,6,18,1025,1281,0.191,0.050,0.759,11,16,-20.3,18.2,140,132
2025-01-25,Synergo,Amicitia (V),22,15,1891,1921,0.473,0.056,0.471,20,19,22.0,-22.6,115,116
2025-01-25,TOGO (G),Korbatjo,21,17,1492,1544,0.444,0.053,0.503,20,21,17.6,-16.2,126,121
2025-01-25,TOP (S),TOP (A),23,18,2375,2105,0.832,0.034,0.133,21,14,-4.4,4.6,113,115
2025-01-25,Tempo,Die Haghe,13,29,1956,2199,0.207,0.043,0.750,16,22,-17.1,16.3,122,119
2025-01-25,Thor (H),Wolderwijd,15,17,1122,1460,0.129,0.037,0.834,12,18,20.0,-16.0,138,125
2025-01-25,Thor (R),Reeuwijk,14,23,1546,1736,0.260,0.052,0.687,15,18,-15.5,15.0,121,118
2025-01-25,Thrianta,Exakwa,22,28,1493,1748,0.196,0.041,0.763,17,22,-2.2,2.1,124,120
2025-01-25,Tiel '72,Victum,18,16,1703,1865,0.295,0.050,0.655,18,21,19.8,-19.2,120,118
2025-01-25,Tilburg,Refleks,30,17,1964,1781,0.753,0.042,0.205,22,17,14.2,-15.3,118,123
2025-01-25,Trekvogels (R),DSO (K),16,13,1659,1535,0.687,0.045,0.268,23,19,-3.1,3.3,121,123
2025-01-25,Triade,Conventus,12,14,1139,1075,0.602,0.063,0.335,15,13,-20.3,20.2,128,128
2025-01-25,Twist,WION,16,17,1581,1437,0.707,0.052,0.241,18,14,-19.5,21.6,118,124
2025-01-25,Unitas,KCC,19,17,2290,2263,0.556,0.053,0.390,21,19,2.0,-2.0,117,117
2025-01-25,VDDO,De Pein,19,22,1531,1530,0.520,0.054,0.426,20,19,-13.8,13.3,117,115
2025-01-25,VEO,Weidevogels,22,14,1969,1780,0.759,0.041,0.200,22,16,7.4,-7.0,120,116
2025-01-25,VIKO,Melmac,15,12,1144,1083,0.598,0.063,0.339,15,13,5.0,-5.3,120,125
2025-01-25,VZOD,Viking,10,18,1380,1623,0.206,0.047,0.747,14,18,-10.0,9.9,120,120
2025-01-25,Valto,De Meervogels,25,17,2177,1928,0.816,0.034,0.150,24,17,3.1,-3.1,117,119
2025-01-25,Ventura Sport,'t Capproen,9,17,1248,1278,0.472,0.062,0.466,17,16,-28.9,34.4,124,136
2025-01-25,Vitesse (Ba),KVA,15,20,1947,2048,0.375,0.053,0.572,19,21,-10.6,10.6,116,116
2025-01-25,Vitesse (Be),Leeuwarden,16,18,1386,1470,0.398,0.055,0.547,18,20,-3.0,2.8,123,117
2025-01-25,Voltreffers (O),Good Luck,11,23,887,1356,0.064,0.022,0.914,12,21,-5.1,4.8,133,128
2025-01-25,Vriendenschaar (B),Swift,18,14,1795,1824,0.477,0.056,0.468,20,19,14.2,-13.8,118,116
2025-01-25,Vriendenschaar (H),DES (De),19,18,1926,1768,0.726,0.044,0.230,22,17,-12.1,12.1,116,116
2025-01-25,WSS,Oerterp,24,18,1442,1366,0.623,0.052,0.325,20,18,10.9,-10.8,117,117
2025-01-25,WWC,Olympia (T),16,12,1527,1371,0.722,0.048,0.230,19,15,-0.6,0.5,121,119
2025-01-25,Wageningen,AVO,18,13,2243,2037,0.777,0.039,0.185,23,17,-2.3,2.0,123,117
2025-01-25,Wesstar,Regio '72,19,16,1295,1216,0.624,0.057,0.319,18,15,2.4,-2.4,119,120
2025-01-25,Westergo,MN en W,11,9,1208,1155,0.588,0.061,0.351,16,15,1.2,-1.2,132,127
2025-01-25,Wez Handich,ASVD,22,20,1861,1822,0.574,0.051,0.375,22,20,0.7,-0.7,121,123
2025-01-25,Wit Blauw,KIOS (R),25,11,2054,2010,0.582,0.046,0.371,25,23,23.4,-23.6,116,116
2025-01-25,Woudenberg,Apeldoorn,24,26,1804,1799,0.526,0.053,0.421,21,20,-10.3,10.2,116,116
2025-01-25,Zwart Wit,Reehorst '45,14,15,1490,1644,0.307,0.048,0.646,19,22,7.5,-8.0,120,123
2025-01-26,FSC,Maastricht,9,12,996,1158,0.291,0.060,0.649,13,16,-3.3,3.2,158,150
2025-01-26,Fortuna (D),LDODK,23,19,2532,2510,0.551,0.051,0.398,22,21,8.3,-8.0,115,113
2025-01-26,Mariarade,KVS '17,9,16,555,870,0.142,0.046,0.812,9,14,-13.6,10.7,178,152
2025-01-26,Mid Fryslân,Oost Arnhem,35,24,2267,2101,0.737,0.040,0.223,25,19,11.3,-11.8,113,116
2025-01-26,Moedig Voorwaarts,KIA,8,14,900,991,0.384,0.064,0.552,14,15,-29.5,27.9,159,154
2025-01-28,Conventus,Sperwers,22,14,1095,897,0.765,0.047,0.187,17,12,9.9,-10.8,123,129
2025-01-30,Sperwers,NIO,6,26,886,1561,0.020,0.008,0.972,11,25,-2.5,2.8,125,136
2025-02-01,AW.DTV,Dalto,18,30,2269,2353,0.399,0.052,0.550,20,22,-22.6,23.0,110,111
2025-02-01,Achilles (H),Excelsior (D),20,17,2082,1914,0.737,0.043,0.220,22,17,-5.6,5.4,115,113
2025-02-01,Ados,Zaandam Zuid,12,7,1350,1140,0.778,0.044,0.178,18,13,0.2,-0.2,132,129
2025-02-01,Albatros,Atlas,38,14,2017,1658,0.892,0.023,0.084,24,15,8.8,-8.0,125,119
2025-02-01,Antilopen,Noviomagum,23,23,1911,1739,0.741,0.043,0.216,22,17,-16.7,16.6,115,114
2025-02-01,Apeldoorn,Telstar,26,18,1810,1859,0.448,0.054,0.498,19,20,24.5,-25.2,114,115
2025-02-01,Avanti (P),DOS (W),28,11,2200,1877,0.871,0.027,0.102,24,15,8.6,-8.5,118,118
2025-02-01,Avereest,Meko '74,13,11,854,943,0.382,0.072,0.547,11,13,37.9,-51.8,229,271
2025-02-01,Badhoevedorp,VZOD,15,15,1524,1369,0.718,0.052,0.230,17,13,-15.8,16.4,117,119
2025-02-01,Blauw Wit (K),Focus,28,4,1514,1048,0.937,0.017,0.046,21,11,5.6,-5.5,128,126
2025-02-01,Blauw Zwart,Duko,14,19,1370,1413,0.454,0.057,0.489,18,19,-17.8,17.5,122,121
2025-02-01,DES (De),RWA,16,16,1780,1690,0.642,0.051,0.307,21,18,-10.2,11.4,115,121
2025-02-01,DOC,Het Bosch,14,7,882,879,0.513,0.073,0.414,12,11,99.9,-82.4,298,265
2025-02-01,DOT (O),Animo (G),29,17,1826,1815,0.534,0.052,0.414,21,20,25.7,-25.6,116,116
2025-02-01,DSC,Mid Fryslân,22,22,2282,2280,0.523,0.049,0.428,24,23,-2.7,2.8,110,111
2025-02-01,DSO (A),HBC (Be),17,18,1178,1479,0.155,0.042,0.804,12,18,19.0,-19.7,125,127
2025-02-01,DTG,SF Deinum,21,10,1400,751,0.976,0.008,0.016,20,8,-0.2,0.6,136,156
2025-02-01,DTL,Club Brothers,22,9,1586,1182,0.914,0.021,0.065,23,13,4.9,-4.9,125,126
2025-02-01,DVS '69,Erasmus,29,22,1650,1537,0.671,0.050,0.279,20,17,11.1,-12.8,120,130
2025-02-01,DWS (K),Nova,10,17,1395,1784,0.099,0.030,0.871,12,19,0.5,-0.5,122,122
2025-02-01,De Granaet,Harich,27,13,1686,1547,0.703,0.046,0.251,22,18,18.0,-16.7,118,113
2025-02-01,De Pein,Rood Wit (W),13,19,1544,1650,0.368,0.052,0.580,19,21,-12.1,13.3,113,119
2025-02-01,De Vinken,Viking,24,13,1835,1633,0.773,0.040,0.188,22,16,13.0,-11.3,128,119
2025-02-01,Dijkvogels,Helios,18,10,1581,1300,0.838,0.038,0.124,17,11,5.3,-5.8,122,129
2025-02-01,Dindoa,Synergo,23,21,2036,1913,0.685,0.048,0.267,21,17,-6.5,5.5,122,113
2025-02-01,Dunas,DKV Victoria,20,18,1545,1467,0.626,0.052,0.322,21,18,-2.3,2.3,119,120
2025-02-01,EKC 2000,Noveas,16,17,1103,1084,0.542,0.060,0.398,17,16,-10.9,9.7,134,126
2025-02-01,ESDO,EKVA,10,18,1144,1575,0.080,0.024,0.896,13,22,1.0,-1.1,127,131
2025-02-01,Emmeloord,Joure,13,10,1456,1446,0.531,0.057,0.412,19,18,7.5,-7.4,116,115
2025-02-01,Exakwa,ASVD,19,19,1752,1821,0.420,0.053,0.528,20,21,3.5,-3.5,119,120
2025-02-01,Fiducia,Sparta (N),21,20,1736,1596,0.703,0.048,0.248,20,16,-11.8,10.7,123,117
2025-02-01,Flamingo's (B),CSL,16,25,1989,1966,0.553,0.050,0.396,23,21,-29.0,28.7,114,113
2025-02-01,Furore,Apollo,8,14,1512,1403,0.662,0.058,0.280,16,13,-36.2,37.6,119,121
2025-02-01,GKV (G),Die Haghe,15,22,2022,2216,0.259,0.046,0.695,18,22,-8.3,8.5,116,117
2025-02-01,GKV,Juliana,10,23,1579,1812,0.220,0.037,0.742,21,27,-13.0,13.9,116,120
2025-02-01,Gemini,Nikantes,18,11,1125,861,0.823,0.043,0.134,15,10,5.3,-5.6,123,129
2025-02-01,Good Luck,Oranje Zwart (M),12,8,1362,1238,0.684,0.051,0.265,19,16,2.1,-2.1,129,126
2025-02-01,Groen Geel,TOP (S),15,15,2268,2371,0.371,0.054,0.575,18,20,5.9,-6.1,111,113
2025-02-01,HHV,DOS Kampen,19,24,1467,1890,0.085,0.022,0.893,16,26,11.4,-10.8,123,120
2025-02-01,HKC (He),Zwaluwen (Ze),21,24,1632,1790,0.301,0.052,0.648,17,20,-0.1,0.1,116,116
2025-02-01,HKV / Ons Eibernest,Fortis,13,22,1814,1892,0.404,0.058,0.538,17,18,-22.3,22.8,115,116
2025-02-01,Hebbes,Wolderwijd,4,11,1112,1444,0.133,0.037,0.831,13,19,-2.5,2.4,128,124
2025-02-01,Hoogkerk,Oerterp,22,10,1696,1356,0.880,0.028,0.092,21,13,5.9,-5.7,117,115
2025-02-01,Huizen,De Corvers,21,13,1289,1071,0.785,0.044,0.171,18,13,8.0,-8.9,122,129
2025-02-01,IFC '25,De Wâlden,24,19,1853,1772,0.630,0.050,0.320,22,19,7.4,-6.9,120,115
2025-02-01,It Fean,DWA / Argo,18,15,1498,1277,0.789,0.041,0.170,20,14,-8.2,8.3,115,115
2025-02-01,Juventa,Elburg,26,14,1821,1609,0.782,0.040,0.178,22,16,12.2,-11.7,120,117
2025-02-01,KCC,DOS '46,18,20,2260,2419,0.300,0.050,0.650,18,21,3.7,-3.5,115,113
2025-02-01,KCD,Arena,20,14,1382,1411,0.474,0.060,0.466,18,17,21.2,-21.0,117,117
2025-02-01,KCR,IJsselvogels,27,22,1739,1759,0.489,0.055,0.457,21,20,15.0,-16.7,113,120
2025-02-01,KIOS '45,Olympia '22,21,20,723,1201,0.061,0.022,0.918,11,20,46.2,-40.5,137,129
2025-02-01,KIOS (R),Ritola,32,28,1985,1960,0.556,0.049,0.395,23,22,7.5,-7.4,114,113
2025-02-01,KOAG,Kinderdijk,23,19,1936,1912,0.551,0.056,0.393,19,18,9.4,-9.4,115,115
2025-02-01,KVK,Luctor,26,11,1495,1164,0.875,0.027,0.097,23,14,9.2,-8.3,129,121
2025-02-01,KVS,Tempo,35,22,2230,1937,0.851,0.030,0.119,23,15,7.7,-8.4,115,120
2025-02-01,KVZ '23,Haarlem,20,11,1991,1702,0.848,0.030,0.122,24,16,2.9,-2.9,116,116
2025-02-01,KVZ,ODIK,20,18,1842,1745,0.651,0.052,0.297,20,17,-3.7,3.6,119,118
2025-02-01,KZ Danaiden,ODO (M),20,18,1608,1701,0.383,0.061,0.556,15,17,14.0,-13.9,118,117
2025-02-01,KZ,Unitas,18,20,2473,2291,0.753,0.039,0.208,24,19,-22.1,24.4,110,115
2025-02-01,Keizer Karel,EKCA,18,16,1379,1217,0.728,0.049,0.223,18,14,-7.8,8.2,114,117
2025-02-01,Kesteren,VIKO,26,14,1452,1149,0.856,0.032,0.112,21,13,9.3,-7.7,130,117
2025-02-01,Kinea / Udiros,Wez Handich,20,17,1570,1862,0.165,0.037,0.798,16,22,34.5,-32.7,121,118
2025-02-01,Korbatjo,DSO (K),14,22,1527,1537,0.502,0.057,0.440,19,18,-27.6,28.9,118,121
2025-02-01,LDODK,DVO,21,19,2501,2582,0.405,0.048,0.547,23,24,10.0,-11.0,111,116
2025-02-01,Leeuwarden,DTS (S),16,10,1473,1423,0.588,0.054,0.358,20,18,12.7,-12.9,115,116
2025-02-01,Luno,Nexus,22,12,1451,1475,0.479,0.063,0.459,17,16,30.9,-28.8,121,117
2025-02-01,MIA,Victum,16,17,1872,1846,0.555,0.054,0.391,20,19,-8.6,8.8,114,116
2025-02-01,MN en W,Lemmer,22,7,1153,746,0.912,0.026,0.062,16,8,6.9,-10.0,124,153
2025-02-01,Maassluis,Pernix,22,24,1885,1960,0.411,0.053,0.536,20,21,-3.2,3.3,116,118
2025-02-01,Madjoe,Fluks (N),14,13,1435,1444,0.503,0.058,0.439,19,18,2.3,-2.0,130,121
2025-02-01,Merwede,Weidevogels,22,19,1810,1772,0.572,0.055,0.374,20,18,4.6,-4.7,114,115
2025-02-01,Movado,Twist,22,16,1685,1561,0.682,0.053,0.265,18,15,8.3,-8.4,116,117
2025-02-01,NIO,Olympia (S),24,15,1565,1080,0.944,0.014,0.042,25,13,-4.3,3.0,136,118
2025-02-01,NKC '51,AVO,19,22,1933,2038,0.370,0.054,0.577,18,20,-4.6,4.3,121,116
2025-02-01,NKV,PSV,22,15,1353,1396,0.452,0.061,0.486,16,17,25.5,-24.8,118,116
2025-02-01,NRC '22,SDO (K),19,17,1896,1920,0.482,0.058,0.460,19,18,6.6,-6.7,114,115
2025-02-01,Nic,ZKC '19,24,18,2055,1996,0.603,0.049,0.348,23,21,10.2,-10.1,113,113
2025-02-01,Nieuwerkerk,De Meervogels,27,16,2152,1924,0.797,0.037,0.166,22,16,9.3,-9.7,116,118
2025-02-01,Noordenveld,KVW '22,27,17,1924,1676,0.816,0.034,0.150,23,16,6.8,-6.5,118,116
2025-02-01,OEC,Attila,16,9,1105,1288,0.269,0.053,0.678,15,18,39.5,-39.1,120,120
2025-02-01,OJC '98,Melmac,16,16,1178,1077,0.651,0.061,0.288,15,12,-11.6,12.5,117,122
2025-02-01,ONDO (G),Sporting Trigon,16,15,1953,1671,0.842,0.032,0.126,22,15,-21.0,19.4,119,115
2025-02-01,ONDO (M),Rust Roest (E),20,17,1829,1812,0.541,0.056,0.403,19,18,6.9,-6.8,118,117
2025-02-01,OVVO,Vitesse (Ba),20,24,1989,1936,0.592,0.055,0.354,20,18,-21.1,21.3,114,114
2025-02-01,OZC,Trekvogels (R),15,26,1472,1655,0.272,0.044,0.684,20,24,-15.3,15.7,117,119
2025-02-01,Ons Clubje,Vakgericht,6,7,944,893,0.581,0.072,0.348,12,11,-14.0,16.2,127,137
2025-02-01,Oost Arnhem,Fiks,18,18,2090,2193,0.374,0.048,0.578,22,24,6.2,-6.1,114,113
2025-02-01,Oranje Zwart,Hellas '63,25,23,1449,1554,0.369,0.053,0.578,19,21,15.4,-14.1,124,118
2025-02-01,PKC,HKC (Ha),18,17,2585,2320,0.830,0.030,0.139,26,18,-19.7,17.8,117,111
2025-02-01,Paal Centraal,Conventus,19,8,1445,1107,0.880,0.027,0.093,22,13,6.2,-5.2,134,120
2025-02-01,Phoenix (Z),ALO,21,17,1713,1805,0.384,0.058,0.558,17,18,20.2,-19.7,115,114
2025-02-01,Purmer,Aurora / DKV (IJ),9,21,802,1238,0.075,0.030,0.895,8,16,-9.3,7.6,143,127
2025-02-01,Quick '21 / Vlug en Vaardig (G),De Parabool,19,23,1756,1791,0.467,0.055,0.478,19,20,-13.7,13.3,116,115
2025-02-01,RODA (W),DTS (E),28,16,1717,1401,0.865,0.030,0.105,21,13,7.0,-7.6,118,123
2025-02-01,Rapid (H),Sporting West,19,19,1516,1564,0.444,0.063,0.493,15,16,1.5,-1.5,117,116
2025-02-01,Ready '60,SDO (V),12,20,1424,1747,0.140,0.035,0.825,15,22,-3.6,4.0,117,127
2025-02-01,Reehorst '45,DOS-WK,17,19,1636,1774,0.328,0.046,0.626,22,25,3.0,-3.1,121,123
2025-02-01,Reeuwijk,WION,28,16,1752,1458,0.851,0.031,0.118,22,14,7.5,-8.1,117,122
2025-02-01,Refleks,Swift (M),23,26,1766,2119,0.121,0.030,0.849,16,24,14.4,-13.0,121,115
2025-02-01,Revival,Regio '72,23,7,1399,1214,0.753,0.047,0.200,18,14,16.0,-16.0,117,117
2025-02-01,Rheko,RDZ,16,15,1295,1404,0.360,0.063,0.577,14,16,11.1,-11.2,116,117
2025-02-01,Rivalen,TOP (V),21,19,1129,1037,0.642,0.056,0.301,18,15,-3.0,2.8,129,126
2025-02-01,SCO,Wageningen,23,28,2157,2240,0.401,0.052,0.547,21,22,-11.7,12.6,117,121
2025-02-01,SDO (S),SIOS / Leonidas,19,23,1247,1440,0.259,0.051,0.691,15,19,-1.6,1.7,120,125
2025-02-01,SDO (W),Achilles (A) / AKC,15,23,1245,1476,0.218,0.049,0.733,14,18,-11.7,10.0,126,115
2025-02-01,SKF,Valto,19,20,2077,2180,0.373,0.051,0.576,20,22,2.8,-2.9,116,117
2025-02-01,Scheldevogels,Keep Fit '70,10,18,1057,1267,0.240,0.050,0.710,15,19,-15.4,12.4,139,123
2025-02-01,SkunK,Wesstar,15,15,1357,1297,0.600,0.056,0.344,19,17,-8.2,8.2,117,117
2025-02-01,Sparta (Ze),OKO,13,34,1452,1895,0.076,0.020,0.904,17,27,-8.0,6.5,128,114
2025-02-01,Sparta (Zw),Amicitia (V),18,13,1979,1898,0.630,0.053,0.318,20,17,7.6,-7.5,115,114
2025-02-01,Sperwers,Triade,14,27,883,1119,0.210,0.052,0.737,12,16,-18.2,18.2,125,125
2025-02-01,Spirit (Vo),De Meeuwen,23,20,2154,1980,0.745,0.040,0.215,24,18,-6.8,6.7,116,116
2025-02-01,Springfield,SKV (S),15,9,1154,770,0.903,0.025,0.072,19,10,-5.4,6.4,132,141
2025-02-01,Stadskanaal '74,WSS,22,20,1469,1455,0.541,0.050,0.409,23,22,2.6,-2.5,117,115
2025-02-01,Swift,KIOS (N),17,17,1809,1808,0.518,0.056,0.425,19,18,-2.8,2.9,114,116
2025-02-01,TOGO (G),ADO,23,20,1510,1553,0.455,0.058,0.487,17,18,13.3,-13.1,122,121
2025-02-01,TOP (A),DeetosSnel,23,24,2109,2239,0.334,0.057,0.609,16,18,4.6,-4.2,115,111
2025-02-01,Terda,'t Capproen,8,16,778,1312,0.044,0.018,0.938,10,20,3.2,-2.4,142,130
2025-02-01,Thor (R),Korbis,19,26,1530,1761,0.218,0.047,0.735,14,19,-7.8,7.8,119,119
2025-02-01,Thrianta,Heerenveen,18,27,1492,1945,0.071,0.021,0.908,14,24,1.0,-0.8,122,116
2025-02-01,Tilburg,Sporting Delta,27,27,1980,2137,0.303,0.048,0.648,19,22,10.9,-12.0,117,122
2025-02-01,Tjoba,Oranje Wit (D),16,23,1754,1982,0.225,0.039,0.736,20,26,-4.5,4.7,117,120
2025-02-01,Tweemaal Zes,Oosterkwartier (H),29,18,1869,1569,0.855,0.030,0.115,23,15,5.9,-5.9,117,117
2025-02-01,VDDO,Pallas '08,16,22,1518,1624,0.369,0.051,0.580,20,22,-12.3,12.7,115,117
2025-02-01,Velocitas (L),KVA,16,21,1844,2059,0.237,0.044,0.719,18,23,-1.5,1.5,116,114
2025-02-01,Vitesse (Be),WWC,15,17,1383,1527,0.319,0.051,0.630,18,21,2.7,-2.6,119,119
2025-02-01,Voltreffers (O),Ventura Sport,7,19,881,1218,0.129,0.037,0.834,12,19,-12.1,10.1,133,121
2025-02-01,Vriendenschaar (B),Atlantis,24,16,1809,1632,0.749,0.041,0.211,23,18,6.9,-7.2,116,119
2025-02-01,Vriendenschaar (H),VEO,23,20,1914,1976,0.428,0.055,0.517,19,20,13.1,-14.0,115,118
2025-02-01,Westergo,Lintjo,18,14,1209,1232,0.482,0.062,0.456,17,16,17.2,-17.7,128,130
2025-02-01,Wit Blauw,Drachten,22,19,2078,1949,0.693,0.044,0.263,24,19,-3.5,3.3,114,111
2025-02-01,Woudenberg,Tiel '72,22,22,1795,1723,0.619,0.051,0.330,21,18,-8.8,9.3,114,118
2025-02-01,Zaamslag,Seolto,26,14,1436,1099,0.878,0.028,0.094,21,13,6.8,-6.3,125,120
2025-02-01,Zwart Wit,Devinco,5,20,1497,1644,0.313,0.056,0.631,15,18,-23.1,23.6,117,119
2025-02-02,Blauw Wit,Fortuna (D),24,23,2468,2540,0.415,0.052,0.533,21,22,6.5,-6.8,110,113
2025-02-02,Eymerick,FSC,16,11,1089,992,0.645,0.064,0.291,14,11,15.7,-15.6,150,149
2025-02-02,KVS '17,Maastricht,12,17,881,1161,0.172,0.045,0.783,12,17,-1.0,1.0,148,143
2025-02-02,WK,Moedig Voorwaarts,11,15,629,870,0.206,0.051,0.742,12,16,-0.3,0.8,170,150
2025-02-05,ROG,Spannum,20,19,1551,1512,0.571,0.057,0.372,19,17,-2.3,2.4,115,117
2025-02-07,DOS '46,LDODK,21,26,2414,2511,0.383,0.050,0.567,21,22,-9.5,9.2,111,109
2025-02-08,'t Capproen,Good Luck,9,15,1310,1364,0.438,0.060,0.502,16,17,-23.7,21.7,131,126
2025-02-08,ADO,OZC,21,11,1540,1456,0.632,0.056,0.312,18,15,19.6,-18.8,118,115
2025-02-08,ALO,ONDO (G),15,13,1785,1931,0.315,0.053,0.632,17,20,16.4,-18.5,112,119
2025-02-08,ASVD,HHV,23,23,1818,1479,0.881,0.025,0.094,24,15,-26.7,30.0,117,124
2025-02-08,AVO,Spirit (Vo),26,25,2043,2147,0.371,0.050,0.579,21,23,9.6,-9.9,114,116
2025-02-08,Achilles (A) / AKC,Reehorst '45,17,27,1486,1638,0.310,0.047,0.643,20,23,-15.9,16.9,114,118
2025-02-08,Amicitia (V),DOT (O),21,20,1889,1853,0.570,0.052,0.378,21,20,-2.3,2.4,113,114
2025-02-08,Animo (G),Sparta (Zw),16,18,1789,1986,0.255,0.047,0.697,17,21,6.4,-6.4,114,114
2025-02-08,Apollo,DWS (K),15,12,1440,1394,0.578,0.064,0.358,15,13,6.3,-6.6,119,122
2025-02-08,Arena,Ready '60,9,17,1389,1419,0.472,0.060,0.468,18,17,-25.1,26.3,114,117
2025-02-08,Atlantis,KVZ '23,20,31,1624,1993,0.112,0.027,0.861,17,26,-4.4,4.3,118,116
2025-02-08,Atlas,ONDO (M),20,17,1649,1836,0.267,0.049,0.685,17,21,26.0,-23.9,120,115
2025-02-08,Attila,Kesteren,8,11,1248,1462,0.235,0.047,0.717,16,20,3.8,-4.8,118,129
2025-02-08,Aurora / DKV (IJ),OKV,14,24,1246,1463,0.231,0.050,0.719,14,18,-16.5,16.2,127,126
2025-02-08,CSL,Wit Blauw,19,26,1995,2075,0.408,0.048,0.544,23,24,-14.8,15.0,112,112
2025-02-08,Club Brothers,Vitesse (Be),15,15,1176,1385,0.241,0.048,0.711,16,20,17.6,-15.0,126,117
2025-02-08,Conventus,NIO,7,27,1100,1562,0.067,0.021,0.911,13,22,-6.8,8.5,121,136
2025-02-08,DKB,OJC '98,12,13,1172,1167,0.520,0.065,0.415,15,14,-8.4,7.5,123,116
2025-02-08,DKOD,Hemur Enge,18,17,991,846,0.704,0.057,0.239,15,12,-22.9,22.6,212,210
2025-02-08,DOS (W),SCO,17,26,1867,2146,0.176,0.038,0.786,17,23,-7.1,6.7,118,114
2025-02-08,DOS Kampen,Exakwa,29,20,1879,1755,0.688,0.044,0.268,24,20,12.9,-12.0,121,116
2025-02-08,DOS-WK,SDO (W),27,4,1771,1233,0.957,0.012,0.031,24,11,3.4,-3.6,120,123
2025-02-08,DSO (K),ACKC,16,20,1567,1734,0.288,0.055,0.657,15,18,-4.0,4.4,118,125
2025-02-08,DTS (E),Fiducia,21,30,1393,1724,0.135,0.035,0.830,14,21,-6.0,5.8,123,121
2025-02-08,DVO,KZ,30,21,2571,2450,0.685,0.043,0.273,25,21,11.3,-10.4,114,109
2025-02-08,DWA / Argo,VDDO,9,15,1285,1505,0.230,0.047,0.723,16,20,-5.0,4.9,115,113
2025-02-08,Dalto,DeetosSnel,26,24,2377,2235,0.708,0.045,0.248,23,18,-6.9,6.8,110,109
2025-02-08,De Corvers,HKC (U),17,28,1062,1462,0.094,0.027,0.879,14,23,-5.5,5.6,127,129
2025-02-08,De Hoeve,Elko,18,17,1282,1353,0.415,0.059,0.526,17,18,8.0,-8.4,122,125
2025-02-08,De Meervogels,GKV (G),16,23,1914,2013,0.377,0.054,0.569,19,20,-16.6,15.7,118,114
2025-02-08,De Meeuwen,NKC '51,16,7,1987,1929,0.599,0.054,0.347,20,18,18.4,-19.2,115,118
2025-02-08,De Parabool,Sparta (Ze),31,18,1805,1443,0.894,0.023,0.083,25,15,4.6,-5.7,113,128
2025-02-08,De Wâlden,Noordenveld,9,12,1765,1932,0.291,0.048,0.661,19,22,1.1,-1.2,113,118
2025-02-08,Devinco,Blauw Zwart,34,13,1667,1352,0.866,0.029,0.106,23,14,9.3,-9.6,117,119
2025-02-08,Die Haghe,Nieuwerkerk,25,19,2225,2162,0.607,0.052,0.341,21,19,11.3,-11.2,116,115
2025-02-08,Drachten,Flamingo's (B),24,30,1952,1960,0.507,0.055,0.438,20,19,-19.9,20.6,110,112
2025-02-08,Duko,Zwart Wit,15,18,1431,1472,0.457,0.061,0.482,16,17,-11.3,10.8,118,115
2025-02-08,EKCA,Revival,16,18,1225,1416,0.259,0.054,0.687,14,17,5.2,-5.3,116,116
2025-02-08,EKVA,Hebbes,28,8,1574,1107,0.938,0.016,0.046,23,12,5.7,-5.4,131,127
2025-02-08,Elburg,KVZ,17,13,1597,1838,0.208,0.045,0.747,15,20,32.5,-33.0,116,117
2025-02-08,Erasmus,Tjoba,7,19,1525,1749,0.226,0.045,0.729,16,21,-17.3,14.6,127,115
2025-02-08,Excelsior (D),Velocitas (L),23,24,1919,1842,0.626,0.051,0.323,21,18,-12.4,12.9,112,114
2025-02-08,Fiks,DSC,20,24,2187,2280,0.389,0.048,0.563,22,24,-6.6,6.4,111,109
2025-02-08,Fluks (N),Dijkvogels,16,9,1441,1586,0.314,0.057,0.628,15,17,34.9,-37.2,118,122
2025-02-08,Focus,KVK,15,23,1041,1506,0.065,0.023,0.911,11,20,0.7,-0.7,127,128
2025-02-08,Fortis,Refleks,26,17,1915,1781,0.697,0.049,0.254,20,16,12.6,-14.1,114,121
2025-02-08,Fortissimo,NKV,24,14,1644,1379,0.828,0.035,0.137,21,14,7.9,-6.9,124,115
2025-02-08,Fortuna (D),HKC (Ha),25,17,2534,2337,0.768,0.039,0.193,23,18,5.3,-5.3,111,111
2025-02-08,HBC (Be),Ados,13,10,1459,1350,0.665,0.054,0.281,18,15,-0.1,0.2,125,129
2025-02-08,Haarlem,Vriendenschaar (B),23,15,1698,1817,0.349,0.055,0.596,17,19,32.9,-32.0,116,115
2025-02-08,Harich,Hoogkerk,15,15,1530,1702,0.283,0.051,0.666,16,20,11.4,-12.6,112,118
2025-02-08,Heerenveen,Kinea / Udiros,16,7,1946,1605,0.881,0.026,0.093,23,14,1.6,-1.6,117,120
2025-02-08,Helios,Madjoe,16,30,1293,1436,0.316,0.058,0.626,15,17,-27.1,25.9,128,125
2025-02-08,Hellas '63,HKC (He),20,19,1541,1632,0.387,0.055,0.557,18,20,9.1,-8.7,116,114
2025-02-08,IJsselvogels,Vriendenschaar (H),17,19,1743,1927,0.270,0.047,0.683,18,22,6.0,-5.5,117,113
2025-02-08,Joure,De Pein,20,17,1437,1531,0.385,0.054,0.561,19,20,15.6,-15.1,113,111
2025-02-08,Juliana,Reeuwijk,11,8,1826,1761,0.610,0.053,0.338,20,18,2.4,-2.4,118,117
2025-02-08,KIOS (N),Tweemaal Zes,18,21,1810,1876,0.423,0.057,0.520,18,19,-7.8,8.3,114,117
2025-02-08,KVA,Achilles (H),13,17,2060,2077,0.494,0.055,0.451,21,20,-14.5,14.7,113,114
2025-02-08,KVW '22,IFC '25,13,25,1669,1861,0.262,0.046,0.692,18,22,-16.3,16.8,115,117
2025-02-08,Keep Fit '70,Zaamslag,16,21,1280,1444,0.293,0.051,0.656,17,20,-6.6,7.0,121,125
2025-02-08,Kinderdijk,Tilburg,17,21,1903,1992,0.391,0.054,0.555,19,20,-8.5,8.7,113,115
2025-02-08,Korbis,Movado,26,12,1770,1693,0.625,0.052,0.323,20,18,22.8,-21.6,118,114
2025-02-08,Lemmer,De Waterpoort,16,18,735,1239,0.053,0.019,0.928,10,20,35.5,-24.3,152,128
2025-02-08,Lintjo,DTG,10,16,1213,1400,0.265,0.052,0.683,15,19,-9.5,11.0,126,137
2025-02-08,Luctor,Blauw Wit (K),15,18,1155,1521,0.113,0.029,0.858,15,23,14.3,-16.5,121,129
2025-02-08,Nexus,Badhoevedorp,19,17,1446,1508,0.427,0.060,0.513,16,17,10.4,-10.6,114,116
2025-02-08,Nikantes,Sperwers,12,17,855,864,0.499,0.067,0.434,15,14,-25.9,24.0,127,122
2025-02-08,Nova,Furore,17,12,1783,1474,0.860,0.032,0.108,20,12,-6.1,5.6,122,117
2025-02-08,Noveas,SDO (S),12,19,1094,1246,0.307,0.054,0.639,16,19,-14.5,13.4,123,118
2025-02-08,Noviomagum,Woudenberg,25,23,1756,1786,0.475,0.055,0.470,21,20,6.7,-6.6,114,113
2025-02-08,ODIK,Juventa,23,19,1748,1835,0.395,0.055,0.550,19,20,18.7,-19.8,116,119
2025-02-08,ODO (M),Maassluis,25,26,1687,1882,0.257,0.049,0.695,16,20,10.0,-9.8,115,114
2025-02-08,OKO,Quick '21 / Vlug en Vaardig (G),23,12,1903,1742,0.731,0.041,0.228,24,19,12.2,-12.1,115,114
2025-02-08,Oerterp,De Granaet,16,27,1349,1705,0.119,0.031,0.850,15,23,-6.1,6.2,116,117
2025-02-08,Olympia '22,SEV (Z),22,9,1161,909,0.817,0.039,0.144,19,12,13.4,-12.5,130,124
2025-02-08,Olympia (S),Paal Centraal,18,24,1083,1452,0.112,0.029,0.859,15,23,4.0,-5.3,120,134
2025-02-08,Olympia (T),Leeuwarden,14,16,1370,1485,0.354,0.059,0.587,15,17,-0.8,0.7,121,113
2025-02-08,Oosterkwartier (H),Swift,21,29,1563,1806,0.208,0.042,0.750,17,22,-7.4,6.8,117,112
2025-02-08,Oranje Wit (D),DVS '69,39,15,1987,1663,0.873,0.024,0.103,28,18,9.2,-9.1,118,118
2025-02-08,Oranje Zwart (M),Terda,23,7,1234,780,0.932,0.019,0.049,19,10,5.3,-6.8,123,142
2025-02-08,PSV,Koveni,27,13,1371,1379,0.506,0.057,0.437,19,18,28.2,-33.0,114,123
2025-02-08,Pallas '08,It Fean,24,19,1637,1489,0.715,0.044,0.240,22,18,1.7,-1.7,115,114
2025-02-08,Pernix,KZ Danaiden,29,19,1964,1622,0.882,0.026,0.092,23,14,2.9,-2.9,116,115
2025-02-08,RDZ,SkunK,16,15,1392,1349,0.578,0.058,0.364,18,16,-2.6,2.7,114,115
2025-02-08,RWA,Merwede,18,16,1701,1815,0.356,0.054,0.590,18,20,15.3,-13.9,118,112
2025-02-08,Regio '72,Keizer Karel,17,21,1196,1372,0.278,0.053,0.668,15,18,-3.0,2.9,117,114
2025-02-08,Ritola,Nic,20,28,1954,2066,0.362,0.050,0.588,20,23,-15.2,15.1,111,111
2025-02-08,Rohda (A),OVVO,19,23,1861,1967,0.366,0.057,0.577,17,19,-8.1,7.7,115,112
2025-02-08,Rood Wit (W),Emmeloord,24,18,1664,1463,0.771,0.041,0.187,21,16,1.9,-1.8,117,114
2025-02-08,Rust Roest (E),Albatros,17,19,1805,2029,0.228,0.043,0.729,18,23,8.5,-10.3,115,125
2025-02-08,SDO (K),Dindoa,16,17,1913,2030,0.353,0.054,0.593,18,20,3.6,-4.0,113,119
2025-02-08,SDO (V),KCD,30,14,1751,1404,0.885,0.026,0.089,23,14,8.5,-7.2,126,115
2025-02-08,SF Deinum,Westergo,10,23,751,1226,0.061,0.023,0.916,9,18,-8.9,6.0,157,124
2025-02-08,SIOS / Leonidas,EKC 2000,23,13,1442,1092,0.886,0.027,0.087,21,13,3.9,-4.2,122,129
2025-02-08,Seolto,Scheldevogels,15,19,1093,1041,0.588,0.060,0.352,17,15,-24.1,30.0,120,134
2025-02-08,Spannum,Stadskanaal '74,16,15,1515,1473,0.580,0.051,0.370,22,20,-3.0,3.1,113,115
2025-02-08,Sparta (N),RODA (W),20,27,1607,1725,0.351,0.054,0.595,18,20,-14.9,15.4,116,118
2025-02-08,Sporting Delta,KOAG,29,16,2126,1946,0.751,0.041,0.208,23,17,14.6,-13.2,120,113
2025-02-08,Sporting Trigon,Phoenix (Z),19,16,1689,1733,0.454,0.059,0.488,17,18,12.2,-11.9,115,113
2025-02-08,Sporting West,De Vinken,17,24,1563,1848,0.170,0.038,0.792,16,22,-2.9,3.3,114,126
2025-02-08,Stormvogels (U),Dunas,15,19,1003,1543,0.044,0.015,0.941,13,24,22.7,-15.5,139,117
2025-02-08,Swift (M),HKV / Ons Eibernest,31,16,2107,1791,0.867,0.027,0.106,25,16,7.6,-7.3,116,112
2025-02-08,Synergo,NRC '22,20,17,1919,1903,0.541,0.055,0.404,20,19,6.1,-6.1,112,112
2025-02-08,TOP (A),Groen Geel,11,19,2114,2273,0.300,0.053,0.647,16,19,-13.9,12.9,113,109
2025-02-08,TOP (S),Oost Arnhem,27,21,2364,2095,0.833,0.032,0.135,24,16,-2.8,2.8,111,112
2025-02-08,TOP (V),Ons Clubje,22,16,1041,929,0.666,0.059,0.276,16,12,11.9,-11.9,123,124
2025-02-08,Telstar,MIA,18,21,1833,1863,0.476,0.056,0.468,20,19,-10.6,10.5,113,112
2025-02-08,Tempo,SKF,28,22,1929,2079,0.311,0.050,0.639,18,21,32.2,-28.8,120,114
2025-02-08,Thor (H),Huizen,10,16,1142,1298,0.299,0.062,0.639,12,15,-17.2,13.5,138,121
2025-02-08,Tiel '72,Antilopen,19,26,1733,1895,0.296,0.050,0.654,18,21,-11.0,10.7,116,114
2025-02-08,Trekvogels (R),TOGO (G),19,18,1672,1524,0.718,0.040,0.242,26,21,-12.0,12.5,117,119
2025-02-08,Triade,Gemini,15,15,1139,1131,0.523,0.069,0.408,14,13,-3.9,3.9,123,123
2025-02-08,Twist,Thor (R),17,13,1553,1522,0.556,0.064,0.380,16,14,10.5,-10.9,115,118
2025-02-08,Unitas,Blauw Wit,24,29,2315,2475,0.302,0.046,0.652,20,24,-4.9,4.4,114,108
2025-02-08,VEO,KCR,16,22,1962,1755,0.778,0.039,0.183,23,17,-39.5,36.6,116,111
2025-02-08,VIKO,OEC,22,20,1141,1144,0.510,0.063,0.427,16,15,5.8,-5.8,118,118
2025-02-08,VZOD,Luno,16,18,1385,1483,0.375,0.065,0.561,14,15,-2.9,2.9,117,118
2025-02-08,Vakgericht,Rivalen,12,15,908,1127,0.227,0.055,0.718,12,16,3.0,-2.7,132,125
2025-02-08,Valto,KVS,25,25,2177,2240,0.430,0.052,0.519,21,22,2.7,-2.8,115,115
2025-02-08,Ventura Sport,Springfield,13,11,1229,1149,0.628,0.055,0.317,19,16,-1.9,2.4,120,132
2025-02-08,Victum,Apeldoorn,25,25,1854,1836,0.546,0.052,0.402,22,20,-4.4,4.2,114,112
2025-02-08,Viking,Rapid (H),20,11,1620,1518,0.657,0.055,0.289,18,15,16.7,-15.9,118,115
2025-02-08,Vitesse (Ba),BEP,19,14,1958,1901,0.598,0.053,0.349,21,18,8.8,-9.5,112,118
2025-02-08,WION,GKV,18,19,1450,1565,0.359,0.047,0.593,22,24,4.4,-3.9,121,114
2025-02-08,WSS,ROG,13,19,1452,1549,0.381,0.054,0.565,18,20,-13.5,13.2,113,112
2025-02-08,WWC,DTL,18,13,1524,1592,0.421,0.055,0.524,19,20,20.2,-23.3,117,126
2025-02-08,Wageningen,Avanti (P),17,15,2254,2210,0.582,0.050,0.367,22,20,0.2,-0.2,118,118
2025-02-08,Weidevogels,DES (De),15,17,1767,1769,0.516,0.056,0.429,20,19,-9.6,9.6,113,113
2025-02-08,Wesstar,Rheko,10,11,1305,1306,0.513,0.063,0.424,16,15,-6.9,6.7,115,114
2025-02-08,Wez Handich,Thrianta,30,19,1829,1493,0.880,0.025,0.096,25,16,3.6,-3.8,118,123
2025-02-08,Wolderwijd,ESDO,23,8,1445,1144,0.854,0.034,0.112,19,12,10.6,-11.1,124,127
2025-02-08,ZKC '19,KIOS (R),20,23,1985,1995,0.508,0.049,0.443,24,23,-10.7,10.9,111,112
2025-02-08,Zaandam Zuid,DSO (A),16,19,1138,1197,0.429,0.067,0.505,14,15,-12.2,11.6,127,124
2025-02-08,Zwaluwen (Ze),Oranje Zwart,31,24,1791,1465,0.873,0.026,0.101,25,16,-3.0,3.4,115,121
2025-02-09,FSC,Mariarade,20,4,976,541,0.923,0.024,0.053,15,7,8.4,-11.5,143,172
2025-02-09,Mid Fryslân,AW.DTV,29,28,2283,2245,0.575,0.049,0.377,23,21,-2.6,2.6,110,109
2025-02-12,Melynas,SIOS '61,24,8,1230,847,0.903,0.024,0.073,20,12,25.7,-24.2,228,219
2025-02-13,Aurora / DKV (IJ),Ados,13,15,1229,1349,0.346,0.061,0.593,14,16,-0.8,0.8,123,125
2025-02-13,Koveni,Fortissimo,17,29,1345,1652,0.153,0.035,0.812,16,23,-10.0,10.4,119,122
2025-02-15,ACKC,ADO,26,10,1738,1560,0.746,0.048,0.207,18,13,17.8,-16.0,122,116
2025-02-15,AW.DTV,Fiks,26,23,2249,2180,0.617,0.047,0.335,24,21,0.8,-0.8,107,110
2025-02-15,Achilles (H),Rohda (A),23,17,2091,1853,0.807,0.037,0.157,22,16,-0.6,0.6,112,113
2025-02-15,Albatros,Oranje Wit (D),32,24,2018,1999,0.549,0.047,0.404,25,23,19.3,-18.2,123,119
2025-02-15,Antilopen,Victum,21,21,1907,1851,0.598,0.052,0.350,21,19,-7.4,7.4,113,112
2025-02-15,Apeldoorn,Noviomagum,18,16,1841,1764,0.627,0.049,0.324,23,20,-2.4,2.5,110,112
2025-02-15,Avanti (P),AVO,23,29,2208,2053,0.724,0.044,0.233,23,18,-35.5,33.3,116,112
2025-02-15,Avereest,Niek,14,12,891,739,0.713,0.058,0.229,14,11,-9.0,15.9,209,254
2025-02-15,Blauw Wit (K),Seolto,24,10,1505,1069,0.926,0.019,0.054,21,11,5.1,-4.4,128,118
2025-02-15,Blauw Wit,DVO,22,26,2480,2583,0.376,0.047,0.577,23,25,-5.3,5.9,107,113
2025-02-15,DES (De),IJsselvogels,14,19,1778,1749,0.561,0.053,0.386,21,19,-20.6,22.0,111,115
2025-02-15,DOT (O),SDO (K),26,19,1855,1916,0.431,0.056,0.513,18,19,23.4,-23.2,112,111
2025-02-15,DSC,TOP (S),22,21,2286,2362,0.412,0.052,0.536,20,21,6.5,-7.0,108,112
2025-02-15,DVS '69,Atlas,22,22,1653,1675,0.487,0.055,0.459,21,20,-0.9,0.9,118,118
2025-02-15,DWS (K),DTS (E),22,12,1387,1388,0.511,0.064,0.424,16,15,28.3,-29.7,119,123
2025-02-15,Dalto,TOP (A),27,11,2371,2099,0.835,0.032,0.133,24,16,9.1,-9.5,109,112
2025-02-15,De Vinken,VZOD,30,8,1852,1382,0.939,0.016,0.045,23,12,5.0,-4.4,124,115
2025-02-15,DeetosSnel,Mid Fryslân,25,20,2242,2282,0.464,0.051,0.485,21,22,14.8,-14.7,109,108
2025-02-15,Dindoa,Animo (G),36,11,2026,1795,0.801,0.035,0.164,24,17,13.5,-12.6,117,113
2025-02-15,Dunas,Helios,19,12,1528,1266,0.827,0.035,0.139,21,14,1.1,-1.1,118,125
2025-02-15,ESDO,De Corvers,13,15,1132,1057,0.621,0.057,0.322,18,15,-20.1,20.2,126,127
2025-02-15,Fiducia,Nova,17,12,1732,1776,0.453,0.057,0.490,18,19,19.7,-20.1,120,122
2025-02-15,Fortuna (D),PKC,23,19,2539,2564,0.485,0.051,0.464,23,22,11.1,-12.9,110,119
2025-02-15,GKV (G),Tempo,23,20,2029,1963,0.612,0.052,0.336,21,18,2.0,-2.1,112,118
2025-02-15,GKV,Korbis,15,26,1561,1794,0.221,0.037,0.742,21,27,-10.2,10.7,113,116
2025-02-15,Gemini,Conventus,20,15,1134,1092,0.570,0.069,0.361,13,12,15.2,-15.7,120,121
2025-02-15,Good Luck,SKV (S),23,11,1385,775,0.971,0.009,0.020,21,9,0.5,-0.5,122,143
2025-02-15,HKC (Ha),Unitas,12,16,2331,2311,0.549,0.052,0.399,22,20,-16.7,17.2,111,113
2025-02-15,HKC (U),EKVA,16,16,1469,1581,0.361,0.052,0.587,19,21,8.2,-8.7,128,132
2025-02-15,HKV / Ons Eibernest,Sporting Delta,14,29,1783,2142,0.118,0.029,0.853,16,24,-8.3,9.0,113,118
2025-02-15,Hebbes,Thor (H),22,18,1101,1124,0.479,0.067,0.454,15,14,18.5,-20.0,128,133
2025-02-15,KCD,PSV,15,12,1396,1401,0.510,0.059,0.431,18,17,9.0,-8.4,116,112
2025-02-15,KCR,Weidevogels,24,13,1792,1757,0.569,0.054,0.378,20,19,21.4,-21.5,111,112
2025-02-15,KOAG,Fortis,14,15,1932,1929,0.522,0.057,0.420,19,18,-6.7,6.6,113,112
2025-02-15,KVK,Keep Fit '70,15,9,1506,1273,0.801,0.040,0.159,20,14,1.1,-1.1,129,119
2025-02-15,KVS,De Meervogels,18,13,2238,1897,0.883,0.024,0.093,25,16,-8.9,9.3,113,115
2025-02-15,KVZ,Hellas '63,27,20,1804,1550,0.820,0.035,0.145,22,15,1.1,-1.1,116,114
2025-02-15,KZ Danaiden,Sporting Trigon,15,17,1620,1702,0.400,0.058,0.542,17,18,-3.2,3.1,116,113
2025-02-15,KZ,DOS '46,24,21,2439,2405,0.569,0.051,0.380,22,20,3.8,-3.9,108,110
2025-02-15,Keizer Karel,RDZ,16,18,1375,1390,0.495,0.061,0.444,17,16,-9.0,9.1,112,113
2025-02-15,Kesteren,DKB,18,9,1457,1163,0.850,0.032,0.118,21,13,4.9,-4.5,126,120
2025-02-15,Korbatjo,Trekvogels (R),16,24,1499,1660,0.300,0.045,0.655,21,25,-12.2,11.5,119,115
2025-02-15,Koveni,Arena,21,16,1336,1363,0.478,0.057,0.464,19,18,17.2,-16.1,116,113
2025-02-15,LDODK,KCC,29,15,2520,2263,0.825,0.032,0.143,25,17,8.5,-9.7,108,116
2025-02-15,Luno,Viking,13,13,1486,1637,0.307,0.056,0.637,15,18,10.4,-10.4,116,116
2025-02-15,MIA,Tiel '72,28,15,1873,1722,0.719,0.045,0.236,22,17,14.6,-15.4,111,114
2025-02-15,Maassluis,ALO,16,18,1873,1801,0.620,0.052,0.329,21,18,-15.8,15.1,113,111
2025-02-15,Madjoe,DKV Victoria,19,13,1464,1469,0.509,0.060,0.432,18,17,20.3,-19.6,122,120
2025-02-15,Merwede,VEO,21,22,1801,1922,0.349,0.053,0.599,18,21,3.8,-4.1,111,115
2025-02-15,Movado,Juliana,14,18,1671,1827,0.302,0.052,0.646,17,20,-3.6,3.7,113,116
2025-02-15,NIO,Nikantes,18,9,1572,829,0.986,0.004,0.009,26,10,-7.8,6.3,136,123
2025-02-15,NKC '51,Wageningen,16,26,1907,2253,0.127,0.030,0.843,16,24,-4.5,4.6,116,116
2025-02-15,NKV,SDO (V),14,21,1372,1761,0.100,0.028,0.872,14,22,1.7,-2.2,115,126
2025-02-15,Nieuwerkerk,Valto,21,21,2150,2180,0.476,0.054,0.470,21,20,-0.2,0.2,113,113
2025-02-15,OEC,Melmac,17,12,1139,1090,0.583,0.062,0.354,16,14,12.2,-13.6,116,122
2025-02-15,OJC '98,VIKO,22,17,1174,1148,0.550,0.064,0.386,16,14,13.7,-14.1,114,115
2025-02-15,ONDO (G),Pernix,19,10,1911,1968,0.437,0.054,0.509,19,20,28.5,-28.3,117,116
2025-02-15,ONDO (M),Erasmus,25,18,1811,1506,0.859,0.031,0.111,22,14,-0.6,0.9,114,124
2025-02-15,OVVO,Excelsior (D),22,23,1975,1907,0.613,0.054,0.333,20,17,-11.6,11.6,110,110
2025-02-15,Oost Arnhem,Groen Geel,19,23,2098,2285,0.268,0.047,0.685,18,22,-0.6,0.6,112,108
2025-02-15,Paal Centraal,Triade,25,5,1447,1135,0.864,0.029,0.107,22,14,11.9,-9.9,132,120
2025-02-15,Phoenix (Z),ODO (M),20,10,1721,1698,0.549,0.060,0.392,17,16,22.4,-23.3,111,114
2025-02-15,Ready '60,Fortissimo,13,14,1445,1665,0.231,0.047,0.722,16,20,11.6,-12.5,115,119
2025-02-15,Reehorst '45,Duko,22,14,1657,1420,0.808,0.033,0.159,25,18,2.6,-2.5,116,116
2025-02-15,Reeuwijk,Twist,24,15,1757,1563,0.764,0.044,0.193,20,15,9.3,-9.0,115,113
2025-02-15,Refleks,Kinderdijk,19,25,1766,1894,0.340,0.054,0.607,17,20,-12.4,11.0,119,111
2025-02-15,Revival,Wesstar,15,4,1410,1298,0.670,0.054,0.276,18,15,17.7,-17.3,115,113
2025-02-15,Rheko,Regio '72,17,13,1312,1193,0.676,0.056,0.268,17,14,3.0,-3.1,112,115
2025-02-15,SEV (Z),Vakgericht,9,9,896,911,0.489,0.070,0.441,14,13,-1.6,1.8,124,128
2025-02-15,SGV,Attila,6,21,817,1250,0.077,0.027,0.895,10,18,-9.9,7.1,141,117
2025-02-15,SKF,Die Haghe,20,30,2051,2237,0.269,0.046,0.685,19,23,-13.4,13.7,112,114
2025-02-15,Scheldevogels,Focus,19,26,1072,1042,0.557,0.061,0.381,16,15,-35.8,35.0,129,128
2025-02-15,SkunK,EKCA,19,18,1351,1230,0.680,0.052,0.267,19,15,-8.8,8.9,113,114
2025-02-15,Sperwers,Olympia (S),13,18,889,1087,0.252,0.053,0.695,14,18,-5.2,5.3,119,120
2025-02-15,Spirit (Vo),DOS (W),25,17,2138,1859,0.842,0.029,0.129,26,17,0.6,-0.5,114,117
2025-02-15,Springfield,'t Capproen,11,13,1151,1285,0.328,0.058,0.614,15,17,0.9,-0.8,128,127
2025-02-15,TOGO (G),DSO (K),24,19,1537,1563,0.480,0.056,0.463,20,19,17.0,-16.8,117,116
2025-02-15,Terda,Ventura Sport,13,19,773,1227,0.069,0.025,0.906,11,19,7.3,-4.6,142,118
2025-02-15,Thor (R),WION,16,12,1511,1454,0.594,0.060,0.346,17,15,7.8,-8.2,115,118
2025-02-15,Tilburg,Swift (M),29,28,2001,2116,0.358,0.049,0.593,21,23,10.2,-10.8,113,116
2025-02-15,Tjoba,Rust Roest (E),17,24,1763,1813,0.447,0.055,0.498,19,20,-20.1,19.9,114,114
2025-02-15,Tweemaal Zes,Atlantis,34,15,1884,1620,0.830,0.032,0.138,24,16,11.0,-11.6,115,118
2025-02-15,Velocitas (L),Vitesse (Ba),20,19,1855,1966,0.363,0.052,0.585,19,22,10.1,-9.7,113,111
2025-02-15,Voltreffers (O),Oranje Zwart (M),11,13,868,1241,0.107,0.033,0.859,11,19,21.2,-18.0,134,125
2025-02-15,Vriendenschaar (B),KIOS (N),21,24,1784,1802,0.492,0.056,0.452,20,19,-11.5,11.3,113,112
2025-02-15,Vriendenschaar (H),RWA,26,24,1921,1716,0.776,0.040,0.184,22,16,-10.8,11.8,111,116
2025-02-15,Woudenberg,Telstar,26,21,1780,1822,0.458,0.055,0.487,19,20,16.4,-16.5,111,111
2025-02-15,Zaamslag,Luctor,24,15,1451,1169,0.843,0.030,0.127,25,17,3.2,-3.1,122,121
2025-02-16,Goorecht,NKC (N)/Wees Kwiek,10,17,722,853,0.330,0.063,0.607,13,15,-65.7,66.1,271,272
2025-02-16,KVS '17,FSC,10,20,880,985,0.363,0.066,0.571,13,15,-35.4,33.9,146,143
2025-02-16,Mariarade,Maastricht,7,23,529,1162,0.025,0.012,0.963,7,18,-5.7,4.3,169,142
2025-02-18,PKC,KCC,25,19,2550,2252,0.856,0.028,0.116,25,17,-4.8,4.8,115,114
2025-02-19,Erasmus,Albatros,16,35,1507,2039,0.046,0.015,0.939,14,26,-4.6,4.4,123,118
2025-02-20,HKC (U),Thor (H),21,17,1477,1105,0.898,0.025,0.077,21,12,-13.1,14.0,124,127
2025-02-21,Roreko,De Hoeve,15,11,1287,1291,0.511,0.059,0.429,18,17,15.1,-13.3,130,121
2025-02-22,'t Capproen,Springfield,13,12,1284,1151,0.694,0.053,0.253,18,14,-10.9,11.0,124,124
2025-02-22,BEP,Rohda (A),17,17,1890,1853,0.570,0.056,0.374,19,17,-6.4,5.8,118,112
2025-02-22,DKB,Melmac,12,14,1158,1076,0.627,0.061,0.312,16,13,-19.7,19.7,120,120
2025-02-22,DOS '46,Blauw Wit,18,18,2400,2474,0.414,0.051,0.534,21,22,3.4,-3.2,108,106
2025-02-22,DVO,HKC (Ha),17,19,2589,2313,0.840,0.029,0.131,26,18,-28.3,27.5,111,110
2025-02-22,Diderna,Wiko,14,9,937,549,0.904,0.027,0.069,17,9,-12.5,14.5,218,228
2025-02-22,Fiks,DeetosSnel,26,19,2179,2258,0.408,0.051,0.541,21,22,22.5,-22.0,108,107
2025-02-22,Focus,Luctor,13,20,1079,1166,0.391,0.059,0.550,16,18,-21.0,19.9,124,121
2025-02-22,Groen Geel,DSC,20,18,2286,2293,0.509,0.054,0.437,21,20,4.2,-4.2,107,107
2025-02-22,KCC,KZ,16,31,2256,2443,0.268,0.046,0.685,18,22,-18.2,16.2,114,107
2025-02-22,Mid Fryslân,Dalto,15,17,2267,2380,0.361,0.046,0.592,23,25,0.8,-0.9,107,110
2025-02-22,Niek,Meko '74,12,8,755,891,0.322,0.066,0.612,12,14,70.4,-76.6,224,234
2025-02-22,PKC,LDODK,24,27,2546,2530,0.544,0.049,0.407,24,23,-13.5,12.3,114,109
2025-02-22,TOP (A),Oost Arnhem,24,23,2088,2097,0.503,0.057,0.440,19,18,1.7,-1.6,112,111
2025-02-22,TOP (S),AW.DTV,21,21,2354,2250,0.662,0.048,0.290,22,18,-10.9,10.1,110,106
2025-02-22,Unitas,Fortuna (D),22,25,2327,2550,0.229,0.042,0.729,19,24,5.4,-5.1,111,109
2025-02-24,Melmac,SGV,19,8,1096,806,0.844,0.039,0.117,16,9,8.8,-12.6,115,141
2025-02-27,SKV (S),Voltreffers (O),15,13,774,889,0.350,0.068,0.582,12,14,24.4,-20.9,146,135
2025-03-01,AW.DTV,Groen Geel,28,27,2260,2290,0.476,0.055,0.469,20,19,2.9,-2.9,106,106
2025-03-01,Ados,Aurora / DKV (IJ),20,15,1350,1228,0.679,0.056,0.265,17,13,7.4,-7.3,125,124
2025-03-01,BEP,KVA,18,22,1884,2044,0.298,0.051,0.651,17,20,-3.2,3.3,115,117
2025-03-01,Badhoevedorp,Sporting West,9,17,1497,1560,0.425,0.061,0.514,16,17,-24.3,24.3,120,119
2025-03-01,Blauw Wit,KCC,28,14,2470,2237,0.803,0.035,0.162,24,17,9.3,-10.5,105,112
2025-03-01,Blauw Zwart,Achilles (A) / AKC,21,14,1341,1470,0.337,0.054,0.609,17,19,36.0,-32.3,125,118
2025-03-01,DLKV,Diderna,13,13,866,925,0.425,0.072,0.502,12,13,7.2,-4.8,252,209
2025-03-01,DSC,Oost Arnhem,34,16,2288,2096,0.764,0.039,0.197,24,18,12.6,-13.4,106,109
2025-03-01,DTL,Olympia (T),17,14,1567,1369,0.766,0.046,0.188,18,13,-7.4,6.9,128,124
2025-03-01,Dalto,Fiks,27,23,2379,2203,0.749,0.037,0.214,27,21,-4.2,4.1,108,107
2025-03-01,De Granaet,Spannum,15,11,1712,1512,0.771,0.041,0.188,22,16,-4.7,4.3,123,118
2025-03-01,De Waterpoort,Lintjo,11,17,1214,1203,0.533,0.057,0.410,19,18,-30.9,28.6,134,128
2025-03-01,DeetosSnel,TOP (S),14,22,2235,2343,0.365,0.055,0.580,18,20,-15.4,16.2,106,109
2025-03-01,EKC 2000,De Hoeve,14,14,1088,1277,0.262,0.053,0.685,14,18,17.4,-13.6,134,119
2025-03-01,Elko,Noveas,25,19,1344,1079,0.829,0.035,0.136,21,14,-1.3,1.3,127,126
2025-03-01,Emmeloord,Pallas '08,9,23,1461,1640,0.277,0.048,0.676,18,22,-20.0,20.1,119,120
2025-03-01,Exakwa,Wez Handich,16,19,1744,1834,0.392,0.050,0.558,21,23,-5.2,5.4,121,124
2025-03-01,Flamingo's (B),ZKC '19,20,16,1982,1974,0.530,0.052,0.418,22,21,9.9,-9.6,117,115
2025-03-01,Fortuna (D),DVO,18,19,2545,2560,0.500,0.051,0.450,23,22,-4.4,4.6,108,112
2025-03-01,Furore,Sparta (N),15,17,1479,1592,0.356,0.059,0.585,15,17,-1.0,1.0,123,120
2025-03-01,HHV,Heerenveen,16,29,1510,1946,0.078,0.022,0.900,15,25,-5.6,5.2,129,123
2025-03-01,HKC (Ha),DOS '46,22,32,2340,2403,0.428,0.054,0.518,19,20,-22.6,21.4,110,107
2025-03-01,HKC (He),ODIK,25,29,1624,1768,0.318,0.053,0.629,17,20,-5.0,5.1,118,120
2025-03-01,Hebbes,De Corvers,19,11,1121,1077,0.577,0.059,0.364,17,16,22.7,-22.3,127,126
2025-03-01,Huizen,Wolderwijd,9,12,1311,1457,0.312,0.061,0.627,13,16,-3.2,3.4,125,129
2025-03-01,IFC '25,OKO,17,17,1878,1916,0.467,0.050,0.483,22,23,0.5,-0.5,122,119
2025-03-01,It Fean,Joure,20,17,1488,1453,0.567,0.057,0.377,19,17,5.6,-5.4,119,117
2025-03-01,Juventa,Zwaluwen (Ze),14,12,1815,1789,0.555,0.053,0.392,21,19,2.3,-2.3,122,122
2025-03-01,KIOS '45,TOP (V),15,24,770,1053,0.170,0.042,0.788,14,19,-12.7,10.1,145,126
2025-03-01,KIOS (R),CSL,20,20,2006,1980,0.558,0.048,0.394,24,23,-5.2,5.1,116,116
2025-03-01,KVZ '23,Oosterkwartier (H),27,14,1999,1556,0.931,0.016,0.053,27,16,2.1,-2.1,122,121
2025-03-01,KZ,LDODK,27,30,2460,2543,0.403,0.050,0.547,22,23,-4.5,4.6,106,107
2025-03-01,Kinea / Udiros,DOS Kampen,17,23,1602,1894,0.165,0.037,0.798,16,22,0.1,-0.0,126,125
2025-03-01,Kleine Sluis,Celeritas (A),16,7,998,926,0.610,0.068,0.321,13,11,57.4,-55.3,213,208
2025-03-01,MN en W,SF Deinum,20,5,1161,741,0.918,0.023,0.058,17,9,7.4,-10.2,133,160
2025-03-01,Mid Fryslân,TOP (A),30,20,2266,2090,0.747,0.041,0.211,23,17,8.9,-9.6,106,111
2025-03-01,NRC '22,Amicitia (V),25,20,1896,1887,0.532,0.054,0.414,20,19,13.3,-13.4,116,117
2025-03-01,Nic,Drachten,24,11,2082,1933,0.716,0.044,0.240,23,18,15.6,-15.4,115,115
2025-03-01,Noordenveld,De Parabool,15,11,1929,1811,0.680,0.046,0.274,23,19,0.9,-0.9,122,120
2025-03-01,OKV,Zaandam Zuid,18,8,1481,1126,0.888,0.027,0.085,20,12,4.4,-4.4,128,129
2025-03-01,Oranje Zwart,Elburg,22,38,1470,1629,0.300,0.050,0.650,18,21,-25.0,23.2,126,121
2025-03-01,Purmer,HBC (Be),6,31,792,1458,0.021,0.010,0.969,8,19,-3.8,3.0,149,128
2025-03-01,Quick '21 / Vlug en Vaardig (G),De Wâlden,24,23,1729,1765,0.466,0.057,0.477,18,19,4.3,-4.2,119,118
2025-03-01,RODA (W),Apollo,21,9,1742,1446,0.852,0.032,0.116,21,14,8.2,-8.4,121,123
2025-03-01,ROG,Oerterp,25,22,1562,1343,0.789,0.040,0.171,21,15,-8.5,9.4,116,122
2025-03-01,Rapid (H),Nexus,19,16,1501,1456,0.577,0.060,0.362,17,15,5.6,-5.5,119,119
2025-03-01,Roreko,SIOS / Leonidas,12,20,1302,1447,0.316,0.054,0.629,16,19,-18.2,18.5,126,128
2025-03-01,SCO,De Meeuwen,15,13,2153,2004,0.716,0.045,0.239,22,17,-8.2,8.2,119,119
2025-03-01,SDO (W),Devinco,7,14,1228,1679,0.071,0.024,0.905,11,20,3.5,-3.0,131,123
2025-03-01,Sparta (Ze),KVW '22,17,29,1437,1651,0.238,0.045,0.717,17,22,-19.6,16.1,133,120
2025-03-01,Sparta (Zw),Synergo,15,18,1979,1925,0.593,0.056,0.350,19,16,-19.9,19.0,119,116
2025-03-01,Stadskanaal '74,Harich,15,13,1475,1541,0.426,0.051,0.523,21,22,10.2,-9.9,119,117
2025-03-01,Swift,Haarlem,22,23,1814,1731,0.632,0.054,0.314,19,17,-14.0,14.8,117,120
2025-03-01,Thrianta,ASVD,11,29,1489,1791,0.157,0.036,0.807,16,23,-15.1,14.1,128,124
2025-03-01,Unitas,PKC,20,19,2332,2533,0.254,0.043,0.703,20,25,16.3,-16.7,111,112
2025-03-01,VDDO,Rood Wit (W),21,24,1509,1666,0.302,0.051,0.647,17,21,-0.2,0.1,118,122
2025-03-01,Vitesse (Be),DTS (S),17,18,1370,1408,0.462,0.058,0.480,17,18,-3.5,3.6,121,123
2025-03-01,WSS,Hoogkerk,16,22,1438,1689,0.200,0.044,0.757,15,20,-3.2,3.4,117,122
2025-03-01,Westergo,Lemmer,26,9,1234,770,0.935,0.019,0.046,18,9,6.0,-8.0,130,155
2025-03-01,Wit Blauw,Ritola,14,25,2090,1939,0.721,0.041,0.238,25,20,-44.0,43.6,117,116
2025-03-01,Zwart Wit,DOS-WK,10,25,1483,1776,0.163,0.038,0.798,15,21,-13.1,14.8,119,128
2025-03-02,Vefo,Koru,10,20,908,1111,0.244,0.056,0.700,12,16,-40.1,37.7,196,189
2025-03-02,WK,Forward,12,18,629,728,0.370,0.068,0.562,12,14,-31.9,40.6,166,191
2025-03-04,Leeuwarden,Club Brothers,20,12,1485,1193,0.849,0.032,0.119,22,14,2.2,-2.4,118,130
2025-03-05,Meko '74,Avereest,16,16,813,882,0.410,0.073,0.517,11,12,7.8,-6.8,209,197
2025-03-05,d'Ommerdieck,Korvesta,11,8,856,557,0.850,0.039,0.112,15,9,-25.4,23.8,240,235
2025-03-06,Zaandam Zuid,Aurora / DKV (IJ),8,10,1121,1221,0.371,0.065,0.564,13,15,-3.3,3.0,128,120
2025-03-07,Vakgericht,TOP (V),9,11,912,1065,0.303,0.059,0.638,14,16,2.5,-2.2,130,124
2025-03-08,'t Capproen,Oranje Zwart (M),18,13,1272,1222,0.584,0.062,0.354,16,14,13.8,-15.0,124,130
2025-03-08,ACKC,Korbatjo,21,15,1757,1487,0.834,0.033,0.133,22,15,-2.4,2.2,127,123
2025-03-08,ASVD,DOS Kampen,31,21,1807,1894,0.396,0.051,0.554,21,22,34.7,-35.1,123,123
2025-03-08,AVO,De Meeuwen,20,21,2088,2011,0.624,0.053,0.323,20,17,-13.5,13.6,117,118
2025-03-08,Albatros,ONDO (M),20,14,2046,1812,0.804,0.034,0.161,24,17,-1.6,1.4,124,120
2025-03-08,Amicitia (V),Animo (G),23,16,1874,1781,0.646,0.050,0.304,21,18,11.2,-11.9,115,119
2025-03-08,Antilopen,Woudenberg,18,17,1900,1798,0.659,0.048,0.293,22,19,-8.1,7.9,117,116
2025-03-08,Apollo,Nova,11,19,1436,1755,0.143,0.038,0.820,13,20,-5.2,5.3,122,124
2025-03-08,Atlas,Rust Roest (E),19,19,1677,1834,0.302,0.051,0.647,17,21,11.8,-11.0,121,117
2025-03-08,Attila,VIKO,29,14,1258,1134,0.683,0.054,0.264,18,14,22.1,-20.6,124,119
2025-03-08,BEP,OVVO,22,16,1880,1964,0.397,0.058,0.545,17,18,24.5,-25.2,114,115
2025-03-08,Blauw Wit (K),KVK,16,13,1511,1507,0.523,0.058,0.419,19,18,10.3,-10.1,134,133
2025-03-08,Blauw Zwart,Zwart Wit,20,14,1378,1468,0.388,0.059,0.553,16,18,28.6,-27.2,122,119
2025-03-08,DES (De),Merwede,19,18,1757,1805,0.449,0.056,0.495,18,19,5.2,-5.1,116,116
2025-03-08,DKV Victoria,Stormvogels (U),21,8,1449,1026,0.921,0.022,0.058,19,10,5.3,-7.2,123,147
2025-03-08,DLKV,Wiko,14,7,873,563,0.858,0.036,0.105,16,10,11.6,-11.7,218,219
2025-03-08,DOS-WK,Achilles (A) / AKC,27,14,1792,1438,0.890,0.024,0.086,24,15,6.2,-5.4,126,116
2025-03-08,DOT (O),Sparta (Zw),18,21,1880,1958,0.406,0.055,0.539,18,20,-6.7,6.7,116,116
2025-03-08,DSO (A),Ados,10,14,1209,1358,0.309,0.059,0.632,14,16,-7.2,6.6,129,123
2025-03-08,DVO,Unitas,38,14,2564,2348,0.788,0.035,0.177,26,19,12.8,-12.8,110,110
2025-03-08,DWA / Argo,Pallas '08,15,22,1279,1661,0.105,0.027,0.868,15,24,2.7,-2.4,123,117
2025-03-08,DWS (K),Furore,10,19,1416,1478,0.422,0.069,0.508,12,13,-29.5,28.4,123,120
2025-03-08,De Corvers,Thor (H),13,19,1054,1119,0.422,0.061,0.516,16,17,-20.1,23.0,122,131
2025-03-08,De Meervogels,Die Haghe,17,22,1905,2252,0.126,0.031,0.844,16,24,6.9,-6.4,122,118
2025-03-08,De Parabool,OKO,21,28,1809,1915,0.371,0.049,0.580,21,23,-14.9,14.6,118,117
2025-03-08,De Vinken,Rapid (H),19,10,1859,1506,0.888,0.025,0.087,23,14,1.2,-1.2,131,117
2025-03-08,De Wâlden,KVW '22,13,14,1761,1669,0.645,0.052,0.304,20,17,-14.4,15.1,116,118
2025-03-08,Dijkvogels,Madjoe,12,12,1547,1485,0.603,0.057,0.340,18,16,-9.7,9.3,128,125
2025-03-08,Dindoa,NRC '22,25,15,2042,1910,0.696,0.045,0.259,23,19,15.0,-13.1,123,114
2025-03-08,Drachten,CSL,23,18,1916,1985,0.421,0.052,0.527,20,21,18.9,-19.1,113,114
2025-03-08,Duko,Devinco,13,13,1417,1675,0.192,0.043,0.765,15,20,20.0,-20.7,122,124
2025-03-08,EKCA,Regio '72,18,11,1239,1190,0.584,0.061,0.355,16,15,18.0,-18.3,119,120
2025-03-08,EKVA,Wolderwijd,17,11,1572,1459,0.671,0.050,0.279,20,17,10.4,-9.4,133,126
2025-03-08,Elburg,ODIK,18,17,1656,1774,0.350,0.055,0.595,17,19,12.0,-11.6,119,117
2025-03-08,Emmeloord,De Pein,17,17,1440,1515,0.409,0.057,0.534,18,19,4.0,-4.1,117,119
2025-03-08,Erasmus,Oranje Wit (D),12,34,1502,1981,0.062,0.017,0.920,16,28,-6.9,6.3,128,122
2025-03-08,Excelsior (D),KVA,13,27,1919,2048,0.339,0.052,0.609,18,21,-22.7,22.6,115,115
2025-03-08,Fiducia,RODA (W),15,14,1751,1751,0.518,0.056,0.425,19,18,1.0,-0.9,123,121
2025-03-08,Fiks,Mid Fryslân,22,26,2207,2277,0.422,0.047,0.531,24,25,-7.6,7.4,107,106
2025-03-08,Fluks (N),Helios,29,13,1475,1264,0.779,0.045,0.176,18,12,16.1,-17.4,124,130
2025-03-08,Fortissimo,PSV,30,22,1652,1392,0.825,0.035,0.141,22,15,3.6,-3.3,124,116
2025-03-08,GKV (G),Nieuwerkerk,17,18,2032,2150,0.352,0.053,0.595,18,21,4.0,-4.0,117,117
2025-03-08,GKV,Reeuwijk,21,35,1550,1767,0.237,0.040,0.723,21,26,-15.7,16.5,118,121
2025-03-08,Good Luck,Terda,25,10,1387,780,0.970,0.009,0.021,22,10,2.1,-2.5,130,147
2025-03-08,Groen Geel,DeetosSnel,16,23,2288,2219,0.614,0.054,0.332,20,17,-26.8,26.9,105,105
2025-03-08,HBC (Be),Zaandam Zuid,15,9,1464,1117,0.885,0.027,0.089,21,13,-5.7,4.9,130,122
2025-03-08,HHV,Exakwa,20,28,1504,1738,0.218,0.042,0.741,18,23,-9.2,7.8,129,118
2025-03-08,HKC (He),Oranje Zwart,29,20,1620,1445,0.745,0.042,0.213,23,17,9.2,-10.3,116,123
2025-03-08,HKV / Ons Eibernest,Refleks,19,17,1774,1754,0.546,0.055,0.399,20,19,2.8,-3.0,119,122
2025-03-08,Haarlem,Atlantis,26,16,1747,1608,0.704,0.047,0.249,21,17,14.0,-15.4,117,124
2025-03-08,Harich,Oerterp,20,10,1530,1353,0.747,0.043,0.210,21,16,11.2,-12.1,115,120
2025-03-08,Hebbes,ESDO,18,13,1144,1112,0.558,0.066,0.376,15,13,16.0,-17.3,123,129
2025-03-08,Hellas '63,Zwaluwen (Ze),24,24,1550,1786,0.215,0.043,0.742,17,22,18.1,-17.6,120,119
2025-03-08,Hoogkerk,De Granaet,13,19,1693,1707,0.497,0.058,0.445,19,18,-23.6,24.0,120,121
2025-03-08,Huizen,HKC (U),13,22,1307,1465,0.299,0.057,0.645,14,17,-18.8,20.5,122,128
2025-03-08,IFC '25,Noordenveld,13,20,1879,1929,0.446,0.053,0.501,20,21,-20.5,20.8,119,119
2025-03-08,It Fean,VDDO,22,11,1494,1510,0.494,0.058,0.448,19,18,28.4,-28.2,117,116
2025-03-08,Juventa,KVZ,20,17,1816,1807,0.531,0.056,0.413,19,18,7.6,-7.8,119,121
2025-03-08,KCC,HKC (Ha),21,22,2226,2317,0.388,0.055,0.557,18,20,1.5,-1.4,112,109
2025-03-08,KCD,Ready '60,15,11,1405,1456,0.441,0.062,0.497,15,16,18.2,-18.3,120,120
2025-03-08,KIOS '45,SEV (Z),15,15,758,893,0.324,0.063,0.613,13,15,12.6,-10.1,141,126
2025-03-08,KIOS (N),Oosterkwartier (H),38,23,1814,1553,0.827,0.033,0.140,23,16,10.5,-11.5,116,122
2025-03-08,KIOS (R),Nic,23,21,2001,2098,0.383,0.049,0.568,22,24,12.0,-12.0,114,114
2025-03-08,KOAG,Tilburg,25,20,1925,2012,0.394,0.053,0.553,20,21,21.8,-22.0,117,117
2025-03-08,KVZ '23,Vriendenschaar (B),20,10,2003,1773,0.800,0.035,0.165,24,18,7.9,-7.3,123,117
2025-03-08,Keep Fit '70,Seolto,14,13,1271,1064,0.774,0.047,0.179,17,12,-16.5,16.7,124,125
2025-03-08,Kinderdijk,Sporting Delta,15,22,1906,2152,0.205,0.042,0.753,17,22,-5.1,5.7,116,124
2025-03-08,Kinea / Udiros,Thrianta,16,11,1602,1473,0.690,0.051,0.259,19,15,5.6,-5.7,124,127
2025-03-08,Koveni,NKV,17,15,1354,1373,0.488,0.060,0.452,18,17,7.1,-7.3,120,122
2025-03-08,Lintjo,SF Deinum,21,3,1232,730,0.947,0.016,0.037,18,8,4.6,-6.9,124,158
2025-03-08,Luno,Badhoevedorp,17,12,1495,1471,0.548,0.063,0.389,16,15,15.2,-14.4,121,117
2025-03-08,MIA,Apeldoorn,23,18,1889,1838,0.592,0.051,0.357,22,19,9.2,-9.0,116,115
2025-03-08,MN en W,De Waterpoort,9,15,1169,1183,0.497,0.058,0.445,19,18,-28.1,26.4,133,129
2025-03-08,Maassluis,KZ Danaiden,32,22,1857,1616,0.809,0.037,0.154,21,15,8.0,-8.3,117,119
2025-03-08,Meko '74,Niek,15,19,822,825,0.505,0.072,0.423,13,12,-42.3,49.3,187,204
2025-03-08,Movado,Thor (R),20,17,1666,1518,0.712,0.051,0.237,18,14,-3.0,3.2,117,120
2025-03-08,Nexus,VZOD,14,14,1451,1376,0.618,0.060,0.322,16,14,-9.2,10.4,116,123
2025-03-08,Nikantes,Triade,15,21,835,1123,0.164,0.046,0.790,11,16,-4.6,4.3,131,126
2025-03-08,Noveas,SIOS / Leonidas,12,19,1081,1466,0.101,0.030,0.869,13,20,0.8,-0.8,125,124
2025-03-08,Noviomagum,Tiel '72,14,20,1766,1706,0.603,0.053,0.344,20,18,-28.3,29.7,117,119
2025-03-08,ODO (M),Pernix,19,28,1673,1938,0.187,0.040,0.772,16,22,-8.4,8.7,118,120
2025-03-08,OEC,Kesteren,16,18,1152,1462,0.150,0.038,0.812,14,20,14.0,-17.2,119,131
2025-03-08,OJC '98,SGV,17,8,1189,793,0.908,0.026,0.066,17,9,2.9,-3.7,118,140
2025-03-08,OKV,Purmer,27,7,1485,787,0.982,0.006,0.012,20,7,1.8,-2.3,128,150
2025-03-08,ONDO (G),Phoenix (Z),16,14,1939,1743,0.766,0.044,0.191,20,14,-11.3,10.4,120,116
2025-03-08,OZC,TOGO (G),21,20,1436,1555,0.352,0.052,0.596,19,21,12.2,-11.9,122,121
2025-03-08,Olympia (S),Conventus,14,19,1093,1077,0.537,0.063,0.399,16,15,-26.1,26.5,124,125
2025-03-08,Olympia (T),DTS (S),10,13,1376,1412,0.462,0.064,0.475,14,15,-13.0,12.3,122,119
2025-03-08,Oost Arnhem,AW.DTV,15,27,2082,2264,0.274,0.046,0.680,19,23,-15.2,14.1,109,105
2025-03-08,PKC,KZ,28,28,2515,2457,0.603,0.048,0.349,24,21,-7.5,6.7,111,105
2025-03-08,Paal Centraal,NIO,13,14,1461,1564,0.372,0.055,0.573,18,19,3.1,-3.4,137,143
2025-03-08,RDZ,Wesstar,17,16,1399,1278,0.679,0.055,0.267,17,14,-8.9,9.2,117,119
2025-03-08,ROG,Stadskanaal '74,12,14,1555,1485,0.618,0.049,0.333,22,20,-15.8,16.0,116,117
2025-03-08,Revival,Keizer Karel,21,16,1428,1366,0.602,0.058,0.340,18,15,10.9,-10.4,120,117
2025-03-08,Rheko,SkunK,13,14,1315,1343,0.476,0.062,0.462,17,16,-4.6,4.7,117,119
2025-03-08,Rivalen,Ons Clubje,18,11,1124,917,0.772,0.050,0.177,15,10,9.7,-9.4,131,130
2025-03-08,Rohda (A),Vitesse (Ba),9,16,1858,1956,0.379,0.055,0.566,18,20,-15.9,16.5,114,116
2025-03-08,Rood Wit (W),Joure,9,7,1667,1448,0.790,0.038,0.172,22,16,-13.4,12.3,120,115
2025-03-08,Roreko,Elko,20,21,1284,1344,0.430,0.057,0.513,18,19,-1.4,1.4,123,126
2025-03-08,SCO,Avanti (P),20,19,2144,2173,0.478,0.053,0.470,22,21,3.3,-3.5,118,120
2025-03-08,SDO (S),EKC 2000,17,20,1260,1105,0.721,0.048,0.232,20,15,-30.5,33.1,125,130
2025-03-08,SDO (V),Arena,33,13,1759,1346,0.918,0.020,0.062,24,13,7.2,-5.9,131,117
2025-03-08,SDO (W),Reehorst '45,10,25,1230,1660,0.081,0.023,0.896,14,23,-7.7,6.8,131,122
2025-03-08,SKF,KVS,19,19,2037,2228,0.264,0.045,0.691,19,23,13.8,-14.4,117,120
2025-03-08,Spannum,WSS,20,18,1515,1435,0.629,0.053,0.318,20,17,-2.3,2.2,117,116
2025-03-08,Sparta (N),DTS (E),12,14,1593,1358,0.804,0.038,0.158,21,15,-29.4,33.6,117,125
2025-03-08,Sparta (Ze),Quick '21 / Vlug en Vaardig (G),14,25,1418,1734,0.147,0.034,0.819,16,23,-9.6,7.9,130,116
2025-03-08,Spirit (Vo),NKC '51,28,14,2139,1902,0.808,0.033,0.159,26,18,11.2,-11.5,120,122
2025-03-08,Sporting Trigon,ALO,18,16,1704,1816,0.361,0.055,0.584,17,19,14.6,-14.3,116,115
2025-03-08,Sporting West,Viking,17,16,1584,1626,0.456,0.060,0.484,16,17,4.9,-5.2,117,121
2025-03-08,Swift (M),Fortis,23,19,2106,1935,0.742,0.043,0.215,22,17,-2.7,2.6,119,117
2025-03-08,Synergo,SDO (K),20,16,1943,1893,0.588,0.057,0.355,18,16,7.5,-7.7,114,116
2025-03-08,TOP (A),DSC,17,24,2080,2303,0.229,0.045,0.727,17,21,-6.1,5.7,110,106
2025-03-08,TOP (S),Dalto,18,23,2360,2375,0.497,0.052,0.451,22,21,-15.5,15.7,108,108
2025-03-08,Telstar,Victum,15,21,1806,1858,0.443,0.056,0.501,18,19,-18.2,18.5,116,117
2025-03-08,Tjoba,DVS '69,25,11,1743,1653,0.643,0.050,0.307,21,18,21.5,-22.9,118,122
2025-03-08,Trekvogels (R),ADO,19,21,1673,1543,0.694,0.046,0.260,21,17,-22.1,22.6,119,121
2025-03-08,Tweemaal Zes,Swift,24,17,1898,1801,0.652,0.051,0.297,20,17,12.4,-11.3,121,115
2025-03-08,Twist,Korbis,19,29,1554,1806,0.198,0.044,0.758,15,20,-11.7,12.1,119,121
2025-03-08,VEO,IJsselvogels,29,18,1918,1771,0.715,0.045,0.241,22,18,14.8,-14.8,119,119
2025-03-08,Valto,Tempo,19,18,2180,1960,0.791,0.037,0.172,23,17,-16.6,17.9,117,121
2025-03-08,Velocitas (L),Achilles (H),12,16,1866,2090,0.226,0.044,0.730,17,22,2.0,-2.0,117,117
2025-03-08,Ventura Sport,SKV (S),18,9,1223,799,0.920,0.022,0.057,18,10,1.5,-1.6,125,140
2025-03-08,Vitesse (Be),DTL,6,14,1367,1560,0.259,0.049,0.692,16,20,-12.1,13.5,118,126
2025-03-08,Voltreffers (O),Springfield,11,22,868,1161,0.161,0.043,0.796,12,18,-13.8,12.6,131,125
2025-03-08,Vriendenschaar (H),KCR,23,21,1912,1815,0.652,0.050,0.298,21,18,-4.0,3.9,117,116
2025-03-08,WION,Juliana,11,18,1445,1831,0.101,0.029,0.869,13,21,1.4,-1.3,122,120
2025-03-08,WWC,Club Brothers,18,14,1544,1190,0.889,0.025,0.086,23,14,-13.2,14.1,124,128
2025-03-08,Wageningen,DOS (W),22,15,2258,1858,0.913,0.020,0.067,25,14,-5.8,5.9,122,123
2025-03-08,Weidevogels,RWA,16,20,1735,1729,0.525,0.057,0.417,19,18,-17.8,19.3,116,121
2025-03-08,Wez Handich,Heerenveen,24,22,1839,1953,0.359,0.050,0.591,20,22,14.9,-15.7,120,123
2025-03-08,Wit Blauw,Flamingo's (B),17,17,2045,1992,0.596,0.049,0.355,23,21,-7.5,7.3,115,114
2025-03-08,ZKC '19,Ritola,20,18,1964,1983,0.492,0.052,0.456,22,21,5.4,-5.6,113,115
2025-03-08,Zaamslag,Scheldevogels,34,12,1456,1037,0.921,0.019,0.061,25,14,6.9,-7.2,127,131
2025-03-09,DOS '46,Fortuna (D),18,22,2426,2540,0.358,0.051,0.590,19,22,-5.4,5.5,106,108
2025-03-09,Forward,KIA,10,21,770,1018,0.198,0.051,0.750,11,16,-29.6,24.9,174,158
2025-03-09,LDODK,Blauw Wit,24,18,2548,2480,0.616,0.047,0.337,24,21,8.1,-8.0,107,106
2025-03-09,Mariarade,Eymerick,9,23,522,1105,0.033,0.017,0.951,6,15,-7.7,6.4,173,153
2025-03-10,De Pein,DWA / Argo,17,15,1511,1281,0.799,0.038,0.163,21,15,-12.5,14.1,114,121
2025-03-11,Dijkvogels,Stormvogels (U),19,13,1536,1018,0.952,0.015,0.033,19,9,-7.7,11.4,122,144
2025-03-11,IJsselvogels,RWA,22,24,1756,1748,0.529,0.055,0.417,20,19,-10.7,10.8,116,116
2025-03-11,Ons Clubje,Olympia '22,13,16,907,1176,0.181,0.048,0.771,11,16,6.4,-7.9,126,137
2025-03-11,Westergo,DTG,15,16,1241,1411,0.286,0.052,0.662,16,20,9.6,-11.0,132,142
2025-03-12,SGV,DKB,8,9,788,1138,0.120,0.039,0.841,10,16,26.5,-20.3,139,122
2025-03-13,Gemini,Sperwers,12,14,1150,884,0.826,0.042,0.132,16,10,-37.0,36.9,125,125
2025-03-15,ADO,DSO (K),17,17,1566,1546,0.542,0.063,0.395,16,15,-4.7,5.1,119,123
2025-03-15,ALO,ODO (M),25,12,1801,1665,0.699,0.050,0.251,19,15,16.8,-17.8,113,117
2025-03-15,AW.DTV,DSC,13,23,2279,2309,0.477,0.052,0.471,22,21,-22.4,23.0,104,106
2025-03-15,Achilles (A) / AKC,Duko,17,20,1432,1436,0.510,0.060,0.431,18,17,-14.1,14.9,117,120
2025-03-15,Achilles (H),BEP,19,16,2088,1905,0.752,0.043,0.205,21,16,-6.4,5.9,116,112
2025-03-15,Ados,OKV,15,17,1364,1489,0.343,0.054,0.603,17,20,0.6,-0.8,120,130
2025-03-15,Animo (G),Synergo,18,19,1769,1951,0.272,0.049,0.679,17,21,9.4,-8.6,117,112
2025-03-15,Apeldoorn,Antilopen,24,20,1829,1891,0.429,0.053,0.517,20,21,15.5,-16.1,113,115
2025-03-15,Arena,Fortissimo,18,20,1340,1657,0.145,0.035,0.820,15,22,14.8,-16.0,118,123
2025-03-15,Atlantis,KIOS (N),22,29,1592,1828,0.216,0.042,0.743,18,23,-5.7,5.3,121,116
2025-03-15,Avanti (P),Spirit (Vo),16,20,2169,2152,0.545,0.049,0.405,23,22,-17.5,18.0,117,119
2025-03-15,Badhoevedorp,De Vinken,13,25,1456,1860,0.093,0.026,0.881,14,23,-5.2,6.4,115,130
2025-03-15,CSL,ZKC '19,23,17,1966,1969,0.515,0.051,0.434,23,22,15.0,-14.8,112,111
2025-03-15,Club Brothers,Olympia (T),12,12,1204,1362,0.297,0.060,0.643,13,16,12.9,-11.3,127,119
2025-03-15,Conventus,Nikantes,16,9,1104,831,0.832,0.040,0.128,16,10,4.0,-4.4,121,129
2025-03-15,DOS (W),AVO,28,23,1864,2074,0.241,0.047,0.713,16,21,37.2,-32.0,124,115
2025-03-15,DOS Kampen,Wez Handich,28,21,1859,1855,0.527,0.050,0.423,23,22,18.4,-17.7,120,118
2025-03-15,DTG,MN en W,11,12,1400,1140,0.823,0.037,0.139,19,13,-35.0,31.4,135,128
2025-03-15,DTL,Leeuwarden,15,16,1573,1488,0.635,0.053,0.312,20,17,-15.5,14.7,123,120
2025-03-15,DTS (E),Apollo,13,17,1391,1430,0.457,0.063,0.480,15,16,-16.8,16.2,124,122
2025-03-15,DTS (S),WWC,11,22,1424,1531,0.366,0.055,0.579,18,20,-22.8,25.6,117,124
2025-03-15,DVO,PKC,23,27,2579,2508,0.620,0.046,0.335,25,22,-19.7,19.4,110,109
2025-03-15,DVS '69,Albatros,16,33,1629,2044,0.088,0.023,0.889,16,26,-7.3,7.7,119,122
2025-03-15,Dalto,Groen Geel,26,19,2391,2260,0.695,0.045,0.260,23,19,6.8,-6.5,107,104
2025-03-15,De Granaet,ROG,25,16,1731,1538,0.763,0.042,0.195,21,16,9.2,-8.6,118,114
2025-03-15,De Meeuwen,Wageningen,17,23,2025,2252,0.223,0.044,0.732,17,21,-4.1,4.5,116,123
2025-03-15,De Pein,It Fean,15,23,1499,1523,0.482,0.057,0.461,20,19,-24.1,24.8,113,114
2025-03-15,De Waterpoort,Westergo,15,16,1209,1251,0.458,0.056,0.486,18,19,-3.2,3.3,125,128
2025-03-15,DeetosSnel,Oost Arnhem,24,14,2246,2066,0.750,0.042,0.208,22,17,9.0,-9.5,105,108
2025-03-15,Devinco,DOS-WK,17,23,1654,1799,0.317,0.051,0.632,18,21,-10.9,11.5,122,126
2025-03-15,Die Haghe,Valto,24,17,2245,2163,0.633,0.049,0.318,22,19,12.1,-11.9,117,116
2025-03-15,EKC 2000,Roreko,13,21,1139,1283,0.317,0.054,0.629,16,19,-18.3,16.5,127,120
2025-03-15,ESDO,Huizen,15,10,1094,1288,0.253,0.060,0.687,11,15,39.7,-36.2,125,119
2025-03-15,Elko,SDO (S),23,18,1347,1229,0.677,0.050,0.273,20,17,5.5,-5.5,122,122
2025-03-15,Exakwa,Kinea / Udiros,27,19,1747,1607,0.704,0.048,0.247,20,16,11.0,-11.9,117,122
2025-03-15,Fiks,TOP (A),25,20,2199,2074,0.689,0.046,0.265,22,18,2.7,-2.8,106,110
2025-03-15,Flamingo's (B),KIOS (R),22,28,1998,2013,0.499,0.051,0.450,23,22,-19.0,18.9,113,112
2025-03-15,Fortis,Kinderdijk,24,11,1937,1900,0.568,0.058,0.373,18,16,25.2,-25.1,115,115
2025-03-15,Fortuna (D),KCC,24,15,2545,2227,0.868,0.027,0.105,24,15,1.5,-1.5,106,111
2025-03-15,Furore,Fiducia,11,21,1506,1752,0.204,0.047,0.750,14,18,-12.6,13.0,118,120
2025-03-15,HKC (Ha),LDODK,16,31,2316,2557,0.211,0.040,0.749,19,24,-12.8,12.4,107,105
2025-03-15,HKC (U),Hebbes,30,10,1486,1160,0.871,0.029,0.099,21,13,10.0,-9.5,124,120
2025-03-15,Heerenveen,ASVD,21,15,1938,1844,0.649,0.049,0.303,22,19,9.1,-9.0,120,119
2025-03-15,Helios,DKV Victoria,12,16,1246,1455,0.238,0.055,0.707,12,16,-2.3,2.2,128,124
2025-03-15,IJsselvogels,Weidevogels,22,19,1746,1716,0.559,0.055,0.386,20,18,5.1,-5.2,112,114
2025-03-15,Joure,DWA / Argo,26,13,1458,1296,0.729,0.048,0.223,19,15,15.5,-16.6,115,119
2025-03-15,Juliana,Twist,13,14,1829,1542,0.845,0.034,0.121,20,13,-30.4,28.8,120,117
2025-03-15,KCR,DES (De),31,27,1819,1762,0.598,0.052,0.350,21,18,6.0,-6.0,114,114
2025-03-15,KVA,Rohda (A),22,14,2071,1841,0.800,0.037,0.163,22,16,4.3,-4.2,113,112
2025-03-15,KVK,Zaamslag,21,16,1496,1465,0.562,0.053,0.385,21,19,13.5,-13.5,128,128
2025-03-15,KVS,GKV (G),22,23,2213,2035,0.749,0.041,0.210,23,17,-21.7,20.6,118,115
2025-03-15,KVW '22,De Parabool,14,16,1684,1795,0.361,0.053,0.585,18,20,-0.3,0.3,116,116
2025-03-15,KVZ,HKC (He),29,19,1799,1631,0.736,0.045,0.219,21,16,12.5,-11.8,118,115
2025-03-15,KZ Danaiden,ONDO (G),12,20,1608,1928,0.143,0.037,0.820,14,20,-4.5,4.5,119,119
2025-03-15,Keizer Karel,Rheko,16,26,1356,1310,0.578,0.061,0.361,16,15,-35.6,35.7,115,115
2025-03-15,Kesteren,OJC '98,21,13,1445,1192,0.817,0.038,0.144,19,13,6.1,-5.3,130,119
2025-03-15,Korbatjo,OZC,16,23,1488,1449,0.574,0.054,0.372,20,18,-31.5,29.6,122,119
2025-03-15,Korbis,WION,35,11,1819,1446,0.899,0.023,0.078,23,14,7.5,-7.8,119,122
2025-03-15,Lemmer,Lintjo,11,16,762,1237,0.061,0.024,0.915,9,18,13.6,-8.0,157,126
2025-03-15,Luctor,Keep Fit '70,12,11,1187,1254,0.420,0.059,0.521,17,18,7.9,-7.7,124,123
2025-03-15,Madjoe,Dunas,16,15,1493,1529,0.467,0.054,0.479,19,20,4.3,-4.6,122,126
2025-03-15,Melmac,Attila,7,14,1105,1282,0.274,0.056,0.670,14,17,-13.3,13.4,121,121
2025-03-15,Merwede,Vriendenschaar (H),26,19,1800,1908,0.365,0.054,0.581,18,20,28.0,-28.9,113,115
2025-03-15,NIO,Gemini,27,3,1560,1113,0.929,0.020,0.050,18,9,6.9,-5.6,136,122
2025-03-15,NKC '51,SCO,19,28,1890,2147,0.195,0.040,0.765,17,23,-8.6,7.9,121,115
2025-03-15,NKV,KCD,13,17,1366,1423,0.432,0.063,0.505,15,16,-14.0,13.7,119,117
2025-03-15,NRC '22,DOT (O),26,23,1896,1873,0.552,0.052,0.395,21,20,5.2,-5.3,113,114
2025-03-15,Nic,Wit Blauw,23,18,2086,2037,0.589,0.049,0.362,23,21,8.2,-8.4,112,113
2025-03-15,Nieuwerkerk,SKF,26,16,2145,2051,0.649,0.049,0.301,22,18,16.5,-16.6,115,116
2025-03-15,Noordenveld,Sparta (Ze),35,13,1950,1408,0.959,0.011,0.030,27,14,3.1,-3.6,117,128
2025-03-15,Nova,Sparta (N),17,10,1761,1563,0.767,0.042,0.190,21,15,5.5,-5.1,123,117
2025-03-15,ODIK,Hellas '63,26,10,1762,1569,0.764,0.041,0.195,22,17,14.5,-15.4,115,119
2025-03-15,OKO,De Wâlden,18,20,1931,1746,0.757,0.039,0.204,24,18,-24.4,24.1,114,114
2025-03-15,ONDO (M),Tjoba,15,14,1812,1765,0.584,0.054,0.362,20,18,-3.4,3.2,119,116
2025-03-15,OVVO,Velocitas (L),17,14,1938,1866,0.618,0.053,0.329,20,17,1.9,-2.0,113,116
2025-03-15,Oerterp,Spannum,20,18,1340,1513,0.281,0.052,0.666,16,19,21.0,-19.7,119,115
2025-03-15,Ons Clubje,KIOS '45,12,6,914,771,0.702,0.058,0.239,14,11,10.4,-12.2,123,135
2025-03-15,Oosterkwartier (H),Haarlem,19,27,1543,1762,0.232,0.045,0.723,17,21,-10.0,9.2,121,116
2025-03-15,Oranje Wit (D),Atlas,35,23,1990,1689,0.858,0.026,0.116,28,19,5.6,-5.3,123,119
2025-03-15,Oranje Zwart (M),Ventura Sport,14,17,1207,1224,0.489,0.063,0.448,17,16,-15.3,15.1,126,125
2025-03-15,PSV,SDO (V),17,21,1389,1769,0.106,0.027,0.867,16,24,10.6,-13.9,115,131
2025-03-15,Pallas '08,Rood Wit (W),14,22,1659,1652,0.528,0.053,0.419,21,20,-27.8,28.3,118,119
2025-03-15,Pernix,Sporting Trigon,20,19,1948,1719,0.799,0.036,0.165,23,17,-17.8,16.5,119,114
2025-03-15,Phoenix (Z),Maassluis,24,24,1753,1867,0.357,0.055,0.588,17,19,7.1,-7.4,115,117
2025-03-15,Purmer,DSO (A),9,20,784,1201,0.083,0.032,0.885,8,15,-10.7,7.7,152,125
2025-03-15,Quick '21 / Vlug en Vaardig (G),IFC '25,28,30,1743,1857,0.358,0.052,0.590,19,21,0.1,-0.1,116,116
2025-03-15,RODA (W),DWS (K),20,13,1749,1385,0.893,0.026,0.081,20,12,-2.1,2.2,118,120
2025-03-15,RWA,VEO,22,23,1760,1934,0.281,0.049,0.670,18,21,8.2,-8.8,113,117
2025-03-15,Rapid (H),Luno,17,15,1504,1511,0.503,0.066,0.431,15,14,6.6,-6.6,118,118
2025-03-15,Ready '60,Koveni,26,12,1437,1361,0.623,0.055,0.322,19,16,23.1,-23.2,117,118
2025-03-15,Reehorst '45,Blauw Zwart,38,16,1668,1407,0.827,0.030,0.142,26,18,12.9,-12.2,123,119
2025-03-15,Reeuwijk,Movado,20,15,1786,1664,0.683,0.049,0.268,21,17,4.5,-4.3,119,116
2025-03-15,Refleks,KOAG,18,35,1751,1947,0.256,0.047,0.697,17,22,-19.9,18.5,119,114
2025-03-15,Regio '72,RDZ,12,15,1171,1390,0.229,0.051,0.720,14,18,3.5,-3.3,117,115
2025-03-15,Ritola,Drachten,26,18,1977,1936,0.578,0.052,0.370,21,19,16.6,-16.2,113,111
2025-03-15,Rust Roest (E),Erasmus,22,19,1823,1494,0.874,0.028,0.098,22,14,-13.7,17.5,115,129
2025-03-15,SDO (K),Amicitia (V),18,14,1884,1885,0.515,0.058,0.427,19,18,11.5,-11.3,114,113
2025-03-15,SEV (Z),Rivalen,9,12,883,1134,0.196,0.050,0.754,12,17,5.3,-5.9,123,129
2025-03-15,SGV,OEC,9,15,814,1166,0.119,0.038,0.843,10,17,0.0,0.2,135,119
2025-03-15,SIM,NQL,19,13,1091,1070,0.541,0.067,0.392,14,13,74.4,-43.0,279,201
2025-03-15,SIOS / Leonidas,De Hoeve,12,11,1466,1263,0.771,0.045,0.184,18,13,-16.6,15.5,124,120
2025-03-15,SKV (S),'t Capproen,9,10,797,1287,0.056,0.023,0.921,9,17,35.5,-26.1,140,121
2025-03-15,Scheldevogels,Blauw Wit (K),8,24,1029,1521,0.057,0.019,0.924,13,23,-6.2,6.0,132,129
2025-03-15,Seolto,Focus,13,17,1080,1057,0.544,0.068,0.389,14,13,-23.9,25.4,123,127
2025-03-15,SkunK,Revival,15,17,1347,1439,0.384,0.059,0.557,16,18,-2.5,2.5,116,117
2025-03-15,Sparta (Zw),Dindoa,11,12,1965,2057,0.387,0.055,0.559,18,20,1.6,-1.8,114,120
2025-03-15,Sperwers,Paal Centraal,14,35,921,1463,0.043,0.015,0.942,12,23,-4.7,5.4,122,132
2025-03-15,Sporting Delta,Swift (M),24,12,2158,2104,0.596,0.049,0.355,23,20,23.7,-22.3,122,118
2025-03-15,Springfield,Good Luck,11,20,1175,1390,0.236,0.046,0.718,16,21,-13.2,14.7,124,132
2025-03-15,Stadskanaal '74,Hoogkerk,21,23,1501,1669,0.289,0.049,0.662,18,21,4.4,-4.7,115,117
2025-03-15,Stormvogels (U),Fluks (N),9,26,1029,1493,0.066,0.022,0.912,12,21,-9.0,6.9,144,123
2025-03-15,Swift,KVZ '23,12,17,1789,2010,0.230,0.043,0.727,18,23,-0.9,0.9,113,121
2025-03-15,TOGO (G),ACKC,15,26,1543,1755,0.239,0.045,0.715,17,22,-14.7,16.5,118,126
2025-03-15,TOP (V),Olympia '22,18,18,1062,1168,0.367,0.057,0.576,17,18,6.9,-8.3,122,133
2025-03-15,Tempo,De Meervogels,17,16,1978,1911,0.611,0.053,0.336,20,18,-5.1,5.2,120,121
2025-03-15,Terda,Voltreffers (O),9,17,777,854,0.401,0.069,0.530,13,14,-36.2,28.2,148,129
2025-03-15,Thor (H),EKVA,13,20,1143,1582,0.076,0.023,0.900,13,22,4.0,-4.2,126,129
2025-03-15,Thor (R),GKV,24,17,1521,1535,0.500,0.052,0.448,22,21,20.2,-19.6,118,116
2025-03-15,Thrianta,HHV,24,17,1466,1495,0.476,0.055,0.468,20,19,24.4,-25.5,124,126
2025-03-15,Tiel '72,Telstar,13,20,1736,1787,0.443,0.057,0.500,18,19,-21.2,20.1,117,114
2025-03-15,Tilburg,HKV / Ons Eibernest,23,9,1990,1777,0.785,0.037,0.177,23,17,12.1,-12.3,115,116
2025-03-15,Triade,Olympia (S),25,26,1128,1067,0.601,0.060,0.339,17,15,-14.1,13.1,125,120
2025-03-15,Unitas,DOS '46,14,14,2334,2420,0.397,0.052,0.551,20,22,4.4,-4.0,110,105
2025-03-15,VDDO,Emmeloord,22,12,1481,1444,0.569,0.058,0.374,18,17,21.9,-22.3,114,115
2025-03-15,VIKO,DKB,18,20,1113,1116,0.509,0.065,0.426,16,15,-11.3,11.8,118,120
2025-03-15,VZOD,Sporting West,15,22,1386,1589,0.246,0.054,0.700,13,17,-11.3,10.3,120,114
2025-03-15,Victum,Noviomagum,22,28,1877,1737,0.705,0.046,0.248,21,17,-34.2,34.0,115,115
2025-03-15,Viking,Nexus,23,15,1621,1441,0.748,0.045,0.207,20,15,8.8,-8.3,118,114
2025-03-15,Vitesse (Ba),Excelsior (D),22,19,1972,1896,0.625,0.051,0.324,21,18,1.2,-1.2,113,113
2025-03-15,Vriendenschaar (B),Tweemaal Zes,19,28,1764,1911,0.315,0.052,0.633,18,20,-16.7,17.2,117,118
2025-03-15,WSS,Harich,21,14,1437,1542,0.370,0.053,0.576,19,21,28.0,-27.9,114,114
2025-03-15,Wesstar,EKCA,16,22,1288,1258,0.557,0.062,0.382,16,15,-27.8,27.4,117,116
2025-03-15,Wolderwijd,De Corvers,29,13,1449,1034,0.918,0.021,0.061,22,12,5.9,-5.6,123,119
2025-03-15,Woudenberg,MIA,24,22,1805,1899,0.386,0.053,0.562,19,21,12.2,-12.3,114,114
2025-03-15,Zwaluwen (Ze),Elburg,23,14,1769,1668,0.657,0.050,0.292,21,17,15.5,-15.3,118,117
2025-03-15,Zwart Wit,SDO (W),24,10,1441,1221,0.785,0.047,0.168,16,11,13.6,-16.8,116,131
2025-03-16,Blauw Wit,KZ,19,24,2471,2464,0.531,0.050,0.419,23,22,-16.1,16.1,105,105
2025-03-16,Eymerick,KVS '17,14,9,1112,843,0.829,0.040,0.131,17,11,-2.8,2.4,153,147
2025-03-16,Mid Fryslân,TOP (S),15,15,2284,2343,0.436,0.050,0.513,22,23,2.0,-2.1,106,107
2025-03-16,Moedig Voorwaarts,Forward,30,9,870,739,0.688,0.058,0.254,15,12,33.2,-36.6,156,165
2025-03-18,Oranje Zwart,Juventa,14,32,1435,1824,0.102,0.026,0.873,16,25,-9.2,8.6,122,118
2025-03-18,Terda,SKV (S),11,18,740,832,0.380,0.070,0.550,12,13,-28.6,28.4,139,138
2025-03-22,DOS '46,DVO,19,31,2414,2559,0.320,0.047,0.633,21,24,-15.8,17.2,104,109
2025-03-22,DSC,DeetosSnel,31,15,2332,2255,0.625,0.050,0.324,22,19,19.1,-19.1,105,105
2025-03-22,Groen Geel,Mid Fryslân,20,19,2253,2286,0.473,0.051,0.476,21,22,2.9,-2.9,104,104
2025-03-22,KCC,Unitas,26,26,2224,2337,0.359,0.053,0.588,19,21,6.8,-6.4,112,109
2025-03-22,KZ,HKC (Ha),27,20,2480,2302,0.750,0.040,0.210,24,18,3.5,-3.7,103,107
2025-03-22,LDODK,Fortuna (D),25,27,2570,2547,0.554,0.050,0.397,23,22,-9.8,10.1,106,107
2025-03-22,Oost Arnhem,Dalto,18,24,2055,2398,0.129,0.029,0.842,18,26,3.9,-3.8,108,107
2025-03-22,PKC,Blauw Wit,26,16,2528,2455,0.623,0.047,0.330,24,21,15.2,-13.9,108,103
2025-03-22,TOP (A),AW.DTV,11,16,2070,2255,0.269,0.049,0.682,17,20,-4.0,3.7,109,103
2025-03-22,TOP (S),Fiks,24,18,2340,2202,0.704,0.042,0.253,25,20,3.5,-3.5,106,106
2025-03-25,HKC (Ha),AW.DTV,18,17,2298,2258,0.575,0.053,0.372,21,19,-2.4,2.2,105,101
2025-03-25,TOP (S),DSC,20,22,2344,2352,0.507,0.053,0.440,22,21,-7.4,7.3,104,102
2025-03-29,AW.DTV,HKC (Ha),26,23,2260,2295,0.467,0.055,0.478,19,20,8.3,-8.9,100,103
2025-03-29,DSC,TOP (S),24,17,2359,2336,0.553,0.052,0.396,22,20,12.8,-13.0,101,102
2025-03-29,DVO,PKC,25,27,2577,2544,0.569,0.047,0.384,25,23,-10.8,10.6,108,107
2025-03-29,Westergo,DTG,10,10,1254,1364,0.362,0.057,0.581,17,18,7.8,-8.9,127,136
2025-03-30,Fortuna (D),LDODK,24,18,2557,2561,0.516,0.050,0.434,23,22,13.6,-13.2,107,105
2025-03-30,KVS '17,Maastricht,8,14,845,1167,0.140,0.039,0.821,12,18,-1.7,1.7,146,155
2025-04-01,HKC (Ha),AW.DTV,17,13,2286,2269,0.541,0.059,0.400,18,17,8.3,-7.8,101,98
2025-04-05,'t Capproen,OZC,6,14,1259,1479,0.226,0.055,0.718,11,15,-14.9,13.5,128,122
2025-04-05,Achilles (A) / AKC,Noviomagum,11,19,1418,1772,0.118,0.035,0.847,12,19,-3.6,3.6,120,119
2025-04-05,Ados,Helios,9,9,1364,1243,0.674,0.064,0.262,13,10,-14.3,16.1,123,131
2025-04-05,Amicitia (V),Apeldoorn,14,22,1873,1845,0.556,0.057,0.386,19,17,-31.2,31.1,117,117
2025-04-05,Arena,Keizer Karel,13,20,1355,1320,0.563,0.065,0.373,15,14,-34.8,32.2,124,119
2025-04-05,Atlas,DSO (K),16,15,1684,1551,0.693,0.055,0.252,17,13,-10.9,11.1,125,126
2025-04-05,Aurora / DKV (IJ),Apollo,10,14,1223,1446,0.220,0.059,0.721,10,13,-2.9,2.8,127,124
2025-04-05,BEP,SDO (K),17,10,1910,1895,0.533,0.066,0.401,15,14,21.2,-21.7,117,118
2025-04-05,BKC (Br),Focus,6,22,419,1083,0.020,0.013,0.968,4,14,-9.3,3.9,237,129
2025-04-05,Club Brothers,Olympia (T),12,13,1217,1350,0.324,0.070,0.607,11,13,4.7,-4.3,129,123
2025-04-05,Conventus,Paal Centraal,11,15,1108,1471,0.113,0.033,0.853,12,19,9.2,-11.2,127,138
2025-04-05,DKV Victoria,Telstar,6,15,1457,1807,0.120,0.037,0.843,11,17,-7.3,6.5,127,118
2025-04-05,DOS (W),KVZ '23,11,18,1902,2011,0.362,0.058,0.580,16,18,-19.7,18.9,127,125
2025-04-05,DOS Kampen,ASVD,17,13,1879,1834,0.582,0.054,0.364,20,18,8.3,-8.3,123,123
2025-04-05,DSC,HKC (Ha),25,20,2373,2294,0.627,0.053,0.320,20,17,6.1,-6.0,100,99
2025-04-05,DTL,WSS,22,16,1557,1466,0.640,0.057,0.302,17,14,13.1,-11.7,126,119
2025-04-05,DTS (E),OKV,13,12,1373,1488,0.354,0.059,0.587,15,17,13.0,-13.9,126,131
2025-04-05,DWA / Argo,Oerterp,12,14,1278,1361,0.394,0.065,0.540,14,15,-4.6,4.6,123,123
2025-04-05,De Corvers,Zaandam Zuid,11,10,1028,1120,0.380,0.069,0.551,12,13,11.3,-12.3,125,131
2025-04-05,De Granaet,ROG,11,11,1741,1529,0.780,0.044,0.176,19,13,-21.8,20.4,123,119
2025-04-05,De Pein,Elburg,12,15,1474,1651,0.275,0.055,0.670,14,18,0.3,-0.4,117,121
2025-04-05,De Waterpoort,Noveas,15,13,1206,1081,0.683,0.055,0.262,17,14,-5.5,6.1,127,133
2025-04-05,De Wâlden,Pallas '08,15,12,1770,1630,0.703,0.049,0.247,19,15,-3.0,3.1,119,121
2025-04-05,Devinco,DOS-WK,11,19,1643,1811,0.286,0.054,0.660,15,18,-16.3,17.0,125,128
2025-04-05,Drachten,Ritola,6,19,1919,1994,0.408,0.059,0.533,17,18,-27.3,28.0,116,117
2025-04-05,EKC 2000,KIOS '45,12,8,1120,757,0.891,0.029,0.080,17,9,-10.9,12.4,129,136
2025-04-05,EKVA,Oosterkwartier (H),13,14,1578,1533,0.581,0.057,0.363,19,17,-13.8,11.9,134,125
2025-04-05,ESDO,Stormvogels (U),13,8,1134,1019,0.665,0.067,0.268,12,10,11.7,-15.0,128,148
2025-04-05,Emmeloord,Westergo,25,8,1420,1261,0.723,0.054,0.224,16,12,18.5,-19.7,119,123
2025-04-05,Erasmus,Dijkvogels,14,12,1512,1529,0.486,0.071,0.444,14,13,10.1,-9.6,134,131
2025-04-05,Excelsior (D),ONDO (G),19,24,1894,1932,0.460,0.064,0.477,15,16,-18.8,20.9,117,124
2025-04-05,Fiks,KOAG,35,23,2199,1968,0.800,0.037,0.163,23,16,9.0,-10.5,109,119
2025-04-05,Flamingo's (B),De Parabool,18,11,1980,1794,0.754,0.045,0.201,20,15,6.2,-6.5,117,120
2025-04-05,Fluks (N),Luno,9,10,1502,1504,0.509,0.068,0.424,14,13,-8.6,7.7,129,122
2025-04-05,Fortissimo,NKV,15,5,1641,1351,0.846,0.036,0.118,18,11,8.4,-7.8,128,122
2025-04-05,GKV (G),TOP (A),14,17,2056,2065,0.500,0.064,0.436,16,15,-15.2,13.3,120,111
2025-04-05,GKV,Weidevogels,6,18,1515,1711,0.257,0.046,0.696,17,22,-17.2,16.9,119,118
2025-04-05,Gemini,Nikantes,15,6,1105,825,0.832,0.048,0.120,11,6,11.0,-11.7,129,133
2025-04-05,Good Luck,DVS '69,14,17,1405,1621,0.233,0.049,0.718,15,19,4.5,-3.9,134,126
2025-04-05,HBC (Be),Atlantis,13,12,1457,1587,0.335,0.056,0.609,16,19,16.8,-13.9,138,125
2025-04-05,HHV,SIOS / Leonidas,21,5,1470,1448,0.544,0.063,0.393,16,15,33.4,-33.1,128,128
2025-04-05,HKC (He),Zwaluwen (Ze),16,11,1619,1785,0.289,0.055,0.657,15,18,31.7,-33.1,119,122
2025-04-05,HKC (U),Nova,17,17,1498,1766,0.183,0.045,0.772,13,18,23.1,-22.2,130,127
2025-04-05,HKV / Ons Eibernest,RWA,21,12,1763,1768,0.506,0.063,0.432,17,16,27.4,-26.3,120,118
2025-04-05,Heerenveen,AVO,18,20,1947,2042,0.380,0.059,0.561,16,18,-2.5,2.4,123,120
2025-04-05,Hellas '63,Rood Wit (W),10,17,1552,1681,0.335,0.058,0.607,15,17,-17.4,17.0,124,122
2025-04-05,Huizen,DSO (A),11,12,1251,1209,0.565,0.076,0.359,11,10,-12.8,14.4,124,131
2025-04-05,IJsselvogels,NIO,16,13,1751,1568,0.751,0.047,0.202,18,14,-5.0,7.9,117,142
2025-04-05,It Fean,Joure,11,12,1549,1475,0.616,0.060,0.323,16,14,-14.0,14.2,119,120
2025-04-05,Juliana,Blauw Wit (K),22,8,1798,1528,0.830,0.038,0.132,18,12,12.4,-14.1,126,135
2025-04-05,KCD,Sparta (N),12,21,1436,1557,0.344,0.064,0.592,13,15,-22.8,23.1,121,122
2025-04-05,KCR,DES (De),20,15,1827,1757,0.613,0.056,0.331,18,16,9.8,-9.7,118,118
2025-04-05,KVK,Springfield,15,5,1510,1161,0.883,0.030,0.087,18,10,6.2,-6.0,130,128
2025-04-05,KVW '22,Hoogkerk,13,12,1683,1665,0.538,0.066,0.396,15,14,0.0,-0.0,120,121
2025-04-05,Keep Fit '70,Terda,17,4,1245,711,0.954,0.016,0.030,16,6,3.4,-4.0,125,138
2025-04-05,Kinderdijk,KVS,10,18,1873,2192,0.143,0.038,0.819,13,19,-5.1,5.3,119,122
2025-04-05,Korbatjo,Nexus,25,15,1457,1432,0.549,0.062,0.389,16,15,28.2,-25.8,126,120
2025-04-05,Korvesta,d'Ommerdieck,12,8,580,830,0.192,0.063,0.745,7,11,103.7,-107.6,224,228
2025-04-05,LDODK,Fortuna (D),25,19,2547,2571,0.482,0.056,0.462,20,19,15.8,-16.1,104,105
2025-04-05,Leeuwarden,MN en W,10,9,1502,1171,0.873,0.032,0.095,18,10,-23.4,27.5,123,132
2025-04-05,Lemmer,Lintjo,8,14,775,1229,0.067,0.029,0.904,7,14,3.0,-1.4,160,132
2025-04-05,Luctor,Seolto,9,10,1194,1056,0.698,0.058,0.245,15,11,-22.0,21.8,126,126
2025-04-05,Maassluis,De Meervogels,11,9,1860,1916,0.435,0.060,0.505,16,17,10.7,-11.3,121,124
2025-04-05,Madjoe,KZ Danaiden,15,11,1497,1603,0.364,0.064,0.572,14,15,25.8,-25.5,125,124
2025-04-05,Movado,ACKC,15,15,1659,1773,0.352,0.063,0.584,14,15,7.5,-8.7,120,129
2025-04-05,NRC '22,KVZ,18,20,1902,1813,0.640,0.056,0.304,18,15,-18.9,20.5,117,122
2025-04-05,Noordenveld,Nic,15,12,1956,2094,0.325,0.053,0.622,17,20,23.1,-20.1,124,116
2025-04-05,ODIK,Exakwa,18,9,1778,1760,0.542,0.059,0.399,18,17,24.3,-24.7,120,121
2025-04-05,OJC '98,DKB,10,10,1186,1129,0.589,0.072,0.339,12,10,-8.8,8.7,124,123
2025-04-05,OKO,IFC '25,18,23,1906,1858,0.585,0.053,0.361,20,18,-25.3,25.6,119,120
2025-04-05,ONDO (M),Fortis,8,15,1808,1963,0.301,0.060,0.639,13,16,-16.1,15.3,122,119
2025-04-05,Oost Arnhem,NKC '51,18,17,2059,1881,0.746,0.046,0.208,19,14,-12.1,15.4,112,125
2025-04-05,Oranje Wit (D),Merwede,18,15,1998,1829,0.739,0.041,0.219,23,18,-7.4,6.2,128,118
2025-04-05,Oranje Zwart,Olympia '22,18,7,1426,1160,0.828,0.036,0.135,20,13,10.1,-11.1,126,134
2025-04-05,PKC,DVO,20,16,2555,2567,0.503,0.053,0.445,22,21,9.9,-10.1,106,107
2025-04-05,PSV,Koveni,16,11,1400,1337,0.603,0.060,0.337,17,15,11.7,-11.7,121,122
2025-04-05,Phoenix (Z),Sporting Trigon,12,18,1761,1735,0.549,0.065,0.387,15,14,-28.6,29.0,119,119
2025-04-05,RDZ,VIKO,13,9,1386,1103,0.839,0.040,0.121,15,9,-5.8,6.0,120,121
2025-04-05,RODA (W),De Vinken,15,15,1747,1867,0.347,0.057,0.596,16,18,8.5,-10.1,124,135
2025-04-05,Rapid (H),Wolderwijd,14,4,1511,1457,0.586,0.069,0.345,13,12,25.2,-28.5,121,130
2025-04-05,Ready '60,Kesteren,14,12,1462,1451,0.527,0.067,0.406,15,14,5.5,-6.5,121,134
2025-04-05,Reehorst '45,MIA,15,23,1683,1887,0.249,0.045,0.706,18,22,-11.8,10.3,128,118
2025-04-05,Reeuwijk,Badhoevedorp,21,8,1791,1450,0.879,0.030,0.091,18,11,8.1,-7.9,123,121
2025-04-05,Regio '72,Hebbes,12,11,1174,1150,0.543,0.072,0.385,12,11,-0.0,0.0,122,127
2025-04-05,Revival,DWS (K),11,6,1442,1387,0.586,0.072,0.342,12,10,15.3,-16.6,121,126
2025-04-05,Rohda (A),Haarlem,17,14,1836,1772,0.602,0.062,0.336,16,13,4.4,-4.6,117,120
2025-04-05,Roreko,Kinea / Udiros,8,19,1300,1595,0.159,0.045,0.796,11,16,-12.8,13.1,124,125
2025-04-05,Rust Roest (E),DOT (O),12,20,1809,1868,0.431,0.060,0.509,16,17,-25.2,23.9,122,118
2025-04-05,SDO (S),TOP (V),20,13,1224,1070,0.718,0.053,0.230,17,13,11.2,-11.1,126,125
2025-04-05,SDO (W),Blauw Zwart,13,16,1204,1395,0.255,0.061,0.684,11,14,-0.3,0.4,134,124
2025-04-05,SF Deinum,De Hoeve,4,12,721,1277,0.037,0.021,0.942,5,13,-1.4,1.4,164,124
2025-04-05,SKV (S),Olympia (S),8,17,861,1081,0.224,0.059,0.717,10,14,-19.9,16.5,137,124
2025-04-05,Scheldevogels,Sperwers,16,11,1022,916,0.656,0.063,0.281,14,11,12.5,-11.1,137,128
2025-04-05,SkunK,Rheko,9,4,1344,1347,0.506,0.069,0.424,14,13,19.2,-18.7,121,119
2025-04-05,Spannum,DTG,9,10,1493,1354,0.699,0.057,0.244,15,12,-19.9,23.6,120,130
2025-04-05,Sparta (Ze),Harich,14,17,1404,1513,0.361,0.059,0.580,16,17,-6.5,5.2,134,118
2025-04-05,Sparta (Zw),Juventa,10,10,1965,1834,0.691,0.054,0.255,17,13,-14.3,15.4,119,123
2025-04-05,Sporting West,VZOD,17,16,1600,1375,0.789,0.049,0.162,14,10,-16.0,17.6,119,124
2025-04-05,Stadskanaal '74,Vitesse (Be),28,19,1506,1353,0.719,0.048,0.234,20,15,12.7,-13.7,119,125
2025-04-05,Swift,Furore,15,10,1787,1493,0.848,0.037,0.115,16,10,-3.0,3.4,117,123
2025-04-05,Synergo,KIOS (N),19,17,1942,1835,0.662,0.055,0.283,18,14,-3.8,4.1,117,121
2025-04-05,TOGO (G),Zaamslag,18,16,1528,1451,0.624,0.053,0.323,20,17,-2.0,2.4,122,130
2025-04-05,Tempo,KVA,15,15,1972,2076,0.368,0.060,0.572,15,17,7.1,-6.5,123,118
2025-04-05,Thrianta,Elko,21,15,1492,1353,0.701,0.052,0.247,18,14,8.9,-8.9,126,126
2025-04-05,Tiel '72,Fiducia,18,13,1713,1765,0.440,0.064,0.497,15,16,22.3,-23.5,121,124
2025-04-05,Tjoba,Albatros,16,10,1768,2054,0.169,0.038,0.792,15,22,42.6,-49.2,119,128
2025-04-05,Trekvogels (R),ODO (M),8,7,1651,1646,0.523,0.058,0.418,18,17,0.7,-0.7,125,121
2025-04-05,Triade,Thor (R),10,19,1116,1543,0.079,0.032,0.890,8,15,-5.3,4.9,127,122
2025-04-05,Tweemaal Zes,Victum,18,13,1929,1843,0.635,0.057,0.309,18,15,9.3,-9.1,122,120
2025-04-05,Twist,Velocitas (L),9,17,1570,1863,0.161,0.044,0.795,12,17,-8.0,7.6,123,120
2025-04-05,VDDO,WWC,13,9,1503,1557,0.438,0.062,0.500,15,16,17.9,-20.4,118,127
2025-04-05,VEO,Pernix,14,15,1926,1930,0.510,0.059,0.431,18,17,-6.8,7.1,121,123
2025-04-05,Ventura Sport,Oranje Zwart (M),9,8,1240,1191,0.579,0.068,0.353,14,12,-2.7,2.7,127,128
2025-04-05,Viking,SDO (V),11,11,1630,1755,0.340,0.058,0.602,15,17,8.8,-10.7,123,135
2025-04-05,Vitesse (Ba),Tilburg,9,14,1973,2003,0.474,0.059,0.467,18,17,-18.6,19.4,118,120
2025-04-05,Voltreffers (O),Melmac,7,10,883,1090,0.235,0.066,0.699,8,12,-0.6,0.7,131,125
2025-04-05,Vriendenschaar (H),ADO,25,9,1879,1561,0.865,0.034,0.102,17,10,9.4,-9.8,119,122
2025-04-05,WION,Dunas,12,8,1437,1524,0.391,0.062,0.548,15,16,24.1,-24.2,128,128
2025-04-05,Wesstar,Ons Clubje,15,3,1260,924,0.873,0.037,0.090,13,7,8.7,-9.4,121,127
2025-04-05,Wez Handich,Quick '21 / Vlug en Vaardig (G),15,12,1837,1744,0.645,0.053,0.302,19,16,0.6,-0.6,121,120
2025-04-05,Wit Blauw,KIOS (R),21,15,2028,2033,0.512,0.054,0.434,21,20,17.3,-17.0,118,116
2025-04-05,Woudenberg,Animo (G),17,11,1818,1778,0.573,0.058,0.369,18,16,15.1,-15.8,118,121
2025-04-05,ZKC '19,Dindoa,14,12,1954,2054,0.375,0.056,0.568,17,19,13.4,-15.3,115,123
2025-04-05,Zunobri,WIK '34,11,10,932,1086,0.299,0.066,0.635,11,13,32.6,-24.6,185,161
2025-04-05,Zwart Wit,Duko,17,5,1455,1451,0.517,0.069,0.414,14,13,31.1,-32.1,122,124
2025-04-06,Vefo,KIA,12,9,867,1044,0.270,0.067,0.662,10,12,60.3,-42.6,189,158
2025-04-08,EKCA,SGV,30,12,1286,814,0.936,0.021,0.042,14,6,4.9,-6.3,121,140
2025-04-08,Fortuna (D),LDODK,25,18,2555,2563,0.506,0.056,0.438,20,19,16.2,-15.9,102,101
2025-04-09,Club Brothers,WIK '34,11,14,1221,1061,0.721,0.059,0.220,13,10,-32.7,49.2,124,152
2025-04-10,Rheko,Arena,17,10,1327,1320,0.520,0.071,0.408,13,12,22.6,-24.2,116,120
2025-04-11,SEV (Z),Rivalen,14,13,888,1128,0.203,0.059,0.737,9,13,26.9,-29.0,130,135
2025-04-12,MN en W,DWA / Argo,16,18,1198,1274,0.402,0.071,0.527,12,13,-6.9,5.8,132,120
2025-04-12,PKC,Fortuna (D),21,17,2565,2571,0.509,0.056,0.435,20,19,10.0,-9.1,105,100
2025-04-13,Eymerick,Mariarade,15,2,1110,514,0.966,0.013,0.020,13,4,4.7,-5.7,157,180
2025-04-13,FSC,KVS '17,15,15,1020,843,0.737,0.061,0.202,12,8,-27.5,24.4,154,145
2025-04-14,DES (De),Trekvogels (R),21,15,1747,1650,0.652,0.051,0.297,20,17,9.3,-10.1,117,122
2025-04-15,Kesteren,Fortissimo,7,23,1444,1650,0.244,0.053,0.703,14,17,-22.9,22.2,130,128
2025-04-16,Olympia (S),Scheldevogels,19,14,1099,1035,0.602,0.063,0.334,15,13,12.8,-15.0,123,134
2025-04-17,Apollo,Ados,8,8,1449,1349,0.648,0.065,0.287,13,11,-12.8,12.5,124,123
2025-04-17,Focus,Keep Fit '70,9,18,1089,1250,0.291,0.065,0.644,11,14,-23.9,22.7,133,129
2025-04-17,KZ Danaiden,GKV,14,12,1577,1497,0.629,0.053,0.318,20,17,-2.5,2.3,122,119
2025-04-18,Oerterp,Leeuwarden,17,20,1366,1478,0.356,0.062,0.582,14,16,-5.9,6.2,122,125
2025-04-19,ACKC,Vriendenschaar (H),10,14,1764,1890,0.338,0.060,0.601,14,16,-9.1,8.4,128,122
2025-04-19,ADO,Movado,14,15,1550,1666,0.348,0.067,0.584,12,14,3.1,-2.8,124,120
2025-04-19,ALO,Refleks,13,17,1819,1731,0.637,0.057,0.306,17,14,-28.8,31.4,123,129
2025-04-19,ASVD,Heerenveen,18,19,1825,1944,0.349,0.057,0.594,16,18,4.1,-4.0,123,123
2025-04-19,AVO,DOS Kampen,22,14,2045,1887,0.725,0.046,0.229,21,16,10.2,-10.6,120,123
2025-04-19,Albatros,Oranje Wit (D),16,16,2003,1990,0.539,0.050,0.411,23,22,-4.7,4.7,129,128
2025-04-19,Animo (G),Rust Roest (E),15,15,1761,1783,0.483,0.063,0.454,17,16,-0.9,0.9,121,121
2025-04-19,Apeldoorn,NRC '22,20,18,1877,1884,0.507,0.058,0.435,19,18,5.5,-5.5,118,118
2025-04-19,Atlantis,Rapid (H),20,20,1572,1536,0.565,0.064,0.371,15,14,-6.9,6.5,125,122
2025-04-19,Attila,Voltreffers (O),17,13,1296,881,0.915,0.025,0.059,16,8,-12.7,12.7,131,131
2025-04-19,Badhoevedorp,DKV Victoria,12,19,1441,1449,0.499,0.073,0.428,13,12,-32.5,34.4,125,128
2025-04-19,Blauw Wit (K),ONDO (M),8,17,1513,1791,0.174,0.045,0.781,12,17,-12.8,10.7,136,122
2025-04-19,Blauw Zwart,Oranje Zwart,13,21,1396,1437,0.457,0.060,0.483,16,17,-27.9,29.4,125,128
2025-04-19,Celeritas (A),Kleine Sluis,8,7,870,1056,0.256,0.073,0.671,7,10,42.2,-43.9,200,204
2025-04-19,DKB,PSV,11,16,1137,1412,0.175,0.049,0.777,11,16,-1.7,1.6,123,121
2025-04-19,DOS-WK,Achilles (A) / AKC,24,6,1829,1414,0.918,0.021,0.061,21,11,6.8,-6.3,127,122
2025-04-19,DOT (O),Woudenberg,20,20,1892,1833,0.600,0.055,0.345,19,17,-8.3,8.3,119,119
2025-04-19,DSO (A),Purmer,22,6,1224,773,0.928,0.025,0.047,13,5,6.4,-9.1,130,159
2025-04-19,DSO (K),TOGO (G),16,8,1562,1526,0.565,0.061,0.374,16,15,23.8,-22.3,126,122
2025-04-19,DTG,Emmeloord,12,21,1377,1441,0.420,0.069,0.511,13,14,-32.2,28.0,130,121
2025-04-19,DVS '69,Korbatjo,17,11,1617,1487,0.692,0.052,0.256,19,15,9.0,-8.8,126,125
2025-04-19,DWS (K),RDZ,14,15,1369,1380,0.490,0.078,0.432,11,10,-8.0,7.6,126,122
2025-04-19,De Hoeve,DTS (S),15,12,1279,1400,0.340,0.067,0.592,12,14,25.4,-24.5,128,126
2025-04-19,De Meervogels,HKV / Ons Eibernest,15,17,1903,1791,0.668,0.056,0.276,17,14,-23.3,22.0,123,120
2025-04-19,De Parabool,OKO,19,19,1787,1881,0.384,0.056,0.560,18,19,6.0,-5.7,122,120
2025-04-19,De Vinken,EKVA,22,10,1857,1564,0.850,0.032,0.118,21,14,9.9,-9.9,132,132
2025-04-19,Dijkvogels,IJsselvogels,12,14,1519,1746,0.220,0.053,0.728,12,16,9.1,-7.5,129,119
2025-04-19,Dindoa,Wit Blauw,14,21,2038,2046,0.506,0.057,0.438,19,18,-27.5,25.3,123,118
2025-04-19,Duko,HKC (He),14,21,1418,1651,0.215,0.051,0.735,13,17,-9.6,9.1,123,120
2025-04-19,Dunas,Ventura Sport,21,8,1499,1237,0.825,0.038,0.137,19,12,12.3,-12.2,127,126
2025-04-19,Elburg,ODIK,13,21,1651,1802,0.306,0.059,0.635,14,16,-18.0,17.6,122,120
2025-04-19,Elko,Stadskanaal '74,21,16,1344,1520,0.279,0.050,0.671,17,20,34.8,-31.9,126,121
2025-04-19,Exakwa,De Pein,26,12,1734,1474,0.824,0.036,0.140,21,14,11.5,-11.0,121,118
2025-04-19,Fiducia,Viking,11,8,1741,1638,0.655,0.058,0.287,16,13,1.2,-1.2,124,123
2025-04-19,Fortis,Juliana,10,10,1978,1811,0.731,0.053,0.216,16,12,-17.1,19.7,120,128
2025-04-19,Furore,DTS (E),18,14,1495,1386,0.659,0.065,0.276,13,11,6.8,-6.9,125,126
2025-04-19,Haarlem,Synergo,9,12,1767,1939,0.281,0.058,0.661,13,16,-0.7,0.7,120,118
2025-04-19,Harich,VDDO,16,17,1519,1521,0.511,0.064,0.426,16,15,-7.2,7.2,119,119
2025-04-19,Hebbes,EKCA,14,11,1150,1293,0.313,0.064,0.623,12,14,26.6,-25.6,126,124
2025-04-19,Helios,Aurora / DKV (IJ),9,7,1259,1219,0.562,0.076,0.361,11,10,4.9,-4.7,130,127
2025-04-19,Hoogkerk,DTL,17,14,1664,1571,0.641,0.062,0.297,15,12,2.6,-2.8,121,126
2025-04-19,IFC '25,Flamingo's (B),16,21,1885,1986,0.374,0.057,0.569,17,19,-12.6,12.3,120,119
2025-04-19,Joure,De Granaet,12,13,1489,1719,0.219,0.050,0.732,13,18,12.8,-13.8,120,125
2025-04-19,KIOS '45,SDO (S),11,26,769,1236,0.064,0.025,0.911,9,17,-8.3,7.0,138,126
2025-04-19,KIOS (N),Rohda (A),15,13,1839,1840,0.513,0.063,0.425,16,15,6.0,-5.6,121,117
2025-04-19,KIOS (R),ZKC '19,20,17,2016,1967,0.587,0.053,0.359,21,18,3.7,-3.6,117,116
2025-04-19,KOAG,VEO,12,11,1958,1919,0.572,0.059,0.369,18,16,-2.5,2.5,121,121
2025-04-19,KVA,Tweemaal Zes,13,12,2069,1939,0.691,0.052,0.257,18,15,-10.0,10.7,119,122
2025-04-19,KVS,Excelsior (D),15,14,2197,1876,0.869,0.030,0.102,21,13,-24.4,21.9,124,118
2025-04-19,KVZ '23,BEP,17,14,2030,1931,0.651,0.055,0.294,18,15,0.6,-0.6,124,117
2025-04-19,KVZ,Amicitia (V),18,21,1834,1841,0.503,0.063,0.434,16,15,-15.5,14.6,122,118
2025-04-19,Keizer Karel,SkunK,23,15,1353,1363,0.499,0.066,0.435,15,14,26.3,-26.9,119,121
2025-04-19,Kinea / Udiros,HHV,9,8,1609,1504,0.657,0.058,0.284,16,13,-8.5,8.6,126,127
2025-04-19,Korbis,Vriendenschaar (B),12,10,1830,1748,0.630,0.055,0.315,19,16,-2.5,2.2,132,127
2025-04-19,Koveni,OJC '98,16,7,1325,1177,0.709,0.057,0.235,15,11,15.9,-16.5,122,124
2025-04-19,Lintjo,De Waterpoort,15,12,1228,1201,0.552,0.064,0.384,15,14,9.5,-8.5,134,127
2025-04-19,MIA,HKC (U),22,11,1898,1521,0.900,0.024,0.075,21,12,4.1,-4.7,120,130
2025-04-19,Merwede,Tjoba,13,12,1835,1810,0.550,0.061,0.389,17,16,-0.9,1.0,119,121
2025-04-19,NIO,Erasmus,18,15,1576,1522,0.588,0.064,0.347,15,13,7.5,-6.8,140,132
2025-04-19,NKC '51,Sparta (Zw),12,16,1896,1950,0.436,0.066,0.498,14,15,-16.6,15.2,126,120
2025-04-19,NKV,Ready '60,12,11,1342,1467,0.335,0.069,0.596,11,13,14.8,-14.1,125,122
2025-04-19,Nexus,Good Luck,20,13,1407,1410,0.509,0.064,0.427,16,15,23.1,-28.0,120,133
2025-04-19,Nic,Drachten,22,10,2073,1890,0.752,0.046,0.202,19,14,14.1,-14.0,117,116
2025-04-19,Nikantes,Triade,12,14,813,1110,0.154,0.051,0.795,8,13,13.6,-12.7,135,130
2025-04-19,Nova,Reehorst '45,17,17,1744,1672,0.619,0.053,0.328,20,17,-10.6,10.6,128,128
2025-04-19,Noveas,SF Deinum,20,14,1087,719,0.891,0.033,0.075,13,6,0.3,0.7,132,165
2025-04-19,Noviomagum,Devinco,21,12,1776,1626,0.714,0.052,0.234,17,13,14.8,-15.5,122,125
2025-04-19,ODO (M),KCR,13,16,1644,1837,0.257,0.054,0.689,13,17,1.4,-1.3,121,119
2025-04-19,OKV,Swift,7,18,1473,1784,0.149,0.038,0.812,14,20,-11.4,10.0,129,120
2025-04-19,ONDO (G),Kinderdijk,11,16,1954,1867,0.634,0.061,0.305,15,13,-33.9,32.6,123,121
2025-04-19,Olympia '22,SDO (W),11,13,1148,1203,0.429,0.076,0.495,10,11,-10.0,9.8,135,133
2025-04-19,Olympia (T),Zunobri,18,13,1345,965,0.900,0.029,0.072,16,8,-5.0,12.0,123,173
2025-04-19,Ons Clubje,SEV (Z),5,16,913,915,0.500,0.086,0.414,9,8,-42.5,41.4,130,128
2025-04-19,Oosterkwartier (H),RODA (W),18,18,1545,1755,0.239,0.050,0.711,15,19,16.9,-16.7,124,123
2025-04-19,Oranje Zwart (M),WION,9,19,1193,1461,0.180,0.051,0.768,10,15,-14.9,14.7,127,126
2025-04-19,Paal Centraal,'t Capproen,9,7,1460,1244,0.784,0.045,0.171,17,12,-15.4,12.9,139,129
2025-04-19,Pallas '08,Wez Handich,13,13,1633,1838,0.247,0.047,0.706,17,21,15.9,-15.8,122,121
2025-04-19,Pernix,Fiks,13,24,1937,2210,0.181,0.038,0.781,17,23,-11.0,9.4,123,112
2025-04-19,Quick '21 / Vlug en Vaardig (G),De Wâlden,17,17,1743,1767,0.480,0.064,0.456,16,15,-0.8,0.8,120,120
2025-04-19,ROG,It Fean,16,18,1549,1534,0.535,0.065,0.400,15,14,-13.8,13.5,121,119
2025-04-19,RWA,Maassluis,18,19,1742,1870,0.336,0.058,0.606,16,18,4.5,-4.7,118,121
2025-04-19,Ritola,Noordenveld,13,16,2023,1978,0.581,0.055,0.365,20,18,-18.1,20.0,118,124
2025-04-19,Rivalen,Wesstar,12,18,1099,1269,0.280,0.064,0.655,11,14,-15.6,14.2,132,125
2025-04-19,Rood Wit (W),KCD,29,14,1699,1413,0.842,0.037,0.121,18,11,11.3,-11.1,123,121
2025-04-19,SDO (V),Tiel '72,11,11,1744,1736,0.526,0.060,0.413,17,16,-4.5,3.7,133,121
2025-04-19,SGV,Regio '72,12,8,808,1174,0.108,0.041,0.851,8,13,64.4,-47.5,142,122
2025-04-19,SIOS / Leonidas,Roreko,11,12,1414,1287,0.684,0.058,0.258,15,12,-20.9,20.6,126,125
2025-04-19,Seolto,KVK,6,21,1077,1516,0.074,0.030,0.896,8,15,-8.1,8.9,126,133
2025-04-19,Sparta (N),Hellas '63,12,15,1581,1534,0.580,0.061,0.358,16,15,-20.8,21.5,122,124
2025-04-19,Sperwers,SKV (S),10,9,905,841,0.596,0.075,0.328,11,9,-3.5,4.0,128,136
2025-04-19,Sporting Trigon,Twist,14,10,1765,1561,0.770,0.048,0.182,16,11,-1.9,2.2,119,125
2025-04-19,Springfield,Luctor,17,10,1154,1172,0.487,0.066,0.446,15,14,29.2,-27.4,131,126
2025-04-19,Stormvogels (U),De Corvers,10,9,1003,1039,0.459,0.070,0.471,12,13,7.3,-5.5,144,125
2025-04-19,TOP (A),Vitesse (Ba),18,12,2078,1954,0.682,0.056,0.261,16,13,8.9,-9.7,113,118
2025-04-19,TOP (V),EKC 2000,18,15,1059,1110,0.440,0.067,0.493,13,14,16.5,-18.0,126,131
2025-04-19,Telstar,Reeuwijk,11,12,1814,1799,0.535,0.062,0.403,16,15,-8.8,9.6,121,126
2025-04-19,Thor (R),Gemini,20,7,1548,1117,0.921,0.026,0.053,13,6,6.0,-6.5,125,130
2025-04-19,Tilburg,GKV (G),18,24,2022,2040,0.490,0.059,0.451,18,17,-23.5,23.2,120,119
2025-04-19,VIKO,Revival,14,14,1108,1457,0.120,0.040,0.840,10,16,26.9,-25.7,124,121
2025-04-19,VZOD,Fluks (N),2,14,1393,1492,0.370,0.069,0.561,12,13,-30.0,30.8,126,128
2025-04-19,Velocitas (L),Phoenix (Z),18,13,1871,1732,0.701,0.054,0.245,17,13,5.7,-5.5,122,119
2025-04-19,Victum,Tempo,15,16,1833,1979,0.314,0.058,0.628,15,17,6.1,-6.3,121,123
2025-04-19,Vitesse (Be),Thrianta,16,23,1340,1502,0.293,0.058,0.649,14,17,-15.6,15.8,125,126
2025-04-19,WIK '34,Club Brothers,5,11,1110,1188,0.398,0.073,0.529,11,12,-30.7,22.3,146,123
2025-04-19,WSS,KVW '22,15,19,1454,1682,0.221,0.049,0.730,14,18,0.4,-0.4,119,120
2025-04-19,WWC,Sparta (Ze),16,21,1536,1397,0.701,0.051,0.248,19,15,-37.6,41.5,126,132
2025-04-19,Weidevogels,Madjoe,20,9,1728,1523,0.773,0.046,0.181,18,12,13.1,-14.0,120,124
2025-04-19,Westergo,Spannum,10,18,1241,1473,0.214,0.053,0.732,12,16,-12.9,12.3,124,121
2025-04-19,Wolderwijd,HBC (Be),14,13,1427,1474,0.445,0.066,0.489,14,15,6.7,-7.4,129,135
2025-04-19,Zaamslag,Atlas,14,31,1454,1673,0.231,0.047,0.722,15,20,-21.4,20.2,129,125
2025-04-19,Zaandam Zuid,Huizen,10,15,1108,1237,0.325,0.077,0.598,9,10,-17.8,16.3,129,123
2025-04-19,Zwaluwen (Ze),Zwart Wit,20,11,1751,1487,0.826,0.040,0.135,17,11,7.9,-7.8,122,121
2025-04-22,DSO (A),Stormvogels (U),11,10,1231,1010,0.785,0.050,0.165,14,9,-17.8,19.8,129,135
2025-04-24,Weidevogels,GKV,21,8,1742,1499,0.811,0.036,0.153,22,16,10.6,-10.5,118,117
2025-04-29,OZC,Conventus,19,13,1493,1117,0.898,0.028,0.074,17,9,-3.4,3.9,126,133
2025-05-01,De Hoeve,Lintjo,14,11,1304,1238,0.603,0.068,0.329,13,11,6.0,-6.4,126,131
2025-05-02,Moedig Voorwaarts,Vefo,9,20,907,928,0.478,0.075,0.447,12,11,-55.4,67.3,161,179
2025-05-03,Achilles (H),Sporting Delta,14,11,2081,2182,0.373,0.058,0.569,16,18,21.4,-22.8,130,135
2025-05-03,DOS '46,Unitas,16,14,2398,2332,0.610,0.055,0.335,19,16,-0.9,1.0,118,123
2025-05-03,DSC,Nieuwerkerk,22,8,2380,2163,0.786,0.040,0.174,21,15,11.5,-15.8,110,130
2025-05-03,DVO,Dalto,18,18,2556,2395,0.730,0.042,0.227,23,18,-15.8,17.8,115,122
2025-05-03,De Meeuwen,Mid Fryslân,13,14,2021,2283,0.190,0.042,0.768,15,21,18.6,-15.0,131,119
2025-05-03,DeetosSnel,HKC (Ha),21,8,2236,2288,0.439,0.063,0.498,15,16,35.4,-29.9,119,109
2025-05-03,Die Haghe,Fortuna (D),17,20,2258,2561,0.155,0.038,0.807,15,21,12.5,-8.0,131,107
2025-05-03,Groen Geel,CSL,21,12,2256,1982,0.836,0.034,0.130,21,14,4.9,-5.6,118,128
2025-05-03,Juventa,Oost Arnhem,11,18,1849,2047,0.253,0.050,0.697,15,19,-11.6,10.1,129,120
2025-05-03,KZ,AW.DTV,7,13,2485,2260,0.794,0.038,0.167,22,15,-43.1,36.5,118,109
2025-05-03,LDODK,SCO,20,14,2546,2156,0.908,0.021,0.071,25,15,-6.6,9.9,109,130
2025-05-03,OVVO,Valto,16,9,1940,2151,0.238,0.051,0.711,14,18,47.2,-49.1,129,131
2025-05-03,PKC,KCC,20,16,2575,2232,0.882,0.026,0.091,22,14,-10.2,13.3,111,125
2025-05-03,SKF,Wageningen,14,18,2034,2257,0.226,0.047,0.727,15,20,0.9,-1.1,131,137
2025-05-03,Spirit (Vo),Antilopen,21,5,2170,1875,0.852,0.030,0.118,23,15,12.3,-11.7,134,130
2025-05-03,Swift (M),Avanti (P),10,10,2081,2151,0.416,0.058,0.526,17,18,4.2,-4.2,131,132
2025-05-04,Blauw Wit,TOP (S),13,13,2440,2323,0.676,0.052,0.272,19,16,-13.2,12.4,117,114
2025-05-06,Phoenix (Z),Velocitas (L),20,21,1726,1877,0.305,0.059,0.635,14,16,6.5,-6.8,121,124
2025-05-08,Luno,Sporting West,18,15,1511,1584,0.406,0.070,0.524,12,13,20.6,-20.2,130,128
2025-05-10,'t Capproen,Conventus,13,12,1255,1121,0.688,0.067,0.245,12,9,-10.8,11.0,133,134
2025-05-10,ACKC,ADO,12,9,1754,1553,0.766,0.051,0.183,15,10,-6.0,5.6,130,127
2025-05-10,ALO,Korbis,17,13,1789,1826,0.463,0.061,0.477,16,17,17.7,-19.8,125,133
2025-05-10,AVO,ASVD,22,15,2056,1829,0.795,0.040,0.165,20,14,4.2,-4.4,124,126
2025-05-10,Amicitia (V),NRC '22,14,27,1857,1878,0.484,0.061,0.455,18,17,-35.1,34.8,121,121
2025-05-10,Apeldoorn,KVZ,13,13,1883,1818,0.607,0.056,0.337,19,16,-9.0,9.5,121,124
2025-05-10,Apollo,Helios,6,6,1435,1263,0.734,0.060,0.207,13,9,-19.8,21.0,128,132
2025-05-10,Arena,SkunK,18,13,1295,1336,0.454,0.066,0.479,13,14,23.8,-23.0,126,124
2025-05-10,Atlantis,Wolderwijd,21,16,1566,1433,0.694,0.053,0.253,18,14,6.2,-6.5,127,130
2025-05-10,Atlas,TOGO (G),19,12,1696,1503,0.762,0.043,0.194,20,15,6.7,-6.4,128,125
2025-05-10,Aurora / DKV (IJ),Ados,14,12,1214,1361,0.306,0.068,0.625,11,13,23.6,-22.8,129,127
2025-05-10,BEP,DOS (W),14,14,1930,1882,0.582,0.062,0.355,16,14,-7.4,9.2,120,135
2025-05-10,BKC (Br),Keep Fit '70,3,17,409,1273,0.006,0.005,0.989,4,16,-2.8,1.5,239,132
2025-05-10,Badhoevedorp,Telstar,8,19,1409,1804,0.095,0.032,0.873,10,17,-7.8,7.6,127,124
2025-05-10,Centrum,Vakgericht,18,8,1213,914,0.848,0.043,0.109,12,7,49.1,-15.6,311,148
2025-05-10,Club Brothers,Zunobri,17,13,1210,977,0.798,0.044,0.157,17,11,-3.1,7.7,126,173
2025-05-10,DES (De),ODO (M),6,10,1757,1645,0.668,0.057,0.275,16,13,-31.7,32.6,123,124
2025-05-10,DKB,Koveni,8,15,1135,1341,0.241,0.057,0.702,12,15,-13.4,13.0,128,126
2025-05-10,DOS-WK,Noviomagum,9,8,1836,1792,0.580,0.056,0.364,19,17,-3.6,3.2,133,126
2025-05-10,DOT (O),Animo (G),16,17,1885,1760,0.685,0.051,0.264,19,16,-18.8,19.5,122,124
2025-05-10,DSO (K),Zaamslag,14,11,1586,1433,0.718,0.050,0.232,18,14,-3.9,4.1,129,132
2025-05-10,DTG,Westergo,20,10,1344,1227,0.672,0.059,0.269,15,12,22.2,-21.3,131,128
2025-05-10,DTS (E),Swift,7,19,1379,1794,0.086,0.029,0.885,11,18,-7.7,7.3,129,124
2025-05-10,DTS (S),Noveas,24,7,1376,1089,0.843,0.037,0.120,17,11,12.6,-14.3,128,137
2025-05-10,DVO,DeetosSnel,18,9,2540,2271,0.832,0.034,0.134,22,14,4.7,-4.8,114,116
2025-05-10,De Corvers,ESDO,14,17,1033,1146,0.353,0.068,0.579,12,13,-7.6,8.6,126,136
2025-05-10,De Waterpoort,Lemmer,21,14,1192,778,0.916,0.025,0.060,16,8,-0.8,2.6,129,166
2025-05-10,Devinco,Achilles (A) / AKC,22,8,1610,1406,0.770,0.049,0.181,16,11,17.4,-17.4,129,128
2025-05-10,Dindoa,KIOS (R),18,20,2010,2020,0.504,0.056,0.441,20,19,-10.7,9.8,126,121
2025-05-10,Drachten,Noordenveld,11,18,1875,1998,0.343,0.057,0.600,16,18,-16.7,18.1,121,126
2025-05-10,Dunas,Oranje Zwart (M),20,9,1512,1178,0.876,0.030,0.094,19,11,7.5,-7.5,131,131
2025-05-10,EKCA,Regio '72,14,12,1267,1125,0.702,0.057,0.241,15,12,-6.4,6.6,126,128
2025-05-10,EKVA,RODA (W),12,8,1554,1739,0.266,0.054,0.680,14,18,38.2,-32.7,136,126
2025-05-10,Exakwa,Elburg,11,12,1747,1633,0.671,0.054,0.275,18,15,-19.2,18.9,126,125
2025-05-10,Excelsior (D),Kinderdijk,14,15,1897,1899,0.511,0.064,0.426,16,15,-7.6,7.7,123,124
2025-05-10,Fiks,VEO,22,17,2220,1920,0.856,0.029,0.115,23,15,-7.0,7.9,118,124
2025-05-10,Focus,Terda,12,8,1064,707,0.886,0.033,0.081,14,8,-9.5,12.0,135,149
2025-05-10,Fortis,Blauw Wit (K),20,8,1959,1499,0.934,0.019,0.047,19,9,3.7,-4.4,123,138
2025-05-10,Fortuna (D),KCC,15,9,2553,2245,0.860,0.031,0.109,21,13,-2.4,3.6,107,125
2025-05-10,GKV (G),Vitesse (Ba),15,11,2064,1943,0.680,0.053,0.267,19,15,2.6,-2.6,122,122
2025-05-10,Gemini,Triade,17,13,1110,1098,0.522,0.080,0.398,10,9,20.4,-19.9,136,134
2025-05-10,Groen Geel,De Meeuwen,19,10,2261,2038,0.789,0.044,0.166,17,12,9.3,-11.0,117,129
2025-05-10,HBC (Be),Rapid (H),10,8,1466,1543,0.403,0.067,0.530,13,14,16.7,-14.4,135,125
2025-05-10,HKC (Ha),Dalto,19,17,2256,2412,0.303,0.053,0.645,16,19,16.0,-19.9,108,120
2025-05-10,HKC (He),Zwart Wit,19,10,1661,1479,0.748,0.050,0.201,16,12,13.3,-13.9,124,126
2025-05-10,HKV / Ons Eibernest,Maassluis,17,17,1813,1865,0.440,0.061,0.499,16,17,2.0,-2.0,123,124
2025-05-10,Harich,WWC,22,14,1512,1498,0.534,0.062,0.404,17,16,24.1,-26.6,122,129
2025-05-10,Heerenveen,DOS Kampen,16,11,1941,1876,0.608,0.054,0.338,20,17,10.5,-10.7,125,126
2025-05-10,Hellas '63,KCD,15,2,1556,1402,0.717,0.053,0.230,17,13,20.0,-20.1,127,127
2025-05-10,Hoogkerk,WSS,19,14,1667,1455,0.779,0.045,0.175,17,12,0.5,-0.5,124,123
2025-05-10,Huizen,Stormvogels (U),13,10,1254,1030,0.786,0.053,0.161,12,8,-5.5,6.7,126,137
2025-05-10,IFC '25,De Parabool,7,12,1872,1793,0.626,0.055,0.319,19,16,-30.8,31.4,124,125
2025-05-10,IJsselvogels,Erasmus,15,11,1738,1515,0.791,0.043,0.167,19,13,-4.3,5.3,123,134
2025-05-10,It Fean,De Granaet,10,16,1548,1704,0.300,0.058,0.642,14,17,-12.7,13.7,123,128
2025-05-10,Joure,ROG,21,17,1501,1536,0.464,0.066,0.470,14,15,18.5,-18.4,124,124
2025-05-10,KCR,Trekvogels (R),17,15,1835,1640,0.766,0.041,0.193,22,16,-12.0,12.9,123,127
2025-05-10,KIOS (N),Haarlem,17,13,1844,1765,0.625,0.059,0.317,17,14,7.0,-6.9,124,124
2025-05-10,KOAG,Pernix,23,17,1955,1925,0.558,0.058,0.383,18,17,17.2,-18.0,124,126
2025-05-10,KVA,Victum,18,10,2058,1839,0.787,0.042,0.171,19,14,7.4,-7.6,122,124
2025-05-10,KVW '22,DTL,25,10,1682,1568,0.670,0.057,0.273,16,13,23.0,-24.5,124,128
2025-05-10,KZ Danaiden,Weidevogels,10,13,1574,1753,0.271,0.060,0.669,12,15,-0.6,0.7,126,121
2025-05-10,KZ,Blauw Wit,12,14,2439,2426,0.537,0.057,0.406,19,18,-11.8,11.4,117,115
2025-05-10,Keizer Karel,Rheko,21,15,1381,1350,0.554,0.069,0.377,13,12,19.9,-20.1,123,123
2025-05-10,Kesteren,NKV,13,14,1420,1356,0.601,0.066,0.333,14,12,-16.7,15.1,134,127
2025-05-10,Kinea / Udiros,SIOS / Leonidas,12,8,1599,1392,0.771,0.052,0.177,14,10,-0.9,0.9,129,129
2025-05-10,Kleine Sluis,Celeritas (A),7,10,1011,912,0.642,0.077,0.282,10,8,-59.7,57.8,191,188
2025-05-10,Korbatjo,Good Luck,17,11,1477,1382,0.648,0.055,0.297,18,15,12.5,-13.5,128,134
2025-05-10,Leeuwarden,DWA / Argo,16,9,1485,1280,0.772,0.047,0.181,17,12,8.0,-7.9,127,126
2025-05-10,Luctor,KVK,11,21,1144,1526,0.102,0.032,0.865,11,19,-7.0,7.9,128,138
2025-05-10,MIA,Nova,20,6,1903,1733,0.736,0.050,0.214,17,13,18.9,-19.9,126,130
2025-05-10,MN en W,Oerterp,10,14,1192,1361,0.282,0.061,0.656,12,15,-7.0,6.2,135,125
2025-05-10,Madjoe,GKV,8,17,1508,1487,0.548,0.055,0.397,20,18,-37.1,32.7,128,120
2025-05-10,Melmac,Attila,12,15,1091,1283,0.254,0.063,0.684,10,13,-0.9,0.9,135,137
2025-05-10,Merwede,Albatros,13,16,1833,1998,0.291,0.052,0.656,16,19,-0.1,-0.0,122,130
2025-05-10,Mid Fryslân,CSL,26,11,2267,1975,0.850,0.029,0.120,24,16,9.1,-10.5,117,127
2025-05-10,Movado,Vriendenschaar (H),15,23,1663,1898,0.214,0.049,0.737,13,18,-11.4,11.6,123,125
2025-05-10,NIO,Dijkvogels,19,12,1584,1527,0.590,0.068,0.342,13,12,25.5,-23.1,139,132
2025-05-10,NKC '51,Juventa,19,9,1879,1836,0.576,0.059,0.365,17,16,26.6,-26.0,127,126
2025-05-10,Nexus,DVS '69,14,22,1431,1627,0.253,0.054,0.692,13,17,-14.5,15.8,123,129
2025-05-10,Nieuwerkerk,Avanti (P),14,12,2145,2145,0.515,0.062,0.423,17,16,6.2,-6.2,128,127
2025-05-10,Nikantes,Thor (R),4,20,827,1555,0.014,0.008,0.978,6,17,-2.3,2.1,137,132
2025-05-10,ODIK,De Pein,15,11,1821,1463,0.890,0.027,0.083,20,12,-12.2,12.1,124,123
2025-05-10,OJC '98,PSV,8,7,1160,1414,0.192,0.052,0.756,11,15,27.0,-26.0,127,125
2025-05-10,OKO,Flamingo's (B),20,20,1875,1999,0.345,0.054,0.601,17,20,8.8,-8.8,123,122
2025-05-10,OKV,Furore,10,15,1461,1503,0.452,0.067,0.481,13,14,-23.6,22.4,132,128
2025-05-10,ONDO (G),KVS,10,16,1919,2172,0.196,0.047,0.757,13,18,-5.2,5.4,126,129
2025-05-10,ONDO (M),Juliana,14,10,1802,1830,0.472,0.067,0.461,15,14,18.7,-19.8,127,131
2025-05-10,OVVO,Achilles (H),15,16,1987,2102,0.352,0.063,0.585,14,16,3.3,-3.3,126,126
2025-05-10,OZC,Paal Centraal,17,14,1490,1444,0.582,0.057,0.361,18,16,5.5,-6.6,128,141
2025-05-10,Olympia '22,Blauw Zwart,15,25,1138,1368,0.217,0.052,0.731,13,17,-18.4,16.5,135,127
2025-05-10,Olympia (S),Sperwers,18,14,1113,901,0.777,0.049,0.174,16,11,-2.2,2.3,127,129
2025-05-10,Olympia (T),WIK '34,16,4,1341,1078,0.820,0.048,0.132,12,7,13.9,-16.8,129,144
2025-05-10,Ons Clubje,Rivalen,11,13,870,1084,0.227,0.068,0.705,7,11,5.1,-5.3,131,133
2025-05-10,Oost Arnhem,Sparta (Zw),15,12,2057,1965,0.641,0.059,0.300,16,14,1.8,-1.9,118,123
2025-05-10,Oosterkwartier (H),De Vinken,15,17,1562,1868,0.154,0.037,0.809,15,21,15.5,-18.0,127,136
2025-05-10,Oranje Wit (D),Tjoba,17,12,1995,1810,0.756,0.040,0.204,23,17,-0.9,0.7,129,123
2025-05-10,Oranje Zwart,SDO (W),17,7,1467,1213,0.817,0.042,0.142,16,11,11.2,-11.8,129,133
2025-05-10,PKC,Die Haghe,18,20,2564,2270,0.851,0.031,0.118,23,15,-29.4,39.4,112,129
2025-05-10,Quick '21 / Vlug en Vaardig (G),Pallas '08,17,17,1742,1649,0.646,0.054,0.300,19,16,-11.9,12.5,123,126
2025-05-10,RDZ,Revival,17,10,1388,1431,0.448,0.073,0.479,11,12,31.0,-31.8,125,127
2025-05-10,RWA,De Meervogels,13,16,1746,1880,0.329,0.060,0.612,14,17,-3.8,4.0,122,126
2025-05-10,Ready '60,Fortissimo,10,11,1452,1673,0.227,0.053,0.720,13,17,12.6,-14.2,125,132
2025-05-10,Reehorst '45,HKC (U),16,11,1682,1516,0.736,0.043,0.221,22,17,1.1,-1.0,130,135
2025-05-10,Reeuwijk,DKV Victoria,20,14,1808,1484,0.869,0.032,0.098,18,11,-2.2,2.3,129,130
2025-05-10,Ritola,Nic,13,18,2004,2088,0.397,0.057,0.546,17,19,-14.2,14.1,121,121
2025-05-10,Rood Wit (W),Sparta (N),14,14,1712,1559,0.717,0.051,0.232,18,14,-18.4,17.3,128,125
2025-05-10,Roreko,HHV,10,12,1307,1512,0.245,0.052,0.703,14,18,7.3,-7.5,128,129
2025-05-10,Rust Roest (E),Woudenberg,16,14,1784,1842,0.432,0.061,0.507,16,17,11.5,-11.3,124,122
2025-05-10,SDO (K),KVZ '23,12,12,1873,2030,0.299,0.057,0.644,14,17,12.6,-12.5,127,126
2025-05-10,SDO (S),EKC 2000,26,14,1245,1092,0.717,0.053,0.230,17,13,20.9,-21.0,132,132
2025-05-10,SDO (V),Fiducia,12,14,1738,1741,0.511,0.062,0.427,17,16,-13.6,12.3,133,127
2025-05-10,SF Deinum,Lintjo,12,27,720,1231,0.049,0.024,0.927,6,14,-9.9,6.4,166,128
2025-05-10,SGV,Hebbes,7,20,872,1177,0.148,0.051,0.801,8,12,-18.9,15.3,145,129
2025-05-10,SKV (S),Scheldevogels,8,13,845,1020,0.272,0.067,0.662,10,12,-13.2,13.1,137,136
2025-05-10,Seolto,Springfield,11,14,1068,1184,0.346,0.072,0.582,10,12,-8.7,8.7,131,132
2025-05-10,Spannum,Emmeloord,10,13,1486,1470,0.534,0.067,0.398,14,13,-19.7,19.2,125,124
2025-05-10,Sparta (Ze),VDDO,12,20,1440,1528,0.389,0.061,0.550,15,17,-27.1,22.8,134,122
2025-05-10,Spirit (Vo),SKF,13,10,2182,2034,0.715,0.046,0.239,21,17,-5.1,4.7,132,128
2025-05-10,Sporting Delta,Valto,15,15,2158,2100,0.597,0.057,0.346,18,16,-9.4,9.2,129,128
2025-05-10,Sporting West,Fluks (N),13,14,1564,1523,0.571,0.064,0.365,15,14,-11.7,13.0,122,129
2025-05-10,Stadskanaal '74,Thrianta,22,18,1489,1519,0.474,0.058,0.469,19,18,16.1,-17.0,124,128
2025-05-10,Swift (M),DSC,11,20,2083,2391,0.152,0.036,0.812,15,22,-6.6,5.2,127,110
2025-05-10,Synergo,Rohda (A),21,15,1938,1834,0.657,0.059,0.284,16,13,12.1,-11.8,122,120
2025-05-10,TOP (A),Tilburg,15,14,2087,1998,0.638,0.058,0.304,17,14,-6.3,7.0,118,123
2025-05-10,TOP (S),AW.DTV,13,16,2334,2295,0.569,0.060,0.370,17,15,-17.3,16.2,112,109
2025-05-10,TOP (V),KIOS '45,17,14,1076,761,0.862,0.035,0.103,17,10,-13.0,16.8,128,143
2025-05-10,Tempo,Tweemaal Zes,21,13,1972,1948,0.548,0.062,0.390,16,15,24.7,-24.8,125,126
2025-05-10,Twist,Phoenix (Z),13,18,1563,1732,0.280,0.063,0.656,11,14,-11.1,9.4,128,117
2025-05-10,Unitas,SCO,12,15,2332,2165,0.735,0.046,0.219,20,15,-29.3,34.6,120,130
2025-05-10,VIKO,DWS (K),8,14,1135,1361,0.218,0.060,0.722,9,13,-11.1,11.0,129,128
2025-05-10,VZOD,Luno,7,15,1361,1532,0.276,0.069,0.655,9,12,-20.9,19.6,128,123
2025-05-10,Velocitas (L),Sporting Trigon,14,15,1871,1762,0.663,0.055,0.282,18,15,-16.9,18.1,120,123
2025-05-10,Viking,Tiel '72,12,10,1636,1739,0.367,0.064,0.569,14,15,17.2,-16.7,126,124
2025-05-10,Vitesse (Be),Elko,15,19,1325,1380,0.434,0.064,0.502,15,16,-16.1,16.4,127,129
2025-05-10,Voltreffers (O),OEC,8,11,894,1167,0.175,0.052,0.772,9,14,6.2,-6.3,137,137
2025-05-10,Vriendenschaar (B),Refleks,20,17,1749,1762,0.495,0.063,0.442,17,16,12.4,-12.7,129,130
2025-05-10,WION,Ventura Sport,15,9,1476,1223,0.814,0.044,0.142,16,10,3.2,-3.2,130,131
2025-05-10,Wageningen,Antilopen,29,8,2256,1862,0.909,0.023,0.068,21,12,8.4,-7.9,133,129
2025-05-10,Wesstar,SEV (Z),10,6,1284,957,0.868,0.036,0.096,15,9,-8.3,8.5,128,130
2025-05-10,Wez Handich,De Wâlden,16,16,1821,1768,0.591,0.058,0.351,18,16,-8.5,8.2,125,123
2025-05-10,ZKC '19,Wit Blauw,13,20,1963,2072,0.364,0.055,0.581,18,20,-16.7,17.1,120,121
2025-05-10,Zwaluwen (Ze),Duko,19,12,1760,1408,0.886,0.028,0.086,19,11,-1.1,1.1,128,127
2025-05-11,LDODK,DOS '46,20,15,2540,2397,0.708,0.047,0.245,21,16,2.8,-3.0,111,117
2025-05-11,Maastricht,FSC,13,9,1169,993,0.739,0.057,0.205,14,10,3.2,-3.1,162,155
2025-05-11,Moedig Voorwaarts,KIA,13,10,851,1001,0.302,0.069,0.629,10,13,37.9,-41.6,153,160
2025-05-11,Samen Een,WK,11,10,791,597,0.755,0.058,0.187,12,8,-35.5,20.9,220,174
2025-05-13,TOP (S),KZ,16,16,2316,2426,0.359,0.058,0.582,16,18,6.2,-6.7,109,113
2025-05-13,Vriendenschaar (B),ALO,13,14,1762,1807,0.449,0.064,0.487,14,15,-3.4,3.2,123,120
2025-05-13,WIK '34,Zunobri,13,14,1060,985,0.616,0.067,0.318,13,11,-18.2,25.2,139,164
2025-05-14,DTS (S),SF Deinum,27,7,1390,711,0.979,0.008,0.013,17,5,2.1,-3.0,126,163
2025-05-14,Duko,Zwaluwen (Ze),11,21,1409,1759,0.121,0.036,0.843,12,19,-8.1,8.2,126,126
2025-05-14,FSC,Eymerick,13,8,990,1115,0.332,0.073,0.595,10,12,44.4,-55.0,148,165
2025-05-14,OEC,Attila,11,22,1160,1285,0.337,0.066,0.597,12,14,-29.7,29.1,133,132
2025-05-14,SDO (K),DOS (W),16,18,1885,1890,0.504,0.068,0.429,15,14,-12.2,13.3,122,129
2025-05-17,ADO,ACKC,10,11,1558,1747,0.258,0.062,0.681,11,14,9.6,-10.1,125,127
2025-05-17,ASVD,AVO,11,12,1825,2061,0.213,0.047,0.740,15,19,14.5,-14.0,124,122
2025-05-17,AW.DTV,TOP (S),13,20,2311,2321,0.500,0.062,0.438,17,16,-22.8,22.4,107,106
2025-05-17,Achilles (A) / AKC,Devinco,19,14,1388,1628,0.206,0.052,0.742,11,16,43.8,-44.0,126,126
2025-05-17,Achilles (H),OVVO,18,14,2098,1990,0.662,0.058,0.280,16,13,4.9,-4.8,122,122
2025-05-17,Ados,Aurora / DKV (IJ),10,7,1338,1238,0.647,0.067,0.286,13,10,3.3,-3.3,123,125
2025-05-17,Albatros,Merwede,16,12,1998,1833,0.733,0.047,0.221,20,15,-1.5,1.3,126,120
2025-05-17,Animo (G),DOT (O),9,17,1780,1866,0.394,0.059,0.548,17,18,-22.6,21.9,122,120
2025-05-17,Antilopen,Wageningen,9,17,1852,2266,0.087,0.027,0.886,12,21,-0.5,0.5,129,133
2025-05-17,Attila,Melmac,6,12,1315,1090,0.788,0.049,0.162,14,10,-51.9,56.1,126,131
2025-05-17,Avanti (P),Nieuwerkerk,8,15,2138,2151,0.496,0.063,0.442,17,16,-28.6,28.9,123,124
2025-05-17,Blauw Wit (K),Fortis,7,21,1494,1963,0.063,0.024,0.913,10,18,-7.7,6.4,138,124
2025-05-17,Blauw Zwart,Olympia '22,22,12,1386,1120,0.827,0.039,0.134,18,12,9.3,-10.2,125,131
2025-05-17,CSL,Mid Fryslân,17,19,1963,2277,0.148,0.034,0.818,16,23,17.0,-14.7,126,118
2025-05-17,Conventus,'t Capproen,18,13,1132,1245,0.347,0.077,0.575,9,11,36.5,-35.9,130,129
2025-05-17,DKV Victoria,Reeuwijk,15,11,1486,1807,0.140,0.040,0.820,11,17,47.2,-46.7,129,128
2025-05-17,DOS '46,LDODK,25,18,2393,2542,0.311,0.053,0.636,17,20,32.7,-30.0,115,110
2025-05-17,DOS (W),BEP,11,17,1904,1922,0.486,0.065,0.449,16,15,-26.1,24.0,123,118
2025-05-17,DOS Kampen,Heerenveen,14,12,1865,1951,0.394,0.057,0.549,17,19,13.8,-13.5,123,122
2025-05-17,DSC,Swift (M),24,14,2397,2076,0.869,0.028,0.103,23,14,3.5,-4.2,110,125
2025-05-17,DSO (A),De Corvers,14,7,1213,1026,0.753,0.051,0.196,16,11,10.8,-9.3,134,123
2025-05-17,DTL,KVW '22,14,18,1543,1707,0.290,0.059,0.652,13,16,-5.6,5.4,125,121
2025-05-17,DVS '69,Nexus,11,13,1644,1416,0.794,0.043,0.163,18,12,-33.9,31.2,126,121
2025-05-17,DWA / Argo,Leeuwarden,14,20,1272,1494,0.225,0.054,0.722,12,16,-8.5,8.6,124,125
2025-05-17,DWS (K),VIKO,12,8,1372,1124,0.809,0.048,0.143,14,8,-3.0,3.1,125,126
2025-05-17,Dalto,HKC (Ha),14,15,2392,2272,0.679,0.051,0.270,20,16,-17.6,14.6,117,107
2025-05-17,De Granaet,It Fean,20,19,1718,1535,0.750,0.049,0.201,17,13,-15.1,14.0,125,120
2025-05-17,De Hoeve,De Waterpoort,10,7,1311,1193,0.673,0.058,0.269,16,13,0.2,-0.2,127,129
2025-05-17,De Meervogels,RWA,17,12,1884,1742,0.703,0.053,0.244,17,13,5.3,-5.1,123,119
2025-05-17,De Meeuwen,Groen Geel,16,17,2026,2270,0.203,0.050,0.747,12,17,15.4,-12.9,127,117
2025-05-17,De Parabool,IFC '25,13,19,1824,1840,0.493,0.060,0.447,18,17,-24.4,24.1,122,121
2025-05-17,De Pein,ODIK,16,15,1475,1808,0.132,0.037,0.831,12,19,30.6,-30.9,123,124
2025-05-17,De Vinken,Oosterkwartier (H),22,10,1850,1578,0.834,0.034,0.132,21,14,11.2,-10.0,133,125
2025-05-17,De Wâlden,Wez Handich,10,18,1776,1813,0.463,0.061,0.477,16,17,-26.7,27.4,120,122
2025-05-17,DeetosSnel,DVO,14,21,2265,2544,0.174,0.041,0.785,14,20,-4.0,3.9,116,114
2025-05-17,Die Haghe,PKC,13,14,2310,2534,0.226,0.045,0.729,16,21,14.8,-11.3,127,112
2025-05-17,Dijkvogels,NIO,7,11,1504,1610,0.361,0.069,0.570,12,13,-12.9,14.1,127,133
2025-05-17,EKC 2000,SDO (S),8,16,1071,1269,0.252,0.055,0.693,13,17,-15.9,15.9,129,129
2025-05-17,ESDO,Huizen,7,8,1155,1249,0.373,0.079,0.548,9,10,0.1,-0.1,131,125
2025-05-17,Elburg,Exakwa,14,17,1651,1727,0.406,0.062,0.532,15,16,-8.9,9.0,123,123
2025-05-17,Elko,Vitesse (Be),26,15,1398,1309,0.637,0.058,0.305,17,14,23.0,-22.7,125,123
2025-05-17,Emmeloord,Spannum,14,15,1489,1465,0.545,0.068,0.387,14,13,-10.1,10.3,120,122
2025-05-17,Erasmus,IJsselvogels,15,23,1520,1734,0.234,0.052,0.714,13,17,-14.6,12.8,131,122
2025-05-17,Fiducia,SDO (V),15,13,1753,1724,0.556,0.061,0.383,17,15,3.2,-3.4,123,128
2025-05-17,Flamingo's (B),OKO,15,16,1990,1885,0.662,0.051,0.287,20,17,-16.5,16.5,119,120
2025-05-17,Fluks (N),Sporting West,19,11,1536,1552,0.489,0.066,0.444,15,14,29.4,-26.8,125,119
2025-05-17,Furore,OKV,8,8,1525,1437,0.635,0.061,0.303,15,13,-11.7,12.2,124,127
2025-05-17,GKV,Madjoe,22,14,1520,1470,0.588,0.055,0.357,19,17,17.9,-19.9,117,124
2025-05-17,Good Luck,Korbatjo,12,18,1368,1490,0.343,0.059,0.598,15,17,-16.5,15.5,129,125
2025-05-17,HHV,Roreko,25,10,1504,1314,0.758,0.047,0.195,18,13,17.8,-17.6,126,126
2025-05-17,HKC (U),Reehorst '45,7,18,1515,1684,0.288,0.049,0.663,18,21,-21.8,20.6,132,127
2025-05-17,Haarlem,KIOS (N),12,15,1758,1851,0.381,0.062,0.556,15,16,-7.3,7.3,121,121
2025-05-17,Hebbes,SGV,12,9,1193,853,0.876,0.036,0.088,13,7,-12.2,15.4,127,141
2025-05-17,Helios,Apollo,12,12,1283,1414,0.323,0.075,0.602,9,11,10.4,-9.9,129,126
2025-05-17,Juliana,ONDO (M),17,17,1809,1820,0.496,0.067,0.436,15,14,-2.1,2.0,126,123
2025-05-17,Juventa,NKC '51,11,22,1809,1906,0.377,0.061,0.562,15,17,-27.0,27.5,123,124
2025-05-17,KCC,Fortuna (D),17,18,2247,2550,0.154,0.040,0.805,13,19,19.8,-14.7,124,108
2025-05-17,KCD,Hellas '63,9,19,1380,1576,0.253,0.057,0.690,12,16,-18.8,18.7,124,124
2025-05-17,KIOS '45,TOP (V),14,16,779,1064,0.166,0.047,0.787,11,16,15.4,-12.3,141,127
2025-05-17,KIOS (R),Dindoa,26,20,2030,1999,0.561,0.055,0.384,20,18,14.9,-15.9,118,122
2025-05-17,KVK,Luctor,18,10,1535,1137,0.910,0.024,0.066,19,10,-0.3,0.1,136,128
2025-05-17,KVS,ONDO (G),13,10,2177,1913,0.826,0.038,0.136,18,12,-11.6,11.1,126,124
2025-05-17,KVZ '23,SDO (K),16,12,2017,1872,0.707,0.053,0.240,17,13,1.3,-1.3,123,118
2025-05-17,KVZ,Apeldoorn,13,21,1827,1873,0.449,0.060,0.490,16,17,-26.1,25.2,121,118
2025-05-17,Keep Fit '70,BKC (Br),25,6,1275,406,0.993,0.003,0.004,16,3,1.3,-2.5,134,238
2025-05-17,Kinderdijk,Excelsior (D),22,13,1907,1889,0.538,0.064,0.398,16,14,25.7,-25.4,121,120
2025-05-17,Korbis,ALO,21,10,1806,1810,0.509,0.061,0.429,17,16,33.1,-27.4,128,116
2025-05-17,Koveni,DKB,15,13,1355,1121,0.798,0.046,0.157,16,11,-12.8,13.2,123,125
2025-05-17,Lemmer,SF Deinum,16,7,781,707,0.606,0.081,0.312,9,7,40.4,-39.9,163,162
2025-05-17,Lintjo,DTS (S),17,14,1240,1394,0.304,0.055,0.641,15,18,26.6,-25.7,129,126
2025-05-17,Luno,VZOD,13,10,1551,1339,0.775,0.054,0.171,13,8,-4.8,5.2,121,125
2025-05-17,Maassluis,HKV / Ons Eibernest,17,17,1863,1815,0.584,0.059,0.357,17,15,-7.5,7.4,120,119
2025-05-17,NKV,Kesteren,14,18,1372,1404,0.464,0.071,0.465,12,13,-19.2,21.0,124,129
2025-05-17,NRC '22,Amicitia (V),14,15,1915,1821,0.645,0.055,0.300,18,15,-15.4,15.5,118,118
2025-05-17,Nic,Ritola,23,21,2102,1989,0.671,0.051,0.278,20,16,-4.8,4.9,118,118
2025-05-17,Noordenveld,Drachten,19,20,2016,1857,0.725,0.049,0.226,19,14,-22.3,20.6,123,118
2025-05-17,Nova,MIA,20,19,1712,1923,0.237,0.053,0.710,13,17,22.7,-21.6,127,124
2025-05-17,Noviomagum,DOS-WK,17,20,1794,1832,0.461,0.060,0.479,16,17,-12.0,13.1,123,128
2025-05-17,ODO (M),DES (De),14,13,1676,1724,0.443,0.067,0.489,13,14,6.4,-6.2,122,120
2025-05-17,OEC,Voltreffers (O),16,12,1130,900,0.792,0.050,0.158,14,9,-2.0,2.4,127,134
2025-05-17,Oranje Zwart (M),Dunas,8,19,1170,1520,0.121,0.036,0.844,12,18,-10.1,10.0,131,130
2025-05-17,PSV,OJC '98,8,11,1387,1186,0.766,0.051,0.183,15,10,-36.3,37.6,123,125
2025-05-17,Paal Centraal,OZC,11,14,1437,1496,0.432,0.060,0.509,17,18,-11.9,10.1,135,124
2025-05-17,Pallas '08,Quick '21 / Vlug en Vaardig (G),17,21,1661,1731,0.416,0.060,0.524,16,17,-12.9,12.4,122,120
2025-05-17,Pernix,KOAG,16,14,1907,1973,0.421,0.059,0.519,17,18,12.0,-11.5,123,120
2025-05-17,Phoenix (Z),Twist,22,8,1742,1551,0.755,0.053,0.192,15,10,15.1,-17.6,115,125
2025-05-17,RODA (W),EKVA,14,11,1705,1591,0.669,0.055,0.275,17,14,-0.0,0.2,123,132
2025-05-17,ROG,Joure,16,11,1518,1521,0.508,0.066,0.427,15,14,18.2,-18.3,120,121
2025-05-17,Rapid (H),HBC (Be),13,9,1528,1483,0.575,0.067,0.358,14,12,11.1,-12.5,122,130
2025-05-17,Refleks,Vriendenschaar (B),9,13,1750,1758,0.502,0.063,0.435,17,16,-20.5,18.2,126,119
2025-05-17,Regio '72,EKCA,10,12,1132,1261,0.331,0.065,0.604,12,14,-0.6,0.6,125,123
2025-05-17,Revival,RDZ,13,17,1398,1420,0.478,0.073,0.449,13,12,-20.6,20.1,123,121
2025-05-17,Rheko,Keizer Karel,15,15,1331,1402,0.409,0.070,0.522,12,13,3.7,-3.7,120,119
2025-05-17,Rivalen,Ons Clubje,16,6,1079,875,0.764,0.060,0.177,11,7,17.0,-16.5,130,128
2025-05-17,Rohda (A),Synergo,22,19,1822,1951,0.333,0.062,0.605,13,16,21.8,-22.3,118,119
2025-05-17,SCO,Unitas,14,18,2199,2301,0.372,0.057,0.571,17,18,-10.2,9.0,127,119
2025-05-17,SDO (W),Oranje Zwart,12,21,1200,1479,0.172,0.047,0.781,11,16,-12.7,12.1,131,128
2025-05-17,SEV (Z),Wesstar,9,10,965,1275,0.145,0.047,0.807,9,14,19.9,-19.5,129,128
2025-05-17,SIOS / Leonidas,Kinea / Udiros,5,17,1392,1598,0.239,0.062,0.700,10,13,-21.2,21.2,127,127
2025-05-17,SKF,Spirit (Vo),8,19,2037,2176,0.324,0.053,0.623,17,20,-22.8,24.2,125,129
2025-05-17,Scheldevogels,SKV (S),10,8,1034,831,0.766,0.055,0.180,13,9,-10.8,10.9,132,132
2025-05-17,SkunK,Arena,12,16,1313,1320,0.502,0.067,0.431,15,14,-20.1,20.7,121,123
2025-05-17,Sparta (N),Rood Wit (W),10,14,1577,1693,0.350,0.061,0.589,14,16,-9.3,9.7,122,126
2025-05-17,Sparta (Zw),Oost Arnhem,16,15,1962,2058,0.377,0.064,0.560,14,15,10.8,-9.9,120,116
2025-05-17,Sperwers,Olympia (S),10,18,904,1112,0.239,0.057,0.704,11,15,-15.8,15.4,127,125
2025-05-17,Sporting Trigon,Velocitas (L),14,9,1780,1853,0.410,0.062,0.528,15,16,24.1,-22.9,121,117
2025-05-17,Springfield,Seolto,10,11,1193,1060,0.689,0.064,0.248,13,10,-22.5,22.2,128,127
2025-05-17,Stormvogels (U),Purmer,10,6,1036,763,0.826,0.049,0.124,11,6,-1.8,3.8,134,165
2025-05-17,Swift,DTS (E),20,9,1802,1371,0.923,0.022,0.055,18,10,3.7,-3.9,124,128
2025-05-17,TOGO (G),Atlas,15,14,1496,1703,0.243,0.050,0.707,15,19,20.7,-21.8,123,126
2025-05-17,Telstar,Badhoevedorp,7,10,1812,1400,0.915,0.024,0.061,17,9,-49.0,50.9,124,127
2025-05-17,Terda,Focus,9,9,719,1055,0.126,0.045,0.829,8,13,35.1,-29.2,147,134
2025-05-17,Thor (R),Nikantes,23,5,1558,824,0.985,0.006,0.009,17,5,1.6,-1.7,134,139
2025-05-17,Thrianta,Stadskanaal '74,21,22,1502,1506,0.511,0.057,0.431,19,18,-7.1,6.7,124,121
2025-05-17,Tiel '72,Viking,18,8,1721,1653,0.609,0.062,0.329,15,13,23.1,-23.6,121,123
2025-05-17,Tilburg,TOP (A),12,14,2005,2080,0.406,0.063,0.531,15,16,-4.7,4.4,120,116
2025-05-17,Tjoba,Oranje Wit (D),14,21,1811,1994,0.271,0.047,0.681,18,22,-10.1,10.9,121,127
2025-05-17,Trekvogels (R),KCR,19,15,1653,1824,0.285,0.050,0.664,17,21,29.9,-28.4,125,121
2025-05-17,Triade,Gemini,3,11,1078,1131,0.429,0.081,0.489,9,10,-33.5,34.2,129,131
2025-05-17,Tweemaal Zes,Tempo,11,15,1923,1998,0.407,0.063,0.530,15,16,-13.2,13.1,122,122
2025-05-17,VDDO,Sparta (Ze),17,13,1552,1412,0.702,0.052,0.246,18,14,1.5,-1.6,119,129
2025-05-17,VEO,Fiks,19,21,1928,2214,0.170,0.038,0.792,16,22,14.3,-13.0,123,118
2025-05-17,Vakgericht,Centrum,11,19,898,1263,0.108,0.043,0.850,7,12,-12.1,29.9,146,270
2025-05-17,Valto,Sporting Delta,9,12,2109,2148,0.459,0.060,0.480,16,17,-12.3,12.5,124,125
2025-05-17,Ventura Sport,WION,9,20,1220,1480,0.187,0.052,0.761,10,15,-16.7,16.5,129,128
2025-05-17,Victum,KVA,10,19,1831,2065,0.213,0.048,0.738,14,18,-13.0,12.5,123,121
2025-05-17,Vitesse (Ba),GKV (G),13,22,1940,2066,0.337,0.058,0.604,15,17,-20.6,20.7,120,120
2025-05-17,Vriendenschaar (H),Movado,14,15,1910,1652,0.821,0.038,0.140,19,12,-29.5,28.9,122,121
2025-05-17,WIK '34,Olympia (T),4,13,1042,1355,0.141,0.051,0.809,7,12,-13.1,12.3,133,128
2025-05-17,WSS,Hoogkerk,17,14,1454,1668,0.234,0.053,0.713,13,17,30.6,-31.0,122,123
2025-05-17,WWC,Harich,12,12,1472,1537,0.420,0.062,0.517,15,16,3.4,-3.1,125,119
2025-05-17,Weidevogels,KZ Danaiden,14,9,1753,1573,0.745,0.052,0.202,15,11,3.6,-3.7,119,123
2025-05-17,Wit Blauw,ZKC '19,18,15,2089,1946,0.708,0.047,0.244,21,16,-3.7,3.6,118,117
2025-05-17,Wolderwijd,Atlantis,14,10,1427,1574,0.312,0.058,0.630,14,17,30.3,-29.1,127,125
2025-05-17,Woudenberg,Rust Roest (E),19,21,1831,1796,0.564,0.060,0.376,17,15,-14.6,14.9,119,120
2025-05-17,Zaamslag,DSO (K),16,19,1436,1582,0.313,0.058,0.629,14,17,-2.8,2.7,129,126
2025-05-17,Zwart Wit,HKC (He),11,18,1464,1675,0.236,0.055,0.709,12,16,-12.1,11.7,124,122
2025-05-18,Blauw Wit,KZ,23,15,2436,2419,0.541,0.058,0.401,18,17,19.9,-18.9,113,110
2025-05-18,Eymerick,Maastricht,15,8,1060,1173,0.350,0.071,0.580,11,13,53.7,-54.5,154,155
2025-05-18,KIA,Moedig Voorwaarts,17,8,959,889,0.606,0.071,0.323,12,10,34.0,-31.6,151,145
2025-05-18,WK,Forward,19,14,618,704,0.383,0.080,0.536,9,10,49.2,-53.3,166,173
2025-05-19,Fortissimo,Ready '60,12,9,1658,1465,0.760,0.049,0.191,17,12,-6.4,5.7,130,124
2025-05-19,Oerterp,MN en W,8,10,1367,1184,0.747,0.053,0.200,15,11,-29.4,33.7,123,131
2025-05-20,Refleks,Korbis,10,19,1728,1840,0.358,0.058,0.584,16,18,-21.8,22.4,121,122
2025-05-21,Triade,Nikantes,14,14,1043,821,0.783,0.054,0.162,12,8,-22.1,28.4,124,140
2025-05-21,Zunobri,Club Brothers,13,16,1010,1208,0.250,0.057,0.693,12,16,1.4,-0.5,154,126
2025-05-22,'t Capproen,Paal Centraal,8,15,1209,1425,0.231,0.054,0.715,12,16,-11.6,12.4,125,129
2025-05-22,Arena,Rheko,13,16,1341,1335,0.519,0.071,0.410,13,12,-17.7,17.1,119,117
2025-05-22,KCR,ODO (M),16,16,1795,1682,0.667,0.058,0.276,16,13,-12.8,12.7,118,118
2025-05-22,Stormvogels (U),Zaandam Zuid,9,8,1034,1090,0.425,0.079,0.496,9,10,9.1,-9.7,131,136
2025-05-22,Trekvogels (R),DES (De),17,16,1683,1717,0.467,0.058,0.475,17,18,4.4,-4.1,121,117
2025-05-22,Unitas,LDODK,17,17,2310,2512,0.250,0.048,0.702,16,20,14.5,-12.6,115,108
2025-05-24,ACKC,Movado,4,15,1736,1681,0.590,0.064,0.345,15,13,-44.0,41.3,125,121
2025-05-24,ADO,Vriendenschaar (H),11,14,1567,1880,0.144,0.042,0.813,11,16,9.3,-9.2,122,121
2025-05-24,ALO,Vriendenschaar (B),17,16,1781,1776,0.521,0.064,0.415,16,15,1.0,-1.0,114,116
2025-05-24,ASVD,DOS Kampen,18,13,1838,1878,0.459,0.058,0.483,17,18,20.3,-19.5,122,120
2025-05-24,AVO,Heerenveen,13,16,2046,1936,0.664,0.055,0.281,18,15,-25.8,25.1,120,119
2025-05-24,Achilles (H),Valto,17,17,2103,2095,0.525,0.062,0.413,16,15,-3.7,3.7,120,121
2025-05-24,Albatros,Tjoba,21,6,1996,1800,0.765,0.044,0.191,20,15,16.4,-15.3,124,119
2025-05-24,Animo (G),Woudenberg,7,15,1756,1816,0.428,0.061,0.511,16,17,-24.3,23.4,119,117
2025-05-24,Apeldoorn,Amicitia (V),11,8,1899,1836,0.604,0.056,0.340,18,16,3.2,-3.3,116,116
2025-05-24,Apollo,Aurora / DKV (IJ),16,6,1404,1233,0.731,0.061,0.209,12,9,16.9,-16.8,122,122
2025-05-24,Atlantis,HBC (Be),14,10,1544,1469,0.619,0.057,0.324,18,15,6.7,-7.1,122,126
2025-05-24,Attila,OEC,25,11,1262,1128,0.690,0.060,0.250,15,11,21.8,-22.0,125,125
2025-05-24,Badhoevedorp,Reeuwijk,9,13,1450,1759,0.148,0.043,0.809,11,17,5.2,-5.1,127,127
2025-05-24,Blauw Wit (K),Juliana,13,15,1485,1807,0.138,0.041,0.821,11,17,18.2,-14.1,138,122
2025-05-24,Blauw Zwart,SDO (W),11,11,1397,1188,0.774,0.050,0.176,15,10,-21.5,23.5,124,129
2025-05-24,DES (De),KCR,12,12,1713,1782,0.416,0.062,0.522,15,16,3.1,-3.2,112,114
2025-05-24,DKB,OJC '98,13,10,1135,1223,0.381,0.076,0.543,10,11,22.1,-22.0,124,123
2025-05-24,DOC,Vlug en Vaardig (A),10,10,982,979,0.508,0.081,0.410,10,9,-10.3,5.6,270,203
2025-05-24,DOS '46,SCO,22,15,2426,2188,0.805,0.039,0.156,20,14,2.8,-3.2,113,123
2025-05-24,DOS-WK,Devinco,16,11,1845,1584,0.824,0.037,0.138,19,13,-3.5,3.6,124,124
2025-05-24,DOT (O),Rust Roest (E),24,13,1888,1811,0.622,0.057,0.321,18,15,21.2,-21.3,117,117
2025-05-24,DSC,Avanti (P),18,6,2401,2108,0.850,0.032,0.119,21,14,7.0,-8.0,111,120
2025-05-24,DSO (K),Atlas,10,15,1585,1681,0.377,0.065,0.559,14,15,-15.5,15.7,123,124
2025-05-24,DTG,Spannum,10,15,1368,1476,0.359,0.068,0.573,12,14,-17.2,14.5,130,119
2025-05-24,DTS (S),Lemmer,22,8,1368,823,0.958,0.013,0.029,19,8,3.0,-4.2,123,154
2025-05-24,DVO,HKC (Ha),11,16,2548,2286,0.826,0.035,0.139,22,15,-40.2,35.1,114,107
2025-05-24,DVS '69,Good Luck,21,14,1609,1351,0.821,0.038,0.141,19,13,3.2,-3.2,124,126
2025-05-24,DWS (K),Revival,13,10,1369,1378,0.493,0.078,0.429,11,10,14.3,-13.3,124,120
2025-05-24,De Meervogels,Maassluis,11,15,1889,1856,0.561,0.061,0.378,17,15,-22.8,21.7,121,118
2025-05-24,De Meeuwen,CSL,16,14,2041,1980,0.600,0.059,0.341,17,15,0.0,-0.0,124,125
2025-05-24,De Parabool,Flamingo's (B),14,21,1799,1973,0.279,0.054,0.667,15,18,-12.4,12.2,119,117
2025-05-24,De Vinken,RODA (W),17,9,1862,1705,0.722,0.050,0.228,18,14,13.5,-11.6,132,121
2025-05-24,DeetosSnel,Dalto,19,18,2260,2373,0.355,0.059,0.586,15,17,11.2,-11.3,115,116
2025-05-24,Die Haghe,KCC,16,13,2323,2266,0.595,0.059,0.347,17,15,4.7,-4.6,124,123
2025-05-24,Dijkvogels,Erasmus,15,12,1490,1505,0.486,0.073,0.441,13,12,13.8,-14.7,124,128
2025-05-24,Dindoa,ZKC '19,17,8,1984,1949,0.565,0.058,0.377,18,16,22.5,-21.3,119,116
2025-05-24,Duko,Zwart Wit,9,14,1400,1451,0.437,0.071,0.492,12,13,-22.3,20.8,127,122
2025-05-24,Dunas,WION,14,9,1531,1497,0.562,0.062,0.376,16,15,15.9,-15.2,129,126
2025-05-24,Elburg,De Pein,17,10,1642,1506,0.697,0.054,0.249,17,13,11.4,-12.0,120,123
2025-05-24,Elko,Thrianta,19,21,1423,1496,0.409,0.062,0.529,16,17,-4.8,4.7,122,121
2025-05-24,Exakwa,ODIK,12,13,1736,1777,0.455,0.062,0.483,15,16,-3.4,3.6,120,123
2025-05-24,Fiducia,Tiel '72,13,11,1756,1745,0.529,0.065,0.406,15,14,5.0,-4.9,120,119
2025-05-24,Focus,BKC (Br),15,0,1025,403,0.972,0.011,0.018,16,6,3.6,-8.2,133,238
2025-05-24,Fortis,ONDO (M),13,12,1970,1822,0.710,0.055,0.235,16,12,-12.1,11.0,125,120
2025-05-24,Furore,Swift,5,14,1512,1806,0.159,0.047,0.794,10,15,-10.6,11.1,121,125
2025-05-24,Groen Geel,Mid Fryslân,15,15,2257,2262,0.509,0.058,0.433,18,17,-2.3,2.4,115,117
2025-05-24,Haarlem,Rohda (A),11,19,1750,1844,0.378,0.066,0.556,13,15,-22.4,21.5,118,115
2025-05-24,Harich,Sparta (Ze),22,18,1534,1411,0.681,0.054,0.265,18,14,2.7,-2.9,117,125
2025-05-24,Hebbes,Regio '72,17,8,1181,1131,0.578,0.072,0.349,12,11,27.2,-25.2,127,122
2025-05-24,Helios,Ados,10,9,1293,1341,0.438,0.078,0.484,10,11,7.5,-7.0,125,121
2025-05-24,Hoogkerk,KVW '22,15,13,1637,1713,0.403,0.067,0.530,13,14,13.8,-13.3,121,119
2025-05-24,Huizen,De Corvers,19,11,1248,1016,0.794,0.049,0.157,14,9,9.5,-9.4,122,121
2025-05-24,IFC '25,OKO,22,21,1864,1901,0.464,0.057,0.479,18,19,4.4,-4.3,118,117
2025-05-24,Joure,It Fean,15,14,1502,1549,0.445,0.066,0.489,14,15,5.9,-6.0,118,119
2025-05-24,Juventa,Sparta (Zw),16,14,1781,1973,0.257,0.057,0.686,13,16,23.8,-23.0,120,118
2025-05-24,KIOS '45,EKC 2000,9,20,795,1055,0.187,0.052,0.761,10,15,-18.8,16.1,137,126
2025-05-24,KIOS (N),Synergo,20,18,1858,1929,0.413,0.063,0.524,15,16,12.1,-11.8,118,117
2025-05-24,KIOS (R),Wit Blauw,17,26,2046,2085,0.462,0.054,0.484,19,20,-24.9,25.5,115,117
2025-05-24,KOAG,Fiks,16,19,1961,2201,0.211,0.043,0.747,17,22,6.4,-6.4,117,117
2025-05-24,KVA,Tempo,17,16,2078,2010,0.609,0.059,0.331,17,15,-4.7,4.7,119,119
2025-05-24,KVS,Kinderdijk,19,12,2164,1933,0.797,0.043,0.160,18,12,5.4,-4.9,125,118
2025-05-24,KVZ '23,DOS (W),19,10,2018,1877,0.704,0.051,0.245,18,14,14.6,-14.3,121,120
2025-05-24,KVZ,NRC '22,6,16,1801,1899,0.375,0.061,0.564,15,17,-24.0,23.4,117,116
2025-05-24,KZ Danaiden,Madjoe,13,12,1568,1450,0.672,0.061,0.268,15,12,-8.7,8.7,121,121
2025-05-24,KZ,TOP (S),25,16,2399,2343,0.593,0.058,0.348,18,16,17.7,-16.9,108,105
2025-05-24,Keizer Karel,Arena,19,16,1398,1323,0.618,0.062,0.320,15,13,3.5,-3.4,117,114
2025-05-24,Kesteren,Ready '60,9,5,1425,1469,0.447,0.070,0.483,12,13,20.8,-19.6,125,121
2025-05-24,Kinea / Udiros,Roreko,17,10,1619,1296,0.867,0.034,0.098,16,9,1.8,-1.8,124,124
2025-05-24,Korbis,Refleks,11,8,1862,1705,0.723,0.049,0.228,19,15,-4.1,4.0,118,117
2025-05-24,Koveni,PSV,9,13,1342,1350,0.501,0.066,0.433,15,14,-20.2,19.9,122,121
2025-05-24,LDODK,Unitas,18,7,2498,2324,0.743,0.045,0.212,21,16,10.8,-12.2,105,112
2025-05-24,Luno,Fluks (N),9,9,1546,1566,0.482,0.070,0.448,14,13,-1.1,1.2,120,121
2025-05-24,MIA,Reehorst '45,16,12,1901,1705,0.767,0.041,0.192,22,16,-4.4,4.7,122,124
2025-05-24,MN en W,Leeuwarden,14,14,1217,1503,0.165,0.047,0.787,11,16,24.1,-22.2,128,123
2025-05-24,Meko '74,Niek,11,11,780,876,0.368,0.082,0.549,8,9,11.3,-12.7,192,203
2025-05-24,Melmac,Voltreffers (O),5,7,1146,903,0.803,0.051,0.146,12,8,-38.5,40.0,129,131
2025-05-24,Merwede,Oranje Wit (D),11,18,1833,2005,0.284,0.049,0.667,17,21,-10.7,11.6,118,124
2025-05-24,NIO,IJsselvogels,20,19,1623,1748,0.339,0.061,0.600,14,16,14.9,-13.0,129,120
2025-05-24,NKC '51,Oost Arnhem,14,19,1934,2048,0.355,0.059,0.586,15,17,-12.3,11.0,120,113
2025-05-24,NKV,Fortissimo,11,12,1352,1651,0.155,0.045,0.800,11,16,17.3,-19.2,120,126
2025-05-24,Nexus,Korbatjo,13,14,1447,1506,0.428,0.065,0.507,14,15,-1.9,2.0,120,122
2025-05-24,Nic,Noordenveld,20,17,2098,1994,0.659,0.052,0.289,20,16,-0.3,0.4,116,121
2025-05-24,Nikantes,Gemini,8,20,850,1165,0.138,0.054,0.808,6,10,-15.9,14.1,135,126
2025-05-24,Nova,HKC (U),16,13,1735,1491,0.808,0.042,0.150,17,12,-9.4,10.0,124,128
2025-05-24,Noveas,De Hoeve,15,15,1074,1310,0.208,0.056,0.735,10,14,23.1,-18.4,138,124
2025-05-24,Noviomagum,Achilles (A) / AKC,20,11,1782,1432,0.884,0.029,0.086,18,10,3.6,-3.8,119,124
2025-05-24,ODO (M),Trekvogels (R),10,21,1695,1688,0.525,0.060,0.414,17,16,-32.4,33.5,114,116
2025-05-24,OKV,DTS (E),4,10,1448,1366,0.627,0.061,0.313,16,13,-35.9,39.1,123,129
2025-05-24,ONDO (G),Excelsior (D),18,14,1923,1863,0.597,0.062,0.341,16,14,9.2,-8.4,123,117
2025-05-24,OVVO,Sporting Delta,9,8,1984,2160,0.277,0.056,0.667,14,17,17.5,-18.1,120,122
2025-05-24,OZC,'t Capproen,18,13,1506,1196,0.858,0.037,0.105,15,9,-3.3,3.3,120,120
2025-05-24,Oerterp,DWA / Argo,19,19,1336,1263,0.613,0.064,0.322,14,12,-9.7,10.0,121,122
2025-05-24,Olympia '22,Oranje Zwart,16,34,1110,1492,0.103,0.031,0.867,12,20,-11.2,10.5,130,126
2025-05-24,Olympia (S),SKV (S),26,9,1128,842,0.840,0.041,0.119,14,9,11.8,-13.0,123,130
2025-05-24,Olympia (T),Club Brothers,15,10,1367,1208,0.719,0.061,0.220,13,9,7.4,-6.9,127,122
2025-05-24,Ons Clubje,Wesstar,11,18,858,1255,0.091,0.039,0.871,6,12,-4.2,4.2,126,127
2025-05-24,Oosterkwartier (H),EKVA,7,21,1567,1591,0.480,0.061,0.459,17,16,-36.8,38.9,124,128
2025-05-24,Oranje Zwart (M),Ventura Sport,15,19,1159,1202,0.446,0.075,0.479,11,12,-20.6,19.7,129,127
2025-05-24,PKC,Fortuna (D),25,17,2522,2534,0.498,0.058,0.444,19,18,21.9,-20.8,111,108
2025-05-24,Paal Centraal,Conventus,20,14,1437,1169,0.828,0.039,0.133,17,11,0.6,-0.5,124,126
2025-05-24,Pallas '08,De Wâlden,11,15,1649,1748,0.374,0.060,0.566,16,17,-9.9,9.5,119,117
2025-05-24,Pernix,VEO,15,11,1919,1943,0.481,0.061,0.458,18,17,15.2,-15.7,119,122
2025-05-24,Purmer,ESDO,3,23,766,1154,0.094,0.043,0.863,5,11,-16.2,10.9,159,127
2025-05-24,Quick '21 / Vlug en Vaardig (G),Wez Handich,16,19,1744,1840,0.379,0.059,0.563,16,18,-6.0,6.1,117,118
2025-05-24,ROG,De Granaet,13,20,1536,1704,0.285,0.058,0.657,13,16,-13.5,14.6,118,123
2025-05-24,RWA,HKV / Ons Eibernest,16,16,1736,1822,0.391,0.063,0.546,15,16,5.0,-4.9,118,117
2025-05-24,Rheko,SkunK,15,8,1352,1293,0.593,0.068,0.339,13,12,17.2,-19.0,112,118
2025-05-24,Ritola,Drachten,17,20,1994,1878,0.673,0.054,0.273,18,15,-24.9,24.9,117,117
2025-05-24,Rivalen,SEV (Z),8,3,1096,985,0.660,0.068,0.272,12,10,12.0,-12.0,128,128
2025-05-24,Rood Wit (W),Hellas '63,20,12,1703,1595,0.662,0.055,0.283,18,14,15.9,-15.8,122,122
2025-05-24,SDO (K),BEP,15,16,1870,1946,0.402,0.068,0.530,13,14,-0.6,0.6,116,115
2025-05-24,SDO (V),Viking,14,14,1720,1628,0.642,0.059,0.300,16,14,-12.1,11.4,124,120
2025-05-24,SF Deinum,De Waterpoort,12,9,667,1192,0.046,0.020,0.934,8,17,76.7,-50.3,153,126
2025-05-24,SGV,EKCA,4,21,868,1262,0.094,0.035,0.871,8,15,-12.2,9.4,140,120
2025-05-24,SIOS / Leonidas,HHV,11,16,1370,1523,0.301,0.061,0.638,13,15,-10.6,10.7,124,124
2025-05-24,SKF,Antilopen,11,10,2013,1851,0.727,0.051,0.222,17,13,-12.7,14.2,122,128
2025-05-24,Seolto,Luctor,10,14,1082,1136,0.431,0.072,0.497,11,12,-17.4,18.4,124,128
2025-05-24,Sparta (N),KCD,11,10,1567,1361,0.771,0.050,0.179,15,11,-15.2,15.8,119,122
2025-05-24,Sperwers,Scheldevogels,16,20,888,1023,0.323,0.068,0.609,11,13,-10.0,10.8,124,130
2025-05-24,Spirit (Vo),Wageningen,13,19,2200,2266,0.423,0.056,0.521,18,19,-19.2,21.3,125,132
2025-05-24,Sporting Trigon,Phoenix (Z),16,12,1804,1758,0.577,0.064,0.359,15,14,9.8,-9.4,117,115
2025-05-24,Springfield,KVK,5,16,1170,1535,0.111,0.036,0.853,10,17,-9.3,10.8,125,136
2025-05-24,Swift (M),Nieuwerkerk,9,16,2071,2179,0.361,0.060,0.579,15,17,-19.6,18.4,125,120
2025-05-24,TOP (A),GKV (G),11,13,2084,2088,0.507,0.066,0.427,15,14,-10.6,11.3,113,117
2025-05-24,TOP (V),SDO (S),11,20,1053,1285,0.215,0.050,0.735,13,18,-14.0,14.1,125,126
2025-05-24,Telstar,DKV Victoria,21,7,1761,1533,0.792,0.048,0.160,15,10,15.1,-15.6,125,127
2025-05-24,Terda,Keep Fit '70,8,20,754,1278,0.047,0.018,0.935,10,19,-4.5,4.2,144,136
2025-05-24,Thor (R),Triade,22,12,1561,1021,0.957,0.013,0.030,20,9,-0.3,0.1,136,121
2025-05-24,Tilburg,Vitesse (Ba),16,15,1999,1918,0.628,0.056,0.316,18,15,-5.9,5.8,117,117
2025-05-24,VIKO,RDZ,6,21,1126,1440,0.142,0.045,0.812,10,15,-13.9,12.5,125,118
2025-05-24,VZOD,Sporting West,9,11,1343,1524,0.266,0.065,0.670,10,13,3.4,-3.0,123,117
2025-05-24,Velocitas (L),Twist,30,11,1829,1533,0.849,0.036,0.114,17,10,9.9,-11.2,115,123
2025-05-24,Victum,Tweemaal Zes,18,10,1816,1909,0.382,0.063,0.555,15,16,34.6,-33.4,121,119
2025-05-24,Vitesse (Be),Stadskanaal '74,15,16,1286,1514,0.222,0.046,0.732,15,20,13.3,-12.7,121,118
2025-05-24,WSS,DTL,15,16,1485,1537,0.439,0.064,0.497,15,16,-2.6,2.7,120,122
2025-05-24,WWC,VDDO,17,18,1475,1554,0.400,0.063,0.537,15,16,0.0,0.0,121,117
2025-05-24,Westergo,Emmeloord,17,13,1206,1479,0.176,0.048,0.775,11,16,44.1,-37.3,128,118
2025-05-24,Wolderwijd,Rapid (H),17,17,1458,1539,0.393,0.073,0.534,11,12,4.9,-4.5,124,119
2025-05-24,Zaamslag,TOGO (G),14,18,1434,1517,0.398,0.058,0.545,17,18,-11.6,10.8,125,121
2025-05-24,Zaandam Zuid,DSO (A),12,12,1080,1224,0.308,0.071,0.621,10,12,11.6,-12.1,128,131
2025-05-24,Zwaluwen (Ze),HKC (He),13,11,1768,1687,0.628,0.057,0.315,17,15,-1.9,1.7,127,120
2025-05-25,Blauw Wit,AW.DTV,21,11,2457,2288,0.737,0.047,0.217,19,15,11.6,-10.8,111,106
2025-05-25,KIA,Vefo,13,8,994,997,0.503,0.077,0.420,11,10,27.6,-37.5,144,170
2025-05-25,Mariarade,FSC,4,10,509,1035,0.044,0.025,0.931,4,11,3.5,-0.9,189,143
2025-05-26,BKC (Br),Terda,10,7,392,747,0.112,0.048,0.840,6,11,140.9,-49.2,233,142
2025-05-27,Conventus,OZC,11,22,1167,1501,0.130,0.040,0.830,10,16,-10.6,9.8,124,119
2025-05-27,KVK,Seolto,14,8,1544,1062,0.940,0.019,0.040,16,7,-6.7,5.1,133,119
2025-05-27,Movado,ADO,16,5,1720,1573,0.706,0.058,0.236,14,11,17.0,-17.9,116,119
2025-05-27,SCO,DOS '46,13,26,2182,2428,0.205,0.045,0.750,15,20,-15.6,13.4,120,111
2025-05-28,Melmac,OEC,13,10,1104,1104,0.507,0.077,0.416,11,10,13.6,-12.7,126,122
2025-05-31,AW.DTV,KZ,20,18,2273,2415,0.319,0.056,0.626,16,18,15.0,-15.3,106,107
2025-05-31,Achilles (A) / AKC,DOS-WK,8,28,1426,1840,0.087,0.028,0.885,11,20,-8.9,8.8,124,123
2025-05-31,Ados,Apollo,10,14,1331,1419,0.382,0.074,0.544,11,12,-13.6,14.2,118,121
2025-05-31,Amicitia (V),KVZ,15,17,1830,1773,0.593,0.062,0.345,16,14,-15.9,16.1,114,115
2025-05-31,Antilopen,Spirit (Vo),15,17,1862,2178,0.145,0.037,0.818,14,20,16.2,-15.2,126,122
2025-05-31,Atlas,Zaamslag,18,14,1694,1420,0.836,0.034,0.130,21,14,-8.3,8.5,120,122
2025-05-31,Aurora / DKV (IJ),Helios,12,14,1213,1298,0.385,0.080,0.535,9,10,-6.2,6.3,120,122
2025-05-31,Avanti (P),Swift (M),15,9,2096,2048,0.583,0.060,0.357,17,15,15.3,-15.7,120,121
2025-05-31,BEP,KVZ '23,16,25,1945,2031,0.392,0.061,0.546,15,17,-21.9,24.0,113,119
2025-05-31,CSL,Groen Geel,13,17,1978,2252,0.178,0.042,0.780,14,20,4.5,-3.8,121,113
2025-05-31,DKV Victoria,Badhoevedorp,12,11,1514,1452,0.596,0.070,0.334,13,11,-3.7,3.7,126,126
2025-05-31,DOS (W),SDO (K),16,13,1859,1867,0.499,0.068,0.432,14,13,11.3,-10.6,118,114
2025-05-31,DOS Kampen,AVO,13,21,1856,2017,0.295,0.054,0.651,16,19,-14.7,15.0,117,118
2025-05-31,DTL,Hoogkerk,14,16,1538,1648,0.355,0.067,0.578,12,14,-2.2,2.2,119,118
2025-05-31,DTS (E),Furore,12,9,1402,1498,0.372,0.074,0.554,10,12,23.0,-21.3,125,121
2025-05-31,DWA / Argo,MN en W,15,15,1272,1240,0.556,0.070,0.374,13,12,-5.9,6.6,120,126
2025-05-31,Dalto,DVO,12,23,2360,2504,0.318,0.052,0.630,18,21,-18.7,18.9,114,114
2025-05-31,De Corvers,Purmer,21,6,1005,747,0.816,0.048,0.136,13,8,12.8,-20.3,120,155
2025-05-31,De Granaet,Joure,18,15,1717,1506,0.778,0.045,0.177,18,13,-7.4,6.8,120,115
2025-05-31,De Pein,Exakwa,20,31,1491,1730,0.210,0.047,0.744,14,19,-14.5,13.8,120,117
2025-05-31,De Waterpoort,DTS (S),10,23,1139,1371,0.217,0.046,0.736,15,20,-18.1,17.6,127,125
2025-05-31,De Wâlden,Quick '21 / Vlug en Vaardig (G),25,9,1756,1736,0.541,0.064,0.395,16,15,27.8,-27.8,115,115
2025-05-31,Devinco,Noviomagum,11,14,1585,1784,0.250,0.055,0.696,13,17,1.7,-1.6,123,120
2025-05-31,Drachten,Nic,18,30,1902,2096,0.256,0.052,0.692,15,18,-17.3,17.1,115,114
2025-05-31,EKC 2000,TOP (V),16,18,1070,1036,0.559,0.066,0.374,15,13,-16.4,16.2,124,123
2025-05-31,EKCA,Hebbes,8,14,1270,1207,0.601,0.065,0.334,14,12,-33.8,35.5,121,124
2025-05-31,EKVA,De Vinken,23,21,1629,1873,0.205,0.046,0.750,15,19,28.5,-30.5,124,128
2025-05-31,ESDO,DSO (A),15,13,1165,1210,0.444,0.074,0.482,11,12,12.5,-12.6,127,127
2025-05-31,Emmeloord,DTG,21,12,1439,1348,0.637,0.063,0.300,14,12,19.1,-21.9,117,126
2025-05-31,Erasmus,NIO,13,12,1488,1637,0.308,0.061,0.631,13,15,16.4,-16.5,124,125
2025-05-31,Excelsior (D),KVS,17,20,1852,2168,0.145,0.039,0.817,13,19,9.4,-11.1,115,124
2025-05-31,Fiks,Pernix,24,15,2193,1932,0.826,0.033,0.141,23,16,4.4,-4.5,116,117
2025-05-31,Flamingo's (B),IFC '25,17,19,1984,1867,0.675,0.052,0.273,19,15,-20.6,20.5,116,115
2025-05-31,Fluks (N),VZOD,23,17,1564,1344,0.784,0.049,0.166,15,10,4.8,-4.9,118,121
2025-05-31,Fortissimo,Kesteren,23,18,1629,1443,0.753,0.049,0.198,17,13,2.4,-2.3,125,122
2025-05-31,Fortuna (D),Die Haghe,18,15,2511,2325,0.754,0.045,0.201,20,15,-5.2,6.8,107,121
2025-05-31,GKV (G),Tilburg,12,11,2096,1991,0.660,0.053,0.287,19,16,-7.7,7.8,115,115
2025-05-31,GKV,KZ Danaiden,14,7,1538,1557,0.488,0.059,0.453,18,17,22.6,-22.9,118,119
2025-05-31,Gemini,Thor (R),13,16,1178,1560,0.102,0.034,0.864,10,17,13.1,-16.0,125,137
2025-05-31,Good Luck,Nexus,12,11,1346,1443,0.376,0.063,0.561,14,16,11.5,-10.2,125,117
2025-05-31,HBC (Be),Wolderwijd,13,10,1459,1461,0.510,0.066,0.424,15,14,11.1,-10.8,123,121
2025-05-31,HHV,Kinea / Udiros,15,16,1532,1619,0.388,0.065,0.546,14,15,0.5,-0.6,121,124
2025-05-31,HKC (Ha),DeetosSnel,14,16,2319,2269,0.584,0.062,0.355,16,14,-13.6,15.1,107,113
2025-05-31,HKC (He),Duko,30,14,1686,1375,0.860,0.033,0.107,18,11,9.4,-10.2,117,123
2025-05-31,HKC (U),MIA,13,20,1499,1895,0.096,0.030,0.875,12,20,0.9,-0.7,126,120
2025-05-31,HKV / Ons Eibernest,De Meervogels,11,15,1815,1863,0.445,0.065,0.490,14,15,-14.2,15.1,114,118
2025-05-31,Heerenveen,ASVD,13,13,1959,1857,0.656,0.055,0.289,18,15,-11.7,12.2,117,119
2025-05-31,Hellas '63,Sparta (N),22,13,1577,1549,0.553,0.064,0.384,16,14,24.5,-24.0,120,118
2025-05-31,IJsselvogels,Dijkvogels,15,11,1733,1502,0.797,0.044,0.159,17,11,-3.8,4.0,118,121
2025-05-31,It Fean,ROG,14,14,1541,1520,0.542,0.065,0.392,15,14,-4.7,4.7,116,116
2025-05-31,Juliana,Fortis,13,19,1791,1956,0.287,0.061,0.652,12,15,-12.9,13.1,122,122
2025-05-31,KCC,PKC,15,24,2259,2543,0.170,0.041,0.789,14,20,-8.3,7.1,120,110
2025-05-31,KCD,Rood Wit (W),8,18,1374,1717,0.125,0.038,0.838,11,17,-8.2,8.1,121,120
2025-05-31,KVW '22,WSS,27,12,1697,1481,0.784,0.043,0.173,19,13,13.6,-13.8,116,117
2025-05-31,Keep Fit '70,Focus,20,15,1282,1027,0.819,0.038,0.143,19,13,-3.5,3.3,137,134
2025-05-31,Kinderdijk,ONDO (G),15,16,1925,1930,0.505,0.067,0.427,15,14,-7.0,7.3,117,120
2025-05-31,Korbatjo,DVS '69,13,17,1506,1611,0.367,0.060,0.573,15,17,-9.4,10.1,119,123
2025-05-31,Leeuwarden,Oerterp,19,10,1479,1326,0.716,0.053,0.231,17,13,14.7,-13.9,121,118
2025-05-31,Lemmer,De Hoeve,10,14,816,1290,0.060,0.028,0.912,6,13,14.9,-8.6,154,122
2025-05-31,Lintjo,Noveas,13,12,1265,1095,0.734,0.052,0.213,16,12,-14.1,15.6,128,134
2025-05-31,Luctor,Springfield,11,10,1153,1158,0.505,0.067,0.427,15,14,2.3,-2.3,124,125
2025-05-31,Maassluis,RWA,25,19,1875,1739,0.698,0.052,0.251,18,14,7.4,-7.4,115,115
2025-05-31,Madjoe,Weidevogels,11,20,1457,1755,0.156,0.044,0.800,11,17,-9.1,9.3,119,121
2025-05-31,Mid Fryslân,De Meeuwen,18,13,2262,2039,0.791,0.040,0.168,20,14,-1.5,1.8,115,121
2025-05-31,NRC '22,Apeldoorn,20,17,1920,1899,0.546,0.058,0.396,18,17,6.5,-6.5,114,114
2025-05-31,Nieuwerkerk,DSC,20,17,2195,2405,0.240,0.049,0.711,15,19,27.7,-24.9,118,112
2025-05-31,Noordenveld,Ritola,13,15,1992,1967,0.553,0.056,0.391,19,18,-13.1,12.3,119,115
2025-05-31,ODIK,Elburg,18,8,1778,1651,0.684,0.057,0.259,16,13,17.9,-17.3,120,118
2025-05-31,OEC,Melmac,9,10,1091,1118,0.468,0.077,0.455,12,11,-5.5,5.9,117,121
2025-05-31,OJC '98,Koveni,23,15,1199,1319,0.342,0.067,0.590,12,14,38.2,-37.6,120,119
2025-05-31,OKO,De Parabool,16,17,1895,1784,0.669,0.051,0.280,20,16,-15.9,16.5,115,117
2025-05-31,ONDO (M),Blauw Wit (K),20,7,1830,1501,0.872,0.032,0.096,18,11,8.1,-10.3,118,135
2025-05-31,Oost Arnhem,Juventa,20,8,2057,1803,0.819,0.038,0.144,20,13,9.2,-10.1,112,118
2025-05-31,Oranje Nassau / Triaz,Vlug en Vaardig (A),5,14,935,983,0.437,0.079,0.484,9,10,-62.5,63.6,186,188
2025-05-31,Oranje Wit (D),Albatros,17,17,2015,2011,0.525,0.052,0.423,22,21,-3.4,3.4,121,122
2025-05-31,Oranje Zwart,Blauw Zwart,17,14,1504,1373,0.693,0.049,0.258,20,16,-2.8,2.6,125,122
2025-05-31,PSV,DKB,15,18,1367,1155,0.777,0.050,0.173,15,10,-34.7,36.2,118,121
2025-05-31,RDZ,DWS (K),11,13,1452,1381,0.607,0.072,0.321,12,10,-19.4,20.5,118,121
2025-05-31,RODA (W),Oosterkwartier (H),16,15,1690,1526,0.729,0.050,0.221,18,13,-12.5,12.9,119,121
2025-05-31,Rapid (H),Atlantis,13,14,1532,1548,0.490,0.066,0.444,15,14,-5.8,6.1,117,119
2025-05-31,Ready '60,NKV,16,13,1446,1367,0.619,0.069,0.312,13,10,4.8,-4.9,118,120
2025-05-31,Reehorst '45,Nova,15,15,1706,1724,0.492,0.058,0.450,19,18,-1.4,1.4,123,123
2025-05-31,Reeuwijk,Telstar,10,13,1751,1775,0.478,0.066,0.456,16,15,-15.1,14.7,126,124
2025-05-31,Refleks,ALO,18,17,1706,1780,0.406,0.064,0.529,14,15,8.1,-7.6,115,112
2025-05-31,Regio '72,SGV,17,10,1103,853,0.809,0.050,0.141,12,8,7.4,-9.5,119,138
2025-05-31,Revival,VIKO,14,9,1362,1109,0.814,0.045,0.141,15,10,-0.1,0.3,117,124
2025-05-31,Rohda (A),KIOS (N),16,12,1864,1869,0.507,0.063,0.430,16,15,12.7,-13.2,113,115
2025-05-31,Roreko,SIOS / Leonidas,18,17,1291,1357,0.417,0.070,0.513,12,13,8.5,-8.1,124,121
2025-05-31,Rust Roest (E),Animo (G),12,13,1787,1728,0.597,0.061,0.342,16,14,-12.1,12.3,115,116
2025-05-31,SCO,LDODK,17,29,2166,2507,0.129,0.033,0.839,15,22,-8.1,6.6,118,105
2025-05-31,SDO (S),KIOS '45,30,9,1298,774,0.953,0.014,0.033,20,9,3.9,-4.5,123,134
2025-05-31,SDO (W),Olympia '22,20,11,1209,1097,0.661,0.066,0.272,12,10,21.4,-22.1,127,129
2025-05-31,SEV (Z),Ons Clubje,18,12,969,852,0.664,0.076,0.261,10,7,16.3,-16.6,125,126
2025-05-31,SKV (S),Sperwers,11,26,826,877,0.433,0.080,0.487,9,10,-37.7,33.5,129,121
2025-05-31,Scheldevogels,Olympia (S),16,15,1033,1140,0.362,0.063,0.575,14,16,12.6,-11.9,126,122
2025-05-31,SkunK,Keizer Karel,21,26,1271,1401,0.332,0.062,0.606,14,16,-11.1,10.9,116,115
2025-05-31,Spannum,Westergo,16,13,1488,1249,0.804,0.044,0.152,17,11,-7.8,9.3,117,126
2025-05-31,Sparta (Ze),WWC,18,28,1406,1473,0.419,0.061,0.520,16,17,-28.6,26.7,123,118
2025-05-31,Sparta (Zw),NKC '51,21,12,1947,1919,0.552,0.065,0.383,15,14,23.4,-24.1,116,118
2025-05-31,Sporting Delta,Achilles (H),18,18,2138,2097,0.572,0.060,0.368,17,15,-6.7,6.4,119,117
2025-05-31,Sporting West,Luno,13,14,1519,1542,0.476,0.071,0.452,14,13,-5.4,5.6,115,117
2025-05-31,Stadskanaal '74,Elko,23,18,1499,1417,0.633,0.052,0.315,20,17,7.6,-7.8,117,119
2025-05-31,Swift,OKV,28,13,1815,1408,0.914,0.022,0.064,20,11,6.1,-5.9,123,121
2025-05-31,Synergo,Haarlem,19,8,1915,1725,0.757,0.049,0.194,17,12,13.1,-13.2,114,115
2025-05-31,TOGO (G),DSO (K),13,13,1526,1567,0.455,0.065,0.480,14,15,0.8,-0.8,118,120
2025-05-31,TOP (S),Blauw Wit,16,21,2324,2466,0.319,0.056,0.626,16,18,-7.2,7.9,105,110
2025-05-31,Tempo,Victum,15,15,2013,1849,0.729,0.050,0.221,18,14,-16.4,17.0,116,119
2025-05-31,Thrianta,Vitesse (Be),28,21,1500,1298,0.770,0.046,0.184,18,13,6.3,-6.4,118,119
2025-05-31,Tiel '72,SDO (V),19,12,1737,1706,0.558,0.061,0.381,17,15,18.6,-20.1,116,121
2025-05-31,Tjoba,Merwede,15,17,1781,1819,0.458,0.065,0.477,14,15,-8.0,7.8,118,116
2025-05-31,Tweemaal Zes,KVA,17,22,1872,2071,0.250,0.053,0.697,14,18,-5.0,5.0,117,117
2025-05-31,Twist,Sporting Trigon,13,14,1519,1812,0.160,0.045,0.795,11,16,18.0,-15.7,123,115
2025-05-31,Unitas,DOS '46,12,26,2308,2442,0.329,0.056,0.615,16,18,-21.6,20.8,111,109
2025-05-31,VDDO,Harich,17,15,1553,1535,0.538,0.063,0.399,16,15,3.9,-3.9,115,115
2025-05-31,VEO,KOAG,19,11,1924,1965,0.455,0.061,0.483,16,17,27.8,-26.8,119,116
2025-05-31,Valto,OVVO,12,12,2097,1998,0.649,0.058,0.293,17,14,-11.6,11.5,118,118
2025-05-31,Ventura Sport,Dunas,14,17,1221,1545,0.139,0.038,0.823,12,19,10.8,-11.2,123,125
2025-05-31,Viking,Fiducia,10,9,1637,1759,0.341,0.064,0.595,13,15,12.8,-12.6,118,117
2025-05-31,Vitesse (Ba),TOP (A),13,20,1922,2070,0.308,0.061,0.631,13,15,-15.0,14.1,115,112
2025-05-31,Voltreffers (O),Attila,8,20,940,1283,0.123,0.041,0.836,9,15,-12.1,10.9,129,122
2025-05-31,Vriendenschaar (B),Korbis,19,22,1773,1855,0.397,0.060,0.543,16,17,-6.9,7.3,114,117
2025-05-31,Vriendenschaar (H),ACKC,18,16,1868,1688,0.746,0.050,0.204,17,12,-9.3,9.4,121,121
2025-05-31,WION,Oranje Zwart (M),14,8,1479,1137,0.878,0.033,0.089,16,9,-1.4,1.6,122,125
2025-05-31,Wageningen,SKF,17,20,2285,1997,0.846,0.033,0.121,21,13,-43.1,38.0,128,120
2025-05-31,Wesstar,Rivalen,16,13,1258,1105,0.712,0.058,0.229,14,11,-1.7,1.6,127,125
2025-05-31,Wez Handich,Pallas '08,32,14,1845,1636,0.779,0.040,0.181,21,16,14.3,-14.5,116,117
2025-05-31,Wit Blauw,Dindoa,17,21,2110,2004,0.663,0.051,0.286,20,17,-25.7,26.8,114,117
2025-05-31,Woudenberg,DOT (O),14,22,1837,1908,0.416,0.057,0.527,18,19,-21.1,21.3,114,115
2025-05-31,ZKC '19,KIOS (R),18,18,1924,2019,0.383,0.055,0.563,18,20,5.4,-5.4,113,113
2025-05-31,Zunobri,Olympia (T),17,15,1010,1373,0.111,0.038,0.851,9,16,53.6,-37.3,148,124
2025-05-31,Zwart Wit,Zwaluwen (Ze),9,27,1470,1764,0.160,0.044,0.796,11,17,-14.0,15.0,119,124
2025-06-01,Maastricht,Mariarade,20,6,1115,509,0.969,0.012,0.019,15,5,4.1,-5.6,149,185
2025-06-01,Vefo,Moedig Voorwaarts,13,14,957,855,0.649,0.067,0.285,13,10,-27.4,22.1,158,142
2025-06-03,AW.DTV,Blauw Wit,15,19,2287,2473,0.267,0.050,0.683,16,20,-1.2,1.3,103,107
2025-06-03,Avanti (P),DSC,16,14,2109,2379,0.183,0.041,0.776,15,21,27.2,-24.2,115,109
2025-06-03,Diderna,Wiko,19,8,918,549,0.891,0.034,0.075,13,6,23.3,-25.2,214,225
2025-06-03,Purmer,Zaandam Zuid,11,13,725,1088,0.108,0.046,0.847,6,11,20.5,-14.2,149,126
2025-06-04,d'Ommerdieck,Korvesta,17,19,720,682,0.557,0.081,0.362,10,9,-44.6,43.6,221,219
2025-06-05,Fortuna (D),PKC,18,21,2504,2549,0.453,0.056,0.491,18,19,-8.3,8.7,106,109
2025-06-05,Mid Fryslân,Groen Geel,19,20,2259,2247,0.535,0.057,0.409,19,18,-7.4,7.2,113,112
2025-06-05,Wiko,Diderna,6,14,523,942,0.081,0.035,0.884,7,13,-15.7,14.8,212,203
2025-06-07,Antilopen,SKF,14,9,1876,2034,0.298,0.056,0.645,15,17,33.8,-31.4,124,120
2025-06-07,CSL,De Meeuwen,16,15,1980,2039,0.431,0.060,0.509,16,17,6.8,-6.8,120,120
2025-06-07,Dalto,DeetosSnel,14,22,2339,2282,0.595,0.057,0.348,18,16,-31.4,31.1,112,111
2025-06-07,HKC (Ha),DVO,16,23,2303,2522,0.231,0.046,0.723,16,21,-6.2,6.8,106,113
2025-06-07,KCC,Die Haghe,16,22,2249,2330,0.399,0.059,0.542,16,18,-17.3,17.4,119,119
2025-06-07,Nieuwerkerk,Swift (M),21,11,2222,2029,0.762,0.044,0.194,19,14,11.3,-11.6,116,118
2025-06-07,Sporting Delta,OVVO,16,9,2130,2008,0.680,0.054,0.266,17,14,11.5,-11.3,117,116
2025-06-07,Valto,Achilles (H),13,6,2083,2102,0.487,0.061,0.452,17,16,22.7,-22.2,116,115
2025-06-07,Wageningen,Spirit (Vo),7,14,2240,2162,0.628,0.051,0.321,21,18,-37.3,34.2,127,121
2025-06-08,Eymerick,KVS '17,17,4,1111,866,0.805,0.048,0.146,14,9,20.1,-21.8,151,158
2025-06-10,Het Bosch,Débaldérin,9,23,793,1078,0.161,0.058,0.781,7,11,-58.3,49.5,260,234
2025-06-10,KVS '17,Mariarade,10,7,843,502,0.874,0.039,0.086,11,5,-12.9,21.2,151,185
2025-06-12,DOC,Oranje Nassau / Triaz,14,7,969,870,0.641,0.076,0.284,10,8,55.8,-34.1,230,172
2025-06-14,DOS '46,DVO,21,19,2461,2528,0.422,0.055,0.523,19,20,9.6,-9.8,111,112
2025-06-14,Noveas,Lemmer,17,7,1108,828,0.836,0.041,0.123,15,9,11.5,-14.8,133,155
2025-06-14,PKC,Blauw Wit,20,19,2556,2472,0.634,0.051,0.315,21,18,-5.8,5.7,108,108
2025-06-14,Purmer,Huizen,4,18,744,1254,0.048,0.026,0.926,5,12,-7.9,6.1,147,126
2025-06-14,Zaandam Zuid,ESDO,10,12,1072,1175,0.363,0.073,0.564,11,12,-4.2,4.1,127,126
2025-06-15,Forward,Samen Een,12,13,647,751,0.359,0.075,0.565,10,11,1.1,-2.5,167,208
2025-06-21,DOS '46,PKC,19,19,2469,2549,0.404,0.055,0.541,19,20,3.9,-3.8,109,108
2025-09-06,ADO,Twist,8,15,1550,1533,0.533,0.074,0.393,12,11,-48.5,49.8,152,154
2025-09-06,ALO,Excelsior (D),13,15,1769,1858,0.388,0.061,0.551,15,17,-4.7,4.9,143,147
2025-09-06,ASVD,DOS Kampen,15,17,1864,1836,0.556,0.057,0.387,19,17,-19.8,19.4,151,149
2025-09-06,AW.DTV,KVA,17,14,2282,2073,0.778,0.043,0.179,19,14,-9.0,10.9,136,147
2025-09-06,Achilles (A) / AKC,Oranje Zwart,26,20,1412,1497,0.394,0.060,0.546,16,17,41.6,-41.4,155,154
2025-09-06,Achilles (H),Fortuna (D),18,20,2075,2492,0.085,0.027,0.888,12,20,26.6,-24.8,143,138
2025-09-06,Apeldoorn,AVO,25,20,1889,2029,0.322,0.055,0.623,16,19,39.9,-41.5,146,149
2025-09-06,Apollo,KZ Danaiden,8,19,1430,1529,0.369,0.072,0.560,11,13,-40.8,39.2,152,148
2025-09-06,Arena,KCD,15,13,1314,1361,0.444,0.069,0.487,12,13,15.7,-16.5,150,154
2025-09-06,Atlantis,Phoenix (Z),18,18,1550,1743,0.258,0.053,0.689,14,18,20.7,-20.0,151,148
2025-09-06,Atlas,ONDO (M),12,20,1683,1835,0.305,0.058,0.638,14,17,-26.3,25.6,153,151
2025-09-06,Avanti (P),Korbis,20,20,2133,1860,0.835,0.035,0.130,20,13,-34.4,35.7,147,150
2025-09-06,Blauw Wit,KVS,14,12,2476,2153,0.870,0.029,0.101,22,14,-21.9,29.2,135,154
2025-09-06,CSL,IFC '25,23,19,1984,1884,0.654,0.051,0.295,20,17,5.3,-5.3,148,149
2025-09-06,DES (De),Dunas,22,8,1710,1530,0.748,0.046,0.206,19,14,23.8,-26.1,148,155
2025-09-06,DLKV,Wiko,19,8,880,504,0.895,0.033,0.072,13,6,28.8,-25.0,246,223
2025-09-06,DOT (O),Antilopen,25,14,1926,1907,0.543,0.060,0.397,17,16,38.2,-40.1,147,151
2025-09-06,DTL,De Granaet,14,22,1532,1706,0.278,0.056,0.666,14,17,-23.1,23.6,151,153
2025-09-06,DTS (E),Badhoevedorp,13,14,1421,1452,0.466,0.072,0.463,14,13,-7.8,7.8,155,155
2025-09-06,DTS (S) / Harkema,WIK '34,20,10,1386,1022,0.891,0.029,0.079,17,9,9.0,-10.1,155,167
2025-09-06,DVS '69,ACKC,16,17,1617,1694,0.404,0.064,0.532,14,15,-0.8,0.8,154,154
2025-09-06,DWA / Argo,It Fean,14,14,1263,1532,0.180,0.047,0.773,12,17,29.5,-28.6,151,149
2025-09-06,DWS (K),Wolderwijd,9,11,1397,1446,0.439,0.074,0.487,11,12,-13.0,13.0,153,153
2025-09-06,De Corvers,Lemmer,22,9,1015,811,0.769,0.051,0.180,15,10,23.3,-30.2,151,175
2025-09-06,De Hoeve,DTG,18,24,1278,1322,0.446,0.072,0.482,12,13,-36.6,37.1,154,156
2025-09-06,De Meervogels,VEO,10,12,1874,1948,0.409,0.062,0.529,15,16,-6.9,6.9,149,149
2025-09-06,De Meeuwen,SKF,13,14,2029,1998,0.557,0.063,0.381,16,15,-14.4,14.4,148,148
2025-09-06,De Parabool,Wez Handich,15,15,1797,1858,0.429,0.058,0.513,17,18,3.9,-3.8,150,149
2025-09-06,De Vinken,Trekvogels (R),11,8,1839,1716,0.685,0.047,0.268,22,18,-3.5,2.9,157,148
2025-09-06,De Waterpoort,WK,15,6,1116,663,0.931,0.020,0.048,18,9,2.9,-3.0,156,184
2025-09-06,De Wâlden,Quick '21 / Vlug en Vaardig (G),14,11,1781,1703,0.623,0.059,0.318,17,14,4.4,-4.4,147,146
2025-09-06,EKCA,NKV,17,14,1232,1358,0.335,0.065,0.600,13,15,32.6,-33.0,150,151
2025-09-06,EKVA,DKV Victoria,12,17,1655,1506,0.711,0.053,0.236,17,13,-56.5,55.3,155,154
2025-09-06,Elko,WSS,27,15,1406,1463,0.434,0.060,0.507,17,18,50.9,-50.3,151,150
2025-09-06,Erasmus,Nexus,11,10,1500,1428,0.613,0.062,0.324,15,13,-7.1,6.5,156,149
2025-09-06,Exakwa,Amicitia (V),15,17,1742,1810,0.420,0.059,0.521,17,18,-7.3,7.1,150,147
2025-09-06,Fiks,Die Haghe,16,15,2194,2345,0.310,0.049,0.640,19,22,20.8,-20.0,149,146
2025-09-06,Flamingo's (B),KVW '22,25,14,1960,1708,0.816,0.038,0.146,20,13,14.8,-14.9,148,149
2025-09-06,Focus,Terda,14,8,1027,693,0.872,0.037,0.091,14,7,2.1,-2.0,164,172
2025-09-06,Fortissimo,Elburg,13,16,1629,1629,0.513,0.064,0.423,16,15,-24.6,23.2,156,151
2025-09-06,Gemini,VZOD,12,12,1187,1336,0.302,0.074,0.624,9,11,16.3,-15.5,157,154
2025-09-06,Good Luck,Ventura Sport,22,17,1353,1228,0.682,0.056,0.261,16,13,11.2,-11.2,155,154
2025-09-06,Groen Geel,TOP (S),8,18,2251,2312,0.426,0.063,0.511,15,16,-37.4,36.6,141,140
2025-09-06,HBC (Be),Furore,17,13,1466,1472,0.502,0.070,0.428,14,13,23.8,-23.6,153,152
2025-09-06,HHV,Blauw Zwart,19,9,1529,1371,0.723,0.049,0.228,19,15,22.3,-22.6,152,153
2025-09-06,HKC (He),Devinco,16,17,1694,1582,0.667,0.055,0.278,17,14,-24.5,26.2,149,154
2025-09-06,HKC (U),Sparta (N),10,10,1496,1521,0.478,0.064,0.458,16,15,-1.0,0.9,158,149
2025-09-06,Hebbes,Revival,14,10,1239,1358,0.343,0.069,0.588,11,13,40.9,-38.8,155,151
2025-09-06,Heerenveen,MIA,15,10,1943,1890,0.589,0.059,0.352,17,16,17.1,-18.2,148,153
2025-09-06,IJsselvogels,Reeuwijk,10,9,1725,1731,0.507,0.061,0.433,17,16,2.8,-3.0,150,156
2025-09-06,Joure,Emmeloord,9,10,1509,1455,0.589,0.063,0.349,16,14,-17.5,17.8,149,149
2025-09-06,Juventa,NRC '22,14,20,1787,1923,0.326,0.057,0.617,16,18,-19.7,18.3,152,146
2025-09-06,KCC,Nieuwerkerk,15,13,2228,2231,0.510,0.063,0.427,16,15,8.6,-8.5,148,146
2025-09-06,KCR,Vriendenschaar (B),20,17,1772,1762,0.529,0.061,0.410,17,16,12.6,-12.3,149,147
2025-09-06,KIOS (N),HKV / Ons Eibernest,15,18,1851,1796,0.592,0.059,0.349,17,15,-28.9,27.6,147,144
2025-09-06,KOAG,Swift (M),14,16,1934,2013,0.402,0.060,0.539,16,18,-5.6,5.6,147,147
2025-09-06,KVK,DSO (K),13,18,1533,1562,0.470,0.069,0.460,14,13,-38.0,31.9,167,152
2025-09-06,KVZ '23,KZ,14,20,2052,2396,0.127,0.032,0.841,15,22,3.5,-2.9,148,139
2025-09-06,KVZ,DOS-WK,22,13,1785,1846,0.428,0.059,0.513,17,18,43.1,-48.4,145,155
2025-09-06,Keizer Karel,Zwart Wit,17,16,1410,1451,0.452,0.068,0.480,13,14,7.9,-8.3,148,152
2025-09-06,Kesteren,SDO (V),10,20,1437,1681,0.205,0.047,0.748,14,18,-21.2,20.4,154,151
2025-09-06,Kinderdijk,Albatros,12,18,1914,2011,0.379,0.059,0.562,16,18,-23.4,24.4,148,151
2025-09-06,Kinea / Udiros,Harich,17,12,1615,1528,0.634,0.062,0.305,15,13,16.0,-15.1,152,147
2025-09-06,Korbatjo,NIO,15,18,1493,1616,0.342,0.060,0.598,15,17,-7.0,7.2,152,154
2025-09-06,Leeuwarden,WWC,11,15,1490,1498,0.503,0.062,0.435,17,16,-27.3,27.0,151,150
2025-09-06,Lintjo,Spannum,14,14,1247,1477,0.217,0.053,0.730,12,16,26.8,-24.6,157,151
2025-09-06,Luctor,Zaamslag,12,23,1151,1425,0.179,0.042,0.779,14,20,-19.1,19.5,154,155
2025-09-06,Luno,GKV,12,13,1544,1556,0.498,0.059,0.443,18,17,-8.6,8.3,150,148
2025-09-06,Maassluis,GKV (G),13,19,1880,2083,0.247,0.050,0.703,15,19,-10.7,10.6,148,147
2025-09-06,Madjoe,ESDO,14,9,1443,1178,0.825,0.041,0.133,16,10,-1.6,1.6,152,152
2025-09-06,Merwede,Movado,22,9,1823,1733,0.639,0.058,0.302,17,14,32.8,-33.6,148,149
2025-09-06,NKC '51,Dindoa,17,19,1890,2027,0.325,0.056,0.619,16,18,1.5,-1.5,149,150
2025-09-06,Nikantes,Triade,8,20,828,1016,0.257,0.065,0.677,10,12,-36.6,34.1,166,160
2025-09-06,Noveas,DOS (W),22,13,1119,1866,0.013,0.007,0.980,8,21,117.3,-103.5,159,150
2025-09-06,ODO (M),RWA,14,24,1656,1729,0.410,0.066,0.525,14,15,-39.9,40.0,148,148
2025-09-06,OEC,KVS '17,17,11,1081,827,0.814,0.046,0.139,14,9,6.5,-8.0,148,175
2025-09-06,OKO,VDDO,22,18,1875,1553,0.870,0.028,0.101,22,14,-15.0,15.2,147,147
2025-09-06,OKV,Helios,10,12,1398,1300,0.648,0.062,0.291,15,12,-31.2,31.8,152,153
2025-09-06,OZC,WION,11,14,1508,1473,0.564,0.063,0.373,16,14,-28.2,29.3,151,154
2025-09-06,Olympia (S),Dijkvogels,7,24,1125,1501,0.105,0.034,0.861,10,17,-15.9,15.9,153,153
2025-09-06,Olympia (T),Oerterp,13,11,1332,1307,0.546,0.070,0.384,13,12,7.3,-6.8,157,150
2025-09-06,Oosterkwartier (H),Aurora / DKV (IJ),11,13,1536,1203,0.874,0.031,0.094,18,10,-55.4,54.9,151,150
2025-09-06,Oranje Wit (D),Tilburg,15,10,2007,1994,0.539,0.053,0.408,21,20,19.3,-18.7,151,148
2025-09-06,Oranje Zwart (M),'t Capproen,12,12,1134,1194,0.422,0.077,0.501,10,11,4.0,-3.9,158,157
2025-09-06,PKC,Sporting Delta,27,11,2544,2138,0.915,0.020,0.065,23,13,7.3,-8.4,134,146
2025-09-06,PSV,Attila,14,12,1329,1292,0.566,0.064,0.369,15,14,4.1,-4.4,149,156
2025-09-06,Pallas '08,ROG,17,11,1617,1521,0.649,0.055,0.295,18,15,16.5,-16.1,150,148
2025-09-06,Pernix,ONDO (G),16,17,1923,1933,0.500,0.062,0.437,17,16,-9.1,9.3,149,151
2025-09-06,RDZ,Hellas '63,7,11,1428,1598,0.283,0.058,0.659,13,16,-7.5,7.7,149,152
2025-09-06,RODA (W),Swift,18,15,1674,1819,0.314,0.058,0.628,14,17,32.9,-34.9,149,154
2025-09-06,Rapid (H),Fluks (N),15,13,1522,1566,0.449,0.069,0.482,13,14,15.2,-15.5,150,151
2025-09-06,Ready '60,OJC '98,8,14,1447,1235,0.777,0.052,0.172,14,9,-69.5,69.9,151,151
2025-09-06,Reehorst '45,Zwaluwen (Ze),15,10,1701,1776,0.411,0.054,0.535,19,20,32.8,-33.6,154,156
2025-09-06,Regio '72,EKC 2000,12,7,1107,1050,0.591,0.067,0.341,14,12,21.1,-21.2,153,154
2025-09-06,Rheko,SDO (W),21,10,1364,1227,0.691,0.066,0.243,12,9,28.6,-31.5,149,157
2025-09-06,Ritola,Noordenveld,18,20,1975,1975,0.519,0.057,0.424,19,18,-15.4,15.9,147,150
2025-09-06,Rood Wit (W),Nova,10,18,1722,1721,0.515,0.064,0.421,16,15,-47.4,46.2,154,152
2025-09-06,Roreko,Sparta (Ze),20,19,1297,1375,0.404,0.061,0.534,16,17,12.9,-12.5,154,152
2025-09-06,Rust Roest (E),Vitesse (Ba),6,17,1771,1902,0.332,0.060,0.609,15,17,-32.8,33.0,147,147
2025-09-06,SDO (K),Rohda (A),8,12,1852,1873,0.482,0.068,0.450,15,14,-26.2,25.0,147,143
2025-09-06,SEV (Z),SkunK,11,14,983,1257,0.175,0.050,0.775,10,15,8.4,-7.7,156,150
2025-09-06,SGV,VIKO,14,18,839,1105,0.180,0.055,0.764,9,13,-1.5,1.6,166,156
2025-09-06,SKV (S),DKB,7,15,785,1188,0.089,0.036,0.875,7,13,-8.7,8.3,158,154
2025-09-06,Scheldevogels,Keep Fit '70,14,12,1042,1275,0.217,0.046,0.737,15,20,39.1,-43.9,156,165
2025-09-06,Sparta (Zw),KIOS (R),14,17,1967,2010,0.455,0.060,0.485,16,17,-16.1,15.5,149,146
2025-09-06,Spirit (Vo),Oost Arnhem,19,11,2192,2063,0.693,0.048,0.259,21,17,18.2,-17.0,150,145
2025-09-06,Sporting Trigon,Fiducia,13,16,1792,1741,0.586,0.062,0.352,16,14,-28.9,29.9,147,149
2025-09-06,Sporting West,Ados,18,9,1509,1313,0.762,0.051,0.187,15,11,18.0,-18.5,147,149
2025-09-06,Springfield,Conventus,13,12,1151,1152,0.507,0.073,0.420,13,12,3.7,-3.7,156,157
2025-09-06,Stadskanaal '74,Hoogkerk,20,18,1504,1647,0.319,0.056,0.625,16,18,26.4,-26.2,150,149
2025-09-06,Stormvogels (U),DSO (A),16,8,1037,1194,0.296,0.067,0.637,11,13,68.2,-64.2,162,157
2025-09-06,Synergo,Victum,17,16,1925,1862,0.603,0.059,0.337,17,15,-5.7,6.1,147,152
2025-09-06,TOGO (G),Blauw Wit (K),12,16,1523,1485,0.568,0.061,0.371,17,15,-32.1,39.0,149,164
2025-09-06,TOP (A),DeetosSnel,9,15,2081,2311,0.217,0.053,0.730,12,16,-10.6,10.2,145,141
2025-09-06,TOP (V),SIOS / Leonidas,1,12,1050,1345,0.159,0.045,0.796,11,16,-19.3,18.8,153,151
2025-09-06,Telstar,Woudenberg,18,14,1786,1812,0.477,0.063,0.460,17,16,24.4,-22.4,154,147
2025-09-06,Tempo,Valto,14,23,1992,2102,0.360,0.060,0.579,15,17,-32.5,31.2,149,145
2025-09-06,Thrianta,De Pein,19,20,1505,1473,0.561,0.059,0.380,18,16,-14.5,14.7,150,151
2025-09-06,Tiel '72,Noviomagum,12,17,1752,1778,0.477,0.063,0.459,17,16,-29.8,30.4,150,152
2025-09-06,Tjoba,Juliana,12,13,1769,1773,0.507,0.066,0.428,15,14,-10.0,10.7,148,153
2025-09-06,Tweemaal Zes,ODIK,21,6,1863,1793,0.613,0.060,0.326,16,14,36.8,-37.6,149,151
2025-09-06,Unitas,Dalto,19,17,2281,2303,0.485,0.059,0.456,18,17,10.1,-9.6,146,142
2025-09-06,Velocitas (L),Haarlem,9,15,1836,1706,0.689,0.054,0.257,17,14,-55.7,53.0,151,147
2025-09-06,Viking,Animo (G),10,15,1645,1736,0.384,0.064,0.552,14,15,-22.5,22.2,151,149
2025-09-06,Voltreffers (O),Seolto,11,15,924,1062,0.315,0.074,0.611,9,11,-17.7,16.6,161,155
2025-09-06,Vriendenschaar (H),Fortis,12,17,1855,1965,0.360,0.062,0.578,14,16,-19.8,19.8,151,151
2025-09-06,Wageningen,HKC (Ha),14,17,2198,2293,0.381,0.059,0.560,16,17,-10.1,8.5,153,139
2025-09-06,Weidevogels,Refleks,13,17,1761,1710,0.586,0.062,0.352,16,14,-36.8,34.4,153,148
2025-09-06,Wesstar,Duko,14,11,1253,1361,0.359,0.066,0.575,13,14,32.8,-32.0,158,156
2025-09-06,Wit Blauw,DOS '46,11,24,2080,2472,0.099,0.027,0.874,15,23,-10.4,9.0,147,135
2025-09-06,ZKC '19,Drachten,20,16,1926,1881,0.579,0.059,0.361,17,15,12.8,-13.0,145,146
2025-09-06,Zuid '27,Paal Centraal,22,9,1540,1433,0.662,0.054,0.283,18,15,37.4,-34.9,166,160
2025-09-07,LDODK,Nic,21,8,2508,2108,0.913,0.020,0.067,25,14,5.9,-6.2,141,145
2025-09-07,Mariarade,Eymerick,6,4,517,1126,0.027,0.016,0.956,5,13,118.1,-86.6,201,175
2025-09-07,Mid Fryslân,SCO,22,12,2246,2151,0.650,0.050,0.299,21,18,24.8,-26.6,144,150
2025-09-07,Vefo,Koru,11,10,923,1143,0.224,0.061,0.715,9,13,36.7,-58.3,177,222
2025-09-13,ACKC,Merwede,9,14,1692,1854,0.292,0.060,0.648,13,16,-13.1,12.4,145,141
2025-09-13,AVO,Sparta (Zw),17,15,1984,1947,0.566,0.064,0.370,15,14,3.7,-3.7,142,141
2025-09-13,Ados,OKV,14,14,1290,1363,0.409,0.066,0.525,14,15,5.0,-5.1,144,145
2025-09-13,Albatros,Maassluis,10,14,2032,1866,0.735,0.045,0.220,21,16,-44.3,43.6,143,142
2025-09-13,Amicitia (V),ASVD,15,16,1814,1841,0.476,0.062,0.462,17,16,-6.2,6.5,140,143
2025-09-13,Animo (G),Tiel '72,22,21,1755,1719,0.566,0.062,0.371,16,15,-2.4,2.4,142,142
2025-09-13,Antilopen,Synergo,15,15,1863,1916,0.438,0.065,0.497,14,15,2.5,-2.4,143,140
2025-09-13,Attila,EKCA,13,15,1284,1262,0.545,0.064,0.391,16,14,-19.8,18.6,148,143
2025-09-13,Aurora / DKV (IJ),Stormvogels (U),11,10,1255,1103,0.711,0.062,0.227,13,9,-14.7,15.8,148,152
2025-09-13,BEP,Tempo,11,15,1916,1956,0.457,0.065,0.478,14,15,-22.7,21.3,146,141
2025-09-13,Badhoevedorp,HBC (Be),9,10,1456,1487,0.468,0.068,0.464,15,14,-6.8,6.6,147,145
2025-09-13,Blauw Wit (K),KVK,18,16,1522,1492,0.555,0.066,0.379,15,13,5.7,-5.8,154,156
2025-09-13,Blauw Zwart,Rheko,13,13,1345,1390,0.447,0.068,0.485,13,14,1.7,-1.6,147,143
2025-09-13,Conventus,Good Luck,7,22,1146,1363,0.230,0.055,0.715,12,16,-27.7,27.5,148,148
2025-09-13,DKB,OEC,15,12,1194,1085,0.660,0.064,0.277,14,11,3.2,-3.1,151,145
2025-09-13,DKV Victoria,RODA (W),12,14,1559,1704,0.312,0.063,0.624,12,15,0.9,-0.7,147,142
2025-09-13,DOS '46,Spirit (Vo),19,13,2479,2207,0.835,0.033,0.132,23,15,-2.6,3.2,134,144
2025-09-13,DOS (W),De Corvers,11,22,1759,1037,0.984,0.006,0.010,20,7,-112.6,104.2,151,146
2025-09-13,DOS Kampen,Exakwa,12,16,1853,1732,0.681,0.049,0.269,20,17,-38.5,38.6,142,142
2025-09-13,DOS-WK,Juventa,15,18,1794,1764,0.559,0.058,0.384,18,17,-24.6,24.0,146,144
2025-09-13,DSC,Wageningen,10,15,2348,2184,0.731,0.046,0.223,20,16,-49.4,49.7,144,145
2025-09-13,DSO (A),Oosterkwartier (H),7,13,1125,1476,0.120,0.037,0.844,11,18,-0.1,0.1,149,148
2025-09-13,DSO (K),TOGO (G),11,15,1591,1487,0.656,0.058,0.286,16,13,-40.0,38.7,144,142
2025-09-13,DTG,Lintjo,16,17,1358,1271,0.632,0.061,0.306,15,13,-21.3,22.3,147,150
2025-09-13,Dalto,AW.DTV,15,5,2290,2270,0.545,0.058,0.397,18,17,31.5,-30.4,136,133
2025-09-13,De Granaet,De Wâlden,14,20,1728,1782,0.435,0.063,0.501,15,16,-29.1,27.2,145,140
2025-09-13,De Pein,Elko,14,9,1486,1456,0.558,0.059,0.383,18,16,18.4,-18.3,143,143
2025-09-13,Devinco,Reehorst '45,13,16,1605,1731,0.341,0.055,0.604,17,19,-4.8,4.7,147,146
2025-09-13,Die Haghe,Blauw Wit,13,18,2321,2450,0.336,0.056,0.609,16,19,-13.2,12.2,139,134
2025-09-13,Dijkvogels,Zuid '27,10,14,1516,1576,0.424,0.070,0.506,12,13,-22.5,24.5,149,157
2025-09-13,Dindoa,De Meeuwen,12,18,2023,2010,0.531,0.063,0.406,16,15,-36.5,35.7,143,141
2025-09-13,Drachten,Heerenveen,15,18,1864,1957,0.383,0.062,0.556,15,16,-9.3,9.5,139,141
2025-09-13,Duko,Arena,14,13,1326,1327,0.509,0.067,0.424,15,14,2.8,-2.7,148,142
2025-09-13,Dunas,Apollo,15,12,1500,1385,0.670,0.058,0.273,16,13,0.8,-0.8,149,144
2025-09-13,EKC 2000,TOP (V),13,11,1025,1026,0.511,0.068,0.422,14,13,9.1,-9.4,146,148
2025-09-13,ESDO,Huizen,9,4,1176,1256,0.392,0.075,0.533,10,11,38.9,-43.9,148,157
2025-09-13,Elburg,Rood Wit (W),14,9,1649,1670,0.482,0.065,0.453,16,15,26.2,-27.1,143,146
2025-09-13,Emmeloord,Leeuwarden,13,11,1469,1459,0.526,0.066,0.408,15,14,7.2,-7.2,142,143
2025-09-13,Excelsior (D),Sporting Trigon,15,13,1859,1759,0.652,0.056,0.292,17,14,-3.9,3.9,140,140
2025-09-13,Fiducia,ALO,20,11,1768,1761,0.522,0.066,0.412,15,14,35.7,-33.3,142,137
2025-09-13,Fluks (N),Luno,10,6,1547,1532,0.533,0.068,0.399,14,13,18.3,-18.2,143,143
2025-09-13,Fortis,Rust Roest (E),14,12,1982,1733,0.812,0.042,0.146,17,11,-18.2,17.1,144,140
2025-09-13,Fortuna (D),KCC,21,9,2465,2233,0.798,0.041,0.160,19,13,15.5,-16.2,137,140
2025-09-13,Furore,DTS (E),15,8,1445,1410,0.557,0.074,0.369,12,11,30.7,-31.6,144,146
2025-09-13,GKV (G),Kinderdijk,11,18,2091,1887,0.771,0.046,0.183,18,13,-61.6,61.3,141,141
2025-09-13,GKV,Rapid (H),17,10,1561,1534,0.553,0.059,0.388,17,16,25.5,-26.0,141,142
2025-09-13,HKC (Ha),DVO,16,22,2298,2513,0.235,0.047,0.718,16,20,-7.3,8.1,134,143
2025-09-13,HKV / Ons Eibernest,SDO (K),19,13,1821,1821,0.511,0.067,0.422,15,14,26.8,-27.6,137,140
2025-09-13,Haarlem,Atlantis,14,7,1756,1568,0.755,0.047,0.198,18,13,10.2,-10.5,142,144
2025-09-13,Harich,Pallas '08,15,20,1509,1631,0.344,0.058,0.599,16,18,-14.8,15.1,141,143
2025-09-13,Helios,Sporting West,7,15,1329,1525,0.249,0.062,0.689,10,13,-22.7,21.6,146,142
2025-09-13,Hellas '63,HKC (U),16,15,1602,1491,0.666,0.055,0.279,17,14,-11.2,11.7,145,148
2025-09-13,Hoogkerk,OKO,9,13,1618,1858,0.208,0.047,0.745,14,19,1.7,-1.8,142,144
2025-09-13,IFC '25,Ritola,11,16,1877,1957,0.401,0.057,0.542,17,19,-19.0,18.5,142,140
2025-09-13,Juliana,Atlas,17,10,1780,1653,0.686,0.056,0.259,17,13,17.3,-17.6,144,146
2025-09-13,KCD,Wesstar,11,15,1341,1283,0.592,0.068,0.340,13,12,-36.8,38.8,146,150
2025-09-13,KIOS (R),Apeldoorn,18,16,2022,1927,0.649,0.050,0.302,21,18,-4.6,4.7,139,140
2025-09-13,KVA,Unitas,16,27,2080,2288,0.241,0.051,0.708,14,18,-23.0,21.8,143,139
2025-09-13,KVS '17,SKV (S),10,9,816,772,0.565,0.081,0.354,10,8,-1.4,1.1,167,155
2025-09-13,KVS,Fiks,21,13,2178,2211,0.469,0.056,0.475,18,19,38.4,-34.3,151,142
2025-09-13,KVW '22,De Parabool,13,12,1690,1798,0.362,0.060,0.577,15,17,15.5,-15.1,145,142
2025-09-13,KZ Danaiden,DES (De),12,18,1566,1732,0.286,0.061,0.654,12,15,-16.6,16.9,141,142
2025-09-13,KZ,Groen Geel,12,14,2390,2209,0.749,0.047,0.205,19,14,-33.9,33.0,137,135
2025-09-13,Keep Fit '70,Luctor,15,16,1228,1129,0.652,0.053,0.295,19,16,-24.9,22.2,157,148
2025-09-13,Korbis,Pernix,11,17,1893,1911,0.490,0.059,0.452,19,18,-32.2,30.2,146,141
2025-09-13,Koveni,Madjoe,10,12,1275,1438,0.289,0.059,0.652,13,16,3.9,-3.5,154,148
2025-09-13,Lemmer,Noveas,12,10,777,1235,0.068,0.024,0.908,10,19,69.5,-64.4,166,160
2025-09-13,MIA,ZKC '19,12,15,1868,1936,0.417,0.061,0.522,16,17,-12.6,11.5,145,138
2025-09-13,Movado,DVS '69,17,22,1695,1614,0.627,0.059,0.314,17,14,-40.7,42.3,142,145
2025-09-13,NIO,Erasmus,19,12,1620,1490,0.688,0.057,0.254,16,12,18.1,-18.4,146,148
2025-09-13,NKV,PSV,18,18,1322,1330,0.498,0.071,0.431,13,12,-2.9,2.8,144,142
2025-09-13,NRC '22,KVZ,28,18,1939,1826,0.668,0.055,0.277,18,14,23.8,-23.6,139,139
2025-09-13,Nexus,Korbatjo,12,16,1431,1483,0.439,0.065,0.497,14,15,-20.2,20.8,142,145
2025-09-13,Nieuwerkerk,Achilles (H),17,13,2218,2099,0.676,0.055,0.269,17,14,4.6,-4.7,139,141
2025-09-13,Noordenveld,CSL,14,18,1988,1987,0.518,0.057,0.426,19,18,-24.1,24.0,142,142
2025-09-13,Nova,Fortissimo,19,12,1765,1601,0.728,0.052,0.220,17,13,13.8,-14.3,144,147
2025-09-13,Noviomagum,Viking,19,12,1805,1618,0.753,0.049,0.197,17,12,11.5,-11.5,143,143
2025-09-13,ODIK,Telstar,5,15,1750,1807,0.429,0.067,0.503,13,14,-39.9,40.7,144,145
2025-09-13,OJC '98,Kesteren,14,8,1302,1413,0.354,0.068,0.578,12,13,45.0,-46.2,146,148
2025-09-13,ONDO (G),Avanti (P),14,18,1940,2096,0.298,0.060,0.642,13,16,-8.3,8.4,143,144
2025-09-13,ONDO (M),Tjoba,12,11,1858,1755,0.654,0.058,0.287,16,13,-10.1,9.5,144,140
2025-09-13,Oerterp,DWA / Argo,5,14,1297,1289,0.522,0.067,0.411,14,13,-45.5,47.6,142,146
2025-09-13,Paal Centraal,Olympia (S),19,9,1394,1105,0.846,0.033,0.120,20,13,10.4,-10.2,152,149
2025-09-13,Phoenix (Z),Velocitas (L),10,15,1720,1776,0.433,0.064,0.503,15,16,-23.9,24.7,142,145
2025-09-13,Quick '21 / Vlug en Vaardig (G),DTL,11,18,1695,1505,0.756,0.049,0.196,17,12,-59.4,62.8,140,144
2025-09-13,ROG,Kinea / Udiros,15,23,1501,1628,0.332,0.067,0.601,12,14,-27.6,29.0,141,145
2025-09-13,RWA,Weidevogels,18,13,1767,1720,0.578,0.062,0.360,16,14,17.5,-18.4,141,145
2025-09-13,Reeuwijk,KCR,15,10,1724,1782,0.430,0.062,0.508,15,16,31.6,-29.3,147,141
2025-09-13,Refleks,ODO (M),13,8,1742,1613,0.686,0.058,0.256,16,12,9.7,-9.7,141,141
2025-09-13,Revival,DWS (K),14,12,1315,1380,0.413,0.077,0.510,10,11,18.6,-18.9,143,145
2025-09-13,Rivalen,SEV (Z),17,10,1100,988,0.661,0.067,0.271,12,10,26.5,-24.1,158,150
2025-09-13,Rohda (A),KIOS (N),17,14,1894,1819,0.619,0.059,0.322,17,14,4.2,-4.3,137,140
2025-09-13,SCO,LDODK,15,32,2123,2514,0.099,0.027,0.874,14,23,-12.4,12.0,142,140
2025-09-13,SDO (V),Ready '60,17,12,1699,1374,0.870,0.032,0.098,18,11,-6.9,7.0,146,146
2025-09-13,SDO (W),HHV,6,20,1192,1549,0.115,0.038,0.847,10,16,-16.0,15.3,149,146
2025-09-13,SIOS / Leonidas,Regio '72,16,7,1360,1125,0.797,0.049,0.154,14,9,15.7,-15.6,146,146
2025-09-13,SKF,NKC '51,15,16,2009,1889,0.678,0.054,0.268,18,14,-23.5,23.9,141,142
2025-09-13,Seolto,Focus,17,12,1076,1027,0.577,0.074,0.349,11,10,22.7,-26.5,147,160
2025-09-13,SkunK,Olympia '22,22,14,1247,1068,0.743,0.051,0.205,16,12,16.2,-19.3,145,161
2025-09-13,Spannum,De Hoeve,14,15,1449,1239,0.774,0.051,0.175,15,10,-35.2,35.6,145,146
2025-09-13,Sparta (N),RDZ,16,7,1518,1416,0.650,0.063,0.287,14,12,26.1,-26.3,142,143
2025-09-13,Sparta (Ze),SDO (S),14,13,1360,1298,0.603,0.055,0.342,19,17,-5.6,7.0,144,159
2025-09-13,Sporting Delta,TOP (A),18,13,2125,2066,0.596,0.063,0.341,15,13,17.5,-16.4,145,140
2025-09-13,Swift (M),Oranje Wit (D),12,12,2016,2023,0.507,0.054,0.439,20,19,-2.8,2.9,140,143
2025-09-13,Swift,EKVA,17,16,1781,1594,0.754,0.046,0.200,19,14,-19.4,20.3,146,149
2025-09-13,TOP (S),KVZ '23,19,7,2346,2052,0.850,0.033,0.118,21,13,10.6,-12.1,134,144
2025-09-13,Terda,Voltreffers (O),6,19,688,903,0.226,0.066,0.708,8,11,-34.5,29.1,167,152
2025-09-13,Trekvogels (R),De Meervogels,15,14,1715,1863,0.311,0.054,0.634,16,19,19.6,-19.3,142,141
2025-09-13,Twist,OZC,12,16,1579,1477,0.653,0.060,0.287,15,13,-41.2,40.0,145,143
2025-09-13,VDDO,Stadskanaal '74,19,9,1566,1529,0.568,0.056,0.376,19,17,32.7,-31.7,145,143
2025-09-13,VEO,De Vinken,23,19,1951,1832,0.677,0.053,0.270,18,15,4.1,-4.4,141,149
2025-09-13,VIKO,Gemini,9,13,1104,1201,0.370,0.075,0.554,10,11,-20.2,19.9,150,149
2025-09-13,VZOD,SGV,19,6,1317,835,0.939,0.021,0.040,14,6,6.7,-7.7,146,159
2025-09-13,Valto,OVVO,21,14,2131,1989,0.702,0.054,0.244,17,13,14.9,-16.6,139,148
2025-09-13,Victum,DOT (O),20,16,1865,1963,0.377,0.058,0.565,17,18,29.9,-28.3,144,140
2025-09-13,Vitesse (Ba),Vriendenschaar (H),10,6,1932,1832,0.652,0.056,0.292,17,14,6.4,-6.7,140,144
2025-09-13,Vitesse (Be),Roreko,11,11,1286,1308,0.481,0.065,0.454,16,15,-1.3,1.2,152,146
2025-09-13,Vriendenschaar (B),IJsselvogels,9,14,1747,1724,0.547,0.061,0.392,17,15,-32.1,33.2,140,143
2025-09-13,WIK '34,MN en W,5,17,1009,1240,0.211,0.061,0.728,9,12,-30.5,28.8,163,158
2025-09-13,WION,ADO,13,13,1500,1497,0.511,0.074,0.415,12,11,-4.3,4.1,146,144
2025-09-13,WK,SF Deinum,9,12,657,735,0.392,0.081,0.527,9,10,-23.3,24.2,180,184
2025-09-13,WSS,Thrianta,13,16,1410,1488,0.403,0.060,0.537,16,17,-10.7,10.8,142,142
2025-09-13,WWC,Joure,15,9,1522,1487,0.562,0.062,0.375,16,15,23.2,-22.8,143,141
2025-09-13,Westergo,De Waterpoort,9,14,1251,1116,0.693,0.056,0.251,16,13,-57.8,54.4,160,155
2025-09-13,Wez Handich,Flamingo's (B),14,13,1851,1973,0.345,0.055,0.600,17,19,16.2,-16.9,141,145
2025-09-13,Wolderwijd,Hebbes,14,7,1455,1277,0.741,0.055,0.204,14,10,14.8,-15.1,145,147
2025-09-13,Woudenberg,Tweemaal Zes,14,22,1786,1898,0.357,0.059,0.584,15,17,-26.3,27.1,140,142
2025-09-13,Zaamslag,Scheldevogels,25,8,1443,1079,0.893,0.026,0.081,20,12,12.0,-12.1,150,150
2025-09-13,Zunobri,DTS (S) / Harkema,3,29,1058,1393,0.131,0.037,0.833,12,19,-24.8,19.1,177,152
2025-09-13,Zwaluwen (Ze),HKC (He),12,14,1739,1666,0.616,0.057,0.327,18,15,-25.3,23.9,147,143
2025-09-13,Zwart Wit,Achilles (A) / AKC,27,16,1440,1453,0.491,0.072,0.437,13,12,42.7,-44.2,143,146
2025-09-14,Club Brothers,Goorecht,23,7,1192,649,0.957,0.015,0.029,16,7,7.8,-17.0,157,275
2025-09-14,Eymerick,Maastricht,11,14,1038,1115,0.399,0.073,0.528,11,12,-19.6,21.0,174,181
2025-09-14,Nic,Mid Fryslân,20,22,2100,2271,0.285,0.050,0.665,17,21,6.3,-5.7,144,138
2025-09-16,DVO,DSC,21,14,2522,2297,0.794,0.038,0.168,22,16,4.1,-4.1,136,138
2025-09-16,MN en W,Zunobri,12,14,1270,1032,0.802,0.045,0.154,16,11,-45.0,57.3,150,168
2025-09-16,OVVO,BEP,14,8,1972,1893,0.622,0.063,0.315,15,13,19.0,-18.2,140,137
2025-09-16,Olympia '22,Rivalen,9,18,1049,1128,0.398,0.069,0.533,12,13,-39.9,38.4,152,149
2025-09-16,Oosterkwartier (H),Stormvogels (U),11,6,1477,1119,0.888,0.030,0.082,17,10,-8.0,8.1,144,145
2025-09-16,SIOS / Leonidas,EKC 2000,11,7,1377,1035,0.878,0.033,0.089,16,9,-10.9,10.3,141,137
2025-09-18,'t Capproen,Nikantes,17,6,1187,788,0.906,0.030,0.063,13,6,9.6,-10.5,150,158
2025-09-18,Mid Fryslân,LDODK,8,10,2266,2528,0.190,0.039,0.771,17,23,14.0,-15.2,132,137
2025-09-18,SF Deinum,Westergo,8,12,760,1193,0.076,0.031,0.894,8,15,15.9,-12.2,169,151
2025-09-19,Roreko,SDO (S),12,14,1309,1305,0.519,0.061,0.420,17,16,-14.6,16.9,139,149
2025-09-20,ASVD,Exakwa,15,14,1848,1771,0.623,0.056,0.322,18,16,-7.0,7.0,137,137
2025-09-20,Achilles (A) / AKC,Keizer Karel,15,17,1409,1416,0.502,0.066,0.432,15,14,-14.5,15.3,139,143
2025-09-20,Ados,Helios,8,16,1296,1305,0.492,0.078,0.430,11,10,-41.4,43.2,137,140
2025-09-20,Albatros,GKV (G),21,21,1986,2028,0.454,0.060,0.486,16,17,1.3,-1.3,138,137
2025-09-20,Animo (G),Noviomagum,21,25,1754,1818,0.422,0.063,0.516,15,16,-16.7,17.4,136,139
2025-09-20,Antilopen,Victum,18,25,1866,1896,0.469,0.065,0.466,16,15,-32.6,33.1,137,138
2025-09-20,Apollo,DES (De),7,13,1384,1749,0.110,0.036,0.854,10,16,0.1,-0.1,138,137
2025-09-20,Atlantis,Velocitas (L),13,20,1557,1800,0.205,0.046,0.749,14,19,-9.5,9.3,140,138
2025-09-20,Aurora / DKV (IJ),DSO (A),23,9,1240,1125,0.665,0.067,0.268,12,10,29.6,-31.0,142,146
2025-09-20,Badhoevedorp,Furore,19,17,1449,1476,0.466,0.078,0.456,12,11,13.3,-13.0,139,138
2025-09-20,Blauw Wit (K),DSO (K),13,15,1528,1551,0.477,0.070,0.453,14,13,-14.5,13.2,146,139
2025-09-20,Blauw Zwart,SDO (W),11,11,1347,1175,0.733,0.056,0.211,14,10,-22.4,24.7,140,146
2025-09-20,CSL,Ritola,25,20,2011,1976,0.567,0.056,0.377,19,17,15.4,-15.2,136,134
2025-09-20,DKV Victoria,Swift,12,18,1560,1762,0.245,0.056,0.699,12,16,-12.4,12.4,140,141
2025-09-20,DOS '46,Oost Arnhem,22,14,2476,2042,0.926,0.019,0.055,22,12,-3.0,3.7,132,141
2025-09-20,DOS (W),Lemmer,8,8,1646,847,0.989,0.005,0.006,12,2,-57.5,66.1,153,163
2025-09-20,DOS Kampen,Amicitia (V),21,18,1814,1807,0.522,0.060,0.417,17,16,11.2,-10.8,137,134
2025-09-20,DOT (O),Synergo,19,24,1934,1913,0.543,0.059,0.397,18,16,-29.2,29.1,135,134
2025-09-20,DTG,Spannum,19,21,1337,1414,0.400,0.069,0.532,13,14,-7.0,7.0,140,141
2025-09-20,DTL,De Wâlden,16,10,1569,1810,0.205,0.050,0.745,13,17,55.3,-51.3,139,134
2025-09-20,DTS (E),HBC (Be),10,10,1378,1493,0.348,0.065,0.588,13,15,10.1,-9.8,140,138
2025-09-20,DWA / Argo,Olympia (T),18,21,1337,1337,0.507,0.074,0.419,12,11,-22.3,25.9,139,150
2025-09-20,DWS (K),Hebbes,12,11,1361,1261,0.644,0.070,0.285,12,9,-7.8,8.3,138,142
2025-09-20,Dalto,KVA,23,13,2321,2057,0.827,0.036,0.138,21,14,8.9,-9.8,130,138
2025-09-20,De Granaet,Quick '21 / Vlug en Vaardig (G),22,16,1698,1635,0.602,0.060,0.338,17,15,18.8,-18.2,138,136
2025-09-20,De Hoeve,Lintjo,5,18,1275,1294,0.481,0.069,0.449,14,13,-46.4,47.4,141,143
2025-09-20,De Meervogels,De Vinken,14,14,1843,1828,0.534,0.062,0.404,16,15,-5.1,5.6,136,143
2025-09-20,De Pein,WSS,24,16,1504,1399,0.659,0.054,0.287,18,15,19.4,-19.1,137,136
2025-09-20,De Waterpoort,SF Deinum,19,9,1171,775,0.907,0.027,0.066,16,8,7.3,-8.4,148,163
2025-09-20,Die Haghe,KVS,27,11,2307,2217,0.639,0.056,0.306,18,15,28.6,-32.2,134,142
2025-09-20,Dindoa,SKF,17,19,1986,1985,0.514,0.061,0.425,17,16,-14.1,14.0,136,136
2025-09-20,Drachten,MIA,18,13,1855,1855,0.512,0.063,0.425,16,15,20.8,-22.1,134,138
2025-09-20,Duko,KCD,16,12,1329,1304,0.544,0.070,0.387,13,12,17.4,-17.1,140,139
2025-09-20,EKCA,PSV,24,16,1281,1334,0.435,0.065,0.499,14,15,38.0,-37.3,137,135
2025-09-20,EKVA,RODA (W),20,16,1615,1703,0.387,0.062,0.551,15,16,29.9,-27.1,143,136
2025-09-20,ESDO,Koveni,17,13,1214,1278,0.417,0.069,0.514,13,14,27.5,-29.6,141,146
2025-09-20,Erasmus,Korbatjo,15,11,1471,1504,0.464,0.065,0.471,14,15,22.7,-21.6,142,138
2025-09-20,Fiducia,Excelsior (D),13,12,1805,1855,0.439,0.064,0.497,15,16,7.8,-7.7,136,135
2025-09-20,Fiks,Blauw Wit,15,23,2176,2462,0.169,0.037,0.794,16,23,-6.3,5.9,136,129
2025-09-20,Flamingo's (B),De Parabool,9,13,1955,1782,0.739,0.048,0.213,19,14,-43.8,42.7,138,136
2025-09-20,Focus,Voltreffers (O),10,10,1000,933,0.601,0.071,0.329,12,11,-12.9,12.1,151,146
2025-09-20,Fortis,Vitesse (Ba),16,13,1963,1937,0.548,0.065,0.388,15,14,10.7,-10.0,140,135
2025-09-20,GKV,Fluks (N),16,12,1587,1565,0.547,0.056,0.397,19,18,12.4,-12.8,134,137
2025-09-20,Good Luck,Springfield,20,6,1392,1152,0.804,0.043,0.154,17,12,18.1,-19.8,142,150
2025-09-20,HHV,Rheko,16,10,1565,1389,0.741,0.051,0.208,17,12,8.8,-8.2,143,136
2025-09-20,HKC (Ha),DSC,17,17,2291,2292,0.512,0.060,0.428,18,17,-3.1,3.3,130,134
2025-09-20,HKC (U),RDZ,17,12,1503,1389,0.666,0.059,0.274,15,12,11.4,-10.7,142,137
2025-09-20,Hoogkerk,VDDO,18,15,1619,1599,0.538,0.067,0.395,14,13,11.4,-11.5,138,138
2025-09-20,IFC '25,Noordenveld,16,20,1857,1964,0.364,0.056,0.580,17,19,-10.5,10.5,136,136
2025-09-20,IJsselvogels,KCR,9,17,1757,1752,0.521,0.061,0.419,17,16,-38.1,37.6,136,135
2025-09-20,It Fean,Oerterp,30,14,1501,1250,0.813,0.042,0.145,17,11,18.8,-16.5,146,136
2025-09-20,Juliana,ONDO (M),16,15,1798,1847,0.439,0.067,0.494,13,14,8.2,-8.1,139,138
2025-09-20,Juventa,KVZ,21,12,1789,1803,0.492,0.063,0.445,16,15,35.7,-33.8,138,134
2025-09-20,KCC,Achilles (H),17,12,2215,2093,0.678,0.055,0.267,17,14,8.8,-8.7,137,136
2025-09-20,KIOS (R),AVO,17,17,2018,1988,0.557,0.056,0.387,19,18,-6.6,6.8,134,136
2025-09-20,KOAG,Oranje Wit (D),15,15,1925,2025,0.374,0.053,0.572,19,20,8.6,-7.8,142,136
2025-09-20,KVS '17,DKB,13,14,815,1197,0.098,0.038,0.864,8,14,33.9,-28.4,156,144
2025-09-20,KVW '22,Wez Handich,17,25,1705,1867,0.294,0.053,0.652,16,19,-19.6,18.9,138,135
2025-09-20,KVZ '23,Groen Geel,19,20,2038,2241,0.245,0.051,0.704,14,18,14.6,-12.4,142,131
2025-09-20,KZ Danaiden,Dunas,15,11,1549,1501,0.580,0.063,0.358,16,14,12.2,-13.3,136,142
2025-09-20,KZ,TOP (S),11,11,2355,2356,0.512,0.061,0.428,17,16,-3.2,3.2,133,132
2025-09-20,Keep Fit '70,Zaamslag,17,18,1204,1457,0.198,0.041,0.761,17,22,21.4,-21.1,149,148
2025-09-20,Kesteren,Ready '60,7,12,1365,1380,0.487,0.070,0.442,14,13,-30.6,31.7,141,144
2025-09-20,Kinderdijk,Maassluis,16,12,1949,1909,0.569,0.061,0.370,17,15,12.7,-12.8,137,137
2025-09-20,Leeuwarden,Joure,15,10,1452,1464,0.494,0.066,0.440,15,14,23.7,-23.4,136,135
2025-09-20,Luno,Rapid (H),12,10,1512,1508,0.511,0.077,0.412,11,10,9.2,-9.1,136,136
2025-09-20,MN en W,DTS (S) / Harkema,12,10,1224,1415,0.257,0.057,0.686,13,16,31.8,-33.5,145,148
2025-09-20,Madjoe,Huizen,21,13,1435,1211,0.786,0.049,0.164,14,10,13.3,-14.4,142,148
2025-09-20,Merwede,DVS '69,19,19,1866,1657,0.776,0.044,0.180,19,13,-24.9,26.2,136,139
2025-09-20,Movado,ACKC,15,13,1655,1678,0.477,0.068,0.455,15,14,10.8,-11.2,137,139
2025-09-20,NKC '51,De Meeuwen,18,15,1913,2046,0.326,0.061,0.613,14,16,28.4,-27.6,137,135
2025-09-20,NKV,Attila,17,6,1320,1264,0.588,0.067,0.344,14,12,31.9,-33.3,137,141
2025-09-20,NRC '22,DOS-WK,21,13,1965,1770,0.764,0.042,0.193,21,15,9.7,-10.2,134,139
2025-09-20,Nexus,NIO,7,13,1411,1639,0.217,0.053,0.730,12,16,-9.5,10.0,136,140
2025-09-20,Nieuwerkerk,Fortuna (D),9,19,2223,2480,0.191,0.045,0.764,14,19,-15.1,15.0,135,134
2025-09-20,Nikantes,Oranje Zwart (M),14,18,776,1135,0.111,0.042,0.846,7,13,6.8,-6.5,155,152
2025-09-20,Nova,Elburg,12,8,1779,1675,0.653,0.061,0.286,15,12,7.6,-7.3,139,137
2025-09-20,Noveas,De Corvers,21,9,1170,1143,0.557,0.050,0.393,23,21,40.5,-35.9,158,148
2025-09-20,ODIK,Woudenberg,8,18,1709,1760,0.439,0.063,0.497,15,16,-36.7,35.4,137,134
2025-09-20,ODO (M),Weidevogels,8,21,1602,1702,0.368,0.068,0.564,12,14,-34.6,35.7,136,138
2025-09-20,OEC,SKV (S),17,8,1082,774,0.855,0.040,0.105,13,8,10.1,-11.1,139,147
2025-09-20,ONDO (G),Korbis,21,19,1931,1860,0.613,0.058,0.329,17,15,-0.7,0.8,137,139
2025-09-20,OZC,ADO,14,14,1517,1501,0.532,0.068,0.400,14,13,-5.4,5.4,137,137
2025-09-20,Oranje Zwart,Zwart Wit,13,13,1454,1485,0.469,0.062,0.470,15,16,0.0,-0.0,148,137
2025-09-20,PKC,TOP (A),22,15,2550,2048,0.948,0.015,0.038,22,11,-8.0,7.7,136,134
2025-09-20,Paal Centraal,Dijkvogels,15,15,1406,1493,0.388,0.064,0.548,14,15,7.3,-6.7,148,142
2025-09-20,Pallas '08,Kinea / Udiros,15,16,1647,1659,0.495,0.064,0.440,16,15,-7.8,8.0,137,138
2025-09-20,Pernix,Avanti (P),17,16,1941,2105,0.291,0.055,0.654,15,18,19.9,-20.8,135,138
2025-09-20,Phoenix (Z),Haarlem,13,11,1695,1766,0.408,0.068,0.523,13,14,16.2,-16.6,136,137
2025-09-20,ROG,Harich,8,10,1474,1495,0.482,0.065,0.453,16,15,-12.1,12.1,135,135
2025-09-20,RWA,Refleks,12,18,1785,1751,0.561,0.061,0.378,17,15,-35.5,35.8,135,136
2025-09-20,Reehorst '45,HKC (He),22,17,1736,1690,0.581,0.054,0.365,20,18,14.4,-14.0,139,137
2025-09-20,Reeuwijk,Vriendenschaar (B),13,14,1756,1714,0.571,0.062,0.366,16,14,-14.5,13.4,140,134
2025-09-20,Rivalen,SkunK,7,11,1167,1265,0.372,0.067,0.561,13,14,-15.5,15.5,141,141
2025-09-20,Rohda (A),HKV / Ons Eibernest,19,9,1899,1849,0.582,0.062,0.356,16,14,28.2,-28.3,132,132
2025-09-20,Rood Wit (W),Fortissimo,14,12,1642,1586,0.592,0.060,0.348,17,15,1.1,-1.1,139,142
2025-09-20,SCO,Nic,11,14,2110,2107,0.519,0.058,0.422,18,17,-19.7,19.0,140,138
2025-09-20,SDO (K),KIOS (N),21,11,1793,1814,0.481,0.066,0.453,15,14,36.8,-37.4,134,135
2025-09-20,SDO (V),OJC '98,29,11,1693,1347,0.881,0.030,0.088,18,10,12.2,-11.7,143,140
2025-09-20,SGV,Gemini,4,22,827,1221,0.091,0.040,0.869,6,12,-15.7,13.0,158,142
2025-09-20,Scheldevogels,Luctor,16,15,1066,1152,0.389,0.066,0.545,13,15,13.9,-12.8,148,142
2025-09-20,Sparta (Ze),Vitesse (Be),21,10,1355,1285,0.611,0.059,0.330,17,15,29.2,-31.7,138,144
2025-09-20,Sparta (Zw),Apeldoorn,16,15,1944,1932,0.529,0.062,0.408,16,15,0.6,-0.6,135,134
2025-09-20,Sporting Delta,DeetosSnel,12,20,2143,2318,0.276,0.056,0.668,14,17,-19.6,19.9,138,139
2025-09-20,Sporting Trigon,ALO,12,13,1763,1727,0.563,0.064,0.373,15,14,-13.1,12.5,134,131
2025-09-20,Sporting West,OKV,17,13,1547,1358,0.754,0.048,0.198,17,13,-1.6,1.6,137,138
2025-09-20,Stadskanaal '74,OKO,6,21,1496,1856,0.117,0.029,0.854,16,24,-12.0,12.5,137,140
2025-09-20,Swift (M),Tilburg,15,14,2012,1971,0.572,0.059,0.369,17,16,-2.7,3.1,134,143
2025-09-20,TOGO (G),KVK,15,15,1526,1487,0.568,0.062,0.370,16,15,-7.8,9.1,136,147
2025-09-20,TOP (V),Regio '72,13,14,1016,1109,0.377,0.069,0.553,12,13,0.9,-0.9,141,142
2025-09-20,Tempo,OVVO,19,10,1977,1990,0.491,0.067,0.442,15,14,35.4,-34.7,135,134
2025-09-20,Terda,Seolto,7,15,653,1100,0.068,0.032,0.899,6,12,-6.7,5.6,158,140
2025-09-20,Thrianta,Elko,19,18,1499,1437,0.602,0.058,0.341,18,16,-5.2,5.3,136,136
2025-09-20,Tjoba,Atlas,24,7,1764,1634,0.687,0.055,0.258,17,13,25.8,-27.6,135,140
2025-09-20,Triade,'t Capproen,14,12,1049,1197,0.303,0.069,0.628,10,12,32.1,-29.2,154,147
2025-09-20,Tweemaal Zes,Telstar,21,23,1926,1848,0.621,0.061,0.318,16,13,-23.5,24.3,136,138
2025-09-20,Unitas,AW.DTV,25,17,2311,2237,0.617,0.058,0.325,17,15,22.1,-20.3,134,128
2025-09-20,VEO,Trekvogels (R),10,10,1956,1735,0.790,0.039,0.170,21,15,-26.3,26.4,136,136
2025-09-20,VIKO,VZOD,13,19,1084,1325,0.203,0.056,0.741,10,14,-11.3,11.8,142,146
2025-09-20,Valto,BEP,26,12,2146,1872,0.833,0.037,0.130,19,12,13.7,-13.1,134,131
2025-09-20,Ventura Sport,Conventus,14,12,1215,1117,0.644,0.066,0.290,13,11,-1.9,1.6,149,143
2025-09-20,Viking,Tiel '72,12,12,1606,1722,0.349,0.064,0.587,13,15,10.0,-9.6,139,136
2025-09-20,Vriendenschaar (H),Rust Roest (E),17,12,1824,1750,0.616,0.060,0.324,16,14,13.9,-13.8,138,137
2025-09-20,WION,Twist,14,14,1495,1538,0.447,0.072,0.481,11,12,1.4,-1.4,139,139
2025-09-20,WK,Westergo,15,13,633,1180,0.040,0.019,0.941,7,16,80.2,-61.9,166,148
2025-09-20,WWC,Emmeloord,14,7,1546,1477,0.609,0.061,0.330,16,14,21.4,-21.2,136,136
2025-09-20,Wageningen,DVO,16,14,2234,2526,0.163,0.038,0.798,15,21,39.5,-35.2,140,132
2025-09-20,Wesstar,Arena,16,8,1322,1325,0.506,0.068,0.425,14,13,35.6,-32.6,142,136
2025-09-20,Wit Blauw,Spirit (Vo),16,17,2066,2210,0.318,0.051,0.630,18,21,8.8,-8.0,147,141
2025-09-20,Wolderwijd,Revival,10,9,1470,1334,0.692,0.060,0.248,14,11,-12.7,12.0,140,137
2025-09-20,ZKC '19,Heerenveen,18,18,1947,1967,0.487,0.061,0.452,17,16,-1.3,1.4,133,135
2025-09-20,Zuid '27,Olympia (S),24,8,1600,1094,0.948,0.015,0.036,20,10,5.8,-5.7,147,146
2025-09-20,Zunobri,WIK '34,13,18,1089,977,0.662,0.064,0.274,14,11,-56.9,53.5,160,155
2025-09-20,Zwaluwen (Ze),Devinco,17,16,1713,1600,0.666,0.057,0.277,17,13,-10.7,10.7,140,140
2025-09-21,FSC,Eymerick,12,10,1025,1018,0.514,0.081,0.405,10,9,15.0,-12.6,179,162
2025-09-21,Maastricht,Mariarade,18,6,1136,635,0.945,0.018,0.036,15,6,7.8,-10.1,167,199
2025-09-21,Samen Een,Forward,14,10,746,644,0.645,0.072,0.283,11,9,23.0,-18.9,210,185
2025-09-22,It Fean,Olympia (T),24,10,1522,1364,0.720,0.056,0.224,15,11,24.8,-24.6,141,140
2025-09-23,DeetosSnel,PKC,17,16,2338,2542,0.245,0.049,0.706,15,20,23.1,-24.1,133,135
2025-09-23,Huizen,Koveni,10,6,1197,1249,0.435,0.071,0.495,12,13,27.2,-25.5,142,138
2025-09-23,Tilburg,KOAG,19,16,1973,1933,0.572,0.059,0.369,17,16,7.2,-7.2,135,135
2025-09-24,Maastricht,FSC,11,18,1144,1040,0.653,0.063,0.283,14,11,-66.9,66.5,164,164
2025-09-24,Oost Arnhem,Wit Blauw,17,19,2045,2075,0.472,0.058,0.469,19,18,-10.6,10.4,140,139
2025-09-24,Triade,Oranje Zwart (M),7,11,1081,1130,0.439,0.072,0.489,11,12,-23.5,24.1,145,147
2025-09-24,Ventura Sport,Springfield,10,9,1213,1131,0.624,0.066,0.310,14,11,-6.7,7.0,142,144
2025-09-25,Aurora / DKV (IJ),Oosterkwartier (H),12,14,1271,1468,0.250,0.059,0.692,11,15,6.0,-6.7,136,143
2025-09-25,KZ,KVZ '23,24,15,2350,2053,0.852,0.032,0.116,21,14,4.7,-5.2,127,136
2025-09-27,'t Capproen,Oranje Zwart (M),13,10,1168,1153,0.527,0.076,0.397,11,10,14.6,-14.2,141,139
2025-09-27,ACKC,DVS '69,14,17,1666,1684,0.486,0.065,0.449,16,15,-17.2,17.7,134,136
2025-09-27,AVO,Apeldoorn,19,13,1995,1931,0.605,0.056,0.339,19,16,15.5,-15.3,131,129
2025-09-27,Ados,Sporting West,10,18,1253,1545,0.160,0.047,0.793,10,15,-10.6,10.8,132,133
2025-09-27,Albatros,Kinderdijk,16,10,1988,1961,0.553,0.060,0.387,17,16,20.5,-20.2,133,132
2025-09-27,Amicitia (V),Exakwa,18,16,1797,1777,0.542,0.060,0.398,17,16,4.2,-4.4,129,132
2025-09-27,Animo (G),Viking,21,20,1738,1616,0.678,0.057,0.265,16,13,-10.5,10.9,131,134
2025-09-27,Antilopen,DOT (O),17,18,1833,1905,0.411,0.060,0.528,16,17,-0.5,0.5,131,130
2025-09-27,Attila,PSV,10,17,1229,1297,0.415,0.067,0.519,13,14,-28.6,26.7,135,130
2025-09-27,BEP,OVVO,12,13,1858,1954,0.375,0.067,0.559,13,14,1.4,-1.4,129,129
2025-09-27,Badhoevedorp,DTS (E),18,10,1463,1387,0.615,0.068,0.318,13,11,24.5,-24.7,133,134
2025-09-27,Blauw Wit (K),TOGO (G),11,16,1513,1518,0.505,0.063,0.431,16,15,-28.9,26.1,139,131
2025-09-27,Blauw Zwart,HHV,9,23,1324,1574,0.198,0.046,0.756,14,19,-19.9,20.7,136,139
2025-09-27,Conventus,Springfield,9,12,1118,1137,0.480,0.075,0.445,12,11,-20.4,20.3,137,137
2025-09-27,DKB,SKV (S),18,7,1169,762,0.911,0.028,0.061,14,6,7.8,-8.1,142,145
2025-09-27,DKV Victoria,EKVA,20,22,1546,1646,0.372,0.064,0.564,14,15,-3.5,3.6,136,137
2025-09-27,DOS '46,Wit Blauw,29,12,2474,2085,0.907,0.022,0.072,23,14,8.0,-8.0,132,132
2025-09-27,DOS (W),Noveas,10,16,1587,1212,0.896,0.029,0.075,14,7,-88.2,80.9,154,148
2025-09-27,DOS Kampen,ASVD,16,18,1826,1840,0.493,0.059,0.447,18,17,-11.3,11.4,131,132
2025-09-27,DOS-WK,KVZ,19,14,1759,1768,0.500,0.061,0.439,18,17,21.4,-19.5,135,129
2025-09-27,DSC,DVO,18,19,2294,2489,0.257,0.048,0.695,17,21,11.9,-12.2,129,130
2025-09-27,DSO (A),Stormvogels (U),9,15,1093,1125,0.460,0.076,0.464,10,11,-33.5,35.7,140,145
2025-09-27,DSO (K),KVK,14,16,1564,1496,0.605,0.066,0.329,14,12,-22.1,24.4,133,140
2025-09-27,DTG,De Hoeve,18,13,1331,1227,0.652,0.064,0.284,14,11,12.4,-12.5,134,135
2025-09-27,Dalto,Unitas,21,22,2331,2334,0.510,0.058,0.432,19,18,-7.5,7.6,129,130
2025-09-27,De Granaet,DTL,16,10,1718,1624,0.643,0.057,0.300,17,14,14.4,-14.9,133,136
2025-09-27,De Pein,Thrianta,26,13,1525,1494,0.558,0.059,0.383,18,16,32.7,-32.3,132,131
2025-09-27,DeetosSnel,TOP (A),24,18,2360,2056,0.855,0.035,0.110,18,11,-0.9,1.2,128,135
2025-09-27,Devinco,HKC (He),16,21,1611,1676,0.420,0.063,0.517,15,16,-21.0,19.9,135,132
2025-09-27,Die Haghe,Fiks,26,25,2337,2169,0.737,0.043,0.220,22,17,-15.2,16.1,129,133
2025-09-27,Dijkvogels,Olympia (S),26,10,1486,1087,0.908,0.026,0.066,17,9,8.6,-9.8,136,146
2025-09-27,Dindoa,NKC '51,26,15,1972,1941,0.557,0.059,0.384,18,16,30.4,-30.8,131,132
2025-09-27,Drachten,ZKC '19,19,11,1876,1946,0.413,0.061,0.526,16,17,35.2,-34.7,129,128
2025-09-27,Duko,Wesstar,8,12,1346,1358,0.494,0.068,0.438,14,13,-23.8,24.3,135,136
2025-09-27,Dunas,DES (De),7,23,1487,1748,0.188,0.045,0.767,14,19,-19.9,19.6,136,135
2025-09-27,EKC 2000,Regio '72,6,19,1044,1108,0.417,0.072,0.512,12,13,-39.6,38.6,138,136
2025-09-27,ESDO,Madjoe,11,17,1242,1449,0.238,0.058,0.704,11,15,-12.0,12.5,135,138
2025-09-27,Elburg,Fortissimo,17,16,1667,1584,0.626,0.061,0.313,16,13,-6.6,7.0,132,136
2025-09-27,Emmeloord,Joure,12,12,1454,1440,0.531,0.067,0.402,14,13,-4.9,4.8,131,130
2025-09-27,Excelsior (D),ALO,12,15,1847,1739,0.661,0.057,0.282,17,14,-29.4,28.2,129,127
2025-09-27,Fiducia,Sporting Trigon,15,16,1812,1749,0.600,0.062,0.338,16,14,-15.2,15.0,130,129
2025-09-27,Fluks (N),Rapid (H),12,7,1552,1498,0.586,0.067,0.347,14,12,16.5,-16.3,131,131
2025-09-27,Fortis,Vriendenschaar (H),13,14,1973,1837,0.695,0.055,0.250,17,13,-23.6,23.0,134,132
2025-09-27,Fortuna (D),Achilles (H),27,14,2495,2083,0.916,0.021,0.063,21,12,5.7,-5.7,131,131
2025-09-27,Furore,HBC (Be),13,12,1464,1483,0.481,0.071,0.448,14,13,4.5,-4.6,132,133
2025-09-27,GKV (G),Maassluis,17,16,2028,1895,0.693,0.051,0.256,19,15,-12.0,12.1,132,132
2025-09-27,GKV,Luno,16,13,1600,1521,0.625,0.056,0.320,18,15,2.6,-2.7,129,131
2025-09-27,HKC (Ha),Wageningen,19,17,2287,2272,0.535,0.060,0.405,17,16,4.6,-5.3,126,137
2025-09-27,HKV / Ons Eibernest,KIOS (N),22,20,1819,1776,0.574,0.060,0.365,17,15,2.0,-2.1,127,129
2025-09-27,Haarlem,Velocitas (L),12,12,1748,1810,0.424,0.064,0.512,14,15,3.3,-3.4,132,134
2025-09-27,Harich,Kinea / Udiros,8,16,1506,1667,0.291,0.061,0.648,12,15,-20.0,20.7,130,133
2025-09-27,Helios,OKV,12,19,1349,1360,0.493,0.069,0.437,14,13,-35.3,35.1,134,134
2025-09-27,Hellas '63,RDZ,22,9,1592,1378,0.779,0.047,0.174,17,12,19.5,-17.3,142,132
2025-09-27,Hoogkerk,Stadskanaal '74,19,17,1630,1482,0.711,0.051,0.239,18,14,-8.3,8.7,132,135
2025-09-27,IFC '25,CSL,19,27,1846,2028,0.271,0.050,0.680,17,20,-15.2,15.1,131,131
2025-09-27,It Fean,DWA / Argo,24,14,1549,1316,0.798,0.043,0.159,18,12,13.2,-12.8,136,133
2025-09-27,Juliana,Tjoba,17,16,1806,1791,0.533,0.065,0.402,15,14,0.4,-0.4,133,131
2025-09-27,KCD,Arena,8,16,1287,1291,0.503,0.070,0.427,14,13,-38.5,37.0,134,131
2025-09-27,KIOS (R),Sparta (Zw),21,14,2011,1944,0.608,0.057,0.335,18,16,18.2,-18.6,129,130
2025-09-27,KVA,AW.DTV,19,15,2046,2216,0.283,0.055,0.663,15,18,36.0,-30.6,135,124
2025-09-27,KVS '17,OEC,7,15,849,1093,0.199,0.056,0.745,10,14,-19.4,16.0,153,137
2025-09-27,KVS,Blauw Wit,12,23,2183,2469,0.168,0.041,0.791,14,20,-14.4,12.6,137,127
2025-09-27,KVW '22,Flamingo's (B),16,24,1686,1910,0.223,0.049,0.727,14,18,-13.6,13.8,133,134
2025-09-27,KZ Danaiden,Apollo,18,7,1561,1382,0.740,0.057,0.203,14,10,19.0,-20.6,131,137
2025-09-27,Keep Fit '70,Scheldevogels,20,10,1226,1081,0.708,0.050,0.242,19,15,21.5,-20.6,144,141
2025-09-27,Korbis,Avanti (P),17,20,1861,2083,0.226,0.048,0.726,15,19,5.1,-5.0,134,133
2025-09-27,Koveni,Huizen,12,25,1222,1223,0.507,0.071,0.423,13,12,-42.9,45.3,131,135
2025-09-27,Lemmer,De Corvers,8,17,913,1107,0.258,0.047,0.695,17,21,-23.7,18.1,164,140
2025-09-27,MIA,Heerenveen,9,16,1832,1968,0.325,0.058,0.617,15,17,-19.0,18.3,132,130
2025-09-27,Movado,Merwede,15,26,1665,1842,0.274,0.057,0.669,14,17,-23.0,23.5,131,133
2025-09-27,NIO,Korbatjo,12,11,1649,1481,0.732,0.050,0.218,18,13,-15.8,14.9,136,132
2025-09-27,NKV,EKCA,13,6,1353,1321,0.555,0.066,0.378,14,13,24.9,-24.5,132,131
2025-09-27,NRC '22,Juventa,12,19,1975,1825,0.714,0.049,0.237,19,15,-48.2,48.8,131,132
2025-09-27,Nexus,Erasmus,17,11,1400,1494,0.377,0.067,0.556,13,14,35.8,-37.4,132,136
2025-09-27,Nieuwerkerk,KCC,13,17,2206,2223,0.486,0.064,0.449,16,15,-21.1,21.5,131,133
2025-09-27,Noordenveld,Ritola,13,17,1974,1961,0.535,0.057,0.408,19,18,-22.6,22.1,131,129
2025-09-27,Nova,Rood Wit (W),19,14,1786,1643,0.703,0.054,0.243,17,13,6.9,-6.8,134,134
2025-09-27,Noviomagum,Tiel '72,15,25,1836,1712,0.682,0.054,0.264,18,14,-54.4,52.9,133,131
2025-09-27,ODIK,Tweemaal Zes,7,24,1670,1903,0.213,0.050,0.736,13,17,-21.2,21.2,132,132
2025-09-27,OJC '98,Ready '60,11,10,1335,1412,0.398,0.074,0.529,11,12,12.0,-11.8,138,137
2025-09-27,ONDO (G),Pernix,18,14,1931,1961,0.469,0.063,0.468,17,16,19.4,-19.0,132,131
2025-09-27,ONDO (M),Atlas,12,8,1839,1605,0.799,0.042,0.159,18,12,-5.2,5.5,132,135
2025-09-27,Oerterp,Olympia (T),16,11,1234,1338,0.361,0.070,0.570,12,13,35.0,-35.7,134,135
2025-09-27,Oost Arnhem,Spirit (Vo),16,31,2034,2201,0.287,0.051,0.661,17,20,-26.1,27.2,132,135
2025-09-27,Oranje Zwart,Achilles (A) / AKC,17,13,1454,1394,0.598,0.057,0.345,18,16,10.3,-9.3,140,133
2025-09-27,Paal Centraal,Zuid '27,15,19,1413,1607,0.255,0.051,0.693,15,19,-2.6,2.7,141,147
2025-09-27,Phoenix (Z),Atlantis,15,14,1711,1547,0.728,0.050,0.221,18,13,-14.3,15.6,130,136
2025-09-27,Quick '21 / Vlug en Vaardig (G),De Wâlden,19,18,1617,1757,0.317,0.060,0.623,14,16,17.0,-17.1,131,131
2025-09-27,ROG,Pallas '08,13,25,1460,1639,0.272,0.054,0.674,14,18,-23.0,23.4,130,131
2025-09-27,RWA,ODO (M),19,12,1749,1566,0.747,0.051,0.202,16,12,10.2,-10.3,130,131
2025-09-27,Reeuwijk,IJsselvogels,13,19,1740,1718,0.545,0.062,0.393,16,15,-33.9,32.3,134,131
2025-09-27,Refleks,Weidevogels,18,14,1787,1738,0.581,0.062,0.357,16,14,11.2,-11.5,131,133
2025-09-27,Revival,Hebbes,13,7,1345,1268,0.615,0.068,0.317,13,11,19.0,-20.0,133,137
2025-09-27,Rivalen,Olympia '22,18,13,1150,1009,0.699,0.058,0.242,15,11,8.6,-9.7,135,145
2025-09-27,Rohda (A),SDO (K),15,11,1927,1831,0.643,0.061,0.295,15,13,7.0,-7.1,127,129
2025-09-27,SDO (V),Kesteren,15,7,1707,1334,0.898,0.025,0.077,20,12,0.0,-0.2,142,135
2025-09-27,SDO (W),Rheko,11,18,1200,1380,0.264,0.069,0.667,9,11,-21.8,19.5,141,133
2025-09-27,SKF,De Meeuwen,16,13,2000,2018,0.485,0.065,0.450,16,15,13.9,-13.9,131,130
2025-09-27,SkunK,SEV (Z),7,10,1280,964,0.861,0.036,0.103,16,9,-50.6,59.8,135,146
2025-09-27,Spannum,Lintjo,18,11,1422,1342,0.622,0.062,0.316,16,13,20.4,-20.9,135,136
2025-09-27,Sparta (N),HKC (U),16,17,1544,1515,0.554,0.064,0.383,16,14,-13.0,12.5,139,136
2025-09-27,Sparta (Ze),Roreko,20,12,1385,1294,0.640,0.057,0.303,17,15,20.1,-20.3,133,134
2025-09-27,Sporting Delta,PKC,12,21,2122,2517,0.096,0.027,0.877,14,22,-2.6,2.6,133,130
2025-09-27,Swift (M),KOAG,13,13,2009,1925,0.630,0.057,0.314,18,15,-11.8,11.7,129,129
2025-09-27,Swift,RODA (W),12,12,1774,1676,0.648,0.057,0.294,17,14,-14.5,13.4,136,131
2025-09-27,TOP (S),Groen Geel,20,14,2358,2229,0.687,0.055,0.258,17,13,10.5,-10.6,127,128
2025-09-27,Terda,Focus,8,12,646,987,0.122,0.045,0.833,8,13,5.9,-4.7,156,143
2025-09-27,Tilburg,Oranje Wit (D),19,16,1981,2017,0.465,0.055,0.481,19,20,13.2,-13.6,129,131
2025-09-27,Trekvogels (R),De Vinken,21,19,1760,1833,0.411,0.056,0.533,18,19,14.1,-14.6,133,136
2025-09-27,Triade,Nikantes,15,9,1056,784,0.828,0.044,0.128,14,9,4.0,-4.5,137,151
2025-09-27,Twist,ADO,13,20,1536,1506,0.549,0.074,0.377,12,11,-41.0,40.0,133,132
2025-09-27,VDDO,OKO,9,20,1587,1869,0.171,0.040,0.789,15,21,-13.6,14.5,133,137
2025-09-27,VEO,De Meervogels,16,14,1929,1838,0.638,0.059,0.303,16,14,-2.4,2.2,133,130
2025-09-27,VIKO,SGV,11,6,1073,810,0.820,0.046,0.134,14,8,1.1,-0.8,138,155
2025-09-27,VZOD,Gemini,14,15,1337,1235,0.647,0.069,0.284,12,10,-22.9,22.5,141,140
2025-09-27,Valto,Tempo,18,16,2161,2012,0.712,0.050,0.238,18,14,-8.6,8.2,133,130
2025-09-27,Ventura Sport,Good Luck,16,16,1206,1411,0.242,0.054,0.705,13,17,18.6,-19.9,135,139
2025-09-27,Victum,Synergo,21,13,1930,1944,0.493,0.062,0.444,17,16,30.8,-29.4,132,129
2025-09-27,Vitesse (Ba),Rust Roest (E),19,15,1927,1735,0.758,0.048,0.195,17,13,-1.9,2.0,130,132
2025-09-27,Vitesse (Be),SDO (S),17,14,1252,1322,0.414,0.060,0.526,16,17,20.0,-21.3,138,142
2025-09-27,Vriendenschaar (B),KCR,14,14,1727,1790,0.423,0.062,0.515,15,16,3.4,-3.5,130,130
2025-09-27,WIK '34,DTS (S) / Harkema,6,21,1032,1380,0.120,0.038,0.842,10,16,-16.3,15.2,148,142
2025-09-27,WION,OZC,16,13,1496,1511,0.490,0.066,0.445,15,14,14.1,-13.9,133,132
2025-09-27,WK,De Waterpoort,13,17,715,1180,0.064,0.025,0.911,9,18,20.0,-15.3,165,147
2025-09-27,WSS,Elko,17,16,1380,1442,0.425,0.060,0.516,16,17,8.4,-8.4,131,131
2025-09-27,WWC,Leeuwarden,18,14,1567,1475,0.639,0.058,0.303,17,14,6.7,-6.7,132,131
2025-09-27,Westergo,SF Deinum,13,11,1118,767,0.883,0.033,0.084,15,8,-24.1,29.1,148,161
2025-09-27,Wez Handich,De Parabool,19,18,1887,1824,0.603,0.056,0.341,19,17,-5.1,5.3,131,133
2025-09-27,Wolderwijd,DWS (K),8,7,1456,1353,0.649,0.068,0.284,12,10,-8.3,8.0,136,133
2025-09-27,Woudenberg,Telstar,15,18,1795,1873,0.401,0.062,0.537,15,16,-9.5,10.0,129,133
2025-09-27,Zaamslag,Luctor,26,16,1436,1139,0.851,0.032,0.117,21,13,8.5,-7.8,143,136
2025-09-27,Zunobri,MN en W,16,24,1032,1256,0.221,0.054,0.724,12,16,-19.6,16.8,152,139
2025-09-27,Zwaluwen (Ze),Reehorst '45,10,15,1702,1751,0.446,0.056,0.498,18,19,-20.3,19.8,135,134
2025-09-27,Zwart Wit,Keizer Karel,10,18,1485,1431,0.586,0.064,0.350,15,13,-42.7,45.7,132,136
2025-09-28,FSC,Maastricht,14,11,1108,1077,0.552,0.069,0.379,13,12,13.1,-13.2,154,154
2025-09-28,Koru,Vefo,11,12,1084,960,0.675,0.066,0.259,12,10,-44.8,31.8,204,172
2025-09-28,Nic,LDODK,18,43,2125,2511,0.101,0.028,0.871,15,23,-11.6,12.0,132,135
2025-09-30,DSC,HKC (Ha),22,17,2306,2292,0.535,0.059,0.406,18,17,15.9,-15.0,124,121
2025-09-30,Groen Geel,KVZ '23,18,13,2217,2047,0.736,0.047,0.216,19,14,2.5,-2.8,123,133
2025-09-30,LDODK,Mid Fryslân,23,18,2527,2278,0.816,0.033,0.151,24,17,-5.8,5.7,132,131
2025-09-30,Seolto,Voltreffers (O),16,9,1106,945,0.719,0.062,0.220,13,9,17.0,-17.0,141,141
2025-09-30,TOP (S),KZ,15,20,2368,2356,0.532,0.060,0.408,17,16,-24.5,25.5,123,125
2025-10-01,SDO (S),Vitesse (Be),23,9,1301,1273,0.554,0.058,0.388,18,16,34.6,-32.9,135,131
2025-10-02,Sparta (N),Hellas '63,17,16,1531,1612,0.397,0.062,0.541,15,16,10.7,-11.5,132,137
2025-10-02,Wiko,DLKV,7,11,477,908,0.075,0.033,0.892,7,14,14.9,-19.0,217,235
2025-10-04,ADO,WION,13,10,1547,1511,0.560,0.069,0.370,13,12,9.0,-9.1,127,128
2025-10-04,ALO,Fiducia,6,9,1767,1796,0.469,0.065,0.466,16,15,-13.9,14.5,124,126
2025-10-04,ASVD,Amicitia (V),13,13,1852,1801,0.585,0.059,0.356,18,16,-8.3,8.1,127,125
2025-10-04,AW.DTV,Dalto,10,13,2185,2323,0.323,0.054,0.623,16,19,-2.2,2.2,122,125
2025-10-04,Achilles (A) / AKC,Zwart Wit,12,9,1385,1441,0.428,0.069,0.502,12,13,18.5,-18.2,129,127
2025-10-04,Achilles (H),Nieuwerkerk,7,7,2077,2183,0.363,0.060,0.577,15,17,8.3,-7.7,131,127
2025-10-04,Apeldoorn,KIOS (R),16,14,1915,2030,0.355,0.052,0.593,19,21,16.6,-16.5,125,125
2025-10-04,Apollo,Dunas,7,13,1361,1465,0.363,0.064,0.573,14,15,-20.4,20.3,133,133
2025-10-04,Arena,Duko,13,15,1328,1322,0.520,0.066,0.414,15,14,-13.8,14.5,126,130
2025-10-04,Atlantis,Haarlem,16,20,1562,1751,0.260,0.054,0.686,14,18,-3.1,2.9,132,127
2025-10-04,Atlas,Juliana,13,10,1609,1807,0.250,0.054,0.695,13,17,33.7,-31.5,133,128
2025-10-04,Avanti (P),ONDO (G),14,9,2079,1950,0.686,0.055,0.259,17,14,7.3,-7.0,130,127
2025-10-04,CSL,Noordenveld,17,8,2045,1951,0.646,0.051,0.304,21,18,18.4,-18.3,127,126
2025-10-04,DES (De),KZ Danaiden,13,12,1769,1580,0.754,0.049,0.197,17,12,-16.8,15.7,132,128
2025-10-04,DOT (O),Victum,25,12,1906,1962,0.435,0.057,0.507,18,19,38.0,-39.3,125,128
2025-10-04,DTL,Quick '21 / Vlug en Vaardig (G),18,12,1608,1634,0.475,0.064,0.461,16,15,26.6,-25.0,131,127
2025-10-04,DTS (E),Furore,14,17,1361,1468,0.357,0.071,0.571,11,13,-9.0,8.7,130,128
2025-10-04,DTS (S) / Harkema,Zunobri,31,10,1397,1013,0.903,0.024,0.073,21,12,9.9,-10.7,140,146
2025-10-04,DVO,HKC (Ha),12,12,2477,2276,0.770,0.042,0.188,21,15,-22.3,18.7,127,116
2025-10-04,DVS '69,Movado,11,12,1702,1642,0.598,0.058,0.344,17,15,-14.6,14.0,130,127
2025-10-04,DWA / Argo,Oerterp,14,13,1303,1269,0.559,0.064,0.377,15,14,-1.5,1.5,131,129
2025-10-04,DWS (K),Revival,13,12,1360,1364,0.500,0.076,0.424,12,11,3.2,-3.2,129,129
2025-10-04,De Corvers,DOS (W),11,7,1126,1498,0.107,0.033,0.860,9,17,53.5,-68.0,136,152
2025-10-04,De Meervogels,Trekvogels (R),14,11,1839,1775,0.606,0.056,0.339,19,16,3.6,-3.7,127,128
2025-10-04,De Meeuwen,Dindoa,11,10,2003,2003,0.513,0.062,0.425,17,16,1.6,-1.7,126,127
2025-10-04,De Parabool,KVW '22,19,10,1830,1672,0.721,0.050,0.229,18,14,15.1,-15.4,129,130
2025-10-04,De Vinken,VEO,14,13,1819,1926,0.363,0.058,0.579,16,18,13.1,-12.7,131,129
2025-10-04,De Waterpoort,Westergo,13,7,1165,1094,0.611,0.062,0.327,15,13,20.7,-20.7,146,146
2025-10-04,De Wâlden,De Granaet,8,17,1741,1733,0.525,0.062,0.413,17,16,-36.6,37.6,127,129
2025-10-04,EKCA,Attila,11,8,1295,1200,0.643,0.059,0.298,16,14,2.1,-2.1,127,130
2025-10-04,EKVA,Swift,10,16,1650,1759,0.361,0.058,0.581,16,18,-17.8,17.7,132,131
2025-10-04,Elko,De Pein,12,12,1434,1560,0.339,0.056,0.605,16,19,9.6,-9.7,127,127
2025-10-04,Erasmus,NIO,11,14,1456,1632,0.273,0.058,0.669,13,16,-0.7,0.7,131,132
2025-10-04,Exakwa,DOS Kampen,12,16,1773,1814,0.456,0.057,0.487,18,19,-15.7,15.6,127,127
2025-10-04,Fiks,KVS,18,11,2186,2168,0.543,0.055,0.402,20,19,21.6,-22.9,129,134
2025-10-04,Flamingo's (B),Wez Handich,23,15,1925,1882,0.576,0.056,0.368,19,17,22.9,-21.6,131,127
2025-10-04,Focus,Seolto,10,11,982,1124,0.312,0.069,0.619,10,12,6.3,-5.7,141,135
2025-10-04,Fortissimo,Nova,12,10,1592,1793,0.246,0.054,0.700,13,17,28.3,-28.0,131,130
2025-10-04,Gemini,VIKO,14,8,1258,1073,0.747,0.056,0.198,14,10,9.7,-9.8,135,136
2025-10-04,Good Luck,Conventus,20,4,1391,1097,0.847,0.036,0.116,17,11,13.3,-12.8,135,132
2025-10-04,Groen Geel,KZ,2,9,2219,2381,0.293,0.055,0.652,15,18,-13.4,13.5,120,120
2025-10-04,HBC (Be),Badhoevedorp,6,3,1478,1488,0.495,0.068,0.437,15,14,13.1,-13.3,128,129
2025-10-04,HHV,SDO (W),27,3,1596,1177,0.918,0.023,0.059,18,9,7.9,-8.0,135,136
2025-10-04,HKC (He),Zwaluwen (Ze),18,14,1697,1681,0.536,0.060,0.404,17,16,12.9,-13.6,127,130
2025-10-04,HKC (U),Hellas '63,12,16,1528,1601,0.409,0.061,0.530,16,17,-14.4,14.2,131,130
2025-10-04,Hebbes,Wolderwijd,13,13,1247,1447,0.245,0.060,0.694,11,14,17.6,-17.5,132,131
2025-10-04,Heerenveen,Drachten,16,16,1986,1911,0.618,0.058,0.324,17,15,-10.5,10.3,126,124
2025-10-04,Huizen,ESDO,14,5,1270,1230,0.565,0.073,0.363,12,11,29.0,-29.6,130,131
2025-10-04,IJsselvogels,Vriendenschaar (B),10,10,1751,1730,0.543,0.061,0.396,17,16,-5.3,5.2,126,125
2025-10-04,Joure,WWC,9,19,1444,1574,0.331,0.060,0.609,14,17,-24.2,24.8,126,128
2025-10-04,Juventa,DOS-WK,17,11,1874,1781,0.645,0.053,0.302,19,16,12.1,-12.3,129,130
2025-10-04,KCC,Fortuna (D),9,13,2245,2502,0.192,0.045,0.764,14,19,3.2,-3.4,128,131
2025-10-04,KCR,Reeuwijk,12,10,1786,1706,0.625,0.058,0.318,17,15,-1.5,1.6,126,129
2025-10-04,KIOS (N),Rohda (A),10,10,1774,1934,0.296,0.056,0.648,14,17,12.7,-12.3,125,124
2025-10-04,KOAG,Tilburg,15,11,1936,1994,0.431,0.061,0.509,16,17,19.9,-19.9,125,125
2025-10-04,KVK,Blauw Wit (K),11,10,1520,1484,0.563,0.065,0.371,15,13,-1.9,1.8,135,133
2025-10-04,KVZ '23,TOP (S),12,15,2043,2343,0.156,0.039,0.804,14,20,11.2,-9.3,129,118
2025-10-04,KVZ,NRC '22,11,11,1748,1926,0.274,0.054,0.672,15,18,14.0,-14.9,124,128
2025-10-04,Keizer Karel,Oranje Zwart,9,12,1478,1465,0.534,0.057,0.409,19,18,-18.4,19.4,131,135
2025-10-04,Kesteren,OJC '98,10,3,1332,1346,0.488,0.072,0.440,13,12,32.0,-31.1,135,133
2025-10-04,Kinderdijk,GKV (G),3,7,1939,2016,0.404,0.064,0.533,15,16,-14.0,14.2,127,128
2025-10-04,Kinea / Udiros,ROG,12,9,1688,1437,0.812,0.044,0.144,16,10,-9.7,9.4,128,127
2025-10-04,Korbatjo,Nexus,17,16,1496,1436,0.596,0.062,0.342,16,14,-4.3,4.2,129,128
2025-10-04,LDODK,SCO,20,8,2521,2089,0.926,0.018,0.057,25,14,2.7,-2.9,129,137
2025-10-04,Leeuwarden,Emmeloord,14,10,1469,1448,0.540,0.066,0.394,15,14,14.1,-14.0,127,127
2025-10-04,Lintjo,DTG,11,11,1321,1344,0.478,0.066,0.456,15,14,-0.8,0.8,132,130
2025-10-04,Luctor,Keep Fit '70,10,13,1132,1249,0.352,0.056,0.592,17,19,-5.1,5.4,134,139
2025-10-04,Luno,Fluks (N),7,12,1517,1568,0.437,0.070,0.492,12,13,-22.1,22.1,127,127
2025-10-04,MN en W,WIK '34,9,5,1274,1014,0.818,0.047,0.136,13,8,-3.6,4.4,135,145
2025-10-04,Maassluis,Albatros,7,13,1907,2008,0.372,0.057,0.572,17,19,-17.2,17.0,128,128
2025-10-04,Merwede,ACKC,15,7,1867,1648,0.784,0.046,0.170,17,12,9.7,-9.7,129,129
2025-10-04,NKC '51,SKF,10,14,1910,2013,0.368,0.060,0.572,15,17,-10.8,10.6,127,126
2025-10-04,Nikantes,'t Capproen,8,16,779,1182,0.088,0.037,0.876,7,13,-7.3,6.4,147,135
2025-10-04,Noveas,Lemmer,20,11,1294,888,0.913,0.021,0.065,22,12,0.8,-0.7,147,155
2025-10-04,ODO (M),Refleks,9,17,1555,1799,0.202,0.051,0.746,12,16,-12.6,12.4,128,127
2025-10-04,OEC,DKB,10,14,1110,1178,0.411,0.070,0.518,12,13,-17.8,19.8,134,141
2025-10-04,OKO,Hoogkerk,16,12,1884,1623,0.824,0.038,0.139,19,13,-8.2,7.4,134,129
2025-10-04,OKV,Ados,15,9,1396,1242,0.715,0.054,0.231,16,12,9.4,-9.5,129,130
2025-10-04,OVVO,Valto,8,12,1952,2153,0.247,0.054,0.699,13,17,-2.3,2.3,125,129
2025-10-04,OZC,Twist,10,13,1497,1495,0.514,0.067,0.419,15,14,-18.3,18.8,127,129
2025-10-04,Olympia '22,SkunK,13,20,999,1228,0.217,0.053,0.730,12,16,-13.4,12.4,140,134
2025-10-04,Olympia (S),Paal Centraal,5,22,1077,1411,0.132,0.036,0.832,13,20,-16.8,15.0,145,136
2025-10-04,Olympia (T),It Fean,8,10,1302,1564,0.185,0.050,0.765,11,16,11.4,-11.9,130,133
2025-10-04,Oosterkwartier (H),DSO (A),13,6,1461,1059,0.910,0.025,0.065,17,9,-2.0,1.8,138,134
2025-10-04,Oranje Wit (D),Swift (M),12,12,2003,1996,0.526,0.055,0.419,20,19,-3.8,3.7,126,125
2025-10-04,Oranje Zwart (M),Triade,14,6,1138,1061,0.617,0.068,0.316,13,11,24.3,-25.0,133,135
2025-10-04,PKC,DeetosSnel,18,16,2520,2360,0.725,0.047,0.228,20,15,-9.7,9.2,130,127
2025-10-04,PSV,NKV,9,14,1324,1377,0.433,0.070,0.497,12,13,-21.3,22.0,126,128
2025-10-04,Pallas '08,Harich,13,15,1664,1484,0.747,0.046,0.207,19,14,-30.0,29.5,128,126
2025-10-04,Pernix,Korbis,14,7,1941,1866,0.620,0.055,0.325,19,16,16.2,-17.2,126,130
2025-10-04,RDZ,Sparta (N),5,22,1360,1542,0.264,0.061,0.674,11,14,-25.1,23.7,130,126
2025-10-04,RODA (W),DKV Victoria,14,8,1689,1544,0.704,0.057,0.239,15,12,10.5,-11.0,127,131
2025-10-04,Rapid (H),GKV,8,14,1480,1602,0.342,0.058,0.600,15,17,-15.6,15.3,127,126
2025-10-04,Ready '60,SDO (V),10,20,1399,1707,0.148,0.042,0.810,11,17,-12.0,13.3,132,140
2025-10-04,Reehorst '45,Devinco,17,12,1770,1590,0.748,0.045,0.207,20,15,1.2,-1.2,129,130
2025-10-04,Regio '72,SIOS / Leonidas,12,18,1148,1365,0.225,0.061,0.714,10,13,-11.9,13.9,131,143
2025-10-04,Rheko,Blauw Zwart,5,7,1400,1303,0.644,0.062,0.294,15,12,-23.9,25.1,129,132
2025-10-04,Ritola,IFC '25,18,14,1983,1831,0.716,0.048,0.236,20,16,-0.2,0.3,125,127
2025-10-04,Rood Wit (W),Elburg,8,14,1636,1660,0.476,0.066,0.458,16,15,-28.0,27.3,130,128
2025-10-04,Roreko,Vitesse (Be),11,10,1273,1239,0.559,0.065,0.376,15,14,-1.5,1.4,129,125
2025-10-04,Rust Roest (E),Fortis,11,13,1737,1949,0.233,0.055,0.712,12,16,7.4,-7.6,129,130
2025-10-04,SDO (K),HKV / Ons Eibernest,19,11,1823,1822,0.511,0.067,0.422,15,14,28.0,-27.2,125,123
2025-10-04,SDO (S),Sparta (Ze),16,15,1337,1406,0.416,0.058,0.526,17,18,8.6,-8.7,128,128
2025-10-04,SEV (Z),Rivalen,6,4,1024,1160,0.317,0.071,0.611,10,12,27.7,-23.1,144,131
2025-10-04,SF Deinum,WK,7,8,796,735,0.591,0.074,0.335,11,10,-21.1,22.4,157,162
2025-10-04,SGV,VZOD,3,20,808,1314,0.049,0.024,0.926,6,14,-8.5,7.2,150,136
2025-10-04,SKV (S),KVS '17,8,6,753,829,0.395,0.083,0.523,8,9,21.0,-21.8,144,147
2025-10-04,Scheldevogels,Zaamslag,8,22,1060,1447,0.099,0.030,0.871,12,20,-10.9,11.5,136,141
2025-10-04,Sparta (Zw),AVO,9,13,1925,2011,0.388,0.065,0.546,14,15,-13.4,13.5,126,126
2025-10-04,Spirit (Vo),DOS '46,21,19,2231,2483,0.198,0.042,0.761,16,22,31.6,-31.9,131,132
2025-10-04,Sporting Trigon,Excelsior (D),15,7,1764,1817,0.436,0.064,0.500,14,15,32.6,-32.8,125,126
2025-10-04,Sporting West,Helios,12,7,1556,1313,0.804,0.047,0.148,14,9,1.1,-1.1,131,130
2025-10-04,Springfield,Ventura Sport,3,9,1157,1225,0.411,0.072,0.517,12,13,-25.8,25.5,132,131
2025-10-04,Stadskanaal '74,VDDO,15,17,1492,1573,0.399,0.059,0.543,17,18,-4.1,4.1,131,130
2025-10-04,Synergo,Antilopen,13,9,1913,1833,0.624,0.061,0.315,16,13,7.6,-7.8,125,127
2025-10-04,TOGO (G),DSO (K),13,12,1545,1541,0.516,0.065,0.419,15,14,1.6,-1.6,127,129
2025-10-04,TOP (A),Sporting Delta,15,13,2057,2118,0.423,0.065,0.511,14,15,14.2,-14.0,133,132
2025-10-04,TOP (V),EKC 2000,21,8,1017,1003,0.529,0.069,0.402,14,13,38.1,-35.4,138,132
2025-10-04,Telstar,ODIK,16,8,1883,1647,0.799,0.045,0.156,16,11,9.1,-9.1,129,129
2025-10-04,Tempo,BEP,14,12,2020,1859,0.725,0.052,0.223,17,13,-8.5,8.2,127,125
2025-10-04,Thrianta,WSS,15,11,1462,1389,0.616,0.057,0.327,18,15,7.5,-7.5,127,127
2025-10-04,Tiel '72,Animo (G),15,15,1766,1728,0.566,0.062,0.372,16,15,-7.1,7.0,128,127
2025-10-04,Tjoba,ONDO (M),14,9,1790,1833,0.450,0.066,0.484,14,15,23.9,-25.3,126,130
2025-10-04,Tweemaal Zes,Woudenberg,14,10,1925,1785,0.702,0.051,0.247,19,15,1.4,-1.3,129,125
2025-10-04,Unitas,KVA,19,16,2342,2082,0.823,0.037,0.140,20,13,-11.6,12.6,125,130
2025-10-04,Velocitas (L),Phoenix (Z),15,14,1806,1696,0.662,0.058,0.280,16,13,-9.1,8.9,129,127
2025-10-04,Viking,Noviomagum,8,16,1627,1782,0.300,0.060,0.641,13,16,-20.0,19.9,130,129
2025-10-04,Voltreffers (O),Terda,23,14,928,651,0.830,0.047,0.123,12,7,12.1,-14.8,135,151
2025-10-04,Vriendenschaar (H),Vitesse (Ba),7,7,1860,1925,0.419,0.063,0.517,15,16,3.6,-3.5,129,127
2025-10-04,Wageningen,DSC,12,11,2267,2322,0.435,0.059,0.506,17,18,7.7,-6.4,131,119
2025-10-04,Weidevogels,RWA,8,15,1726,1759,0.464,0.065,0.471,14,15,-29.0,28.7,128,128
2025-10-04,Wesstar,KCD,10,9,1382,1247,0.690,0.062,0.249,14,10,-11.1,10.7,131,129
2025-10-04,Wit Blauw,Oost Arnhem,19,18,2076,2007,0.611,0.055,0.334,19,16,-5.8,5.5,132,128
2025-10-04,ZKC '19,MIA,16,10,1910,1812,0.649,0.057,0.294,17,14,12.1,-12.9,124,128
2025-10-04,Zuid '27,Dijkvogels,12,7,1611,1496,0.666,0.061,0.273,15,12,11.7,-10.9,141,136
2025-10-05,Blauw Wit,Die Haghe,17,16,2482,2324,0.724,0.047,0.229,20,15,-13.4,13.7,125,127
2025-10-05,Goorecht,Club Brothers,7,25,633,1203,0.035,0.017,0.948,7,17,-19.4,9.3,266,161
2025-10-05,Maastricht,Eymerick,10,14,1064,1006,0.590,0.070,0.341,13,11,-37.1,41.7,146,155
2025-10-05,Mariarade,FSC,3,16,625,1121,0.051,0.028,0.921,5,12,-14.8,9.1,197,146
2025-10-05,Mid Fryslân,Nic,19,15,2284,2114,0.738,0.044,0.218,21,16,-2.2,2.3,128,131
2025-10-06,Kinea / Udiros,Pallas '08,14,9,1678,1634,0.573,0.063,0.364,15,14,14.8,-14.4,125,123
2025-10-07,Conventus,Ventura Sport,14,15,1084,1250,0.281,0.068,0.652,10,12,8.0,-7.4,129,125
2025-10-07,Olympia '22,SEV (Z),11,16,987,1051,0.416,0.073,0.511,11,12,-23.6,24.2,134,136
2025-10-07,Oranje Zwart,Keizer Karel,12,11,1484,1459,0.551,0.058,0.391,18,17,-1.2,1.1,128,125
2025-10-07,SCO,Mid Fryslân,14,19,2085,2282,0.253,0.049,0.697,16,20,-5.3,4.7,135,124
2025-10-07,Stormvogels (U),Aurora / DKV (IJ),8,7,1162,1277,0.344,0.074,0.582,10,11,17.0,-15.8,139,134
2025-10-08,SIOS / Leonidas,TOP (V),11,10,1381,1058,0.866,0.035,0.099,16,9,-27.8,25.2,137,131
2025-10-09,DVO,Wageningen,23,23,2454,2274,0.747,0.045,0.207,20,15,-19.4,20.0,124,126
2025-10-09,De Hoeve,Spannum,10,15,1215,1444,0.215,0.057,0.728,10,14,-6.7,6.7,133,132
2025-10-09,Madjoe,Koveni,14,3,1463,1179,0.839,0.038,0.123,17,11,11.5,-10.5,136,129
2025-10-11,'t Capproen,Triade,12,14,1190,1035,0.712,0.062,0.226,13,9,-32.8,31.1,134,131
2025-10-11,ACKC,Movado,17,8,1638,1656,0.483,0.070,0.448,14,13,32.9,-31.4,127,124
2025-10-11,ADO,OZC,9,13,1556,1478,0.618,0.065,0.317,14,12,-29.6,29.4,123,123
2025-10-11,ALO,Sporting Trigon,12,14,1751,1797,0.445,0.067,0.488,13,14,-7.9,8.0,120,122
2025-10-11,AVO,KIOS (R),21,21,2024,2013,0.530,0.058,0.412,18,17,-4.0,4.0,123,122
2025-10-11,AW.DTV,Unitas,13,11,2182,2331,0.307,0.057,0.635,15,17,19.1,-21.0,119,124
2025-10-11,Achilles (H),KCC,10,10,2084,2246,0.290,0.059,0.652,13,16,13.2,-13.0,127,126
2025-10-11,Amicitia (V),DOS Kampen,18,15,1809,1830,0.483,0.061,0.456,17,16,11.9,-12.1,122,123
2025-10-11,Apeldoorn,Sparta (Zw),23,12,1932,1910,0.542,0.063,0.394,16,14,28.4,-28.7,122,123
2025-10-11,Arena,Wesstar,16,17,1315,1370,0.429,0.070,0.501,12,13,-2.6,2.8,123,128
2025-10-11,Atlas,Tjoba,18,18,1643,1814,0.280,0.058,0.663,13,16,14.6,-13.1,129,122
2025-10-11,Attila,NKV,12,24,1198,1400,0.242,0.060,0.698,11,14,-21.2,20.3,126,124
2025-10-11,Avanti (P),Pernix,24,15,2086,1957,0.687,0.054,0.260,18,14,17.3,-16.4,126,123
2025-10-11,BEP,Valto,7,21,1867,2154,0.165,0.043,0.792,12,18,-14.3,15.0,123,126
2025-10-11,Blauw Wit,Fiks,32,17,2468,2208,0.824,0.034,0.142,23,16,11.8,-12.3,122,125
2025-10-11,DES (De),Apollo,16,8,1752,1339,0.915,0.025,0.061,17,8,0.9,-0.9,129,128
2025-10-11,DKB,KVS '17,18,9,1198,806,0.904,0.029,0.067,15,7,5.2,-5.5,135,140
2025-10-11,DOS-WK,NRC '22,15,21,1768,1910,0.317,0.055,0.628,16,19,-13.1,12.8,126,125
2025-10-11,DSO (A),Aurora / DKV (IJ),10,17,1060,1260,0.242,0.065,0.693,9,12,-17.4,16.1,134,128
2025-10-11,DSO (K),Blauw Wit (K),16,10,1540,1485,0.586,0.068,0.346,14,12,18.5,-19.4,125,128
2025-10-11,DTS (S) / Harkema,MN en W,26,11,1410,1270,0.699,0.054,0.246,17,13,25.9,-24.0,139,133
2025-10-11,DVS '69,Merwede,14,26,1687,1877,0.260,0.053,0.687,14,18,-21.0,21.1,126,127
2025-10-11,De Corvers,Noveas,17,22,1179,1296,0.354,0.049,0.597,20,23,-11.1,12.8,134,146
2025-10-11,De Meeuwen,NKC '51,20,14,2004,1899,0.657,0.059,0.284,16,13,12.2,-12.4,122,124
2025-10-11,De Parabool,Flamingo's (B),21,24,1846,1949,0.366,0.060,0.573,15,17,-6.4,6.5,126,127
2025-10-11,De Vinken,De Meervogels,24,24,1832,1843,0.496,0.064,0.440,16,15,-2.0,1.9,126,123
2025-10-11,De Wâlden,DTL,12,10,1703,1636,0.605,0.063,0.332,15,13,0.2,-0.2,123,126
2025-10-11,DeetosSnel,Sporting Delta,21,6,2369,2104,0.826,0.038,0.136,19,12,12.6,-13.2,124,127
2025-10-11,Devinco,Zwaluwen (Ze),12,17,1589,1668,0.399,0.065,0.536,14,15,-18.1,17.8,127,126
2025-10-11,Dijkvogels,Paal Centraal,18,8,1485,1428,0.592,0.062,0.346,16,14,27.4,-28.6,131,134
2025-10-11,Dunas,KZ Danaiden,17,21,1486,1596,0.356,0.064,0.580,13,15,-11.3,10.9,128,126
2025-10-11,EKC 2000,SIOS / Leonidas,14,23,968,1352,0.098,0.037,0.865,8,15,-7.2,7.9,128,134
2025-10-11,Elburg,Nova,12,12,1688,1765,0.400,0.069,0.532,13,14,4.6,-4.8,124,127
2025-10-11,Elko,Thrianta,22,17,1444,1470,0.476,0.062,0.463,17,16,20.2,-20.1,123,123
2025-10-11,Emmeloord,WWC,22,19,1434,1600,0.286,0.059,0.655,13,16,26.9,-27.4,123,124
2025-10-11,Exakwa,ASVD,14,17,1757,1844,0.390,0.060,0.550,16,17,-7.5,7.5,123,124
2025-10-11,Excelsior (D),Fiducia,19,16,1783,1810,0.472,0.066,0.462,16,15,13.4,-13.5,122,123
2025-10-11,Fluks (N),GKV,13,14,1590,1618,0.474,0.058,0.468,19,18,-4.5,4.4,123,122
2025-10-11,Fortissimo,Rood Wit (W),19,13,1620,1607,0.530,0.063,0.407,16,15,21.5,-20.9,128,126
2025-10-11,Fortuna (D),Nieuwerkerk,19,15,2498,2174,0.869,0.031,0.101,20,12,-11.2,10.2,128,123
2025-10-11,Furore,Badhoevedorp,18,16,1478,1473,0.512,0.076,0.412,12,11,7.7,-7.8,124,125
2025-10-11,GKV (G),Albatros,10,9,2028,2025,0.518,0.060,0.421,17,16,1.1,-1.1,124,124
2025-10-11,Gemini,SGV,23,8,1268,799,0.934,0.023,0.043,13,5,6.0,-7.4,132,149
2025-10-11,HBC (Be),DTS (E),9,5,1490,1353,0.694,0.058,0.248,15,12,3.5,-3.6,124,126
2025-10-11,HKC (He),Reehorst '45,16,17,1711,1772,0.428,0.056,0.516,18,19,-1.1,1.1,123,126
2025-10-11,HKV / Ons Eibernest,Rohda (A),21,26,1794,1920,0.335,0.062,0.603,14,16,-11.9,12.0,120,121
2025-10-11,Haarlem,Phoenix (Z),19,14,1755,1705,0.580,0.067,0.353,14,12,15.2,-15.2,124,124
2025-10-11,Harich,ROG,17,15,1514,1446,0.607,0.062,0.330,15,13,0.1,-0.1,124,125
2025-10-11,Hebbes,DWS (K),12,15,1265,1363,0.366,0.077,0.557,10,11,-10.7,10.2,128,125
2025-10-11,Heerenveen,ZKC '19,18,13,1976,1923,0.588,0.059,0.353,17,15,12.4,-12.2,122,121
2025-10-11,Helios,Ados,13,13,1311,1232,0.615,0.073,0.311,11,9,-11.2,11.0,128,127
2025-10-11,Hellas '63,Sparta (N),16,16,1615,1568,0.580,0.062,0.358,16,14,-7.9,7.6,126,123
2025-10-11,Huizen,Madjoe,13,15,1300,1474,0.274,0.063,0.663,11,14,3.1,-3.5,126,132
2025-10-11,Joure,Leeuwarden,22,17,1419,1483,0.419,0.067,0.514,13,14,25.1,-25.3,123,123
2025-10-11,KCD,Duko,15,12,1258,1337,0.395,0.071,0.534,12,13,20.6,-20.5,126,125
2025-10-11,KCR,IJsselvogels,14,13,1784,1745,0.569,0.061,0.371,17,15,-2.2,2.2,123,123
2025-10-11,KIOS (N),SDO (K),17,18,1787,1852,0.418,0.066,0.517,14,15,-1.4,1.4,122,122
2025-10-11,KVA,Dalto,15,27,2095,2325,0.219,0.046,0.735,15,20,-17.8,16.0,129,121
2025-10-11,KVK,TOGO (G),15,21,1518,1546,0.472,0.064,0.464,16,15,-27.1,24.5,130,123
2025-10-11,KVS,Die Haghe,11,16,2144,2337,0.257,0.052,0.691,15,18,-6.0,5.6,129,124
2025-10-11,KVZ,Juventa,17,12,1762,1887,0.338,0.060,0.602,14,16,29.7,-31.5,122,125
2025-10-11,Keizer Karel,Achilles (A) / AKC,25,20,1459,1404,0.589,0.064,0.347,15,13,13.2,-14.0,121,124
2025-10-11,Korbatjo,Erasmus,27,20,1492,1455,0.565,0.064,0.372,15,14,21.6,-22.2,126,127
2025-10-11,Korbis,ONDO (G),18,15,1848,1942,0.379,0.061,0.560,15,17,20.5,-19.8,127,124
2025-10-11,Koveni,ESDO,13,18,1167,1199,0.462,0.072,0.467,12,13,-23.7,24.2,126,127
2025-10-11,Lemmer,DOS (W),8,5,888,1429,0.040,0.023,0.937,3,11,80.2,-75.5,153,149
2025-10-11,Lintjo,De Hoeve,21,17,1320,1208,0.664,0.061,0.275,15,12,6.0,-6.0,127,128
2025-10-11,Luctor,Scheldevogels,17,10,1127,1048,0.621,0.063,0.316,15,13,19.5,-21.0,130,135
2025-10-11,MIA,Drachten,15,23,1798,1922,0.339,0.061,0.600,14,16,-21.1,20.0,125,121
2025-10-11,Maassluis,Kinderdijk,20,19,1889,1923,0.462,0.065,0.473,14,15,5.2,-5.1,124,123
2025-10-11,NIO,Nexus,17,19,1633,1441,0.757,0.050,0.193,16,11,-32.8,30.6,129,124
2025-10-11,Noordenveld,IFC '25,17,19,1932,1832,0.653,0.053,0.294,19,16,-21.1,21.6,123,125
2025-10-11,Noviomagum,Animo (G),14,15,1802,1736,0.607,0.058,0.335,17,15,-14.5,14.0,126,124
2025-10-11,OJC '98,SDO (V),15,18,1314,1722,0.088,0.030,0.882,10,18,15.5,-18.1,128,137
2025-10-11,OKO,Stadskanaal '74,28,13,1876,1488,0.907,0.021,0.072,24,14,7.0,-6.5,132,127
2025-10-11,OKV,Sporting West,8,18,1406,1557,0.304,0.059,0.637,14,16,-22.3,23.4,126,129
2025-10-11,ONDO (M),Juliana,16,16,1807,1774,0.556,0.067,0.377,14,13,-6.4,6.3,126,125
2025-10-11,OVVO,Tempo,10,21,1949,2012,0.420,0.067,0.513,13,14,-30.8,31.7,122,124
2025-10-11,Oerterp,It Fean,13,17,1271,1551,0.171,0.044,0.785,12,18,3.7,-4.2,125,130
2025-10-11,Olympia (S),Zuid '27,10,28,1060,1622,0.037,0.016,0.947,10,20,-5.7,5.3,142,136
2025-10-11,Olympia (T),DWA / Argo,12,12,1313,1302,0.523,0.073,0.404,13,12,-4.4,4.3,128,127
2025-10-11,Oost Arnhem,DOS '46,13,31,2013,2452,0.076,0.024,0.900,13,22,-7.8,8.3,125,129
2025-10-11,Oranje Wit (D),KOAG,22,21,1999,1956,0.576,0.054,0.369,20,18,-3.0,2.9,123,121
2025-10-11,Oranje Zwart (M),Nikantes,16,6,1163,772,0.904,0.029,0.067,15,7,6.0,-7.3,129,145
2025-10-11,PSV,EKCA,18,17,1303,1297,0.519,0.065,0.416,15,14,1.2,-1.3,122,123
2025-10-11,Quick '21 / Vlug en Vaardig (G),De Granaet,20,26,1609,1771,0.292,0.056,0.651,14,17,-11.8,12.2,123,125
2025-10-11,RDZ,HKC (U),14,21,1334,1513,0.269,0.059,0.672,12,15,-15.2,15.3,126,127
2025-10-11,RODA (W),EKVA,24,20,1699,1632,0.607,0.060,0.333,17,15,8.2,-8.5,124,127
2025-10-11,Rapid (H),Luno,14,15,1464,1494,0.461,0.079,0.461,11,10,-5.8,5.8,123,123
2025-10-11,Ready '60,Kesteren,9,9,1387,1364,0.541,0.071,0.389,13,12,-5.7,5.7,130,130
2025-10-11,Refleks,RWA,17,14,1812,1788,0.546,0.061,0.392,17,15,8.1,-8.0,124,124
2025-10-11,Regio '72,TOP (V),26,12,1136,1082,0.586,0.066,0.347,14,12,29.9,-30.2,128,129
2025-10-11,Revival,Wolderwijd,19,12,1361,1430,0.410,0.071,0.518,12,13,33.4,-35.2,125,128
2025-10-11,Rheko,HHV,15,18,1375,1607,0.215,0.050,0.735,13,17,4.5,-5.4,126,135
2025-10-11,Ritola,CSL,13,16,1983,2064,0.401,0.056,0.542,18,19,-7.3,7.4,123,124
2025-10-11,Rust Roest (E),Vriendenschaar (H),18,15,1744,1862,0.346,0.062,0.593,14,16,23.2,-22.7,126,125
2025-10-11,SDO (S),Roreko,18,19,1346,1272,0.619,0.057,0.324,18,15,-14.8,15.1,124,125
2025-10-11,SDO (W),Blauw Zwart,14,18,1168,1327,0.291,0.067,0.643,10,13,-9.5,8.6,136,128
2025-10-11,SEV (Z),Olympia '22,20,8,1075,963,0.663,0.063,0.274,14,11,24.6,-24.1,130,128
2025-10-11,SF Deinum,De Waterpoort,15,13,774,1186,0.085,0.032,0.883,9,16,57.3,-49.7,149,139
2025-10-11,SKF,Dindoa,17,19,2024,2001,0.546,0.060,0.394,17,16,-14.0,14.1,123,123
2025-10-11,SKV (S),OEC,13,18,774,1092,0.139,0.047,0.814,8,13,-1.1,1.1,138,129
2025-10-11,Seolto,Terda,24,9,1118,637,0.939,0.021,0.040,14,6,5.5,-6.8,131,148
2025-10-11,SkunK,Rivalen,14,16,1242,1136,0.656,0.062,0.282,14,12,-25.8,24.5,131,127
2025-10-11,Spannum,DTG,14,11,1450,1345,0.656,0.060,0.284,15,12,1.7,-1.7,127,126
2025-10-11,Spirit (Vo),Wit Blauw,22,20,2263,2071,0.763,0.041,0.197,23,17,-12.9,12.6,129,127
2025-10-11,Springfield,Good Luck,9,18,1130,1406,0.174,0.046,0.780,12,17,-11.7,12.7,127,133
2025-10-11,Stormvogels (U),Oosterkwartier (H),9,11,1178,1459,0.168,0.048,0.783,10,15,12.8,-14.0,132,137
2025-10-11,Swift,DKV Victoria,18,9,1777,1532,0.808,0.042,0.149,17,11,9.6,-9.7,126,127
2025-10-11,Synergo,DOT (O),21,15,1921,1946,0.479,0.059,0.462,18,17,22.1,-22.1,122,122
2025-10-11,TOP (A),PKC,11,15,2071,2510,0.076,0.024,0.900,12,21,14.5,-14.0,128,127
2025-10-11,Telstar,Tweemaal Zes,13,16,1893,1927,0.464,0.064,0.472,14,15,-14.0,13.8,127,126
2025-10-11,Tiel '72,Viking,25,11,1759,1606,0.715,0.054,0.232,16,13,19.9,-20.5,124,126
2025-10-11,Tilburg,Swift (M),15,16,1974,1999,0.477,0.062,0.462,17,16,-4.9,4.9,121,121
2025-10-11,Trekvogels (R),VEO,14,12,1771,1913,0.318,0.054,0.628,16,19,19.7,-19.8,125,125
2025-10-11,Twist,WION,21,15,1514,1501,0.527,0.071,0.402,13,12,22.6,-22.5,124,124
2025-10-11,VDDO,Hoogkerk,18,19,1578,1630,0.436,0.067,0.497,13,14,-2.9,3.0,126,128
2025-10-11,VZOD,VIKO,20,11,1323,1063,0.820,0.043,0.137,15,10,11.2,-10.7,136,133
2025-10-11,Velocitas (L),Atlantis,18,16,1797,1560,0.804,0.039,0.157,20,14,-14.8,15.6,126,129
2025-10-11,Victum,Antilopen,20,21,1922,1824,0.648,0.057,0.294,17,14,-17.2,17.0,124,123
2025-10-11,Vitesse (Ba),Fortis,13,17,1920,1941,0.481,0.067,0.453,15,14,-19.2,20.2,123,127
2025-10-11,Vitesse (Be),Sparta (Ze),15,21,1240,1398,0.297,0.057,0.646,14,17,-11.9,12.4,122,124
2025-10-11,Voltreffers (O),Focus,16,10,942,989,0.441,0.073,0.486,11,12,32.4,-33.3,134,135
2025-10-11,Vriendenschaar (B),Reeuwijk,10,13,1735,1707,0.551,0.063,0.385,16,14,-19.0,20.2,122,126
2025-10-11,WIK '34,Zunobri,17,10,1018,1003,0.530,0.071,0.399,13,12,31.1,-32.3,141,144
2025-10-11,WSS,De Pein,16,25,1381,1550,0.285,0.054,0.661,15,18,-17.7,17.8,123,124
2025-10-11,Weidevogels,ODO (M),22,13,1696,1542,0.715,0.056,0.228,15,11,16.2,-16.5,124,126
2025-10-11,Westergo,WK,16,11,1073,757,0.861,0.036,0.103,16,9,-3.8,4.9,139,152
2025-10-11,Wez Handich,KVW '22,19,16,1861,1656,0.773,0.042,0.185,20,15,-8.1,8.6,123,127
2025-10-11,Woudenberg,ODIK,21,18,1783,1638,0.708,0.053,0.240,17,13,-2.6,2.8,123,127
2025-10-11,Zaamslag,Keep Fit '70,22,16,1460,1254,0.776,0.039,0.185,23,17,1.7,-1.6,139,133
2025-10-11,Zwart Wit,Oranje Zwart,14,19,1423,1482,0.428,0.062,0.510,15,16,-18.1,18.0,123,123
2025-10-12,Eymerick,FSC,13,9,1048,1131,0.388,0.077,0.536,10,11,34.6,-33.9,147,145
2025-10-12,Forward,Samen Een,19,19,626,770,0.307,0.073,0.620,9,11,17.6,-21.4,177,194
2025-10-12,Nic,SCO,18,19,2116,2079,0.568,0.058,0.375,18,17,-11.7,12.1,128,130
2025-11-07,DVO,DOS '46,30,28,2435,2462,0.480,0.050,0.469,24,23,7.6,-8.2,131,136
2025-11-08,ACKC,Reeuwijk,15,10,1671,1727,0.434,0.059,0.506,17,18,25.1,-24.8,131,131
2025-11-08,ADO,Olympia (S),20,14,1526,1053,0.939,0.017,0.044,21,11,-9.0,12.8,129,149
2025-11-08,ALO,Maassluis,16,21,1743,1894,0.308,0.051,0.641,18,21,-7.9,8.3,125,129
2025-11-08,AVO,SKF,23,19,2020,2009,0.532,0.055,0.413,20,19,12.0,-12.1,128,128
2025-11-08,Achilles (A) / AKC,KCD,22,15,1390,1278,0.667,0.055,0.278,18,15,14.5,-14.8,129,131
2025-11-08,Achilles (H),ONDO (G),20,16,2095,1922,0.742,0.045,0.214,21,16,-2.4,2.4,131,129
2025-11-08,Ados,Stormvogels (U),16,12,1243,1190,0.587,0.063,0.350,16,14,11.1,-12.1,131,138
2025-11-08,Amicitia (V),Synergo,27,14,1821,1943,0.345,0.053,0.601,18,20,45.6,-45.4,127,127
2025-11-08,Antilopen,Reehorst '45,23,16,1842,1773,0.614,0.049,0.337,23,20,15.1,-15.7,129,131
2025-11-08,Apollo,Madjoe,22,17,1337,1470,0.328,0.059,0.613,15,17,36.7,-36.3,137,136
2025-11-08,Arena,Revival,17,19,1312,1395,0.397,0.060,0.544,16,17,-4.0,4.1,128,130
2025-11-08,Atlantis,Furore,18,12,1575,1486,0.640,0.053,0.307,19,16,13.5,-12.5,135,129
2025-11-08,Attila,OEC,15,20,1176,1094,0.630,0.056,0.315,18,16,-35.1,36.5,132,135
2025-11-08,Aurora / DKV (IJ),De Corvers,16,13,1277,1169,0.667,0.046,0.287,23,19,-2.0,2.2,133,137
2025-11-08,DES (De),Sporting Trigon,17,10,1753,1804,0.443,0.057,0.500,18,19,32.7,-27.9,137,126
2025-11-08,DOS (W),Thor (H),6,24,1352,1141,0.771,0.057,0.172,11,7,-81.8,132.7,156,198
2025-11-08,DOT (O),SDO (V),24,17,1923,1704,0.791,0.035,0.174,25,18,2.3,-2.5,127,143
2025-11-08,DTS (E),DKV Victoria,6,18,1348,1521,0.279,0.056,0.666,14,17,-24.1,24.8,131,133
2025-11-08,De Granaet,Ritola,10,25,1785,1975,0.263,0.045,0.691,19,23,-22.8,22.0,130,128
2025-11-08,De Hoeve,Emmeloord,10,18,1202,1462,0.189,0.045,0.766,14,19,-10.4,10.0,132,129
2025-11-08,De Meervogels,Tilburg,17,23,1846,1968,0.345,0.053,0.601,18,20,-14.4,14.1,128,127
2025-11-08,De Vinken,Sporting West,30,17,1831,1581,0.817,0.035,0.149,23,16,12.5,-13.0,131,133
2025-11-08,De Waterpoort,DTL,7,25,1136,1635,0.055,0.018,0.927,13,23,-7.8,6.6,145,131
2025-11-08,De Wâlden,IFC '25,22,17,1703,1853,0.309,0.050,0.640,18,21,32.6,-33.4,129,130
2025-11-08,DeetosSnel,AW.DTV,22,17,2382,2200,0.751,0.043,0.206,22,16,0.2,-0.3,131,124
2025-11-08,Dijkvogels,Oosterkwartier (H),18,7,1512,1444,0.610,0.057,0.333,18,16,28.0,-30.4,135,141
2025-11-08,Drachten,Rood Wit (W),25,18,1943,1586,0.891,0.024,0.085,24,15,-4.1,4.4,127,131
2025-11-08,EKCA,Wesstar,16,11,1296,1374,0.405,0.058,0.537,17,18,25.8,-27.7,128,133
2025-11-08,ESDO,VZOD,19,20,1224,1335,0.356,0.061,0.583,15,17,3.3,-4.0,132,142
2025-11-08,Elburg,DOS Kampen,14,20,1691,1818,0.340,0.052,0.607,18,21,-14.0,13.7,130,128
2025-11-08,Elko,Lintjo,22,10,1465,1327,0.702,0.046,0.252,22,17,19.3,-20.3,129,132
2025-11-08,Erasmus,KVK,16,15,1433,1491,0.432,0.059,0.509,17,18,7.8,-8.0,132,134
2025-11-08,Exakwa,HKC (He),29,17,1749,1709,0.574,0.051,0.375,22,20,27.9,-27.6,129,128
2025-11-08,Excelsior (D),Pernix,23,27,1796,1940,0.318,0.050,0.632,18,21,-4.8,4.9,127,128
2025-11-08,Fiducia,BEP,20,18,1796,1850,0.437,0.059,0.504,17,18,11.5,-11.8,128,129
2025-11-08,Fiks,Mid Fryslân,22,31,2196,2286,0.392,0.047,0.561,23,25,-23.3,22.9,132,131
2025-11-08,Flamingo's (B),Noordenveld,17,25,1957,1910,0.584,0.051,0.365,22,20,-37.6,36.4,131,129
2025-11-08,Fortis,Kinderdijk,17,13,1961,1918,0.575,0.058,0.367,18,16,10.6,-10.2,131,128
2025-11-08,GKV,ODO (M),17,13,1622,1525,0.652,0.048,0.300,22,19,3.1,-3.3,127,131
2025-11-08,Gemini,Focus,25,9,1276,955,0.867,0.032,0.102,19,12,12.7,-12.4,140,138
2025-11-08,Good Luck,DSO (K),10,13,1419,1558,0.323,0.053,0.623,17,20,-2.5,2.4,139,130
2025-11-08,HKV / Ons Eibernest,Haarlem,24,26,1783,1771,0.533,0.057,0.409,19,18,-12.9,13.7,125,129
2025-11-08,Harich,VDDO,15,13,1515,1575,0.430,0.056,0.514,18,19,12.0,-12.2,129,130
2025-11-08,Hebbes,Huizen,16,13,1254,1303,0.442,0.065,0.493,14,15,17.7,-17.3,133,131
2025-11-08,Heerenveen,KIOS (R),26,22,1988,2017,0.477,0.051,0.472,23,22,15.2,-15.0,127,127
2025-11-08,Helios,DSO (A),28,9,1300,1042,0.819,0.041,0.140,17,11,15.5,-16.6,133,138
2025-11-08,Hellas '63,Devinco,21,23,1607,1570,0.569,0.056,0.375,19,18,-16.5,16.8,131,132
2025-11-08,Hoogkerk,Pallas '08,16,15,1634,1619,0.538,0.056,0.406,19,18,-0.4,0.4,132,130
2025-11-08,IJsselvogels,Refleks,13,13,1746,1820,0.412,0.055,0.533,19,20,4.4,-4.5,128,129
2025-11-08,Juliana,Tjoba,26,29,1781,1801,0.486,0.058,0.456,19,18,-14.8,14.3,130,128
2025-11-08,Juventa,Apeldoorn,24,26,1855,1961,0.368,0.051,0.581,20,22,-0.4,0.4,130,127
2025-11-08,KVA,Sporting Delta,29,23,2077,2088,0.501,0.055,0.444,20,19,22.6,-22.8,133,134
2025-11-08,KVS '17,NKV,4,22,801,1422,0.027,0.012,0.961,9,20,-4.5,3.7,147,130
2025-11-08,KVS,HKC (Ha),19,27,2137,2294,0.301,0.051,0.648,18,21,-17.6,16.1,133,127
2025-11-08,KVW '22,ROG,19,13,1665,1446,0.788,0.039,0.172,21,15,1.3,-1.3,133,130
2025-11-08,KVZ '23,SDO (K),23,21,2054,1853,0.771,0.040,0.189,22,16,-15.0,12.7,137,127
2025-11-08,KZ Danaiden,Luno,20,15,1608,1500,0.661,0.057,0.282,17,14,9.2,-9.1,130,129
2025-11-08,KZ,Dalto,26,14,2393,2342,0.591,0.050,0.360,23,20,26.2,-26.1,128,128
2025-11-08,Keizer Karel,SkunK,18,13,1474,1216,0.822,0.035,0.143,22,15,-4.6,5.5,126,135
2025-11-08,Kesteren,Noviomagum,13,20,1369,1787,0.085,0.025,0.890,14,23,3.8,-3.6,134,131
2025-11-08,Kinea / Udiros,Quick '21 / Vlug en Vaardig (G),20,11,1692,1598,0.645,0.054,0.301,19,16,20.8,-19.9,131,128
2025-11-08,Kleine Sluis,Celeritas (A),16,7,945,963,0.481,0.073,0.445,13,12,80.7,-77.4,224,218
2025-11-08,Koveni,Triade,11,19,1143,1066,0.622,0.056,0.322,18,16,-42.7,46.3,131,136
2025-11-08,Leeuwarden,DTG,17,10,1458,1343,0.673,0.051,0.276,20,16,12.8,-13.4,128,131
2025-11-08,Luctor,Scheldevogels,16,10,1147,1027,0.679,0.051,0.270,19,16,10.7,-11.3,134,139
2025-11-08,MN en W,Lemmer,28,6,1246,968,0.838,0.035,0.128,20,13,15.4,-20.0,138,160
2025-11-08,Merwede,KCR,15,14,1899,1781,0.678,0.048,0.274,21,18,-11.2,10.5,132,128
2025-11-08,Movado,DVS '69,16,22,1623,1666,0.456,0.056,0.488,18,19,-22.5,23.5,128,132
2025-11-08,NRC '22,OVVO,14,21,1924,1916,0.527,0.057,0.416,19,18,-31.6,30.6,130,127
2025-11-08,Nexus,Korbatjo,15,11,1472,1516,0.454,0.057,0.490,18,19,18.8,-18.9,131,131
2025-11-08,Nieuwerkerk,Avanti (P),21,20,2184,2104,0.628,0.053,0.320,20,17,-7.1,7.1,131,131
2025-11-08,Nova,Tweemaal Zes,12,15,1759,1940,0.272,0.050,0.678,16,20,1.8,-1.8,131,130
2025-11-08,Noveas,EKC 2000,23,10,1310,961,0.887,0.024,0.089,25,15,8.4,-7.4,146,135
2025-11-08,ODIK,DOS-WK,10,16,1641,1754,0.357,0.053,0.590,18,20,-15.8,15.5,132,131
2025-11-08,OJC '98,DKB,15,19,1329,1204,0.683,0.054,0.263,17,14,-37.7,41.6,136,143
2025-11-08,OKO,ASVD,27,22,1885,1851,0.567,0.051,0.382,22,20,14.4,-12.5,139,129
2025-11-08,OZC,Blauw Wit (K),18,19,1507,1465,0.577,0.056,0.368,19,17,-12.0,12.9,128,132
2025-11-08,Olympia '22,Roreko,15,17,938,1288,0.122,0.033,0.845,14,21,20.3,-19.4,133,131
2025-11-08,Oost Arnhem,De Meeuwen,20,33,2005,2017,0.499,0.057,0.445,19,18,-41.0,38.5,132,128
2025-11-08,Oranje Zwart (M),'t Capproen,14,10,1170,1157,0.530,0.065,0.405,15,14,16.5,-16.8,137,139
2025-11-08,Oranje Zwart,SIOS / Leonidas,11,15,1501,1361,0.704,0.047,0.250,21,17,-33.2,40.0,128,140
2025-11-08,PKC,Blauw Wit,28,16,2495,2482,0.537,0.051,0.412,23,21,32.4,-29.9,134,129
2025-11-08,Paal Centraal,Korbis,11,30,1398,1868,0.065,0.018,0.917,16,27,-7.9,7.3,138,131
2025-11-08,Phoenix (Z),KIOS (N),17,20,1690,1785,0.381,0.056,0.563,18,19,-6.5,6.3,129,127
2025-11-08,RODA (W),Badhoevedorp,23,8,1709,1465,0.809,0.039,0.152,20,14,14.6,-14.8,129,130
2025-11-08,RWA,Twist,19,19,1780,1537,0.809,0.038,0.154,21,14,-25.6,25.8,129,129
2025-11-08,Rapid (H),Fluks (N),14,15,1458,1585,0.336,0.059,0.605,15,17,5.0,-4.9,129,128
2025-11-08,Ready '60,Duko,11,14,1380,1316,0.604,0.059,0.337,17,15,-26.1,24.8,134,131
2025-11-08,Regio '72,TOP (V),11,20,1169,1052,0.674,0.053,0.274,19,15,-50.6,50.8,133,133
2025-11-08,Rheko,DWS (K),13,17,1379,1374,0.519,0.067,0.414,15,14,-24.7,24.2,132,131
2025-11-08,Rivalen,Tiel '72,9,35,1161,1781,0.028,0.011,0.962,11,24,-3.8,3.7,133,131
2025-11-08,Rohda (A),VEO,17,14,1934,1892,0.575,0.056,0.369,19,17,5.5,-5.8,126,130
2025-11-08,SCO,Nic,23,20,2091,2104,0.499,0.053,0.448,21,20,11.1,-10.8,133,131
2025-11-08,SDO (W),Blauw Zwart,10,21,1159,1337,0.273,0.056,0.671,13,17,-25.4,23.4,139,133
2025-11-08,SF Deinum,WIK '34,10,14,832,1050,0.227,0.056,0.716,11,15,-3.5,3.3,154,143
2025-11-08,SGV,SKV (S),12,18,791,773,0.533,0.071,0.396,13,12,-46.6,39.5,156,143
2025-11-08,Seolto,Springfield,17,19,1126,1118,0.524,0.064,0.413,16,15,-16.1,15.0,139,134
2025-11-08,Sparta (N),OKV,16,11,1575,1382,0.763,0.042,0.196,22,16,-0.4,0.5,128,130
2025-11-08,Sparta (Ze),HHV,23,18,1412,1602,0.264,0.044,0.692,19,24,35.5,-40.9,129,139
2025-11-08,Spirit (Vo),Dindoa,23,19,2251,2015,0.805,0.033,0.161,26,19,-9.9,8.9,134,129
2025-11-08,Swift (M),KOAG,17,17,2004,1960,0.579,0.054,0.367,20,18,-7.6,7.6,126,127
2025-11-08,Swift,MIA,15,19,1787,1777,0.531,0.056,0.413,20,18,-22.3,21.4,132,130
2025-11-08,TOGO (G),NIO,18,13,1572,1601,0.475,0.056,0.469,20,19,20.0,-21.8,128,134
2025-11-08,TOP (A),Die Haghe,19,26,2084,2342,0.193,0.041,0.766,16,22,-6.0,5.5,136,129
2025-11-08,TOP (S),KCC,21,17,2333,2232,0.656,0.052,0.292,20,17,4.0,-4.1,129,131
2025-11-08,Telstar,KVZ,15,15,1878,1792,0.635,0.053,0.311,19,16,-12.6,11.6,131,127
2025-11-08,Tempo,Velocitas (L),29,17,2044,1782,0.826,0.033,0.140,23,16,10.5,-10.9,129,132
2025-11-08,Thrianta,Stadskanaal '74,21,21,1450,1481,0.474,0.052,0.474,22,21,-0.0,0.0,128,135
2025-11-08,Trekvogels (R),ONDO (M),28,17,1790,1800,0.502,0.054,0.444,21,20,32.1,-32.6,129,130
2025-11-08,Unitas,DSC,14,27,2308,2315,0.509,0.053,0.439,22,21,-39.3,38.0,130,127
2025-11-08,VIKO,Wolderwijd,9,13,1052,1394,0.126,0.036,0.838,13,19,9.8,-8.9,139,133
2025-11-08,Valto,GKV (G),16,14,2170,2028,0.706,0.046,0.248,22,17,-9.0,8.4,132,129
2025-11-08,Victum,Fortissimo,21,19,1905,1642,0.828,0.033,0.139,23,16,-18.2,18.9,130,132
2025-11-08,Vitesse (Ba),Albatros,23,25,1900,2022,0.346,0.052,0.602,19,21,0.9,-0.9,128,129
2025-11-08,Vitesse (Be),Oerterp,19,19,1228,1275,0.449,0.059,0.493,17,18,1.6,-1.7,127,132
2025-11-08,Voltreffers (O),Keep Fit '70,14,16,975,1253,0.176,0.038,0.786,16,22,16.0,-16.5,137,139
2025-11-08,Vriendenschaar (B),Oranje Wit (D),17,28,1714,1996,0.174,0.035,0.791,18,25,-10.4,10.4,127,128
2025-11-08,Vriendenschaar (H),Atlas,21,20,1839,1658,0.750,0.043,0.207,22,16,-16.2,17.4,129,134
2025-11-08,WION,Nikantes,21,8,1479,763,0.983,0.006,0.011,22,8,0.3,-0.2,129,151
2025-11-08,WSS,DWA / Argo,19,15,1364,1306,0.598,0.054,0.348,20,18,7.9,-8.2,129,131
2025-11-08,WWC,DTS (S) / Harkema,20,18,1573,1438,0.699,0.044,0.256,23,19,-8.1,9.8,130,142
2025-11-08,Wageningen,Groen Geel,20,21,2294,2204,0.642,0.051,0.307,21,18,-17.8,16.6,132,128
2025-11-08,Weidevogels,EKVA,18,11,1714,1624,0.641,0.051,0.308,21,18,14.8,-15.2,130,132
2025-11-08,Wez Handich,De Parabool,26,24,1853,1840,0.537,0.052,0.411,22,20,3.7,-3.7,130,131
2025-11-08,Wit Blauw,CSL,23,22,2084,2070,0.538,0.050,0.412,23,22,-0.7,0.6,133,129
2025-11-08,Woudenberg,Rust Roest (E),21,14,1782,1767,0.537,0.055,0.408,20,19,21.8,-22.2,129,130
2025-11-08,ZKC '19,Sparta (Zw),19,20,1910,1881,0.557,0.057,0.387,19,17,-10.5,10.8,126,128
2025-11-08,Zuid '27,Ventura Sport,22,10,1630,1243,0.906,0.022,0.072,23,13,6.0,-5.2,144,132
2025-11-08,Zwaluwen (Ze),Animo (G),20,26,1685,1749,0.425,0.055,0.520,19,20,-20.7,20.3,131,129
2025-11-08,Zwart Wit,Viking,18,23,1404,1585,0.270,0.055,0.675,14,18,-7.6,8.0,129,132
2025-11-09,Club Brothers,Korwi,20,10,1214,1143,0.613,0.058,0.329,17,15,34.1,-110.0,168,343
2025-11-09,Fortuna (D),LDODK,23,25,2486,2524,0.464,0.050,0.485,22,23,-7.7,8.2,135,139
2025-11-09,KIA,Vefo,12,9,1015,992,0.544,0.065,0.391,15,14,18.1,-15.7,188,173
2025-11-12,Spannum,De Pein,8,18,1452,1570,0.351,0.054,0.595,18,20,-26.3,25.1,134,131
2025-11-14,Dalto,Unitas,15,20,2315,2268,0.585,0.051,0.365,22,20,-25.8,26.4,123,125
2025-11-15,'t Capproen,Zuid '27,10,13,1139,1637,0.055,0.019,0.926,12,22,22.0,-25.7,133,143
2025-11-15,ASVD,Drachten,18,19,1839,1940,0.374,0.054,0.572,19,20,2.8,-2.9,125,126
2025-11-15,AW.DTV,TOP (S),13,17,2199,2337,0.324,0.053,0.623,17,20,-5.6,5.8,122,125
2025-11-15,Albatros,De Meervogels,34,12,2022,1831,0.761,0.041,0.198,22,17,17.9,-17.8,125,124
2025-11-15,Animo (G),Woudenberg,19,14,1771,1804,0.470,0.054,0.476,19,20,19.1,-19.0,125,125
2025-11-15,Atlas,Trekvogels (R),25,26,1676,1824,0.314,0.048,0.638,20,23,8.2,-7.4,131,125
2025-11-15,Avanti (P),Valto,17,22,2111,2160,0.447,0.055,0.498,19,20,-18.0,18.4,127,129
2025-11-15,BEP,Nova,26,14,1839,1760,0.625,0.056,0.319,18,16,24.4,-25.5,125,128
2025-11-15,Badhoevedorp,Sparta (N),17,14,1449,1575,0.338,0.059,0.603,15,17,24.0,-23.2,128,126
2025-11-15,Blauw Wit (K),TOGO (G),12,13,1478,1592,0.356,0.054,0.590,18,20,4.2,-3.9,128,124
2025-11-15,Blauw Zwart,Olympia '22,19,11,1361,958,0.913,0.021,0.066,23,13,-2.7,2.8,129,132
2025-11-15,CSL,ZKC '19,13,20,2072,1899,0.742,0.040,0.217,24,19,-43.8,42.3,125,123
2025-11-15,DKB,PSV,23,12,1247,1304,0.432,0.060,0.509,16,17,43.2,-38.3,137,129
2025-11-15,DKV Victoria,Helios,21,14,1546,1318,0.794,0.044,0.162,17,12,6.4,-6.5,129,131
2025-11-15,DLKV,Wiko,17,4,890,492,0.908,0.026,0.066,17,9,23.6,-21.4,230,216
2025-11-15,DOS '46,PKC,21,20,2455,2528,0.414,0.050,0.536,22,23,8.7,-8.5,131,129
2025-11-15,DOS Kampen,De Wâlden,17,19,1832,1736,0.649,0.050,0.301,21,18,-20.5,20.7,124,125
2025-11-15,DOS-WK,Exakwa,15,16,1770,1779,0.506,0.052,0.442,22,21,-6.3,6.1,127,125
2025-11-15,DSC,Fortuna (D),16,31,2354,2479,0.344,0.050,0.606,20,22,-26.1,28.6,123,130
2025-11-15,DSO (K),Nexus,18,18,1560,1491,0.611,0.058,0.331,17,15,-10.1,10.0,127,126
2025-11-15,DTG,It Fean,11,24,1328,1547,0.230,0.047,0.723,16,20,-19.0,22.2,128,139
2025-11-15,DTL,SF Deinum,16,6,1643,828,0.991,0.003,0.006,23,8,-4.1,5.3,132,147
2025-11-15,DTS (S) / Harkema,WSS,18,17,1448,1372,0.624,0.049,0.327,22,19,-7.6,6.3,137,125
2025-11-15,DVS '69,RWA,16,22,1690,1754,0.425,0.054,0.521,19,20,-19.4,19.4,127,127
2025-11-15,DWA / Argo,WWC,14,15,1297,1566,0.183,0.041,0.776,16,21,17.8,-17.8,127,127
2025-11-15,De Corvers,Ados,16,18,1171,1254,0.399,0.052,0.550,20,21,-2.8,2.6,132,127
2025-11-15,De Meeuwen,Spirit (Vo),23,26,2058,2241,0.271,0.046,0.683,18,22,2.6,-3.1,124,132
2025-11-15,De Parabool,Kinea / Udiros,19,18,1837,1713,0.683,0.051,0.266,19,16,-10.6,10.8,127,127
2025-11-15,De Pein,Harich,16,13,1595,1527,0.613,0.052,0.335,21,18,2.4,-2.4,125,125
2025-11-15,Devinco,Zwart Wit,22,12,1588,1397,0.758,0.046,0.196,19,14,14.0,-13.5,127,125
2025-11-15,Die Haghe,KVA,28,19,2348,2101,0.815,0.033,0.152,25,17,5.5,-5.6,126,128
2025-11-15,Dindoa,Oost Arnhem,20,20,2024,1964,0.603,0.051,0.347,22,19,-9.2,9.3,127,127
2025-11-15,Duko,Rivalen,21,13,1340,1156,0.751,0.047,0.202,18,13,10.9,-12.1,127,134
2025-11-15,Dunas,Dijkvogels,15,13,1475,1541,0.421,0.058,0.521,17,18,13.8,-13.0,135,130
2025-11-15,EKVA,Apollo,22,17,1608,1375,0.800,0.039,0.161,20,14,-2.3,2.5,128,132
2025-11-15,Fluks (N),ESDO,16,13,1579,1228,0.886,0.027,0.087,21,12,-16.3,17.2,124,128
2025-11-15,Focus,Conventus,18,20,942,1092,0.305,0.061,0.634,13,15,1.8,-1.8,137,138
2025-11-15,Fortissimo,DOT (O),12,29,1661,1926,0.187,0.038,0.775,18,24,-17.6,16.4,130,125
2025-11-15,GKV (G),Nieuwerkerk,21,24,2035,2177,0.320,0.053,0.627,17,20,-1.8,1.9,126,127
2025-11-15,Groen Geel,Fiks,30,15,2220,2173,0.586,0.050,0.364,23,20,27.7,-28.9,124,127
2025-11-15,HBC (Be),Atlantis,17,18,1492,1589,0.379,0.054,0.567,18,20,2.6,-2.5,133,130
2025-11-15,HHV,KVW '22,21,19,1561,1667,0.368,0.052,0.580,19,21,17.5,-16.4,134,130
2025-11-15,HKC (Ha),Wageningen,19,20,2311,2276,0.567,0.053,0.380,21,19,-10.4,11.2,123,128
2025-11-15,HKC (He),ODIK,14,13,1682,1624,0.598,0.055,0.348,19,17,-4.4,4.7,124,128
2025-11-15,HKC (U),Achilles (A) / AKC,19,16,1529,1406,0.683,0.050,0.267,20,16,-2.3,1.9,134,125
2025-11-15,Haarlem,Phoenix (Z),23,15,1786,1683,0.656,0.054,0.290,19,15,16.3,-16.3,125,125
2025-11-15,Huizen,DKOD,21,10,1285,962,0.867,0.033,0.100,18,11,9.6,-28.3,127,253
2025-11-15,IFC '25,Elburg,21,10,1820,1677,0.707,0.047,0.246,21,17,17.5,-17.3,126,126
2025-11-15,Joure,Leeuwarden,18,22,1446,1471,0.478,0.059,0.463,19,18,-18.6,17.0,130,124
2025-11-15,KCC,KVS,21,14,2227,2119,0.664,0.051,0.285,20,17,13.1,-13.5,127,129
2025-11-15,KCR,ACKC,15,15,1791,1695,0.647,0.053,0.299,19,16,-12.3,12.8,125,127
2025-11-15,KIOS (N),HKV / Ons Eibernest,25,19,1792,1771,0.546,0.054,0.400,20,19,16.9,-16.3,124,121
2025-11-15,KIOS (R),Flamingo's (B),24,23,2003,1919,0.636,0.047,0.317,24,20,-7.2,7.7,123,127
2025-11-15,KOAG,Fortis,19,21,1967,1972,0.509,0.058,0.433,19,18,-10.9,11.5,123,126
2025-11-15,KVZ,Antilopen,15,15,1803,1858,0.437,0.058,0.505,17,18,2.4,-2.4,123,125
2025-11-15,Kinderdijk,Swift (M),20,24,1907,1996,0.389,0.057,0.554,17,19,-10.8,10.5,124,123
2025-11-15,Korbatjo,Good Luck,27,21,1496,1416,0.629,0.051,0.320,21,18,11.7,-12.8,127,133
2025-11-15,Korbis,Erasmus,29,14,1878,1441,0.927,0.017,0.055,25,14,5.1,-4.9,132,128
2025-11-15,LDODK,DVO,27,29,2533,2444,0.644,0.045,0.312,25,22,-21.4,19.4,133,127
2025-11-15,Lintjo,Vitesse (Be),24,11,1306,1231,0.620,0.054,0.325,19,17,26.6,-24.6,128,123
2025-11-15,Luno,GKV,13,15,1491,1625,0.330,0.051,0.619,18,21,2.1,-2.0,126,124
2025-11-15,MIA,Excelsior (D),18,19,1798,1792,0.525,0.056,0.419,19,18,-8.0,7.7,125,123
2025-11-15,Maassluis,IJsselvogels,28,21,1903,1750,0.720,0.044,0.236,22,17,8.0,-7.9,125,124
2025-11-15,Madjoe,Weidevogels,14,19,1434,1728,0.161,0.039,0.800,15,21,2.9,-2.6,131,127
2025-11-15,Mid Fryslân,DeetosSnel,12,27,2311,2382,0.416,0.052,0.532,21,22,-32.4,33.2,126,128
2025-11-15,NKC '51,Juventa,29,21,1885,1855,0.560,0.054,0.386,20,19,23.7,-21.8,132,126
2025-11-15,Nic,AVO,24,22,2093,2033,0.602,0.051,0.347,22,19,-1.0,1.0,126,124
2025-11-15,Nikantes,ADO,10,30,762,1517,0.012,0.007,0.981,7,20,-2.5,1.9,153,129
2025-11-15,Noordenveld,Heerenveen,24,21,1948,2004,0.436,0.054,0.510,20,21,14.4,-14.1,125,123
2025-11-15,Noviomagum,Arena,26,11,1784,1309,0.940,0.015,0.044,24,13,4.2,-3.9,130,124
2025-11-15,ODO (M),KZ Danaiden,11,16,1521,1618,0.376,0.062,0.562,15,16,-15.6,15.4,127,126
2025-11-15,OEC,KVS '17,20,12,1131,795,0.876,0.031,0.093,18,11,3.0,-3.4,130,147
2025-11-15,OKV,RODA (W),10,20,1382,1724,0.127,0.032,0.841,15,23,-6.7,6.6,128,127
2025-11-15,ONDO (G),Rohda (A),22,14,1924,1939,0.493,0.059,0.448,19,18,27.8,-25.8,127,122
2025-11-15,ONDO (M),Vriendenschaar (H),18,27,1767,1824,0.435,0.058,0.507,17,18,-28.2,28.7,126,127
2025-11-15,OVVO,Amicitia (V),21,23,1947,1868,0.625,0.054,0.320,19,16,-19.2,19.2,123,124
2025-11-15,Oerterp,Elko,22,27,1274,1486,0.238,0.046,0.716,17,21,-2.7,2.7,127,126
2025-11-15,Olympia (S),WION,8,36,1066,1480,0.087,0.026,0.887,13,22,-12.8,10.2,149,131
2025-11-15,Olympia (T),De Hoeve,14,13,1308,1191,0.671,0.058,0.271,16,13,-10.5,9.6,135,129
2025-11-15,Oranje Wit (D),Juliana,30,25,2008,1767,0.810,0.033,0.157,25,18,-5.5,5.5,126,126
2025-11-15,Pallas '08,De Granaet,20,20,1619,1760,0.321,0.050,0.629,19,22,11.1,-11.2,126,127
2025-11-15,Pernix,Swift,16,13,1947,1764,0.753,0.041,0.206,23,17,-7.6,7.9,125,127
2025-11-15,Quick '21 / Vlug en Vaardig (G),Wez Handich,12,27,1577,1858,0.174,0.036,0.790,17,24,-14.4,14.5,125,125
2025-11-15,ROG,Sparta (Ze),21,25,1444,1448,0.510,0.056,0.434,20,19,-19.5,19.0,128,126
2025-11-15,Reehorst '45,Telstar,21,21,1757,1865,0.366,0.051,0.583,20,22,7.8,-7.9,127,127
2025-11-15,Reeuwijk,Merwede,23,23,1700,1888,0.265,0.049,0.686,17,20,15.3,-15.7,126,128
2025-11-15,Refleks,ALO,13,21,1814,1734,0.627,0.054,0.320,19,17,-39.7,37.9,125,122
2025-11-15,Ritola,Hoogkerk,28,21,1998,1633,0.895,0.024,0.082,23,14,-4.0,4.2,125,127
2025-11-15,Rood Wit (W),OKO,18,29,1590,1901,0.150,0.033,0.817,17,25,-9.3,9.7,131,133
2025-11-15,Roreko,SDO (W),26,17,1268,1133,0.695,0.055,0.250,16,13,18.2,-19.5,130,134
2025-11-15,Rust Roest (E),Zwaluwen (Ze),32,15,1744,1665,0.626,0.053,0.321,20,17,26.8,-27.1,126,127
2025-11-15,SDO (K),Tempo,12,24,1866,2056,0.262,0.049,0.689,16,20,-19.8,20.5,125,127
2025-11-15,SDO (V),Victum,26,31,1701,1887,0.268,0.046,0.686,18,22,-5.0,4.5,139,128
2025-11-15,SEV (Z),Rheko,15,15,1101,1354,0.194,0.049,0.757,12,17,24.4,-20.8,137,127
2025-11-15,SIOS / Leonidas,Thrianta,15,18,1401,1451,0.443,0.059,0.498,17,18,-12.6,10.8,135,124
2025-11-15,SKF,SCO,21,20,1997,2102,0.369,0.053,0.578,19,21,11.3,-12.1,124,128
2025-11-15,SKV (S),Koveni,14,16,814,1099,0.166,0.044,0.790,12,18,15.5,-13.1,137,127
2025-11-15,Scheldevogels,Seolto,13,22,1015,1110,0.378,0.061,0.561,15,17,-28.7,28.4,134,133
2025-11-15,SkunK,EKCA,17,12,1221,1322,0.372,0.056,0.571,17,19,30.6,-26.5,133,124
2025-11-15,Sparta (Zw),Wit Blauw,14,25,1892,2084,0.260,0.047,0.693,17,21,-17.7,18.7,124,128
2025-11-15,Sporting Delta,TOP (A),15,18,2066,2078,0.498,0.057,0.444,19,18,-15.2,16.1,129,133
2025-11-15,Sporting Trigon,De Vinken,19,24,1775,1846,0.415,0.054,0.531,19,20,-14.4,15.8,122,129
2025-11-15,Sporting West,DES (De),14,18,1568,1786,0.232,0.047,0.721,16,20,0.8,-0.8,131,132
2025-11-15,Springfield,Luctor,25,16,1133,1158,0.478,0.061,0.461,18,17,32.4,-32.8,129,130
2025-11-15,Stadskanaal '74,Oranje Zwart,19,14,1482,1467,0.541,0.049,0.409,23,22,14.0,-13.1,130,125
2025-11-15,Stormvogels (U),Aurora / DKV (IJ),15,20,1177,1275,0.373,0.065,0.562,13,15,-17.6,16.8,132,129
2025-11-15,Synergo,NRC '22,27,14,1897,1891,0.525,0.055,0.420,20,19,30.5,-31.4,123,125
2025-11-15,TOP (V),SDO (S),18,24,1104,1332,0.222,0.042,0.736,18,23,-4.2,4.3,129,132
2025-11-15,Thor (H),VIKO,14,14,1276,1061,0.781,0.044,0.175,18,13,-43.9,23.3,184,136
2025-11-15,Tiel '72,Ready '60,28,10,1787,1353,0.926,0.018,0.056,24,13,6.5,-6.3,132,130
2025-11-15,Tilburg,Vitesse (Ba),17,18,1983,1902,0.630,0.051,0.319,21,18,-14.8,15.2,123,124
2025-11-15,Tjoba,Vriendenschaar (B),18,20,1818,1704,0.672,0.050,0.279,20,17,-22.2,22.9,124,126
2025-11-15,Triade,SGV,37,7,1114,744,0.895,0.027,0.078,18,10,9.5,-11.6,131,147
2025-11-15,Tweemaal Zes,Fiducia,28,28,1938,1808,0.691,0.048,0.260,21,17,-15.9,15.2,127,124
2025-11-15,Twist,Movado,16,21,1564,1600,0.461,0.060,0.479,16,17,-20.8,19.9,127,124
2025-11-15,VDDO,Spannum,14,13,1562,1424,0.700,0.049,0.250,20,16,-11.8,12.1,126,128
2025-11-15,VEO,Achilles (H),19,22,1886,2093,0.243,0.047,0.710,16,21,4.1,-4.3,126,128
2025-11-15,VZOD,Rapid (H),18,14,1332,1462,0.331,0.060,0.608,14,16,32.5,-27.7,136,125
2025-11-15,Velocitas (L),KVZ '23,10,18,1771,2039,0.185,0.038,0.778,18,24,-6.5,6.7,130,133
2025-11-15,Ventura Sport,Oranje Zwart (M),15,11,1237,1186,0.584,0.061,0.355,17,15,10.8,-10.8,132,132
2025-11-15,Viking,Hellas '63,26,16,1594,1592,0.519,0.057,0.424,19,18,30.1,-29.3,128,127
2025-11-15,WIK '34,De Waterpoort,17,12,1053,1127,0.406,0.064,0.530,14,15,30.8,-33.7,138,145
2025-11-15,WK,Noveas,8,22,762,1320,0.040,0.013,0.947,13,26,-4.1,3.7,157,145
2025-11-15,Wesstar,Keizer Karel,20,19,1345,1469,0.341,0.056,0.603,17,19,14.3,-13.7,128,125
2025-11-15,Westergo,MN en W,13,15,1070,1264,0.255,0.053,0.692,14,18,8.2,-6.7,148,136
2025-11-15,Wolderwijd,DOS (W),16,6,1384,1268,0.664,0.069,0.266,11,8,24.0,-30.8,131,151
2025-11-15,Zaamslag,Voltreffers (O),24,11,1463,991,0.940,0.015,0.046,25,13,3.3,-2.9,146,134
2025-11-16,Blauw Wit,KZ,23,29,2451,2420,0.562,0.051,0.387,22,20,-27.6,27.4,125,124
2025-11-16,Korwi,NKC (N)/Wees Kwiek,18,11,1032,914,0.671,0.060,0.269,15,12,54.1,-61.7,264,288
2025-11-16,Maastricht,FSC,10,14,1026,1096,0.414,0.061,0.525,16,17,-18.9,18.1,152,149
2025-11-16,Mariarade,Eymerick,4,20,608,1082,0.060,0.026,0.914,7,15,-17.3,10.7,201,150
2025-11-16,Vefo,Koru,13,14,976,1040,0.419,0.066,0.514,14,15,-2.9,3.8,162,197
2025-11-20,KVK,Paal Centraal,19,18,1483,1389,0.646,0.051,0.303,21,17,-8.4,9.6,131,140
2025-11-21,Unitas,Blauw Wit,20,19,2294,2424,0.337,0.050,0.613,20,22,13.2,-12.9,122,120
2025-11-22,'t Capproen,Olympia (S),17,11,1160,1052,0.662,0.056,0.283,17,14,13.0,-15.3,134,147
2025-11-22,ACKC,Merwede,17,22,1708,1873,0.290,0.052,0.657,16,19,-7.3,7.4,124,125
2025-11-22,ADO,WION,18,9,1521,1493,0.556,0.056,0.388,19,18,26.7,-26.3,131,130
2025-11-22,AVO,SCO,21,20,2034,2090,0.437,0.054,0.509,19,20,6.2,-6.6,120,124
2025-11-22,Achilles (H),Rohda (A),28,21,2089,1912,0.745,0.044,0.211,21,16,6.9,-6.3,125,119
2025-11-22,Ados,Aurora / DKV (IJ),10,7,1257,1293,0.461,0.065,0.473,14,15,14.3,-14.6,123,125
2025-11-22,Albatros,KOAG,20,16,2043,1956,0.639,0.048,0.313,23,19,3.6,-3.5,123,120
2025-11-22,Apeldoorn,OVVO,14,20,1963,1928,0.565,0.054,0.381,20,19,-29.6,27.1,126,121
2025-11-22,Apollo,Weidevogels,16,16,1378,1726,0.122,0.035,0.843,13,20,29.3,-27.1,130,125
2025-11-22,Arena,Kesteren,17,10,1304,1372,0.417,0.060,0.523,16,17,30.4,-35.6,125,136
2025-11-22,Atlas,Tjoba,19,19,1685,1795,0.361,0.054,0.585,18,20,8.1,-7.4,127,121
2025-11-22,Avanti (P),Sporting Delta,20,23,2093,2050,0.577,0.054,0.369,20,18,-19.3,19.6,123,125
2025-11-22,BEP,MIA,27,23,1864,1790,0.619,0.054,0.327,19,17,5.9,-6.0,121,122
2025-11-22,Blauw Zwart,TOP (V),24,14,1359,1100,0.823,0.035,0.142,22,15,8.5,-8.2,130,126
2025-11-22,DKOD,Hebbes,12,29,933,1272,0.127,0.038,0.835,11,18,-37.9,14.4,232,131
2025-11-22,DSO (A),Stormvogels (U),13,20,1024,1160,0.323,0.062,0.615,13,15,-22.0,19.0,138,128
2025-11-22,DTG,De Pein,11,21,1308,1597,0.166,0.038,0.796,15,22,-9.7,9.3,125,122
2025-11-22,DTS (E),Helios,14,18,1322,1311,0.527,0.065,0.408,15,14,-24.4,23.9,130,129
2025-11-22,DVS '69,Korbis,12,24,1670,1884,0.237,0.042,0.720,19,24,-16.0,18.2,123,132
2025-11-22,DWA / Argo,Olympia (T),18,15,1315,1297,0.538,0.063,0.399,16,15,9.1,-9.8,125,131
2025-11-22,De Corvers,DKV Victoria,13,20,1168,1553,0.103,0.025,0.872,17,26,4.1,-4.1,127,127
2025-11-22,De Granaet,Hoogkerk,18,16,1749,1638,0.668,0.051,0.281,20,17,-5.0,5.4,124,127
2025-11-22,De Meervogels,Vitesse (Ba),15,29,1812,1917,0.368,0.056,0.576,17,19,-27.9,27.4,122,121
2025-11-22,De Meeuwen,SKF,24,24,2061,2009,0.590,0.055,0.356,20,18,-7.9,7.8,122,121
2025-11-22,De Vinken,DES (De),16,19,1863,1785,0.626,0.050,0.324,22,19,-22.4,23.8,124,128
2025-11-22,De Waterpoort,SF Deinum,16,10,1093,832,0.822,0.040,0.138,17,11,1.9,-1.9,138,149
2025-11-22,DeetosSnel,Fiks,33,19,2416,2143,0.837,0.029,0.134,26,18,9.8,-9.7,124,124
2025-11-22,Diderna,DLKV,16,13,954,914,0.565,0.068,0.366,14,12,24.2,-21.7,235,219
2025-11-22,Die Haghe,GKV (G),19,15,2355,2034,0.870,0.026,0.104,25,16,-13.0,12.4,125,122
2025-11-22,Duko,Revival,16,20,1352,1400,0.446,0.061,0.493,16,17,-15.5,16.4,125,128
2025-11-22,Dunas,Fluks (N),18,12,1489,1563,0.410,0.056,0.534,18,20,28.9,-26.8,130,125
2025-11-22,EKCA,Keizer Karel,11,17,1295,1456,0.296,0.051,0.653,17,20,-9.7,9.9,121,122
2025-11-22,EKVA,ODO (M),20,18,1606,1504,0.656,0.052,0.292,19,16,-4.3,4.0,126,123
2025-11-22,Elburg,De Wâlden,19,22,1658,1757,0.375,0.058,0.567,16,18,-6.2,6.0,123,122
2025-11-22,Emmeloord,DTS (S) / Harkema,15,20,1472,1441,0.562,0.054,0.384,20,19,-27.0,27.9,129,131
2025-11-22,Flamingo's (B),Heerenveen,27,16,1927,1991,0.426,0.054,0.520,20,21,35.2,-33.3,123,120
2025-11-22,Fortuna (D),Dalto,28,21,2509,2288,0.791,0.035,0.173,25,18,2.0,-1.9,126,121
2025-11-22,Furore,Badhoevedorp,14,12,1472,1473,0.510,0.066,0.424,15,14,7.1,-6.7,129,124
2025-11-22,GKV,KZ Danaiden,19,23,1623,1633,0.503,0.053,0.444,21,20,-16.4,16.9,121,123
2025-11-22,Gemini,Conventus,18,10,1290,1091,0.766,0.047,0.187,18,13,12.5,-11.3,141,133
2025-11-22,Good Luck,Nexus,18,14,1404,1501,0.378,0.055,0.567,18,20,24.2,-22.1,129,123
2025-11-22,Groen Geel,HKC (Ha),19,32,2250,2300,0.444,0.056,0.500,18,19,-31.4,31.0,121,120
2025-11-22,HHV,Stadskanaal '74,17,17,1579,1496,0.634,0.046,0.319,24,21,-11.9,11.2,129,126
2025-11-22,HKC (He),KVZ,26,30,1677,1805,0.338,0.053,0.609,18,20,-6.1,6.0,121,120
2025-11-22,HKC (U),Devinco,20,20,1527,1603,0.408,0.056,0.536,18,19,4.8,-4.5,130,125
2025-11-22,HKV / Ons Eibernest,Phoenix (Z),27,18,1755,1666,0.639,0.053,0.308,20,17,17.0,-18.0,118,122
2025-11-22,Hellas '63,Zwart Wit,23,10,1562,1383,0.747,0.045,0.208,20,15,16.4,-16.5,123,123
2025-11-22,Huizen,Thor (H),18,12,1296,1231,0.603,0.061,0.336,16,14,16.1,-28.0,127,173
2025-11-22,IFC '25,ASVD,18,21,1838,1842,0.512,0.053,0.435,21,20,-14.3,13.8,124,122
2025-11-22,IJsselvogels,ALO,17,23,1742,1773,0.472,0.057,0.471,20,19,-22.0,21.1,122,119
2025-11-22,It Fean,Leeuwarden,17,12,1571,1489,0.630,0.052,0.318,20,18,9.8,-8.1,134,121
2025-11-22,Juliana,Vriendenschaar (B),24,17,1774,1727,0.582,0.056,0.362,19,17,18.2,-17.8,125,123
2025-11-22,KCR,Refleks,25,19,1778,1773,0.523,0.056,0.421,19,18,18.4,-18.4,122,122
2025-11-22,KIOS (N),Sporting West,23,18,1810,1568,0.809,0.036,0.155,22,16,-3.6,4.2,120,128
2025-11-22,KIOS (R),CSL,31,27,1996,2026,0.476,0.050,0.474,24,23,13.3,-13.9,120,123
2025-11-22,KVA,TOP (A),24,29,2095,2094,0.519,0.056,0.426,20,19,-23.2,23.6,127,128
2025-11-22,KVK,Twist,18,14,1475,1542,0.417,0.061,0.522,16,17,21.2,-20.5,125,123
2025-11-22,KVS '17,Attila,15,18,791,1141,0.120,0.036,0.844,11,18,16.3,-12.9,145,131
2025-11-22,KVS,AW.DTV,17,27,2104,2192,0.391,0.056,0.553,18,19,-26.4,24.0,125,119
2025-11-22,KVW '22,Sparta (Ze),20,11,1650,1469,0.752,0.041,0.207,23,17,10.3,-9.8,126,122
2025-11-22,KVZ '23,Tempo,23,17,2046,2077,0.472,0.054,0.474,20,21,23.6,-21.6,130,124
2025-11-22,Keep Fit '70,Scheldevogels,15,9,1237,986,0.817,0.035,0.148,23,16,-1.8,1.4,138,129
2025-11-22,Kinderdijk,Tilburg,21,24,1897,1968,0.414,0.056,0.529,18,19,-7.9,7.9,121,120
2025-11-22,Korbatjo,Blauw Wit (K),25,16,1510,1481,0.556,0.056,0.388,19,18,23.8,-24.1,123,124
2025-11-22,LDODK,DSC,31,22,2512,2327,0.757,0.037,0.205,26,20,8.7,-7.8,128,120
2025-11-22,Lintjo,EKC 2000,31,15,1334,953,0.902,0.023,0.074,22,13,7.4,-8.7,125,137
2025-11-22,Luctor,Seolto,20,17,1126,1140,0.494,0.060,0.446,18,17,11.4,-11.9,126,129
2025-11-22,Luno,Madjoe,12,17,1492,1437,0.592,0.059,0.349,17,15,-28.8,31.9,123,129
2025-11-22,Maassluis,Reeuwijk,25,12,1913,1717,0.766,0.040,0.194,23,17,14.5,-14.6,123,124
2025-11-22,NIO,DSO (K),23,14,1578,1550,0.554,0.060,0.386,17,16,28.1,-24.8,132,123
2025-11-22,NRC '22,Amicitia (V),15,23,1859,1888,0.475,0.055,0.471,21,20,-26.2,25.8,122,121
2025-11-22,Nic,Dindoa,21,14,2093,2015,0.627,0.048,0.324,23,20,13.1,-13.3,123,123
2025-11-22,Nikantes,Ventura Sport,14,14,759,1247,0.057,0.021,0.922,11,20,50.5,-33.5,154,127
2025-11-22,Nova,Fiducia,15,23,1733,1825,0.385,0.058,0.557,17,18,-22.6,21.7,124,121
2025-11-22,Noviomagum,Tiel '72,24,22,1789,1796,0.510,0.052,0.439,22,21,5.7,-5.8,131,133
2025-11-22,ODIK,Exakwa,15,16,1627,1784,0.301,0.051,0.648,17,20,8.0,-7.6,124,121
2025-11-22,OEC,DKB,18,19,1135,1291,0.301,0.054,0.645,16,19,8.1,-8.4,130,132
2025-11-22,OJC '98,PSV,17,15,1292,1265,0.551,0.061,0.388,17,16,3.9,-3.5,134,125
2025-11-22,OKO,Drachten,30,24,1913,1937,0.484,0.052,0.465,22,21,22.5,-19.8,131,123
2025-11-22,OKV,HBC (Be),18,11,1374,1495,0.347,0.054,0.599,17,20,35.4,-36.4,126,128
2025-11-22,OZC,TOGO (G),19,29,1496,1587,0.387,0.053,0.560,19,21,-25.8,23.6,127,121
2025-11-22,Olympia '22,SDO (W),18,16,961,1113,0.302,0.060,0.638,13,16,23.8,-23.3,132,131
2025-11-22,Oranje Wit (D),ONDO (M),25,15,2005,1739,0.831,0.030,0.139,26,18,5.4,-5.3,124,122
2025-11-22,PKC,DVO,36,23,2519,2464,0.598,0.048,0.355,24,22,25.3,-24.7,125,123
2025-11-22,Paal Centraal,Erasmus,18,14,1399,1436,0.463,0.056,0.481,18,19,18.4,-17.3,133,129
2025-11-22,Pallas '08,De Parabool,18,20,1630,1826,0.257,0.045,0.698,18,23,7.6,-7.7,123,124
2025-11-22,Pernix,Tweemaal Zes,18,15,1939,1923,0.540,0.053,0.407,21,20,7.0,-7.1,123,124
2025-11-22,Quick '21 / Vlug en Vaardig (G),Ritola,13,33,1562,1995,0.079,0.022,0.899,15,25,-7.9,8.1,123,125
2025-11-22,RODA (W),Sparta (N),15,12,1731,1551,0.749,0.044,0.207,20,15,-6.8,6.4,126,123
2025-11-22,RWA,Movado,23,17,1774,1621,0.720,0.046,0.235,21,17,5.5,-5.3,123,121
2025-11-22,Rapid (H),ESDO,17,11,1434,1245,0.755,0.049,0.196,17,12,5.6,-6.0,122,128
2025-11-22,Reehorst '45,DOS-WK,25,30,1766,1763,0.524,0.049,0.427,23,22,-20.6,20.3,124,123
2025-11-22,Regio '72,SDO (S),13,22,1117,1338,0.230,0.045,0.726,17,21,-13.8,13.3,132,129
2025-11-22,Rheko,RDZ,17,17,1333,1318,0.534,0.064,0.402,16,15,-4.5,5.4,125,137
2025-11-22,Rood Wit (W),DOS Kampen,16,25,1581,1811,0.221,0.042,0.737,18,23,-11.7,10.6,129,122
2025-11-22,Rust Roest (E),Fortissimo,26,21,1773,1642,0.693,0.048,0.259,21,17,4.2,-4.4,123,128
2025-11-22,SDO (V),Animo (G),24,21,1698,1790,0.386,0.052,0.562,20,22,20.5,-16.9,135,122
2025-11-22,SEV (Z),Wesstar,15,17,1126,1360,0.213,0.049,0.738,13,18,10.8,-9.2,134,125
2025-11-22,SGV,Koveni,9,14,731,1087,0.117,0.036,0.847,11,18,5.8,-3.9,145,125
2025-11-22,SIOS / Leonidas,ROG,21,24,1388,1425,0.461,0.062,0.477,15,16,-13.8,12.7,130,124
2025-11-22,SkunK,DWS (K),12,15,1252,1398,0.312,0.059,0.630,14,17,-2.9,2.9,129,129
2025-11-22,Spannum,Harich,18,18,1436,1523,0.390,0.058,0.552,17,18,5.7,-5.4,125,122
2025-11-22,Sparta (Zw),Noordenveld,17,24,1873,1963,0.389,0.055,0.556,18,19,-18.9,18.7,122,121
2025-11-22,Spirit (Vo),Oost Arnhem,20,19,2239,1973,0.831,0.030,0.139,26,18,-23.2,21.4,128,124
2025-11-22,Sporting Trigon,Haarlem,17,11,1760,1803,0.454,0.058,0.487,17,18,22.5,-23.4,119,122
2025-11-22,Springfield,Zaamslag,7,20,1168,1468,0.158,0.036,0.806,16,23,-12.4,16.3,125,146
2025-11-22,Swift (M),Fortis,23,23,2007,1983,0.550,0.057,0.393,19,18,-5.1,5.4,119,122
2025-11-22,Swift,Excelsior (D),20,19,1771,1800,0.475,0.056,0.469,20,19,4.0,-3.7,125,120
2025-11-22,Synergo,NKC '51,17,21,1929,1911,0.543,0.054,0.403,20,19,-19.2,21.6,120,127
2025-11-22,TOP (S),Mid Fryslân,30,24,2342,2277,0.610,0.050,0.340,22,20,11.6,-11.8,122,123
2025-11-22,Telstar,Antilopen,19,19,1857,1855,0.519,0.058,0.422,18,17,-3.4,3.2,124,121
2025-11-22,Thrianta,Oranje Zwart,23,19,1462,1453,0.531,0.052,0.417,22,21,10.5,-10.6,121,121
2025-11-22,Trekvogels (R),Vriendenschaar (H),23,25,1817,1854,0.467,0.052,0.482,21,22,-6.9,7.0,122,123
2025-11-22,Triade,Focus,25,11,1127,944,0.750,0.046,0.204,19,14,19.0,-19.3,131,132
2025-11-22,VDDO,Joure,12,18,1550,1427,0.682,0.050,0.268,20,16,-37.5,38.9,123,126
2025-11-22,VEO,SDO (K),21,17,1890,1845,0.578,0.057,0.365,19,17,9.1,-9.0,123,122
2025-11-22,VZOD,Oosterkwartier (H),15,5,1365,1412,0.447,0.060,0.493,16,17,36.7,-40.5,131,138
2025-11-22,Valto,Nieuwerkerk,22,22,2179,2179,0.516,0.055,0.429,20,19,-3.1,3.0,125,124
2025-11-22,Velocitas (L),ONDO (G),20,21,1763,1952,0.263,0.049,0.688,17,21,11.4,-10.5,128,123
2025-11-22,Victum,DOT (O),20,25,1894,1945,0.446,0.052,0.502,21,22,-16.3,15.9,125,124
2025-11-22,Viking,KCD,36,7,1626,1263,0.892,0.026,0.082,21,12,8.7,-9.4,124,130
2025-11-22,Vitesse (Be),Elko,16,26,1205,1490,0.170,0.038,0.792,16,22,-8.9,9.3,120,123
2025-11-22,WIK '34,Lemmer,16,11,1084,946,0.698,0.054,0.248,17,13,7.1,-9.2,133,157
2025-11-22,WK,Oerterp,11,21,757,1272,0.050,0.018,0.932,11,22,-1.0,1.1,156,124
2025-11-22,WWC,WSS,21,16,1547,1379,0.737,0.043,0.220,22,17,0.7,-0.7,125,122
2025-11-22,Wageningen,KCC,27,17,2287,2240,0.584,0.053,0.363,20,18,23.6,-23.4,124,124
2025-11-22,Westergo,DTL,13,21,1078,1638,0.038,0.016,0.946,9,19,3.1,-2.6,142,134
2025-11-22,Wez Handich,Kinea / Udiros,20,23,1874,1724,0.716,0.045,0.239,22,17,-29.1,29.4,124,124
2025-11-22,Wit Blauw,ZKC '19,28,22,2103,1942,0.731,0.041,0.228,24,19,3.3,-3.2,125,121
2025-11-22,Zuid '27,Oranje Zwart (M),24,14,1610,1175,0.926,0.019,0.055,22,12,1.1,-1.1,143,128
2025-11-22,Zwaluwen (Ze),Woudenberg,19,33,1638,1784,0.315,0.050,0.635,19,22,-23.9,23.2,123,121
2025-11-23,Club Brothers,NKC (N)/Wees Kwiek,26,8,1249,852,0.910,0.022,0.068,21,12,14.2,-27.0,164,248
2025-11-23,Eymerick,Maastricht,9,14,1094,1007,0.635,0.057,0.308,17,15,-44.3,41.4,149,144
2025-11-23,KIA,Koru,12,17,1033,1043,0.496,0.065,0.438,16,15,-40.8,42.4,174,178
2025-11-23,KZ,DOS '46,25,24,2449,2463,0.499,0.051,0.451,23,22,2.0,-2.2,121,126
2025-11-26,Revival,Kesteren,17,7,1417,1335,0.627,0.057,0.316,18,15,21.5,-23.8,123,130
2025-11-28,DVO,DSC,30,21,2440,2319,0.683,0.044,0.273,25,20,12.7,-12.5,120,119
2025-11-29,ALO,ACKC,26,14,1795,1700,0.646,0.054,0.300,19,16,20.2,-21.8,116,121
2025-11-29,ASVD,Rood Wit (W),24,19,1856,1569,0.846,0.031,0.123,24,16,-6.4,7.5,119,126
2025-11-29,AW.DTV,Wageningen,23,15,2217,2312,0.383,0.053,0.564,19,21,29.7,-32.1,116,121
2025-11-29,Animo (G),Rust Roest (E),15,16,1774,1779,0.510,0.055,0.435,20,19,-6.2,6.4,119,120
2025-11-29,Antilopen,ODIK,17,13,1858,1635,0.791,0.040,0.169,20,14,-5.0,5.3,118,121
2025-11-29,Atlantis,RODA (W),21,18,1586,1724,0.326,0.051,0.623,18,21,24.1,-22.1,129,124
2025-11-29,Attila,OJC '98,11,15,1128,1296,0.286,0.056,0.658,14,18,-5.0,4.9,130,129
2025-11-29,Aurora / DKV (IJ),DTS (E),11,21,1276,1297,0.483,0.065,0.452,16,15,-32.9,35.5,121,126
2025-11-29,Badhoevedorp,OKV,19,14,1465,1410,0.594,0.057,0.349,18,16,11.3,-11.6,121,123
2025-11-29,Blauw Wit (K),NIO,16,27,1457,1607,0.309,0.055,0.637,16,19,-21.2,23.2,121,127
2025-11-29,CSL,Sparta (Zw),26,23,2014,1854,0.727,0.044,0.228,22,17,-5.3,5.2,119,119
2025-11-29,Conventus,SGV,20,9,1079,736,0.879,0.032,0.089,17,9,8.3,-9.6,130,143
2025-11-29,DES (De),HKV / Ons Eibernest,18,14,1809,1774,0.567,0.054,0.379,20,19,9.3,-8.2,125,116
2025-11-29,DKV Victoria,DSO (A),21,11,1549,1002,0.959,0.012,0.029,21,10,-0.7,0.8,127,133
2025-11-29,DOS '46,Unitas,25,27,2461,2307,0.723,0.042,0.236,24,19,-24.5,23.5,122,119
2025-11-29,DOS Kampen,IFC '25,28,20,1822,1823,0.518,0.052,0.431,22,21,21.8,-22.0,120,120
2025-11-29,DOS-WK,HKC (He),22,9,1785,1672,0.673,0.046,0.281,23,19,19.1,-18.7,119,118
2025-11-29,DOT (O),Zwaluwen (Ze),42,13,1961,1614,0.886,0.023,0.090,26,16,8.6,-8.7,120,121
2025-11-29,DSO (K),Korbatjo,20,16,1524,1535,0.501,0.058,0.441,19,18,13.5,-13.5,120,120
2025-11-29,DTL,WIK '34,24,10,1636,1092,0.957,0.014,0.029,17,7,3.7,-3.4,135,129
2025-11-29,DTS (S) / Harkema,DWA / Argo,21,13,1469,1324,0.711,0.045,0.244,22,18,11.4,-10.6,127,122
2025-11-29,DWS (K),SEV (Z),11,12,1401,1136,0.825,0.040,0.135,17,11,-31.2,33.8,126,131
2025-11-29,Dalto,LDODK,20,27,2286,2522,0.216,0.038,0.746,20,26,-4.0,4.3,120,126
2025-11-29,De Hazenkamp,Débaldérin,15,12,923,1125,0.244,0.058,0.698,12,15,105.3,-80.6,290,253
2025-11-29,De Hoeve,WWC,16,27,1200,1549,0.123,0.033,0.844,14,21,-8.6,8.0,129,123
2025-11-29,De Parabool,Quick '21 / Vlug en Vaardig (G),23,14,1819,1553,0.830,0.033,0.137,23,15,5.0,-5.1,121,124
2025-11-29,De Pein,VDDO,20,17,1607,1511,0.649,0.050,0.301,21,18,-0.1,0.1,121,121
2025-11-29,De Wâlden,OKO,16,21,1763,1937,0.283,0.046,0.671,19,23,-4.4,4.8,119,126
2025-11-29,DeetosSnel,TOP (S),18,20,2428,2355,0.619,0.052,0.330,21,18,-18.2,17.0,123,119
2025-11-29,Devinco,Viking,17,26,1599,1638,0.460,0.057,0.483,18,19,-28.1,29.4,122,125
2025-11-29,Dindoa,De Meeuwen,20,16,2000,2054,0.441,0.055,0.504,19,20,17.1,-16.5,121,119
2025-11-29,Drachten,Elburg,28,18,1918,1652,0.829,0.034,0.137,22,15,6.8,-6.9,119,120
2025-11-29,EKC 2000,WK,20,12,944,756,0.755,0.047,0.198,18,13,12.6,-15.7,136,155
2025-11-29,ESDO,Dijkvogels,17,21,1238,1527,0.164,0.043,0.793,13,18,4.6,-4.9,125,129
2025-11-29,Elko,Noveas,27,13,1501,1325,0.748,0.039,0.213,25,19,15.6,-21.9,122,147
2025-11-29,Erasmus,RWA,27,31,1418,1780,0.115,0.030,0.855,15,23,11.0,-10.4,125,121
2025-11-29,Exakwa,Telstar,19,21,1776,1854,0.406,0.055,0.539,19,20,-3.2,3.3,119,120
2025-11-29,Excelsior (D),Nova,25,18,1796,1710,0.636,0.053,0.311,20,17,13.0,-13.8,117,121
2025-11-29,Fiducia,Swift,19,21,1847,1775,0.617,0.053,0.330,20,18,-17.0,17.7,119,121
2025-11-29,Fiks,HKC (Ha),17,23,2133,2333,0.254,0.041,0.705,21,25,-4.4,4.1,123,117
2025-11-29,Fluks (N),VZOD,23,14,1535,1402,0.695,0.051,0.255,19,15,14.9,-16.1,121,126
2025-11-29,Fortis,De Meervogels,17,15,1989,1784,0.774,0.042,0.184,20,15,-11.8,11.8,119,119
2025-11-29,Fortissimo,SDO (V),11,13,1638,1719,0.403,0.053,0.544,20,21,-3.0,3.2,125,129
2025-11-29,GKV (G),Avanti (P),22,20,2045,2073,0.477,0.056,0.467,20,19,7.7,-7.5,122,120
2025-11-29,HBC (Be),Furore,15,9,1457,1479,0.482,0.063,0.455,17,16,23.5,-23.5,124,124
2025-11-29,Haarlem,KIOS (N),24,23,1778,1807,0.475,0.056,0.468,20,19,3.6,-3.7,118,120
2025-11-29,Harich,It Fean,19,14,1518,1580,0.428,0.056,0.517,19,20,20.6,-24.3,119,130
2025-11-29,Hebbes,DOS (W),23,5,1289,1235,0.582,0.074,0.344,10,9,31.3,-38.6,130,146
2025-11-29,Heerenveen,Wit Blauw,21,14,1956,2108,0.311,0.047,0.642,20,23,32.0,-35.1,117,123
2025-11-29,Helios,Ados,23,18,1335,1271,0.603,0.062,0.336,16,14,12.9,-12.0,125,120
2025-11-29,Hoogkerk,Wez Handich,14,16,1643,1845,0.250,0.045,0.705,18,22,8.1,-7.8,124,122
2025-11-29,Joure,DTG,26,17,1466,1298,0.736,0.047,0.218,20,15,12.4,-12.6,123,124
2025-11-29,Juventa,NRC '22,22,14,1833,1832,0.520,0.054,0.426,21,20,24.3,-21.7,126,118
2025-11-29,KCC,Groen Geel,21,24,2216,2218,0.513,0.057,0.429,19,18,-14.7,14.0,121,118
2025-11-29,KCD,HKC (U),16,24,1252,1533,0.173,0.041,0.786,14,20,-7.7,7.4,130,126
2025-11-29,KOAG,Kinderdijk,15,13,1952,1889,0.605,0.054,0.341,20,17,-0.8,0.8,117,118
2025-11-29,KVZ,Reehorst '45,33,25,1812,1746,0.612,0.048,0.339,23,20,14.9,-15.7,117,120
2025-11-29,KZ Danaiden,Apollo,11,18,1650,1407,0.809,0.040,0.151,19,13,-48.5,56.5,119,129
2025-11-29,Keizer Karel,Rheko,19,16,1466,1329,0.700,0.050,0.250,19,15,-2.7,2.8,120,122
2025-11-29,Kesteren,Rivalen,21,17,1310,1143,0.732,0.050,0.218,18,13,-0.2,0.4,124,134
2025-11-29,Kinea / Udiros,De Granaet,20,16,1754,1744,0.530,0.057,0.412,19,18,11.9,-11.7,122,121
2025-11-29,Korbis,KVK,37,13,1903,1496,0.916,0.019,0.065,25,15,7.4,-6.7,129,122
2025-11-29,Koveni,Gemini,16,15,1083,1303,0.228,0.049,0.723,14,19,22.1,-26.8,125,137
2025-11-29,Leeuwarden,Spannum,8,18,1480,1441,0.570,0.057,0.372,18,17,-35.9,37.8,118,121
2025-11-29,Lemmer,Westergo,9,15,936,1080,0.316,0.055,0.629,16,19,-17.7,16.3,149,142
2025-11-29,MIA,Pernix,16,30,1785,1945,0.298,0.049,0.653,18,22,-21.4,21.5,119,119
2025-11-29,Madjoe,EKVA,10,23,1468,1602,0.331,0.052,0.617,18,21,-25.2,24.5,125,123
2025-11-29,Melynas,SIOS '61,17,13,1251,816,0.925,0.020,0.055,21,11,-43.3,41.2,276,271
2025-11-29,Merwede,IJsselvogels,16,15,1880,1720,0.728,0.044,0.228,22,17,-13.5,12.7,122,119
2025-11-29,Mid Fryslân,KVS,30,26,2265,2077,0.759,0.039,0.202,24,18,-4.6,4.8,120,122
2025-11-29,Movado,Paal Centraal,24,18,1615,1417,0.769,0.040,0.191,23,17,1.7,-1.8,119,128
2025-11-29,NKC '51,Apeldoorn,32,22,1933,1932,0.520,0.052,0.428,22,21,26.7,-26.3,123,122
2025-11-29,NKV,OEC,13,9,1426,1144,0.841,0.034,0.125,21,13,-10.7,8.9,136,126
2025-11-29,Nexus,OZC,17,17,1478,1470,0.528,0.057,0.415,19,18,-3.7,3.9,120,123
2025-11-29,Nieuwerkerk,KVA,21,15,2182,2073,0.668,0.048,0.284,22,18,8.0,-8.3,120,123
2025-11-29,Noordenveld,KIOS (R),26,23,1982,2012,0.478,0.049,0.472,24,23,9.8,-9.6,119,117
2025-11-29,ODO (M),Luno,11,10,1508,1462,0.577,0.063,0.360,16,14,-2.6,2.6,121,120
2025-11-29,ONDO (G),VEO,17,20,1942,1899,0.577,0.056,0.368,19,17,-18.8,18.7,120,120
2025-11-29,ONDO (M),Atlas,17,17,1733,1693,0.573,0.055,0.372,19,18,-6.7,6.9,121,123
2025-11-29,OVVO,Synergo,18,19,1956,1909,0.581,0.056,0.363,19,17,-11.0,10.9,118,117
2025-11-29,Oerterp,Lintjo,18,24,1274,1344,0.417,0.056,0.528,19,20,-18.8,18.8,125,125
2025-11-29,Olympia (S),Nikantes,18,16,1036,810,0.794,0.041,0.166,20,14,-16.1,19.4,140,152
2025-11-29,Olympia (T),Emmeloord,7,21,1287,1445,0.297,0.058,0.645,14,17,-25.1,24.7,126,125
2025-11-29,Oost Arnhem,AVO,25,25,1994,2041,0.451,0.054,0.495,20,21,1.5,-1.4,123,118
2025-11-29,Oosterkwartier (H),Dunas,12,19,1370,1518,0.312,0.052,0.636,17,20,-15.7,14.3,132,125
2025-11-29,Oranje Zwart (M),ADO,8,15,1173,1548,0.107,0.030,0.863,14,21,1.0,-0.9,129,127
2025-11-29,Oranje Zwart,KVW '22,19,26,1443,1661,0.233,0.043,0.724,18,23,-6.6,7.1,118,124
2025-11-29,PKC,KZ,22,28,2547,2451,0.652,0.046,0.303,24,21,-32.1,29.9,121,117
2025-11-29,PSV,KVS '17,27,7,1262,808,0.932,0.019,0.049,20,10,5.4,-7.2,121,142
2025-11-29,Phoenix (Z),De Vinken,22,28,1648,1840,0.261,0.047,0.692,18,22,-6.5,6.8,119,121
2025-11-29,RDZ,EKCA,14,19,1324,1284,0.570,0.059,0.371,18,16,-30.5,25.0,131,118
2025-11-29,ROG,HHV,18,17,1439,1567,0.339,0.051,0.610,19,21,12.8,-14.0,121,126
2025-11-29,Reeuwijk,KCR,17,22,1701,1798,0.379,0.055,0.566,18,20,-12.6,11.9,122,119
2025-11-29,Refleks,Maassluis,28,23,1755,1928,0.283,0.048,0.669,18,22,30.3,-31.5,119,121
2025-11-29,Ritola,Pallas '08,34,15,2006,1638,0.898,0.021,0.081,27,17,7.9,-7.3,125,121
2025-11-29,Rohda (A),KVZ '23,12,13,1906,2070,0.294,0.049,0.657,18,22,7.8,-9.1,117,126
2025-11-29,Roreko,Blauw Zwart,8,21,1288,1369,0.401,0.056,0.542,18,19,-32.2,31.6,129,128
2025-11-29,SCO,Spirit (Vo),11,26,2083,2216,0.335,0.048,0.617,20,23,-24.1,26.7,120,127
2025-11-29,SDO (K),Velocitas (L),19,10,1836,1775,0.602,0.054,0.343,20,17,19.6,-21.3,119,125
2025-11-29,SDO (S),Olympia '22,26,8,1352,985,0.896,0.022,0.081,25,15,8.1,-8.3,126,128
2025-11-29,SDO (W),Regio '72,17,16,1090,1103,0.492,0.068,0.440,15,14,3.4,-3.4,127,129
2025-11-29,SF Deinum,MN en W,16,21,830,1257,0.080,0.028,0.892,10,18,9.3,-7.7,145,134
2025-11-29,SKF,Nic,21,21,2017,2106,0.392,0.052,0.556,20,22,5.2,-5.4,118,120
2025-11-29,SKV (S),Triade,10,22,829,1148,0.142,0.038,0.820,13,19,-13.7,12.2,137,129
2025-11-29,Scheldevogels,Springfield,23,15,986,1154,0.285,0.057,0.658,14,17,45.9,-43.3,128,124
2025-11-29,Sparta (Ze),Thrianta,26,22,1458,1474,0.495,0.053,0.451,22,21,13.0,-12.4,121,118
2025-11-29,Sporting Delta,Die Haghe,15,23,2070,2341,0.182,0.038,0.780,17,24,-5.5,5.8,121,124
2025-11-29,Sporting West,Sporting Trigon,16,26,1573,1783,0.240,0.048,0.712,16,20,-16.0,13.8,126,116
2025-11-29,Stadskanaal '74,SIOS / Leonidas,21,17,1507,1375,0.695,0.047,0.258,21,17,0.4,-0.4,123,125
2025-11-29,Stormvogels (U),De Corvers,16,18,1180,1172,0.530,0.052,0.418,21,20,-11.6,12.1,124,127
2025-11-29,TOGO (G),Good Luck,22,18,1613,1428,0.755,0.040,0.205,24,18,-4.0,4.6,118,125
2025-11-29,TOP (A),Valto,21,19,2119,2176,0.435,0.055,0.510,19,20,10.7,-10.3,124,121
2025-11-29,Tempo,Achilles (H),20,30,2055,2097,0.457,0.055,0.488,19,20,-28.5,29.3,121,123
2025-11-29,Thor (H),Wolderwijd,12,18,1203,1408,0.243,0.052,0.705,14,18,-13.3,9.5,160,131
2025-11-29,Tiel '72,Duko,30,9,1790,1336,0.934,0.016,0.050,26,15,5.7,-5.2,128,121
2025-11-29,Tjoba,Oranje Wit (D),17,27,1788,2011,0.229,0.040,0.731,20,25,-10.9,11.9,118,123
2025-11-29,Tweemaal Zes,BEP,16,19,1915,1871,0.579,0.054,0.367,20,18,-18.8,18.1,121,119
2025-11-29,Twist,DVS '69,12,18,1521,1653,0.332,0.054,0.614,17,19,-12.5,12.7,120,121
2025-11-29,VIKO,DKOD,26,6,1084,895,0.755,0.048,0.197,18,13,21.2,-46.1,136,212
2025-11-29,Ventura Sport,'t Capproen,14,11,1214,1174,0.569,0.064,0.367,15,14,7.6,-7.8,128,130
2025-11-29,Vitesse (Ba),Swift (M),16,19,1946,2003,0.435,0.055,0.510,19,20,-8.7,8.4,118,117
2025-11-29,Voltreffers (O),Luctor,14,23,988,1138,0.308,0.055,0.637,16,18,-23.3,18.8,137,122
2025-11-29,Vriendenschaar (B),Trekvogels (R),24,14,1709,1811,0.374,0.051,0.576,20,22,35.2,-34.4,120,119
2025-11-29,Vriendenschaar (H),Juliana,19,12,1862,1793,0.613,0.053,0.334,20,18,14.5,-14.9,119,121
2025-11-29,WION,Zuid '27,10,26,1466,1612,0.313,0.053,0.634,17,20,-25.9,32.5,126,142
2025-11-29,Weidevogels,GKV,23,17,1698,1606,0.646,0.047,0.307,23,20,9.4,-8.5,124,118
2025-11-29,Wesstar,SkunK,18,13,1351,1248,0.656,0.054,0.290,19,15,7.6,-7.9,123,125
2025-11-29,Woudenberg,Victum,19,17,1810,1878,0.421,0.052,0.527,20,21,10.6,-11.2,119,122
2025-11-29,ZKC '19,Flamingo's (B),19,20,1939,1964,0.482,0.053,0.465,22,21,-4.2,4.3,119,120
2025-11-29,Zaamslag,Keep Fit '70,26,19,1484,1235,0.818,0.031,0.151,26,19,-0.3,0.2,142,136
2025-11-29,Zwart Wit,Achilles (A) / AKC,20,20,1365,1408,0.453,0.062,0.486,15,16,1.1,-1.2,122,125
2025-11-30,Blauw Wit,Fortuna (D),21,25,2410,2511,0.375,0.050,0.575,21,23,-7.2,7.8,118,124
2025-11-30,Maastricht,Mariarade,20,5,1048,589,0.933,0.019,0.047,18,9,7.1,-12.3,138,196
2025-11-30,NKC (N)/Wees Kwiek,Goorecht,16,19,824,612,0.778,0.047,0.175,16,11,-88.0,113.7,233,264
2025-12-03,BKC (Br),Volharding,14,10,527,835,0.147,0.045,0.807,10,15,109.6,-200.2,256,342
2025-12-03,It Fean,Joure,14,17,1555,1480,0.621,0.053,0.326,20,17,-22.9,21.3,124,120
2025-12-04,NIO,OZC,24,18,1632,1474,0.724,0.046,0.230,21,16,5.2,-4.9,123,118
2025-12-04,NKV,Attila,24,16,1415,1123,0.848,0.034,0.118,20,13,4.0,-3.7,134,126
2025-12-04,Ten Donck,Eureka,7,16,654,795,0.308,0.081,0.612,7,9,-101.2,123.0,307,350
2025-12-06,'t Capproen,WION,17,22,1165,1439,0.177,0.045,0.778,13,18,-0.3,0.4,126,123
2025-12-06,ALO,KCR,10,18,1816,1810,0.525,0.056,0.419,19,18,-27.3,28.1,114,116
2025-12-06,Albatros,Fortis,26,22,2046,1977,0.614,0.052,0.334,21,18,5.7,-5.4,123,118
2025-12-06,Amicitia (V),Apeldoorn,27,24,1915,1906,0.531,0.052,0.417,22,21,7.2,-7.0,121,119
2025-12-06,Animo (G),Victum,21,32,1767,1866,0.377,0.053,0.570,19,21,-22.9,23.8,116,119
2025-12-06,Antilopen,HKC (He),29,9,1852,1652,0.771,0.041,0.189,22,16,15.4,-15.0,118,116
2025-12-06,Apollo,ODO (M),14,19,1464,1505,0.453,0.065,0.482,14,15,-21.7,18.9,127,118
2025-12-06,Arena,Tiel '72,10,39,1334,1798,0.067,0.019,0.913,15,26,-7.3,7.7,125,129
2025-12-06,Atlantis,OKV,16,19,1611,1398,0.784,0.038,0.178,23,17,-35.1,31.9,125,120
2025-12-06,Atlas,Vriendenschaar (B),23,21,1700,1745,0.452,0.056,0.492,18,19,9.1,-8.7,120,117
2025-12-06,Avanti (P),TOP (A),20,23,2066,2129,0.425,0.057,0.519,18,19,-8.2,8.6,117,120
2025-12-06,BEP,Excelsior (D),23,19,1890,1811,0.627,0.052,0.321,20,18,4.6,-4.6,116,115
2025-12-06,Blauw Wit (K),Good Luck,24,21,1436,1433,0.520,0.056,0.424,19,18,8.2,-8.9,119,123
2025-12-06,Blauw Zwart,SDO (S),21,15,1401,1362,0.574,0.052,0.375,22,20,14.6,-15.1,124,126
2025-12-06,DES (De),KIOS (N),17,19,1818,1804,0.537,0.055,0.409,20,19,-12.1,11.3,121,117
2025-12-06,DKB,KVS '17,21,15,1283,799,0.942,0.017,0.041,20,10,-8.6,10.5,131,142
2025-12-06,DKV Victoria,Ados,17,12,1550,1259,0.846,0.035,0.119,19,12,-5.0,4.0,128,118
2025-12-06,DOS Kampen,OKO,16,20,1846,1942,0.383,0.049,0.568,22,24,-7.1,7.7,117,123
2025-12-06,DSC,Dalto,29,18,2307,2282,0.554,0.050,0.395,23,21,23.4,-23.8,117,118
2025-12-06,DSO (A),Aurora / DKV (IJ),12,21,1002,1243,0.206,0.050,0.744,12,17,-15.6,12.4,134,118
2025-12-06,DTS (E),Stormvogels (U),19,9,1333,1168,0.729,0.051,0.219,17,13,15.4,-15.1,122,121
2025-12-06,DVS '69,Erasmus,14,14,1666,1431,0.803,0.037,0.160,22,16,-21.7,23.9,119,124
2025-12-06,DWA / Argo,De Hoeve,19,13,1313,1192,0.679,0.054,0.267,18,14,9.3,-10.4,120,128
2025-12-06,DWS (K),EKCA,14,12,1369,1310,0.596,0.060,0.344,16,14,0.5,-0.5,125,116
2025-12-06,De Granaet,De Parabool,24,26,1732,1825,0.386,0.054,0.561,19,21,-1.8,1.9,118,121
2025-12-06,De Meervogels,KOAG,15,25,1795,1950,0.303,0.052,0.645,17,20,-18.2,17.3,118,115
2025-12-06,De Meeuwen,SCO,21,22,2036,2058,0.485,0.057,0.458,20,19,-4.6,4.7,116,118
2025-12-06,De Pein,It Fean,20,17,1607,1532,0.622,0.051,0.327,21,18,1.5,-1.5,118,120
2025-12-06,De Vinken,Haarlem,20,15,1848,1783,0.609,0.051,0.340,21,19,8.8,-8.4,119,116
2025-12-06,De Wâlden,Rood Wit (W),14,13,1759,1577,0.751,0.043,0.206,21,16,-13.7,16.0,117,126
2025-12-06,Devinco,Achilles (A) / AKC,30,18,1571,1407,0.730,0.047,0.224,20,15,15.7,-16.3,119,122
2025-12-06,Dindoa,AVO,19,18,2018,2040,0.485,0.054,0.461,21,20,2.9,-2.8,118,115
2025-12-06,EKVA,KZ Danaiden,18,20,1628,1601,0.554,0.056,0.390,19,18,-13.6,13.1,121,119
2025-12-06,ESDO,Dunas,13,17,1243,1532,0.166,0.039,0.796,15,21,6.2,-6.0,124,122
2025-12-06,Elburg,ASVD,23,23,1645,1850,0.245,0.047,0.707,16,21,15.6,-15.3,120,119
2025-12-06,Elko,WK,33,13,1518,740,0.989,0.004,0.008,26,10,1.0,-1.3,121,149
2025-12-06,Fiducia,Pernix,17,20,1830,1969,0.325,0.051,0.624,18,21,-1.3,1.3,116,117
2025-12-06,Flamingo's (B),CSL,14,18,1968,2010,0.459,0.052,0.489,21,22,-12.4,12.5,117,118
2025-12-06,Fluks (N),Dijkvogels,12,12,1551,1523,0.554,0.060,0.386,17,16,-5.4,6.2,119,127
2025-12-06,Furore,Sparta (N),19,23,1454,1556,0.368,0.062,0.570,15,16,-10.3,10.7,121,124
2025-12-06,GKV (G),KVA,28,25,2053,2063,0.503,0.054,0.443,21,20,9.1,-9.2,119,120
2025-12-06,Groen Geel,AW.DTV,16,21,2233,2247,0.495,0.056,0.448,20,19,-18.5,18.1,115,114
2025-12-06,HBC (Be),RODA (W),10,16,1480,1702,0.227,0.047,0.725,15,20,-5.6,5.6,121,121
2025-12-06,HKC (Ha),KCC,25,13,2337,2201,0.699,0.047,0.254,21,17,16.2,-16.8,116,118
2025-12-06,Harich,DTG,22,12,1539,1285,0.818,0.036,0.145,21,14,7.5,-8.1,116,122
2025-12-06,Hebbes,Wolderwijd,12,16,1321,1418,0.377,0.060,0.563,16,17,-11.2,11.4,127,128
2025-12-06,Heerenveen,Sparta (Zw),21,24,1989,1860,0.690,0.049,0.261,20,16,-24.7,25.7,115,117
2025-12-06,Helios,De Corvers,18,13,1349,1184,0.734,0.042,0.225,23,18,0.4,-0.4,122,123
2025-12-06,Hellas '63,KCD,22,19,1579,1245,0.877,0.028,0.096,22,13,-16.0,16.9,124,128
2025-12-06,Hoogkerk,Quick '21 / Vlug en Vaardig (G),27,16,1650,1547,0.657,0.053,0.290,19,16,20.1,-20.5,121,123
2025-12-06,Huizen,VIKO,14,17,1312,1107,0.772,0.045,0.183,18,13,-36.4,40.6,127,134
2025-12-06,IFC '25,Drachten,16,21,1801,1926,0.343,0.050,0.607,19,22,-8.5,8.7,118,119
2025-12-06,IJsselvogels,Reeuwijk,20,14,1732,1688,0.579,0.055,0.367,20,18,13.8,-14.3,117,119
2025-12-06,KIOS (R),ZKC '19,28,24,2003,1935,0.615,0.047,0.338,24,21,4.1,-4.2,115,116
2025-12-06,KVS,DeetosSnel,12,15,2083,2409,0.139,0.033,0.828,16,23,12.4,-12.4,120,120
2025-12-06,KVZ '23,ONDO (G),21,20,2060,1922,0.701,0.047,0.253,21,17,-11.6,10.7,122,118
2025-12-06,KVZ,ODIK,23,12,1830,1639,0.759,0.044,0.198,20,15,12.0,-13.0,115,120
2025-12-06,KZ,DVO,24,27,2482,2454,0.560,0.049,0.391,24,22,-14.8,15.6,115,118
2025-12-06,Keep Fit '70,Seolto,23,15,1236,1128,0.664,0.049,0.286,21,17,16.4,-15.0,133,127
2025-12-06,Kesteren,Duko,15,23,1311,1330,0.485,0.062,0.453,17,16,-29.6,29.8,122,123
2025-12-06,Lemmer,De Waterpoort,9,16,918,1095,0.275,0.053,0.672,15,19,-16.4,15.5,142,138
2025-12-06,MN en W,DTL,12,9,1250,1641,0.097,0.031,0.872,11,19,50.0,-51.7,134,136
2025-12-06,Maassluis,Merwede,21,18,1897,1866,0.561,0.053,0.386,21,19,5.3,-5.3,119,120
2025-12-06,Madjoe,GKV,15,16,1442,1598,0.304,0.048,0.648,19,23,8.1,-7.2,122,116
2025-12-06,Movado,KVK,21,20,1618,1489,0.690,0.050,0.260,19,16,-9.9,10.8,118,123
2025-12-06,NIO,Nexus,18,13,1638,1475,0.730,0.047,0.224,20,15,2.1,-2.1,119,117
2025-12-06,NRC '22,NKC '51,19,28,1810,1962,0.308,0.049,0.643,19,22,-15.4,16.5,116,120
2025-12-06,Nieuwerkerk,Die Haghe,21,15,2190,2347,0.302,0.049,0.649,18,22,31.3,-33.6,118,122
2025-12-06,Noordenveld,Wit Blauw,21,20,1993,2072,0.408,0.050,0.542,22,23,7.5,-8.0,116,120
2025-12-06,Nova,MIA,13,20,1696,1763,0.420,0.058,0.522,17,18,-20.6,20.2,118,117
2025-12-06,OJC '98,NKV,18,20,1300,1420,0.345,0.061,0.594,14,16,-0.8,0.8,126,130
2025-12-06,ONDO (M),Juliana,16,18,1726,1777,0.442,0.059,0.499,17,18,-6.2,6.2,118,119
2025-12-06,OZC,DSO (K),18,17,1469,1539,0.416,0.058,0.526,17,18,7.2,-7.5,115,118
2025-12-06,Oerterp,Noveas,14,21,1256,1302,0.451,0.054,0.495,20,21,-21.7,29.0,122,142
2025-12-06,Olympia '22,TOP (V),7,10,976,1092,0.352,0.057,0.591,16,18,-4.8,4.8,128,128
2025-12-06,Oost Arnhem,Nic,28,21,1997,2101,0.371,0.051,0.578,20,22,29.2,-28.1,119,117
2025-12-06,Oranje Zwart (M),Nikantes,16,10,1173,830,0.881,0.029,0.090,19,11,-3.4,5.1,128,147
2025-12-06,Oranje Zwart,HHV,23,24,1437,1553,0.355,0.049,0.596,21,23,4.1,-4.5,117,122
2025-12-06,PSV,OEC,19,13,1269,1152,0.675,0.051,0.274,20,16,9.0,-9.4,122,125
2025-12-06,Pallas '08,Kinea / Udiros,10,27,1630,1766,0.326,0.053,0.621,17,20,-25.5,24.6,121,119
2025-12-06,RDZ,SkunK,11,18,1293,1240,0.588,0.059,0.353,17,15,-36.6,34.3,127,122
2025-12-06,RWA,Korbis,21,20,1772,1914,0.323,0.047,0.630,21,24,13.8,-15.7,121,129
2025-12-06,Rapid (H),Oosterkwartier (H),28,14,1440,1353,0.633,0.059,0.308,17,14,24.9,-26.5,124,128
2025-12-06,Reehorst '45,Exakwa,27,21,1732,1773,0.460,0.050,0.490,22,23,19.6,-19.0,118,116
2025-12-06,Refleks,ACKC,18,15,1787,1678,0.665,0.052,0.283,19,16,-0.6,0.7,117,119
2025-12-06,Revival,Rivalen,20,15,1438,1144,0.849,0.034,0.117,19,12,-4.7,5.6,121,130
2025-12-06,Rheko,Wesstar,19,14,1332,1359,0.474,0.063,0.463,17,16,19.6,-19.8,120,120
2025-12-06,Ritola,Wez Handich,30,23,2016,1837,0.751,0.038,0.211,26,20,4.1,-3.8,126,119
2025-12-06,Roreko,Regio '72,16,12,1255,1100,0.719,0.049,0.231,19,15,-0.0,0.0,125,125
2025-12-06,Rust Roest (E),DOT (O),18,37,1785,1974,0.265,0.044,0.691,20,24,-20.0,21.0,117,121
2025-12-06,SDO (K),Achilles (H),20,23,1856,2128,0.180,0.040,0.780,15,21,8.1,-8.5,117,119
2025-12-06,SEV (Z),Keizer Karel,13,14,1170,1464,0.161,0.040,0.799,14,20,20.5,-16.8,129,118
2025-12-06,SGV,Focus,7,17,726,925,0.248,0.058,0.694,12,15,-23.7,21.0,141,132
2025-12-06,SIOS / Leonidas,Sparta (Ze),17,26,1375,1473,0.378,0.056,0.567,17,19,-23.1,21.3,123,118
2025-12-06,SKV (S),Gemini,7,22,815,1276,0.066,0.024,0.910,10,19,-8.0,7.8,135,133
2025-12-06,Spannum,Joure,21,18,1480,1502,0.482,0.059,0.458,18,17,11.1,-10.6,119,116
2025-12-06,Spirit (Vo),SKF,21,16,2243,2023,0.791,0.035,0.173,25,18,-4.1,3.5,124,116
2025-12-06,Sporting Trigon,Phoenix (Z),22,15,1798,1643,0.721,0.047,0.232,20,16,7.7,-7.9,115,117
2025-12-06,Sporting West,HKV / Ons Eibernest,17,33,1557,1765,0.242,0.047,0.711,17,21,-20.1,17.2,123,113
2025-12-06,Stadskanaal '74,KVW '22,22,17,1509,1670,0.298,0.047,0.655,19,23,29.5,-30.0,120,122
2025-12-06,Synergo,Juventa,18,16,1920,1858,0.604,0.052,0.344,21,18,-0.8,1.0,115,122
2025-12-06,TOGO (G),Korbatjo,19,18,1610,1521,0.641,0.049,0.311,22,19,-6.9,7.0,117,118
2025-12-06,TOP (S),Fiks,33,18,2372,2128,0.813,0.032,0.154,26,18,10.9,-11.6,117,120
2025-12-06,Telstar,DOS-WK,29,21,1858,1805,0.592,0.053,0.356,21,19,17.4,-17.3,118,117
2025-12-06,Tempo,VEO,29,24,2027,1918,0.666,0.049,0.285,21,17,5.4,-5.3,118,117
2025-12-06,Thrianta,ROG,16,22,1462,1452,0.531,0.056,0.414,20,18,-23.3,24.4,115,118
2025-12-06,Trekvogels (R),Tjoba,27,25,1776,1777,0.517,0.052,0.431,22,21,4.2,-4.2,116,117
2025-12-06,Triade,Conventus,21,14,1161,1088,0.617,0.057,0.326,18,16,17.2,-17.9,127,130
2025-12-06,Tweemaal Zes,Swift,19,10,1896,1793,0.658,0.050,0.292,21,18,15.3,-15.4,118,118
2025-12-06,Twist,Paal Centraal,19,24,1508,1416,0.644,0.052,0.304,20,17,-28.7,32.8,118,126
2025-12-06,Unitas,PKC,23,32,2331,2515,0.272,0.044,0.684,20,24,-12.6,12.8,118,119
2025-12-06,VDDO,Leeuwarden,15,15,1512,1443,0.612,0.055,0.333,19,17,-9.1,8.7,119,116
2025-12-06,Valto,Sporting Delta,25,16,2165,2064,0.657,0.049,0.294,22,18,15.2,-15.6,118,120
2025-12-06,Velocitas (L),Rohda (A),19,13,1752,1913,0.296,0.051,0.653,17,21,34.3,-30.9,121,115
2025-12-06,Ventura Sport,ADO,17,18,1221,1547,0.137,0.036,0.826,13,20,20.8,-21.6,124,126
2025-12-06,Vitesse (Ba),Kinderdijk,14,18,1936,1889,0.583,0.056,0.361,19,17,-21.5,21.3,116,115
2025-12-06,Vitesse (Be),EKC 2000,21,13,1196,958,0.805,0.039,0.156,20,14,5.9,-6.8,122,133
2025-12-06,Voltreffers (O),Springfield,11,18,965,1111,0.311,0.060,0.629,14,16,-18.9,16.2,132,122
2025-12-06,Vriendenschaar (H),Oranje Wit (D),18,20,1876,2024,0.315,0.046,0.639,21,24,3.6,-3.9,117,121
2025-12-06,WSS,Emmeloord,15,21,1378,1471,0.384,0.056,0.560,18,19,-16.4,16.2,123,122
2025-12-06,WWC,Olympia (T),24,15,1558,1261,0.852,0.032,0.115,20,13,4.7,-4.7,122,123
2025-12-06,Wageningen,Mid Fryslân,24,21,2278,2262,0.542,0.050,0.408,23,22,5.9,-5.9,118,118
2025-12-06,Weidevogels,Luno,15,8,1709,1464,0.810,0.040,0.151,19,13,3.7,-3.5,121,117
2025-12-06,Westergo,SF Deinum,17,14,1097,840,0.819,0.040,0.141,17,11,-11.7,13.1,137,144
2025-12-06,Woudenberg,SDO (V),25,18,1820,1721,0.655,0.047,0.298,23,19,10.3,-11.8,116,125
2025-12-06,Zaamslag,Luctor,22,12,1486,1158,0.874,0.025,0.101,25,16,3.4,-2.9,139,120
2025-12-06,Zuid '27,Olympia (S),28,9,1646,1021,0.974,0.008,0.019,26,12,2.6,-2.6,136,137
2025-12-06,Zwaluwen (Ze),Fortissimo,25,21,1604,1634,0.473,0.056,0.470,20,19,15.1,-15.2,121,122
2025-12-06,Zwart Wit,HKC (U),18,10,1367,1541,0.279,0.052,0.669,16,19,39.1,-42.9,119,124
2025-12-07,Fortuna (D),DOS '46,32,24,2520,2437,0.635,0.047,0.319,24,21,14.0,-13.9,121,120
2025-12-07,Goorecht,Korwi,7,23,727,1087,0.114,0.036,0.850,11,17,-38.5,39.0,235,237
2025-12-07,LDODK,Blauw Wit,23,19,2527,2402,0.689,0.042,0.269,25,21,-0.7,0.5,124,116
2025-12-08,DOS (W),VIKO,11,20,1195,1148,0.572,0.074,0.354,10,9,-51.6,44.2,140,129
2025-12-10,Revival,Noviomagum,11,15,1434,1796,0.115,0.031,0.854,14,22,9.7,-11.8,120,131
2025-12-12,DOS '46,LDODK,27,27,2423,2527,0.374,0.047,0.579,23,25,6.5,-6.8,117,120
2025-12-13,ACKC,IJsselvogels,12,10,1678,1746,0.417,0.058,0.525,17,18,11.2,-10.8,117,115
2025-12-13,ADO,Zuid '27,12,12,1525,1650,0.342,0.053,0.605,18,20,9.1,-11.1,125,138
2025-12-13,ASVD,DOS Kampen,29,20,1836,1838,0.514,0.053,0.433,21,20,23.4,-22.6,117,115
2025-12-13,AVO,Spirit (Vo),22,32,2037,2239,0.251,0.043,0.706,19,24,-12.0,13.8,113,122
2025-12-13,AW.DTV,HKC (Ha),20,23,2265,2354,0.391,0.054,0.556,19,21,-5.1,5.3,112,114
2025-12-13,Achilles (A) / AKC,Hellas '63,18,16,1391,1564,0.282,0.050,0.668,17,21,20.6,-22.3,120,124
2025-12-13,Achilles (H),KVZ '23,21,20,2120,2048,0.619,0.050,0.331,22,19,-5.6,5.8,118,120
2025-12-13,Ados,DTS (E),19,16,1263,1349,0.390,0.063,0.548,15,16,17.6,-18.4,118,121
2025-12-13,Apeldoorn,Synergo,16,15,1900,1919,0.490,0.053,0.456,22,21,2.5,-2.3,117,113
2025-12-13,Aurora / DKV (IJ),Helios,10,14,1256,1350,0.379,0.065,0.557,14,15,-11.0,11.6,117,120
2025-12-13,Badhoevedorp,HBC (Be),7,10,1477,1474,0.519,0.062,0.420,17,16,-16.2,15.7,121,119
2025-12-13,CSL,Noordenveld,21,17,2022,2001,0.549,0.050,0.401,23,21,8.3,-8.1,115,114
2025-12-13,Conventus,Koveni,24,11,1070,1105,0.463,0.063,0.474,15,16,37.1,-36.8,126,125
2025-12-13,DOS (W),DKOD,20,14,1143,848,0.843,0.045,0.111,11,6,5.4,-8.6,133,195
2025-12-13,DOS-WK,KVZ,19,20,1788,1842,0.440,0.053,0.507,20,21,-1.4,1.4,115,114
2025-12-13,DOT (O),Woudenberg,25,22,1998,1832,0.737,0.039,0.224,26,20,-7.0,6.5,119,115
2025-12-13,DSO (K),Blauw Wit (K),18,19,1531,1445,0.633,0.056,0.310,18,15,-14.1,14.3,115,116
2025-12-13,DTG,VDDO,14,20,1276,1502,0.223,0.047,0.729,15,19,-5.6,5.2,121,116
2025-12-13,DTL,Lemmer,31,8,1588,901,0.981,0.007,0.013,21,8,2.1,-2.1,135,137
2025-12-13,DVO,Dalto,18,19,2470,2257,0.785,0.035,0.180,26,19,-23.0,22.9,116,116
2025-12-13,De Corvers,DSO (A),17,12,1184,986,0.769,0.038,0.193,23,17,-1.8,2.3,121,131
2025-12-13,De Hoeve,WSS,18,15,1181,1361,0.272,0.051,0.677,16,19,27.6,-25.5,124,120
2025-12-13,De Parabool,Ritola,17,24,1828,2022,0.260,0.043,0.697,20,24,-7.7,8.3,118,123
2025-12-13,De Waterpoort,MN en W,12,19,1111,1299,0.262,0.052,0.685,15,18,-13.8,13.7,133,133
2025-12-13,DeetosSnel,Wageningen,24,20,2395,2285,0.669,0.048,0.283,22,18,1.7,-1.7,119,116
2025-12-13,Die Haghe,Avanti (P),26,20,2312,2057,0.821,0.033,0.146,24,17,-2.3,2.1,120,115
2025-12-13,Dijkvogels,Rapid (H),16,15,1528,1467,0.599,0.062,0.340,16,14,-4.2,4.0,123,121
2025-12-13,Drachten,De Wâlden,20,15,1935,1744,0.761,0.042,0.197,22,16,-0.5,0.5,116,116
2025-12-13,Duko,Noviomagum,14,23,1361,1783,0.083,0.025,0.892,14,23,-1.2,1.2,120,128
2025-12-13,Dunas,VZOD,29,12,1526,1385,0.705,0.048,0.247,20,16,20.1,-21.8,121,127
2025-12-13,EKC 2000,Oerterp,12,13,951,1234,0.170,0.041,0.789,14,20,20.0,-16.3,131,119
2025-12-13,EKCA,Rheko,15,9,1309,1352,0.453,0.061,0.487,16,17,21.6,-22.7,114,117
2025-12-13,Emmeloord,DWA / Argo,19,8,1487,1323,0.731,0.047,0.222,19,15,14.9,-14.6,119,118
2025-12-13,Erasmus,Movado,23,20,1454,1609,0.304,0.053,0.644,17,20,24.6,-21.9,123,116
2025-12-13,Exakwa,Antilopen,9,20,1754,1869,0.355,0.053,0.592,19,21,-20.9,21.8,114,117
2025-12-13,Excelsior (D),Fiducia,20,30,1806,1828,0.484,0.056,0.460,20,19,-27.3,28.0,113,115
2025-12-13,Fiks,KCC,13,22,2116,2183,0.422,0.051,0.526,21,22,-23.1,21.8,120,116
2025-12-13,Focus,SKV (S),18,11,946,806,0.699,0.057,0.244,15,12,13.9,-15.0,129,135
2025-12-13,Fortis,Vitesse (Ba),15,18,1972,1914,0.598,0.055,0.347,19,17,-19.1,18.4,116,114
2025-12-13,Fortissimo,Animo (G),24,28,1620,1744,0.342,0.052,0.605,18,21,-6.0,5.6,119,114
2025-12-13,GKV,Apollo,14,21,1590,1442,0.715,0.045,0.240,22,17,-35.9,42.0,114,123
2025-12-13,Gemini,SGV,21,5,1285,701,0.966,0.011,0.023,20,8,3.1,-3.2,133,136
2025-12-13,Good Luck,OZC,19,18,1425,1477,0.443,0.054,0.503,19,20,5.8,-5.1,120,113
2025-12-13,HHV,SIOS / Leonidas,17,15,1550,1352,0.767,0.041,0.191,21,16,-11.6,11.6,119,119
2025-12-13,HKC (He),Reehorst '45,12,18,1635,1753,0.354,0.048,0.598,21,23,-10.7,10.7,115,116
2025-12-13,HKC (U),Viking,14,29,1497,1668,0.284,0.049,0.667,18,21,-21.9,22.8,122,124
2025-12-13,HKV / Ons Eibernest,De Vinken,23,23,1784,1857,0.415,0.052,0.534,21,22,3.5,-3.8,112,117
2025-12-13,Haarlem,Sporting West,20,18,1774,1536,0.804,0.038,0.157,21,14,-12.6,14.4,114,121
2025-12-13,It Fean,Spannum,22,16,1530,1491,0.571,0.057,0.372,19,17,14.7,-14.5,117,116
2025-12-13,Joure,De Pein,13,14,1491,1609,0.351,0.053,0.595,18,20,3.8,-4.0,114,116
2025-12-13,Juliana,Trekvogels (R),23,23,1783,1782,0.520,0.053,0.427,21,20,-2.9,2.8,116,114
2025-12-13,Juventa,Amicitia (V),13,25,1859,1923,0.425,0.054,0.521,19,20,-28.1,27.5,119,118
2025-12-13,KCD,Devinco,18,23,1262,1588,0.137,0.036,0.827,13,20,4.4,-3.6,127,118
2025-12-13,KCR,Maassluis,25,27,1838,1903,0.425,0.054,0.521,20,21,-3.9,4.1,114,116
2025-12-13,KIOS (N),Sporting Trigon,22,19,1815,1806,0.530,0.055,0.415,20,19,6.9,-6.8,114,114
2025-12-13,KOAG,Tilburg,13,22,1968,1976,0.506,0.054,0.439,21,20,-26.7,31.2,113,123
2025-12-13,KVA,Valto,17,24,2055,2181,0.342,0.050,0.608,20,22,-13.4,13.2,117,116
2025-12-13,KVK,DVS '69,10,21,1500,1643,0.318,0.053,0.629,17,20,-21.3,20.5,121,118
2025-12-13,KVS '17,OJC '98,13,17,810,1300,0.056,0.022,0.922,10,18,17.9,-12.7,143,123
2025-12-13,KVW '22,Thrianta,22,13,1639,1439,0.771,0.040,0.189,22,17,8.4,-7.7,119,113
2025-12-13,KZ Danaiden,Weidevogels,21,20,1614,1712,0.376,0.059,0.565,16,17,9.9,-10.7,116,121
2025-12-13,KZ,Unitas,30,15,2467,2319,0.716,0.043,0.242,24,19,16.1,-16.9,113,116
2025-12-13,Keizer Karel,RDZ,21,12,1446,1255,0.759,0.045,0.196,19,14,10.2,-11.1,117,123
2025-12-13,Kinderdijk,Albatros,17,25,1910,2053,0.319,0.050,0.630,18,21,-13.9,15.3,113,120
2025-12-13,Kinea / Udiros,Hoogkerk,19,15,1792,1672,0.678,0.053,0.269,18,15,2.5,-2.5,117,119
2025-12-13,Korbatjo,NIO,19,16,1528,1640,0.359,0.054,0.587,18,20,17.9,-18.4,116,117
2025-12-13,Korbis,Twist,29,12,1898,1480,0.921,0.018,0.061,25,14,5.8,-5.0,125,116
2025-12-13,Korvesta,Meko '74,7,24,723,785,0.421,0.071,0.508,12,13,-96.1,84.7,242,225
2025-12-13,Leeuwarden,Harich,18,16,1451,1547,0.379,0.056,0.564,17,19,12.9,-13.5,114,116
2025-12-13,Luno,EKVA,15,22,1459,1614,0.302,0.054,0.644,16,19,-13.0,13.2,117,118
2025-12-13,MIA,Tweemaal Zes,17,22,1783,1911,0.338,0.053,0.609,18,20,-8.5,8.7,115,116
2025-12-13,Merwede,ALO,27,26,1861,1787,0.619,0.053,0.328,20,17,-5.5,5.0,117,112
2025-12-13,NKC '51,OVVO,18,28,1979,1944,0.566,0.055,0.379,20,18,-34.8,35.1,118,118
2025-12-13,NKV,DKB,19,6,1422,1275,0.709,0.050,0.241,19,15,20.0,-21.6,126,132
2025-12-13,Nexus,TOGO (G),12,17,1472,1603,0.334,0.053,0.613,18,20,-8.6,8.5,116,115
2025-12-13,Nic,De Meeuwen,24,21,2072,2032,0.575,0.053,0.372,21,19,4.2,-4.2,114,114
2025-12-13,Nikantes,'t Capproen,9,15,834,1165,0.133,0.039,0.828,11,18,-0.8,1.0,145,124
2025-12-13,Noveas,Vitesse (Be),20,26,1332,1203,0.691,0.046,0.262,22,18,-43.8,35.1,135,121
2025-12-13,ODIK,Telstar,14,21,1625,1877,0.198,0.045,0.757,14,20,-6.3,6.0,119,116
2025-12-13,ODO (M),Madjoe,15,20,1524,1450,0.617,0.058,0.325,17,15,-27.6,29.6,115,120
2025-12-13,OKO,Elburg,20,18,1950,1662,0.847,0.029,0.123,25,16,-17.8,17.3,120,118
2025-12-13,OKV,Furore,22,13,1430,1444,0.493,0.061,0.446,17,16,27.0,-27.0,118,118
2025-12-13,ONDO (G),SDO (K),33,19,1933,1864,0.612,0.056,0.332,19,16,23.4,-23.4,116,116
2025-12-13,Oosterkwartier (H),Fluks (N),16,32,1326,1544,0.230,0.048,0.721,15,19,-19.8,17.6,124,117
2025-12-13,Oranje Wit (D),Atlas,27,17,2020,1710,0.864,0.025,0.111,27,18,2.3,-2.2,119,117
2025-12-13,PKC,Fortuna (D),28,22,2529,2535,0.510,0.050,0.440,23,22,16.2,-16.4,117,118
2025-12-13,Paal Centraal,RWA,18,23,1450,1786,0.132,0.030,0.837,17,25,7.1,-6.5,123,119
2025-12-13,Pernix,BEP,22,25,1970,1895,0.622,0.051,0.327,21,18,-19.8,19.4,115,114
2025-12-13,Phoenix (Z),DES (De),15,22,1634,1805,0.283,0.052,0.665,16,20,-11.1,11.6,116,118
2025-12-13,Quick '21 / Vlug en Vaardig (G),Pallas '08,15,22,1526,1603,0.408,0.055,0.538,19,20,-19.3,18.8,120,118
2025-12-13,ROG,Stadskanaal '74,11,11,1477,1539,0.430,0.053,0.517,20,21,2.7,-2.8,116,118
2025-12-13,Reeuwijk,Refleks,16,28,1673,1786,0.357,0.055,0.589,18,20,-23.5,22.8,117,115
2025-12-13,Regio '72,Olympia '22,19,19,1099,970,0.689,0.053,0.258,18,14,-14.9,15.4,122,124
2025-12-13,Rivalen,Arena,5,12,1150,1326,0.275,0.054,0.670,14,18,-14.4,13.6,129,125
2025-12-13,Rohda (A),Tempo,16,33,1881,2033,0.306,0.051,0.643,18,21,-21.3,22.3,113,116
2025-12-13,Rood Wit (W),IFC '25,21,17,1592,1792,0.251,0.045,0.703,18,22,31.9,-27.8,124,116
2025-12-13,SCO,Oost Arnhem,22,27,2063,2027,0.568,0.052,0.380,21,20,-22.1,22.6,115,117
2025-12-13,SDO (S),SDO (W),28,13,1347,1094,0.817,0.037,0.146,20,14,12.6,-13.3,123,126
2025-12-13,SDO (V),Rust Roest (E),20,17,1710,1765,0.438,0.054,0.508,19,20,13.9,-12.5,122,116
2025-12-13,SKF,Dindoa,14,20,2025,2020,0.525,0.054,0.422,21,20,-22.2,22.4,115,115
2025-12-13,Scheldevogels,Zaamslag,17,28,1034,1490,0.070,0.021,0.910,14,24,-2.8,3.0,128,137
2025-12-13,SkunK,SEV (Z),16,10,1275,1190,0.632,0.057,0.311,17,15,12.4,-13.8,120,127
2025-12-13,Sparta (N),Atlantis,21,12,1568,1576,0.505,0.056,0.439,20,19,25.8,-27.1,121,124
2025-12-13,Sparta (Ze),Oranje Zwart,21,18,1495,1442,0.594,0.049,0.357,23,21,2.5,-2.5,115,115
2025-12-13,Sparta (Zw),KIOS (R),20,23,1886,2008,0.347,0.050,0.603,19,22,-2.3,2.2,116,113
2025-12-13,Sporting Delta,GKV (G),17,12,2047,2064,0.493,0.056,0.452,20,19,16.2,-15.8,118,116
2025-12-13,Springfield,Keep Fit '70,16,10,1127,1253,0.340,0.054,0.606,17,20,29.6,-34.6,119,129
2025-12-13,Stormvogels (U),DKV Victoria,14,25,1152,1544,0.096,0.031,0.873,11,18,-6.7,7.5,119,127
2025-12-13,Swift (M),De Meervogels,25,14,2011,1776,0.802,0.037,0.160,22,15,9.4,-9.3,117,116
2025-12-13,Swift,Nova,16,16,1776,1675,0.655,0.053,0.292,19,16,-11.5,11.4,116,116
2025-12-13,TOP (A),Nieuwerkerk,12,20,2138,2222,0.397,0.056,0.546,18,19,-20.6,20.1,117,116
2025-12-13,TOP (S),KVS,25,13,2385,2094,0.848,0.031,0.121,23,15,7.2,-7.6,116,119
2025-12-13,TOP (V),Roreko,12,13,1096,1255,0.297,0.053,0.650,16,19,8.1,-7.9,124,123
2025-12-13,Tiel '72,Revival,28,14,1809,1443,0.896,0.022,0.082,26,16,6.3,-5.4,129,118
2025-12-13,Tjoba,ONDO (M),15,18,1774,1720,0.592,0.055,0.353,19,17,-18.2,18.7,114,116
2025-12-13,VEO,Velocitas (L),19,17,1913,1786,0.688,0.048,0.264,21,17,-6.0,6.4,115,119
2025-12-13,VIKO,Hebbes,8,14,1193,1309,0.352,0.058,0.591,16,18,-15.6,15.2,125,123
2025-12-13,Victum,Zwaluwen (Ze),29,19,1892,1621,0.834,0.032,0.134,24,16,5.4,-5.6,117,118
2025-12-13,Vriendenschaar (B),Vriendenschaar (H),10,14,1737,1880,0.319,0.052,0.629,18,20,-4.4,4.4,115,115
2025-12-13,WIK '34,Westergo,17,14,1087,1085,0.515,0.064,0.421,16,15,12.1,-12.2,134,135
2025-12-13,WION,Oranje Zwart (M),19,10,1440,1170,0.831,0.037,0.133,19,13,6.5,-7.1,121,128
2025-12-13,WK,Lintjo,11,15,739,1364,0.027,0.010,0.963,12,25,28.6,-18.9,150,124
2025-12-13,Wesstar,DWS (K),15,16,1339,1369,0.469,0.066,0.465,15,14,-4.6,4.8,118,121
2025-12-13,Wez Handich,De Granaet,23,28,1833,1731,0.659,0.047,0.294,23,20,-28.8,27.7,118,116
2025-12-13,Wit Blauw,Flamingo's (B),28,23,2063,1955,0.667,0.046,0.287,23,20,4.3,-4.1,117,115
2025-12-13,Wolderwijd,Huizen,18,13,1429,1275,0.717,0.052,0.231,17,13,4.7,-4.7,124,125
2025-12-13,ZKC '19,Heerenveen,19,20,1931,1964,0.470,0.054,0.476,19,20,-3.3,3.3,114,114
2025-12-14,Blauw Wit,DSC,19,26,2402,2331,0.619,0.048,0.333,23,20,-29.2,29.7,114,115
2025-12-14,Club Brothers,Goorecht,25,7,1264,688,0.965,0.010,0.025,23,11,6.3,-9.2,165,219
2025-12-14,Mariarade,FSC,10,24,576,1113,0.042,0.020,0.938,7,16,-11.4,7.6,194,149
2025-12-14,Mid Fryslân,Groen Geel,19,20,2256,2213,0.580,0.051,0.370,22,20,-10.1,9.6,116,113
2025-12-14,Samen Een,Forward,18,23,749,645,0.656,0.060,0.285,16,13,-71.3,63.3,193,182
2025-12-17,DWS (K),RDZ,24,10,1373,1244,0.686,0.058,0.256,15,12,19.7,-20.5,117,120
2025-12-19,Fortuna (D),KZ,25,23,2519,2485,0.567,0.050,0.383,23,21,0.9,-0.9,115,111
2025-12-20,DSO (A),DTS (E),15,15,988,1331,0.125,0.036,0.838,12,18,28.7,-23.9,129,118
2025-12-20,Dalto,Blauw Wit,30,28,2280,2373,0.387,0.051,0.563,21,22,12.2,-11.5,115,112
2025-12-20,Groen Geel,DeetosSnel,22,31,2222,2397,0.280,0.049,0.671,17,21,-13.1,14.6,111,117
2025-12-20,HKC (Ha),Mid Fryslân,27,22,2359,2246,0.674,0.045,0.281,24,20,3.3,-3.4,112,113
2025-12-20,KCC,AW.DTV,22,16,2205,2260,0.438,0.057,0.506,18,19,21.7,-20.3,114,110
2025-12-20,KVS,Fiks,25,26,2085,2091,0.510,0.051,0.439,22,21,-5.9,5.7,119,117
2025-12-20,LDODK,PKC,27,21,2521,2546,0.484,0.048,0.468,25,24,17.6,-16.6,118,114
2025-12-20,Unitas,DVO,23,25,2301,2446,0.318,0.047,0.635,20,24,3.2,-3.2,115,115
2025-12-20,Wageningen,TOP (S),22,22,2283,2392,0.363,0.052,0.585,19,21,6.8,-7.0,114,116
2025-12-20,Wiko,Diderna,7,18,469,978,0.050,0.021,0.929,8,17,-13.6,13.6,214,213
2025-12-21,DSC,DOS '46,14,26,2362,2430,0.421,0.049,0.530,22,24,-24.2,25.1,113,115
2025-12-21,FSC,Maastricht,9,8,1123,1056,0.609,0.056,0.335,18,16,-6.7,6.2,149,144
2025-12-21,Koru,KIA,11,8,1086,991,0.643,0.059,0.298,16,13,4.3,-4.3,171,168
2026-01-04,FSC,Mariarade,22,6,1115,564,0.959,0.014,0.028,17,7,5.3,-8.2,144,193
2026-01-10,'t Capproen,ADO,9,22,1166,1534,0.110,0.033,0.857,12,19,-10.9,10.5,132,130
2026-01-10,ALO,Reeuwijk,17,16,1794,1649,0.708,0.048,0.243,20,16,-11.3,12.2,119,124
2026-01-10,Albatros,Swift (M),22,22,2069,2021,0.586,0.051,0.363,22,20,-7.9,7.8,126,124
2026-01-10,Amicitia (V),NKC '51,14,18,1952,1944,0.528,0.053,0.419,21,20,-19.1,19.1,124,124
2026-01-10,Animo (G),DOT (O),20,24,1752,1992,0.212,0.038,0.749,20,25,4.4,-4.8,122,126
2026-01-10,Antilopen,DOS-WK,27,18,1891,1786,0.661,0.049,0.290,21,18,16.2,-15.8,123,122
2026-01-10,Arena,Duko,17,17,1339,1359,0.484,0.062,0.454,17,16,-1.1,1.1,131,129
2026-01-10,Atlantis,Badhoevedorp,18,16,1548,1459,0.638,0.054,0.308,19,16,-2.9,2.8,129,127
2026-01-10,Atlas,Juliana,24,23,1708,1781,0.411,0.056,0.532,18,19,8.7,-8.2,126,123
2026-01-10,Avanti (P),KVA,17,27,2059,2041,0.543,0.054,0.403,21,19,-35.4,35.2,123,123
2026-01-10,BEP,Swift,19,14,1915,1764,0.716,0.047,0.237,21,16,2.8,-2.8,120,122
2026-01-10,Centrum,KIOS '45,22,5,1287,763,0.953,0.014,0.033,20,10,21.9,-13.5,288,201
2026-01-10,DES (De),Haarlem,21,14,1817,1761,0.594,0.056,0.350,19,17,17.8,-17.1,125,122
2026-01-10,DKB,Attila,25,13,1252,1119,0.694,0.051,0.255,19,15,23.3,-23.6,136,137
2026-01-10,DKOD,Wolderwijd,9,23,839,1434,0.031,0.013,0.955,9,20,-6.7,3.9,190,131
2026-01-10,DKV Victoria,Aurora / DKV (IJ),17,17,1553,1244,0.859,0.033,0.108,18,11,-32.9,27.4,134,123
2026-01-10,DOS Kampen,Drachten,19,22,1816,1935,0.351,0.051,0.598,19,22,-3.0,3.0,122,124
2026-01-10,DSO (A),Ados,10,16,1017,1281,0.185,0.047,0.768,12,17,-5.3,4.8,133,124
2026-01-10,DTS (E),De Corvers,28,13,1307,1182,0.687,0.046,0.267,22,18,21.1,-22.2,124,127
2026-01-10,DTS (S) / Harkema,De Hoeve,16,11,1481,1209,0.834,0.033,0.133,22,15,-6.6,5.7,137,130
2026-01-10,DVO,Blauw Wit,18,20,2443,2362,0.632,0.047,0.321,24,21,-17.4,16.3,119,115
2026-01-10,DVS '69,Paal Centraal,30,15,1664,1457,0.778,0.038,0.184,23,17,15.4,-16.8,125,131
2026-01-10,DWS (K),Keizer Karel,18,18,1394,1457,0.423,0.063,0.514,15,16,3.1,-3.2,123,125
2026-01-10,De Meervogels,Kinderdijk,17,19,1766,1895,0.334,0.057,0.609,16,18,0.8,-0.7,124,120
2026-01-10,De Vinken,KIOS (N),21,20,1854,1823,0.563,0.051,0.386,22,20,-2.2,2.1,123,121
2026-01-10,DeetosSnel,HKC (Ha),15,14,2413,2364,0.588,0.052,0.360,21,19,-3.8,3.5,121,117
2026-01-10,Dindoa,SCO,23,27,2042,2041,0.519,0.054,0.426,21,20,-18.3,18.0,122,121
2026-01-10,ESDO,Oosterkwartier (H),13,13,1249,1306,0.430,0.063,0.507,15,16,3.1,-2.8,134,130
2026-01-10,Elburg,Rood Wit (W),24,19,1679,1624,0.593,0.055,0.352,19,17,11.9,-12.4,127,130
2026-01-10,Fiks,AW.DTV,21,26,2098,2239,0.323,0.048,0.629,20,23,-6.8,6.2,120,114
2026-01-10,Flamingo's (B),Sparta (Zw),26,22,1951,1884,0.610,0.054,0.336,20,17,6.5,-6.6,122,123
2026-01-10,Furore,RODA (W),9,18,1416,1707,0.163,0.042,0.795,13,18,-9.7,10.3,125,129
2026-01-10,GKV (G),TOP (A),24,25,2046,2116,0.416,0.057,0.527,18,19,-0.4,0.4,122,123
2026-01-10,HBC (Be),Sparta (N),15,12,1488,1594,0.365,0.058,0.577,16,18,20.8,-21.0,125,126
2026-01-10,Heerenveen,CSL,19,24,1968,2030,0.428,0.053,0.519,20,21,-14.4,14.8,120,122
2026-01-10,Helios,Stormvogels (U),15,11,1361,1145,0.781,0.047,0.172,17,12,-3.0,3.1,127,128
2026-01-10,Huizen,DOS (W),22,11,1270,1149,0.669,0.071,0.260,10,7,24.5,-27.6,131,140
2026-01-10,IFC '25,OKO,12,23,1764,1932,0.290,0.046,0.664,20,24,-18.3,19.6,123,128
2026-01-10,IJsselvogels,KCR,17,24,1734,1835,0.373,0.054,0.572,18,20,-17.6,17.4,122,121
2026-01-10,KVS,Wageningen,18,26,2080,2290,0.241,0.045,0.714,17,22,-10.4,9.9,122,119
2026-01-10,KVZ '23,VEO,33,23,2054,1907,0.712,0.045,0.243,22,17,15.1,-14.4,125,122
2026-01-10,Keep Fit '70,Luctor,16,6,1218,1155,0.606,0.052,0.343,21,19,24.8,-24.0,134,131
2026-01-10,Kesteren,Tiel '72,7,24,1281,1817,0.045,0.014,0.941,15,27,-4.6,5.0,131,137
2026-01-10,Lintjo,Noveas,27,13,1345,1289,0.596,0.053,0.351,21,18,30.6,-32.7,134,139
2026-01-10,Maassluis,ACKC,27,24,1908,1688,0.789,0.039,0.172,21,15,-9.6,9.7,123,124
2026-01-10,Madjoe,KZ Danaiden,13,20,1480,1625,0.314,0.056,0.630,15,18,-16.2,15.3,126,122
2026-01-10,Movado,Korbis,10,22,1587,1906,0.145,0.032,0.823,17,25,-9.1,10.7,123,134
2026-01-10,NIO,Good Luck,18,14,1621,1431,0.760,0.042,0.198,22,16,-3.9,4.1,124,126
2026-01-10,NRC '22,Apeldoorn,21,18,1794,1902,0.366,0.051,0.583,20,22,19.6,-18.8,125,123
2026-01-10,Nieuwerkerk,Sporting Delta,25,17,2241,2063,0.747,0.043,0.209,21,16,8.8,-8.9,122,123
2026-01-10,Noviomagum,Rivalen,31,14,1785,1133,0.977,0.007,0.016,24,10,2.0,-2.0,136,134
2026-01-10,OJC '98,OEC,17,22,1287,1142,0.707,0.052,0.240,17,14,-42.3,43.2,132,133
2026-01-10,OVVO,Juventa,33,16,1981,1830,0.716,0.047,0.237,20,16,20.3,-20.6,124,125
2026-01-10,OZC,Korbatjo,22,20,1472,1546,0.410,0.054,0.536,19,20,11.6,-12.4,119,123
2026-01-10,Oost Arnhem,SKF,32,22,2051,2002,0.587,0.052,0.361,21,19,22.4,-22.1,122,122
2026-01-10,Oranje Zwart (M),Olympia (S),17,18,1162,1017,0.706,0.052,0.241,18,14,-23.9,29.0,135,148
2026-01-10,PKC,DSC,24,15,2529,2336,0.765,0.037,0.198,26,19,7.2,-7.0,118,117
2026-01-10,PSV,NKV,18,15,1278,1442,0.292,0.053,0.655,16,19,27.9,-28.7,130,132
2026-01-10,RDZ,Wesstar,15,16,1222,1334,0.355,0.061,0.583,14,16,3.2,-3.2,125,125
2026-01-10,RWA,KVK,25,18,1781,1478,0.857,0.030,0.113,22,15,-1.1,1.1,127,127
2026-01-10,Rapid (H),Dunas,19,28,1470,1548,0.403,0.059,0.538,17,18,-26.9,27.0,127,127
2026-01-10,Reehorst '45,ODIK,28,11,1763,1618,0.711,0.044,0.245,23,18,20.0,-21.0,123,126
2026-01-10,Refleks,Merwede,23,25,1811,1857,0.451,0.056,0.494,19,20,-6.5,6.6,122,124
2026-01-10,Rheko,SkunK,14,16,1328,1287,0.571,0.061,0.369,17,15,-16.0,16.9,123,127
2026-01-10,Rust Roest (E),Victum,17,21,1752,1899,0.314,0.050,0.636,18,21,-4.2,4.5,122,126
2026-01-10,SDO (W),TOP (V),19,20,1080,1103,0.479,0.066,0.456,15,14,-6.4,6.1,133,130
2026-01-10,SEV (Z),EKCA,15,20,1175,1330,0.301,0.056,0.643,15,17,-10.3,8.7,132,121
2026-01-10,SIOS / Leonidas,KVW '22,15,26,1363,1648,0.168,0.041,0.791,14,20,-12.5,12.4,127,126
2026-01-10,SKV (S),Conventus,14,20,791,1108,0.141,0.043,0.817,10,16,-2.9,2.8,139,131
2026-01-10,Sporting Trigon,HKV / Ons Eibernest,17,21,1799,1788,0.532,0.055,0.413,20,19,-18.8,18.4,120,119
2026-01-10,Sporting West,Phoenix (Z),10,20,1551,1622,0.412,0.059,0.529,17,18,-29.8,27.2,128,122
2026-01-10,TOGO (G),DSO (K),22,19,1611,1517,0.646,0.053,0.301,19,16,0.5,-0.5,122,123
2026-01-10,TOP (S),Groen Geel,27,15,2385,2209,0.745,0.043,0.212,22,17,14.5,-13.5,120,115
2026-01-10,Telstar,HKC (He),25,18,1883,1623,0.824,0.035,0.142,22,15,1.3,-1.3,124,122
2026-01-10,Tempo,ONDO (G),25,12,2058,1959,0.653,0.050,0.297,21,18,21.9,-22.0,123,123
2026-01-10,Trekvogels (R),Oranje Wit (D),15,26,1785,2023,0.215,0.036,0.749,22,28,-10.9,12.1,120,127
2026-01-10,Triade,Gemini,15,11,1179,1289,0.361,0.056,0.583,17,19,27.7,-30.5,135,142
2026-01-10,Twist,Erasmus,19,29,1474,1480,0.505,0.061,0.435,17,16,-35.4,37.5,126,129
2026-01-10,Unitas,Fortuna (D),26,28,2304,2520,0.236,0.042,0.722,19,24,9.0,-8.9,119,119
2026-01-10,VZOD,Dijkvogels,13,14,1362,1523,0.293,0.057,0.650,14,17,8.7,-8.2,132,128
2026-01-10,Valto,Die Haghe,22,25,2195,2311,0.355,0.051,0.594,20,22,-3.2,3.3,123,127
2026-01-10,Velocitas (L),Achilles (H),8,24,1792,2114,0.142,0.033,0.825,16,23,-12.7,12.4,125,124
2026-01-10,Ventura Sport,WION,26,21,1242,1447,0.244,0.051,0.705,14,18,43.1,-40.0,134,129
2026-01-10,Viking,Achilles (A) / AKC,32,23,1693,1412,0.841,0.032,0.127,22,15,5.1,-4.8,130,126
2026-01-10,Vitesse (Ba),KOAG,25,23,1932,1941,0.504,0.056,0.440,20,19,5.7,-5.7,121,120
2026-01-10,Vriendenschaar (H),Tjoba,17,14,1883,1755,0.690,0.048,0.262,21,17,-2.7,2.7,122,121
2026-01-10,Weidevogels,ODO (M),19,13,1701,1496,0.773,0.044,0.183,19,13,3.6,-3.4,126,122
2026-01-10,Woudenberg,Fortissimo,18,17,1839,1615,0.794,0.036,0.170,24,17,-18.3,19.0,123,125
2026-01-10,Zaamslag,Seolto,27,13,1495,1113,0.904,0.022,0.075,24,14,7.9,-7.0,145,135
2026-01-10,Zuid '27,Nikantes,25,13,1638,833,0.990,0.003,0.007,25,9,-2.5,2.9,140,149
2026-01-10,Zwaluwen (Ze),SDO (V),23,20,1615,1724,0.364,0.052,0.584,19,21,20.2,-20.2,127,127
2026-01-10,Zwart Wit,KCD,19,17,1406,1267,0.700,0.053,0.247,17,14,-6.8,7.5,128,134
2026-01-11,KZ,LDODK,17,23,2484,2539,0.441,0.049,0.510,23,24,-15.6,17.0,116,121
2026-01-11,Maastricht,Eymerick,15,8,1061,1048,0.531,0.063,0.407,16,15,28.9,-34.5,143,157
2026-01-13,Attila,PSV,11,19,1095,1307,0.238,0.048,0.714,16,20,-13.1,12.0,132,125
2026-01-14,WWC,De Hoeve,21,16,1564,1214,0.886,0.026,0.088,22,13,-10.5,9.2,135,127
2026-01-15,Lemmer,SF Deinum,13,6,897,852,0.575,0.064,0.361,15,13,28.1,-29.4,148,152
2026-01-15,Stadskanaal '74,Sparta (Ze),23,21,1535,1498,0.570,0.050,0.379,23,21,1.0,-1.0,126,124
2026-01-16,LDODK,Unitas,25,19,2556,2314,0.811,0.032,0.157,27,19,-2.8,2.8,117,117
2026-01-17,'t Capproen,Oranje Zwart (M),13,12,1154,1138,0.533,0.067,0.400,14,13,0.5,-0.5,131,131
2026-01-17,ASVD,OKO,16,15,1860,1952,0.388,0.050,0.561,21,23,10.2,-9.9,126,124
2026-01-17,AW.DTV,Mid Fryslân,18,18,2246,2242,0.523,0.052,0.426,22,21,-2.8,3.3,112,121
2026-01-17,Albatros,Vitesse (Ba),23,19,2061,1939,0.684,0.046,0.270,23,19,0.5,-0.5,122,118
2026-01-17,Animo (G),Zwaluwen (Ze),25,24,1756,1636,0.680,0.047,0.272,22,18,-9.8,10.3,120,123
2026-01-17,Apeldoorn,Juventa,29,22,1883,1808,0.622,0.050,0.329,22,19,13.2,-13.8,120,123
2026-01-17,Atlas,Vriendenschaar (H),19,20,1717,1880,0.294,0.050,0.656,18,21,8.4,-8.0,122,119
2026-01-17,Avanti (P),Nieuwerkerk,20,25,2023,2251,0.222,0.044,0.734,17,22,-1.2,1.2,120,121
2026-01-17,BEP,Fiducia,27,21,1918,1858,0.600,0.054,0.346,20,18,12.7,-13.9,118,124
2026-01-17,Badhoevedorp,RODA (W),14,15,1462,1717,0.194,0.046,0.761,14,19,15.6,-16.5,124,127
2026-01-17,Blauw Wit (K),OZC,13,26,1460,1484,0.481,0.057,0.462,19,18,-36.7,31.6,126,116
2026-01-17,Blauw Zwart,SDO (W),24,18,1416,1075,0.880,0.029,0.091,19,11,-4.3,3.8,135,128
2026-01-17,CSL,Wit Blauw,18,18,2046,2069,0.486,0.050,0.464,23,22,-0.7,0.8,119,127
2026-01-17,Celeritas (A),Kleine Sluis,9,8,884,1025,0.313,0.068,0.619,11,13,34.6,-36.1,212,216
2026-01-17,DKB,OJC '98,9,9,1277,1245,0.558,0.061,0.380,17,15,-6.9,6.5,132,128
2026-01-17,DKV Victoria,DTS (E),23,17,1520,1330,0.757,0.047,0.196,18,13,5.5,-4.8,133,121
2026-01-17,DOS Kampen,Elburg,28,16,1813,1692,0.681,0.048,0.271,21,18,18.1,-19.4,119,123
2026-01-17,DOS-WK,ODIK,34,19,1770,1596,0.743,0.044,0.214,21,16,16.5,-17.6,119,123
2026-01-17,DSC,KZ,21,28,2328,2467,0.325,0.048,0.627,20,23,-11.6,11.1,116,113
2026-01-17,DSO (A),Helios,10,19,1011,1358,0.122,0.037,0.841,11,18,-7.6,7.1,130,125
2026-01-17,DSO (K),Good Luck,17,20,1517,1435,0.630,0.053,0.317,19,17,-22.3,23.7,120,124
2026-01-17,DTG,Leeuwarden,17,13,1270,1464,0.257,0.051,0.692,15,19,35.9,-31.9,131,123
2026-01-17,DTS (S) / Harkema,WWC,15,21,1474,1554,0.404,0.052,0.543,20,21,-19.2,18.6,135,133
2026-01-17,DVS '69,Movado,25,19,1682,1577,0.660,0.051,0.289,20,17,9.7,-9.5,123,122
2026-01-17,DWA / Argo,WSS,16,15,1307,1335,0.474,0.058,0.468,19,18,4.3,-4.3,128,129
2026-01-17,DWS (K),Rheko,19,8,1398,1311,0.631,0.062,0.307,15,13,22.4,-22.5,120,120
2026-01-17,Dalto,PKC,31,30,2293,2536,0.209,0.038,0.753,20,26,22.7,-21.1,121,117
2026-01-17,De Corvers,Aurora / DKV (IJ),18,10,1159,1271,0.360,0.052,0.589,19,21,35.0,-34.3,124,123
2026-01-17,De Meeuwen,Oost Arnhem,23,24,2028,2075,0.449,0.054,0.497,19,20,-2.4,2.2,124,119
2026-01-17,De Parabool,Wez Handich,12,18,1819,1805,0.539,0.052,0.409,22,21,-27.1,26.7,128,127
2026-01-17,Devinco,Hellas '63,26,16,1585,1541,0.579,0.054,0.367,20,18,25.5,-27.1,129,133
2026-01-17,Die Haghe,TOP (A),19,18,2314,2117,0.767,0.040,0.193,23,17,-16.5,15.7,123,120
2026-01-17,Dindoa,Spirit (Vo),23,20,2025,2254,0.222,0.040,0.738,19,25,27.5,-33.4,119,131
2026-01-17,EKC 2000,Noveas,16,16,970,1256,0.170,0.038,0.792,16,22,27.6,-25.4,139,134
2026-01-17,EKVA,Weidevogels,16,22,1628,1705,0.407,0.055,0.538,18,20,-18.7,17.9,128,125
2026-01-17,Emmeloord,De Hoeve,25,10,1503,1223,0.838,0.035,0.126,20,13,12.6,-12.0,129,126
2026-01-17,Fluks (N),Rapid (H),18,14,1564,1444,0.678,0.054,0.268,18,14,3.2,-3.1,127,123
2026-01-17,Focus,Gemini,10,11,960,1258,0.158,0.041,0.801,13,19,22.1,-21.7,137,136
2026-01-17,Fortissimo,Victum,28,32,1633,1904,0.183,0.038,0.779,17,23,5.8,-5.7,124,122
2026-01-17,Fortuna (D),DVO,22,25,2512,2425,0.640,0.046,0.314,24,21,-20.4,20.4,117,117
2026-01-17,Furore,Atlantis,23,17,1405,1545,0.322,0.056,0.623,16,18,34.0,-34.9,123,125
2026-01-17,GKV (G),Valto,21,22,2047,2192,0.317,0.050,0.633,19,21,6.6,-6.7,119,120
2026-01-17,Groen Geel,KVS,22,16,2195,2069,0.687,0.049,0.265,21,17,6.8,-7.4,114,120
2026-01-17,HHV,Sparta (Ze),17,25,1538,1498,0.575,0.051,0.375,22,20,-36.1,30.5,130,119
2026-01-17,HKC (Ha),TOP (S),18,21,2366,2401,0.468,0.054,0.478,19,20,-10.0,10.5,115,118
2026-01-17,HKC (He),Exakwa,14,18,1622,1732,0.363,0.052,0.584,19,21,-7.4,7.8,121,124
2026-01-17,Haarlem,HKV / Ons Eibernest,18,24,1743,1807,0.425,0.056,0.519,18,19,-18.0,17.0,119,116
2026-01-17,Huizen,Hebbes,11,8,1295,1324,0.472,0.063,0.465,17,16,13.9,-14.8,128,132
2026-01-17,IFC '25,De Wâlden,13,16,1745,1744,0.518,0.056,0.426,19,18,-14.6,16.0,121,126
2026-01-17,Joure,It Fean,18,19,1494,1546,0.442,0.057,0.501,18,19,-2.2,2.3,124,127
2026-01-17,KCC,DeetosSnel,21,21,2227,2408,0.272,0.049,0.679,17,21,13.9,-13.2,121,118
2026-01-17,KCD,Achilles (A) / AKC,16,20,1275,1408,0.329,0.056,0.615,16,18,-7.7,7.1,131,125
2026-01-17,KCR,Merwede,22,16,1853,1864,0.501,0.055,0.444,20,19,18.3,-18.9,118,120
2026-01-17,KIOS (N),Phoenix (Z),31,15,1825,1650,0.744,0.043,0.213,22,16,16.5,-16.8,118,119
2026-01-17,KIOS (R),Heerenveen,22,16,2011,1953,0.601,0.048,0.351,23,21,11.9,-10.9,123,117
2026-01-17,KOAG,Swift (M),22,28,1935,2029,0.384,0.054,0.562,19,20,-14.4,15.3,117,121
2026-01-17,KVK,Erasmus,16,20,1479,1519,0.457,0.058,0.485,17,18,-16.0,15.7,127,125
2026-01-17,KVZ,Telstar,24,23,1844,1885,0.457,0.057,0.486,18,19,5.1,-5.1,123,123
2026-01-17,Keep Fit '70,Voltreffers (O),15,6,1242,945,0.853,0.031,0.116,22,14,4.5,-5.1,129,142
2026-01-17,Kinderdijk,Fortis,20,25,1895,1952,0.433,0.060,0.507,16,17,-16.3,18.1,118,125
2026-01-17,Korbatjo,Nexus,22,10,1535,1462,0.617,0.053,0.329,20,17,22.8,-24.8,120,126
2026-01-17,Korbis,Paal Centraal,31,14,1917,1440,0.942,0.013,0.045,29,16,4.2,-4.0,132,129
2026-01-17,Lemmer,MN en W,10,18,926,1313,0.100,0.030,0.871,12,20,-2.5,2.5,139,140
2026-01-17,Lintjo,Elko,9,21,1377,1522,0.319,0.047,0.634,20,24,-23.3,25.7,129,136
2026-01-17,Luno,KZ Danaiden,13,15,1445,1640,0.253,0.055,0.692,13,17,6.3,-5.4,127,120
2026-01-17,MIA,Swift,23,24,1774,1761,0.536,0.056,0.408,19,18,-8.8,8.1,125,120
2026-01-17,Maassluis,ALO,23,15,1900,1782,0.678,0.047,0.275,22,18,12.6,-11.9,121,117
2026-01-17,Madjoe,Apollo,18,11,1463,1484,0.484,0.062,0.455,17,16,25.1,-28.9,123,132
2026-01-17,NIO,TOGO (G),14,14,1618,1612,0.524,0.056,0.420,20,19,-3.5,3.4,122,119
2026-01-17,NKV,KVS '17,27,11,1413,828,0.966,0.011,0.023,21,9,2.9,-3.8,128,152
2026-01-17,Nic,SCO,22,21,2077,2060,0.543,0.052,0.405,21,20,-0.9,0.8,123,118
2026-01-17,Nikantes,WION,16,27,836,1407,0.036,0.013,0.950,12,24,0.1,0.3,151,126
2026-01-17,Noordenveld,Flamingo's (B),19,20,1992,1959,0.566,0.051,0.382,22,20,-10.3,9.6,124,119
2026-01-17,Noviomagum,Kesteren,36,19,1789,1275,0.952,0.013,0.035,25,12,4.4,-4.1,138,132
2026-01-17,ODO (M),GKV,14,10,1492,1554,0.429,0.055,0.516,19,20,17.8,-18.7,121,124
2026-01-17,OEC,Attila,17,13,1186,1082,0.659,0.054,0.288,19,15,4.4,-4.3,129,127
2026-01-17,OKV,Sparta (N),21,14,1458,1572,0.355,0.055,0.590,17,19,35.1,-33.0,126,123
2026-01-17,ONDO (G),Achilles (H),23,17,1935,2127,0.261,0.048,0.692,17,21,36.1,-37.5,120,123
2026-01-17,ONDO (M),Trekvogels (R),17,12,1738,1773,0.467,0.054,0.479,19,20,19.4,-17.5,125,119
2026-01-17,OVVO,NRC '22,28,18,2003,1814,0.759,0.042,0.199,21,16,11.7,-11.7,122,122
2026-01-17,Oerterp,Vitesse (Be),21,19,1217,1240,0.482,0.059,0.459,19,18,8.4,-8.5,129,130
2026-01-17,Olympia (S),ADO,11,26,1047,1545,0.055,0.018,0.927,12,23,-6.6,5.6,142,129
2026-01-17,Oosterkwartier (H),Dijkvogels,9,11,1303,1515,0.237,0.051,0.712,14,18,7.7,-7.7,125,125
2026-01-17,Oranje Wit (D),Vriendenschaar (B),33,18,2036,1731,0.861,0.026,0.113,26,17,9.0,-9.0,125,125
2026-01-17,Pallas '08,Hoogkerk,12,15,1622,1669,0.450,0.056,0.493,18,19,-11.2,11.4,127,128
2026-01-17,Pernix,Excelsior (D),22,20,1950,1779,0.741,0.042,0.217,23,18,-10.8,10.5,124,122
2026-01-17,Quick '21 / Vlug en Vaardig (G),Kinea / Udiros,18,25,1507,1795,0.166,0.040,0.793,14,20,-4.7,4.5,128,126
2026-01-17,ROG,KVW '22,12,22,1479,1662,0.270,0.050,0.680,16,20,-17.8,17.7,125,124
2026-01-17,Reehorst '45,Antilopen,14,21,1785,1909,0.346,0.049,0.606,20,23,-13.9,13.8,121,120
2026-01-17,Reeuwijk,ACKC,17,17,1661,1698,0.461,0.060,0.479,16,17,0.6,-0.6,122,122
2026-01-17,Refleks,IJsselvogels,18,16,1805,1716,0.640,0.051,0.309,21,18,-3.2,3.2,119,119
2026-01-17,Revival,Arena,17,13,1437,1338,0.650,0.056,0.293,17,15,5.6,-5.3,130,126
2026-01-17,Ritola,De Granaet,23,15,2031,1760,0.835,0.030,0.135,26,18,1.3,-1.3,132,126
2026-01-17,Rood Wit (W),Drachten,17,25,1612,1938,0.139,0.033,0.828,16,23,-2.9,2.7,126,120
2026-01-17,Roreko,Olympia '22,13,17,1246,986,0.824,0.037,0.140,20,14,-47.5,48.6,132,133
2026-01-17,Rust Roest (E),Woudenberg,16,21,1747,1820,0.413,0.054,0.533,19,20,-13.8,14.3,119,121
2026-01-17,SDO (K),KVZ '23,15,24,1840,2071,0.220,0.044,0.737,17,22,-11.9,11.4,126,123
2026-01-17,SDO (V),DOT (O),15,25,1704,1987,0.173,0.034,0.793,19,27,-7.5,7.5,123,123
2026-01-17,SEV (Z),RDZ,12,11,1165,1225,0.424,0.066,0.509,14,15,8.4,-7.5,128,121
2026-01-17,SIOS / Leonidas,Oranje Zwart,17,19,1350,1439,0.390,0.056,0.554,18,19,-2.7,2.7,125,124
2026-01-17,SKF,AVO,20,25,1980,2025,0.453,0.055,0.492,19,20,-16.2,17.4,119,123
2026-01-17,SKV (S),SGV,11,8,788,697,0.634,0.069,0.297,12,10,5.3,-6.0,136,148
2026-01-17,Scheldevogels,Luctor,12,20,1031,1129,0.376,0.059,0.565,16,18,-27.3,23.1,139,127
2026-01-17,SkunK,Keizer Karel,18,24,1304,1454,0.309,0.053,0.638,16,19,-11.5,11.3,123,121
2026-01-17,Sparta (Zw),ZKC '19,25,12,1878,1927,0.445,0.057,0.498,18,19,34.5,-36.3,120,123
2026-01-17,Sporting Delta,KVA,10,15,2053,2077,0.483,0.054,0.463,21,20,-18.8,18.3,121,120
2026-01-17,Sporting Trigon,DES (De),15,22,1780,1835,0.436,0.057,0.506,18,19,-20.9,22.4,117,121
2026-01-17,Sporting West,De Vinken,18,19,1520,1852,0.135,0.032,0.833,16,24,21.8,-20.3,124,120
2026-01-17,Springfield,Seolto,15,18,1157,1105,0.585,0.062,0.353,16,14,-23.4,25.3,129,134
2026-01-17,Stadskanaal '74,Thrianta,19,18,1537,1430,0.665,0.047,0.288,23,19,-8.9,9.4,121,124
2026-01-17,Stormvogels (U),Ados,10,14,1148,1285,0.321,0.061,0.618,13,16,-8.3,7.8,126,122
2026-01-17,Synergo,Amicitia (V),21,26,1916,1931,0.494,0.056,0.450,20,19,-20.4,19.7,123,121
2026-01-17,TOP (V),Regio '72,12,12,1110,1085,0.550,0.060,0.390,17,16,-5.6,6.2,126,132
2026-01-17,Thor (H),DOS (W),16,15,1188,1120,0.600,0.075,0.325,10,8,-5.9,3.7,165,135
2026-01-17,Tiel '72,Rivalen,32,12,1823,1131,0.982,0.005,0.013,29,13,1.7,-1.7,138,136
2026-01-17,Tilburg,De Meervogels,28,21,2007,1766,0.808,0.036,0.155,22,15,2.4,-2.3,131,121
2026-01-17,Tjoba,Juliana,19,12,1757,1773,0.492,0.057,0.451,19,18,22.2,-22.6,118,120
2026-01-17,Triade,Koveni,17,10,1207,1067,0.703,0.049,0.248,20,16,11.3,-11.6,131,133
2026-01-17,Tweemaal Zes,Nova,19,16,1920,1686,0.802,0.038,0.160,21,15,-10.7,10.6,126,125
2026-01-17,Twist,RWA,17,25,1438,1781,0.127,0.033,0.840,14,22,-2.9,3.0,122,126
2026-01-17,VDDO,Harich,15,17,1507,1533,0.478,0.058,0.463,19,18,-9.4,9.2,127,126
2026-01-17,VEO,Rohda (A),22,22,1893,1859,0.565,0.056,0.379,19,18,-6.1,6.4,120,123
2026-01-17,VZOD,ESDO,14,10,1371,1251,0.676,0.055,0.269,17,14,3.7,-3.8,128,129
2026-01-17,Velocitas (L),Tempo,18,33,1778,2080,0.156,0.035,0.809,16,23,-13.1,12.3,124,120
2026-01-17,Ventura Sport,Zuid '27,11,18,1287,1637,0.122,0.033,0.846,14,21,-0.7,0.5,130,142
2026-01-17,Viking,Zwart Wit,19,12,1700,1400,0.855,0.031,0.114,22,14,-0.7,0.5,129,125
2026-01-17,WIK '34,SF Deinum,18,9,1099,822,0.834,0.041,0.125,16,10,10.6,-11.0,139,142
2026-01-17,Wageningen,Fiks,31,19,2300,2091,0.781,0.035,0.184,26,20,10.2,-10.3,117,118
2026-01-17,Wesstar,EKCA,9,16,1331,1339,0.502,0.060,0.438,18,17,-27.7,26.2,122,118
2026-01-17,Wolderwijd,VIKO,22,9,1439,1176,0.825,0.037,0.138,20,13,13.1,-13.2,132,132
2026-01-18,Blauw Wit,DOS '46,20,22,2378,2456,0.408,0.050,0.542,22,23,-2.4,2.7,114,121
2026-01-18,Korwi,Club Brothers,10,12,1127,1272,0.314,0.056,0.631,15,18,4.3,-1.3,228,173
2026-01-18,Mariarade,Maastricht,8,22,555,1090,0.044,0.018,0.938,8,18,-10.6,6.2,193,137
2026-01-18,Vefo,KIA,14,20,972,986,0.491,0.067,0.442,15,14,-45.7,43.0,170,165
2026-01-19,Tilburg,Albatros,25,20,2011,2062,0.445,0.052,0.503,21,22,20.9,-18.1,127,118
2026-01-20,De Meeuwen,AVO,22,15,2026,2043,0.492,0.056,0.453,20,19,21.9,-21.8,119,118
2026-01-20,RDZ,SEV (Z),11,12,1217,1172,0.575,0.064,0.361,15,13,-11.2,12.3,117,123
2026-01-21,EKVA,GKV,22,17,1609,1534,0.624,0.048,0.328,23,20,7.5,-7.1,122,119
2026-01-21,Korvesta,Avereest,18,17,626,870,0.200,0.055,0.744,10,14,53.2,-73.5,220,257
2026-01-23,Blauw Wit,PKC,22,24,2375,2517,0.324,0.047,0.630,21,24,2.7,-3.0,111,115
2026-01-23,SDO (S),TOP (V),21,19,1361,1104,0.823,0.033,0.144,24,16,-19.7,15.8,135,122
2026-01-24,ACKC,KCR,20,23,1698,1872,0.280,0.051,0.669,16,20,1.1,-1.0,119,116
2026-01-24,ALO,Refleks,21,29,1769,1801,0.470,0.057,0.473,18,19,-24.5,25.0,116,117
2026-01-24,AVO,Nic,24,16,2021,2077,0.438,0.053,0.509,20,21,25.1,-27.4,114,120
2026-01-24,AW.DTV,DeetosSnel,17,17,2242,2395,0.307,0.051,0.643,18,21,9.7,-10.7,110,116
2026-01-24,Achilles (A) / AKC,HKC (U),26,15,1416,1474,0.432,0.057,0.511,18,19,33.9,-40.3,122,133
2026-01-24,Achilles (H),VEO,19,24,2089,1888,0.772,0.040,0.188,22,16,-38.9,37.2,120,118
2026-01-24,Ados,De Corvers,20,14,1293,1195,0.653,0.048,0.298,22,18,8.7,-8.9,120,121
2026-01-24,Amicitia (V),OVVO,15,26,1952,2016,0.425,0.056,0.519,18,19,-26.8,28.0,118,120
2026-01-24,Antilopen,KVZ,31,21,1923,1850,0.619,0.053,0.329,20,18,19.5,-20.1,118,119
2026-01-24,Apollo,EKVA,17,18,1454,1617,0.293,0.052,0.655,16,19,8.9,-7.6,127,118
2026-01-24,Arena,Noviomagum,17,31,1332,1797,0.067,0.019,0.914,15,26,-4.8,5.7,123,138
2026-01-24,Atlantis,HBC (Be),18,11,1510,1508,0.518,0.057,0.425,19,18,21.6,-22.6,122,125
2026-01-24,Attila,NKV,9,20,1077,1418,0.128,0.034,0.838,14,21,-8.7,9.4,124,130
2026-01-24,Aurora / DKV (IJ),Stormvogels (U),21,14,1236,1139,0.646,0.061,0.293,15,13,15.2,-15.9,120,123
2026-01-24,Conventus,Focus,16,11,1112,982,0.688,0.055,0.256,17,13,7.7,-7.9,132,134
2026-01-24,DES (De),Sporting West,16,9,1858,1542,0.866,0.029,0.105,22,14,-1.4,1.6,118,123
2026-01-24,DKOD,Huizen,7,22,832,1309,0.061,0.023,0.917,10,19,-13.8,6.8,190,124
2026-01-24,DOS '46,DVO,25,20,2459,2446,0.538,0.049,0.413,24,23,11.8,-11.3,118,115
2026-01-24,DOS (W),Wolderwijd,9,12,1124,1453,0.131,0.045,0.824,8,13,9.6,-9.5,131,131
2026-01-24,DOT (O),Fortissimo,37,22,1996,1641,0.891,0.022,0.087,28,17,6.4,-6.4,122,122
2026-01-24,DSC,Unitas,19,23,2316,2316,0.518,0.052,0.430,22,21,-15.4,16.4,114,117
2026-01-24,DTS (E),DSO (A),15,10,1325,1003,0.868,0.032,0.101,19,11,-5.7,6.7,120,129
2026-01-24,Dalto,KZ,22,28,2318,2479,0.298,0.045,0.656,21,24,-7.6,6.7,120,111
2026-01-24,De Granaet,Pallas '08,18,13,1758,1610,0.715,0.044,0.241,23,18,2.2,-2.1,125,123
2026-01-24,De Hoeve,Olympia (T),10,14,1210,1255,0.447,0.067,0.486,13,14,-17.1,21.1,125,139
2026-01-24,De Meervogels,Albatros,23,33,1765,2044,0.175,0.037,0.788,17,23,-8.8,8.1,120,114
2026-01-24,De Vinken,Sporting Trigon,32,13,1832,1759,0.620,0.051,0.329,21,19,25.2,-23.3,119,115
2026-01-24,De Waterpoort,WIK '34,16,12,1096,1111,0.492,0.064,0.444,16,15,20.5,-19.1,142,137
2026-01-24,De Wâlden,DOS Kampen,16,27,1760,1832,0.413,0.055,0.533,19,20,-27.8,25.5,123,117
2026-01-24,Dijkvogels,Dunas,21,17,1506,1577,0.414,0.058,0.528,17,18,19.9,-21.0,123,126
2026-01-24,Drachten,ASVD,18,15,1942,1870,0.618,0.051,0.331,21,19,1.8,-1.8,120,123
2026-01-24,EKCA,SkunK,17,22,1366,1293,0.617,0.055,0.328,19,16,-26.8,29.1,116,120
2026-01-24,ESDO,Fluks (N),15,18,1246,1568,0.140,0.037,0.822,13,20,11.8,-11.3,126,124
2026-01-24,Elburg,IFC '25,20,18,1672,1729,0.434,0.057,0.509,18,19,10.5,-10.0,121,118
2026-01-24,Elko,Oerterp,25,20,1548,1226,0.871,0.025,0.104,27,17,-11.5,10.2,132,125
2026-01-24,Erasmus,Korbis,14,30,1536,1923,0.102,0.025,0.873,17,26,-8.4,9.8,122,133
2026-01-24,Exakwa,DOS-WK,24,27,1739,1790,0.446,0.052,0.502,21,22,-9.0,8.6,121,118
2026-01-24,Excelsior (D),MIA,22,22,1789,1766,0.550,0.054,0.396,20,19,-5.1,5.1,120,121
2026-01-24,Fiducia,Tweemaal Zes,13,25,1845,1910,0.424,0.056,0.521,19,20,-29.1,30.6,121,124
2026-01-24,Flamingo's (B),KIOS (R),25,21,1968,2023,0.441,0.050,0.509,22,23,15.0,-15.8,117,120
2026-01-24,Fortis,KOAG,29,23,1971,1921,0.586,0.055,0.359,19,17,14.3,-13.0,121,115
2026-01-24,GKV,Luno,17,13,1527,1451,0.622,0.053,0.325,20,17,5.1,-5.8,115,124
2026-01-24,Good Luck,Korbatjo,18,29,1459,1558,0.377,0.052,0.570,20,21,-24.4,23.2,121,118
2026-01-24,Groen Geel,Wageningen,11,18,2202,2312,0.362,0.052,0.586,19,21,-14.2,15.0,113,116
2026-01-24,HKC (Ha),KVS,27,25,2355,2061,0.851,0.030,0.119,24,16,-15.9,17.5,113,118
2026-01-24,HKV / Ons Eibernest,KIOS (N),25,22,1825,1844,0.492,0.053,0.456,22,21,8.7,-9.3,113,117
2026-01-24,Harich,De Pein,16,16,1543,1604,0.428,0.056,0.516,19,20,2.9,-3.2,122,128
2026-01-24,Heerenveen,Noordenveld,22,18,1941,1982,0.460,0.054,0.487,20,21,14.2,-15.5,115,121
2026-01-24,Helios,DKV Victoria,9,10,1365,1527,0.292,0.058,0.650,14,17,7.7,-8.4,124,130
2026-01-24,Hellas '63,Viking,17,17,1514,1700,0.268,0.047,0.685,18,22,15.6,-15.6,128,128
2026-01-24,Hoogkerk,Ritola,16,18,1680,2032,0.121,0.030,0.849,16,24,18.6,-20.6,124,130
2026-01-24,IJsselvogels,Maassluis,12,28,1719,1913,0.259,0.046,0.695,18,22,-18.8,19.6,117,119
2026-01-24,It Fean,DTG,23,16,1548,1307,0.808,0.038,0.154,21,14,2.9,-3.0,123,127
2026-01-24,Juliana,Oranje Wit (D),15,28,1750,2048,0.161,0.033,0.806,18,26,-9.9,11.1,117,124
2026-01-24,Juventa,NKC '51,20,25,1795,1963,0.289,0.048,0.663,18,22,-5.4,5.6,120,123
2026-01-24,KCC,TOP (S),18,20,2241,2411,0.285,0.050,0.665,17,21,4.8,-4.5,119,115
2026-01-24,KVA,Die Haghe,23,23,2095,2298,0.249,0.044,0.707,19,23,14.7,-15.8,117,121
2026-01-24,KVS '17,OEC,12,14,824,1191,0.111,0.033,0.857,12,19,27.0,-17.6,153,126
2026-01-24,KVW '22,HHV,21,13,1680,1502,0.749,0.041,0.210,23,17,7.9,-8.3,122,125
2026-01-24,KVZ '23,Velocitas (L),20,16,2083,1765,0.868,0.027,0.105,25,16,-12.0,12.5,121,123
2026-01-24,KZ Danaiden,ODO (M),17,11,1635,1509,0.683,0.055,0.262,17,14,9.2,-9.2,118,118
2026-01-24,Keizer Karel,Wesstar,28,15,1467,1302,0.731,0.047,0.222,20,15,16.4,-16.4,119,119
2026-01-24,Kesteren,Revival,19,17,1271,1443,0.281,0.056,0.663,14,17,25.8,-23.4,133,127
2026-01-24,Kinea / Udiros,De Parabool,19,14,1800,1791,0.529,0.058,0.414,18,17,16.0,-16.0,124,124
2026-01-24,Koveni,SKV (S),17,14,1055,793,0.823,0.040,0.137,17,11,-11.2,11.7,130,132
2026-01-24,Leeuwarden,Joure,10,15,1431,1492,0.428,0.059,0.513,17,18,-16.4,16.2,121,120
2026-01-24,Luctor,Springfield,19,18,1153,1134,0.542,0.061,0.397,17,16,-0.4,0.4,124,126
2026-01-24,MN en W,Westergo,22,16,1316,1073,0.809,0.039,0.152,19,13,1.4,-1.4,138,143
2026-01-24,Merwede,Reeuwijk,23,15,1845,1662,0.752,0.043,0.205,21,16,7.8,-8.0,117,119
2026-01-24,Mid Fryslân,Fiks,29,23,2245,2081,0.736,0.038,0.226,27,21,1.6,-1.6,118,117
2026-01-24,Movado,Twist,23,22,1568,1436,0.693,0.052,0.256,19,15,-10.3,10.6,119,121
2026-01-24,NRC '22,Synergo,18,17,1802,1896,0.384,0.054,0.562,18,20,9.8,-9.7,120,119
2026-01-24,Nieuwerkerk,GKV (G),16,22,2253,2053,0.770,0.040,0.190,22,16,-41.0,39.5,119,117
2026-01-24,Nova,BEP,15,21,1696,1932,0.213,0.046,0.741,15,20,-4.7,4.3,124,116
2026-01-24,Noveas,WK,26,12,1230,767,0.937,0.016,0.048,25,14,4.1,-5.6,131,161
2026-01-24,ODIK,HKC (He),19,18,1579,1614,0.464,0.059,0.477,16,17,4.7,-4.4,121,118
2026-01-24,OKO,Rood Wit (W),32,13,1942,1609,0.877,0.025,0.098,26,17,8.9,-9.5,121,125
2026-01-24,OZC,NIO,16,21,1517,1614,0.380,0.055,0.565,18,19,-11.3,12.2,114,119
2026-01-24,Olympia '22,Blauw Zwart,17,21,1035,1413,0.105,0.029,0.865,14,22,12.3,-12.8,131,134
2026-01-24,Oost Arnhem,Dindoa,25,19,2078,2053,0.555,0.051,0.394,22,21,13.8,-14.2,116,118
2026-01-24,Oranje Zwart (M),Ventura Sport,14,13,1137,1285,0.309,0.059,0.632,14,16,16.8,-17.3,127,129
2026-01-24,Oranje Zwart,Stadskanaal '74,25,18,1442,1528,0.397,0.050,0.553,21,23,27.7,-26.7,121,119
2026-01-24,PSV,DKB,16,16,1319,1269,0.586,0.056,0.357,19,17,-7.9,8.4,124,128
2026-01-24,Paal Centraal,KVK,20,18,1436,1463,0.477,0.056,0.466,20,19,8.6,-7.7,130,123
2026-01-24,Phoenix (Z),Haarlem,19,26,1633,1725,0.384,0.059,0.558,16,18,-18.5,18.1,118,116
2026-01-24,RDZ,DWS (K),12,20,1205,1421,0.230,0.055,0.714,12,16,-11.9,12.8,113,118
2026-01-24,RODA (W),OKV,15,18,1700,1493,0.776,0.041,0.183,21,16,-34.8,33.6,125,123
2026-01-24,RWA,DVS '69,17,15,1785,1692,0.645,0.049,0.306,22,19,-4.1,3.7,125,121
2026-01-24,Rapid (H),VZOD,17,21,1440,1374,0.606,0.061,0.334,16,14,-26.2,28.1,121,125
2026-01-24,Rheko,SEV (Z),21,16,1288,1184,0.654,0.060,0.287,16,13,8.7,-8.7,118,118
2026-01-24,Rivalen,Duko,13,19,1129,1361,0.216,0.048,0.736,14,19,-7.2,6.4,138,128
2026-01-24,Rohda (A),ONDO (G),23,20,1866,1972,0.365,0.056,0.579,17,19,18.7,-18.5,119,118
2026-01-24,SCO,SKF,24,14,2061,1964,0.651,0.049,0.300,22,18,16.6,-16.7,116,116
2026-01-24,SDO (W),Roreko,16,17,1079,1198,0.345,0.063,0.593,14,16,3.9,-4.1,128,130
2026-01-24,SF Deinum,DTL,5,21,810,1592,0.011,0.006,0.984,8,22,-1.5,1.7,140,149
2026-01-24,SGV,Triade,10,23,690,1219,0.046,0.018,0.936,10,20,-5.0,4.3,141,128
2026-01-24,Seolto,Scheldevogels,23,16,1131,1003,0.687,0.054,0.260,18,14,13.4,-14.1,130,133
2026-01-24,Sparta (N),Badhoevedorp,14,12,1539,1477,0.600,0.059,0.341,17,15,0.1,-0.1,120,122
2026-01-24,Sparta (Ze),ROG,18,14,1530,1460,0.615,0.052,0.333,21,18,5.3,-5.7,116,122
2026-01-24,Spirit (Vo),De Meeuwen,23,19,2221,2048,0.743,0.041,0.216,23,18,-3.9,2.9,128,115
2026-01-24,Swift (M),Kinderdijk,16,20,2046,1879,0.735,0.045,0.220,21,16,-32.2,30.8,118,115
2026-01-24,Swift,Pernix,15,31,1770,1940,0.286,0.049,0.665,18,22,-20.8,22.6,117,122
2026-01-24,TOGO (G),Blauw Wit (K),24,14,1615,1422,0.762,0.042,0.196,21,16,10.5,-11.4,117,122
2026-01-24,TOP (A),Sporting Delta,24,17,2133,2033,0.654,0.052,0.295,20,17,12.1,-12.0,119,118
2026-01-24,Telstar,Reehorst '45,16,18,1881,1770,0.670,0.046,0.285,23,20,-20.1,19.7,120,118
2026-01-24,Tempo,SDO (K),33,23,2095,1828,0.831,0.033,0.136,23,16,6.3,-6.7,119,124
2026-01-24,Thrianta,SIOS / Leonidas,21,16,1440,1348,0.642,0.054,0.304,19,16,8.1,-8.1,121,121
2026-01-24,Trekvogels (R),Atlas,33,26,1755,1726,0.560,0.051,0.389,22,21,15.8,-16.9,116,120
2026-01-24,VIKO,Thor (H),18,10,1162,1183,0.484,0.062,0.453,17,16,30.2,-41.2,131,154
2026-01-24,Valto,Avanti (P),24,18,2185,2022,0.731,0.043,0.226,23,18,3.6,-3.7,118,119
2026-01-24,Victum,SDO (V),28,30,1900,1696,0.776,0.037,0.187,24,18,-28.2,28.6,121,122
2026-01-24,Vitesse (Ba),Tilburg,26,22,1938,2033,0.383,0.053,0.564,19,21,19.3,-21.3,116,122
2026-01-24,Vitesse (Be),Lintjo,17,24,1232,1353,0.346,0.056,0.598,16,19,-17.7,17.8,125,126
2026-01-24,Volharding,BKC (Br),6,9,634,637,0.505,0.071,0.424,13,12,-65.4,46.9,297,246
2026-01-24,Voltreffers (O),Zaamslag,12,21,938,1504,0.038,0.013,0.949,13,25,4.4,-5.0,139,146
2026-01-24,Vriendenschaar (B),Tjoba,19,21,1722,1779,0.434,0.057,0.509,18,19,-5.8,5.1,125,116
2026-01-24,Vriendenschaar (H),ONDO (M),25,17,1872,1757,0.672,0.051,0.277,20,16,13.2,-14.0,117,121
2026-01-24,WION,Olympia (S),26,10,1409,1040,0.897,0.024,0.079,22,13,8.1,-9.8,127,142
2026-01-24,WSS,DTS (S) / Harkema,17,17,1331,1455,0.344,0.051,0.605,19,22,9.1,-9.9,125,130
2026-01-24,WWC,DWA / Argo,29,16,1573,1311,0.826,0.034,0.140,22,15,11.6,-11.0,128,124
2026-01-24,Weidevogels,Madjoe,26,11,1724,1489,0.802,0.039,0.159,21,14,13.3,-13.0,121,120
2026-01-24,Wez Handich,Quick '21 / Vlug en Vaardig (G),26,17,1832,1502,0.875,0.026,0.099,25,16,1.1,-1.1,123,126
2026-01-24,Wiko,DLKV,6,15,455,892,0.075,0.029,0.897,9,17,-14.0,13.9,214,212
2026-01-24,Wit Blauw,Sparta (Zw),27,14,2069,1913,0.723,0.044,0.233,22,17,17.1,-15.8,123,117
2026-01-24,Woudenberg,Animo (G),29,25,1835,1748,0.639,0.049,0.312,22,19,3.4,-3.4,118,118
2026-01-24,ZKC '19,CSL,21,14,1890,2045,0.306,0.047,0.646,20,23,34.1,-32.2,120,116
2026-01-24,Zuid '27,'t Capproen,22,15,1638,1154,0.942,0.016,0.042,22,11,-7.9,6.3,139,127
2026-01-24,Zwaluwen (Ze),Rust Roest (E),16,21,1648,1733,0.395,0.055,0.550,19,20,-13.3,12.4,121,116
2026-01-24,Zwart Wit,Devinco,13,17,1400,1612,0.236,0.049,0.715,15,19,-0.1,0.1,125,125
2026-01-25,FSC,Eymerick,9,11,1122,1013,0.662,0.057,0.281,16,13,-31.2,31.4,150,151
2026-01-25,Koru,Vefo,22,18,1090,926,0.727,0.053,0.221,16,12,2.2,-2.3,169,159
2026-01-25,LDODK,Fortuna (D),22,32,2553,2491,0.607,0.046,0.346,25,22,-35.0,33.7,117,115
2026-01-25,NKC (N)/Wees Kwiek,Korwi,11,12,736,1130,0.095,0.033,0.873,10,17,61.1,-47.1,226,202
2026-01-27,MN en W,WIK '34,17,12,1318,1091,0.793,0.043,0.163,18,12,-0.6,0.4,134,130
2026-01-28,Blauw Zwart,Regio '72,19,15,1401,1091,0.861,0.030,0.108,21,13,-11.8,11.2,131,129
2026-01-28,SDO (K),Rohda (A),17,18,1822,1885,0.425,0.058,0.517,17,18,-1.1,1.0,122,115
2026-01-29,Olympia (T),DWA / Argo,17,14,1276,1300,0.478,0.065,0.458,16,15,14.8,-12.8,132,122
2026-01-30,KZ,Blauw Wit,28,23,2487,2378,0.668,0.045,0.287,24,20,3.6,-3.5,110,109
2026-01-31,ALO,IJsselvogels,10,10,1745,1699,0.582,0.055,0.363,19,17,-6.6,6.8,113,115
2026-01-31,ASVD,IFC '25,23,18,1868,1719,0.715,0.045,0.241,22,18,2.0,-1.9,120,116
2026-01-31,Amicitia (V),NRC '22,20,25,1925,1812,0.672,0.048,0.280,22,18,-29.0,30.0,115,117
2026-01-31,Animo (G),SDO (V),20,18,1745,1726,0.545,0.052,0.403,22,20,2.5,-2.6,116,121
2026-01-31,Antilopen,Telstar,19,13,1944,1860,0.633,0.053,0.314,20,17,10.3,-10.6,116,118
2026-01-31,Attila,KVS '17,18,7,1067,851,0.784,0.044,0.172,18,13,13.2,-18.5,124,149
2026-01-31,Aurora / DKV (IJ),Ados,19,13,1252,1302,0.440,0.065,0.494,14,15,24.7,-24.6,118,117
2026-01-31,Badhoevedorp,Furore,21,10,1476,1440,0.562,0.065,0.373,15,14,26.3,-28.1,119,124
2026-01-31,Blauw Wit (K),Korbatjo,17,19,1411,1583,0.283,0.050,0.668,17,21,5.1,-4.6,121,116
2026-01-31,CSL,KIOS (R),22,23,2011,2007,0.526,0.049,0.425,24,23,-6.3,6.5,115,117
2026-01-31,Conventus,Gemini,15,16,1120,1235,0.351,0.061,0.588,15,16,3.6,-4.1,128,136
2026-01-31,DES (De),De Vinken,13,14,1856,1859,0.514,0.054,0.432,21,20,-6.4,6.2,119,117
2026-01-31,DKV Victoria,De Corvers,25,11,1517,1186,0.876,0.025,0.098,25,16,7.6,-6.8,126,118
2026-01-31,DLKV,Diderna,13,14,906,992,0.388,0.069,0.543,12,14,-0.8,0.7,203,215
2026-01-31,DOS Kampen,Rood Wit (W),25,25,1859,1599,0.826,0.032,0.142,25,17,-21.9,26.1,115,125
2026-01-31,DOS-WK,Reehorst '45,19,25,1799,1790,0.534,0.048,0.417,24,23,-21.1,21.6,115,117
2026-01-31,DOT (O),Victum,33,22,2005,1873,0.698,0.041,0.262,26,22,15.0,-14.5,122,120
2026-01-31,DSO (K),NIO,17,18,1494,1626,0.330,0.057,0.612,15,18,5.2,-4.8,121,116
2026-01-31,DTL,Westergo,24,11,1594,1072,0.953,0.013,0.034,23,11,3.1,-2.8,150,140
2026-01-31,DTS (S) / Harkema,Emmeloord,14,17,1445,1516,0.415,0.055,0.530,19,20,-8.3,8.9,126,131
2026-01-31,DVO,LDODK,29,25,2434,2518,0.401,0.048,0.551,23,25,16.3,-16.8,113,115
2026-01-31,De Parabool,Pallas '08,28,17,1774,1607,0.736,0.043,0.221,22,17,14.0,-14.0,121,121
2026-01-31,De Pein,DTG,21,14,1601,1304,0.853,0.031,0.116,22,14,-0.6,0.7,124,126
2026-01-31,De Wâlden,Elburg,16,18,1731,1683,0.584,0.057,0.359,18,17,-15.5,15.2,119,118
2026-01-31,DeetosSnel,Mid Fryslân,24,20,2383,2248,0.700,0.044,0.256,24,19,-0.8,0.8,114,116
2026-01-31,Devinco,HKC (U),29,16,1612,1434,0.748,0.043,0.209,21,16,15.9,-17.2,123,128
2026-01-31,Dindoa,Nic,23,22,2038,2048,0.504,0.052,0.444,22,21,1.6,-1.6,116,117
2026-01-31,Drachten,OKO,14,18,1943,1952,0.506,0.051,0.443,22,21,-15.3,16.2,117,121
2026-01-31,EKC 2000,Lintjo,18,23,998,1372,0.107,0.031,0.862,13,21,8.2,-6.1,138,122
2026-01-31,ESDO,Rapid (H),20,16,1258,1414,0.299,0.059,0.642,14,16,31.0,-27.9,125,119
2026-01-31,Elko,Vitesse (Be),31,15,1538,1215,0.872,0.025,0.103,27,18,9.4,-8.3,131,122
2026-01-31,Exakwa,ODIK,30,14,1731,1584,0.713,0.047,0.240,20,16,18.4,-18.6,118,118
2026-01-31,Excelsior (D),Swift,17,15,1785,1748,0.569,0.054,0.377,20,19,1.3,-1.3,118,115
2026-01-31,Fiducia,Nova,17,15,1814,1691,0.684,0.051,0.266,20,16,-5.6,6.0,118,122
2026-01-31,Fiks,Groen Geel,25,33,2079,2186,0.368,0.050,0.582,21,23,-16.4,15.3,115,111
2026-01-31,Fluks (N),Dunas,19,8,1556,1556,0.518,0.055,0.427,20,19,28.9,-28.7,123,122
2026-01-31,Focus,Triade,12,26,973,1224,0.199,0.044,0.757,15,20,-18.3,17.8,131,129
2026-01-31,Fortis,Swift (M),15,24,1987,2013,0.479,0.056,0.464,20,19,-27.8,27.0,118,117
2026-01-31,Fortissimo,Rust Roest (E),18,22,1635,1746,0.361,0.053,0.586,19,21,-7.7,6.8,123,114
2026-01-31,GKV (G),Die Haghe,21,29,2093,2282,0.265,0.046,0.689,18,23,-10.6,11.1,116,119
2026-01-31,HBC (Be),OKV,9,15,1485,1527,0.455,0.058,0.487,17,18,-21.0,20.9,121,121
2026-01-31,Haarlem,Sporting Trigon,23,21,1745,1734,0.530,0.058,0.412,18,17,3.8,-3.8,114,113
2026-01-31,Harich,Spannum,12,14,1545,1476,0.612,0.055,0.332,19,16,-17.0,20.7,119,131
2026-01-31,Hebbes,DKOD,22,11,1308,817,0.944,0.016,0.040,20,10,2.7,-3.7,130,184
2026-01-31,Heerenveen,Flamingo's (B),15,14,1956,1984,0.477,0.054,0.469,21,20,3.1,-3.2,113,115
2026-01-31,Helios,DTS (E),18,14,1372,1319,0.586,0.062,0.351,16,14,9.7,-9.4,122,120
2026-01-31,Hoogkerk,De Granaet,22,11,1698,1760,0.426,0.057,0.517,18,19,35.9,-35.3,124,123
2026-01-31,Joure,VDDO,16,24,1508,1498,0.531,0.058,0.411,18,17,-29.3,33.3,117,125
2026-01-31,KCD,Viking,13,18,1267,1684,0.086,0.025,0.889,14,22,10.3,-9.5,129,125
2026-01-31,KOAG,Albatros,28,26,1909,2054,0.318,0.048,0.635,20,23,16.1,-16.3,113,114
2026-01-31,KVS,KCC,16,17,2079,2245,0.291,0.050,0.659,17,21,8.1,-7.9,118,117
2026-01-31,KVZ,HKC (He),31,11,1830,1610,0.790,0.038,0.172,23,16,14.0,-13.6,117,115
2026-01-31,KZ Danaiden,GKV,20,14,1643,1532,0.670,0.048,0.281,22,18,7.4,-7.1,116,113
2026-01-31,Keizer Karel,EKCA,22,15,1485,1339,0.711,0.047,0.242,21,17,8.1,-7.7,117,114
2026-01-31,Kesteren,Arena,19,9,1297,1328,0.471,0.062,0.468,17,16,34.8,-32.3,129,124
2026-01-31,Kinea / Udiros,Wez Handich,19,18,1816,1834,0.492,0.055,0.453,21,20,2.6,-2.7,121,123
2026-01-31,Korbis,DVS '69,14,12,1934,1696,0.809,0.033,0.159,26,19,-18.4,14.5,132,118
2026-01-31,Koveni,SGV,22,8,1044,685,0.889,0.029,0.082,17,10,8.7,-10.4,128,141
2026-01-31,Leeuwarden,It Fean,17,17,1414,1552,0.324,0.054,0.622,17,20,9.5,-10.2,118,122
2026-01-31,Lemmer,WIK '34,9,7,922,1091,0.283,0.058,0.659,13,16,28.5,-23.3,140,127
2026-01-31,MIA,BEP,13,23,1772,1936,0.293,0.050,0.657,17,21,-17.2,16.3,118,115
2026-01-31,Madjoe,Luno,11,13,1474,1445,0.556,0.063,0.382,16,15,-14.3,15.0,119,121
2026-01-31,Merwede,ACKC,33,20,1853,1699,0.720,0.047,0.233,20,16,16.2,-16.5,116,117
2026-01-31,Movado,RWA,20,16,1558,1780,0.229,0.044,0.727,17,22,30.8,-33.3,118,122
2026-01-31,NKC '51,Synergo,22,16,1969,1886,0.634,0.050,0.315,21,18,10.4,-9.8,121,117
2026-01-31,Nexus,Good Luck,16,17,1436,1435,0.519,0.057,0.424,19,18,-7.7,6.9,125,118
2026-01-31,Nieuwerkerk,Valto,11,19,2211,2189,0.548,0.054,0.398,21,19,-29.7,28.9,118,116
2026-01-31,Noordenveld,Sparta (Zw),18,20,1966,1897,0.614,0.052,0.333,20,18,-16.6,16.2,118,116
2026-01-31,ODO (M),EKVA,17,13,1499,1610,0.360,0.057,0.584,17,18,21.9,-21.9,116,116
2026-01-31,ONDO (G),Velocitas (L),29,18,1954,1777,0.746,0.043,0.211,21,16,12.6,-14.1,116,123
2026-01-31,ONDO (M),Oranje Wit (D),15,27,1743,2060,0.147,0.031,0.822,18,26,-8.3,8.8,119,123
2026-01-31,OVVO,Apeldoorn,24,13,2045,1897,0.715,0.044,0.241,23,18,14.3,-14.9,118,120
2026-01-31,Oerterp,WK,17,18,1237,761,0.940,0.016,0.044,23,12,-38.1,64.9,125,159
2026-01-31,Olympia (S),'t Capproen,5,24,1029,1160,0.330,0.060,0.610,14,16,-34.4,28.9,141,128
2026-01-31,Oost Arnhem,Spirit (Vo),24,26,2093,2217,0.346,0.047,0.607,21,24,1.5,-1.9,114,126
2026-01-31,Oosterkwartier (H),VZOD,9,18,1310,1403,0.382,0.060,0.558,16,17,-25.5,24.2,125,122
2026-01-31,Oranje Zwart (M),Zuid '27,9,28,1154,1630,0.062,0.021,0.918,12,22,-6.7,8.3,124,140
2026-01-31,Oranje Zwart,Thrianta,22,17,1471,1448,0.551,0.052,0.397,22,20,11.9,-12.0,118,119
2026-01-31,PKC,DOS '46,30,20,2514,2471,0.581,0.047,0.372,25,23,18.7,-19.1,114,115
2026-01-31,PSV,OJC '98,23,17,1311,1251,0.600,0.058,0.342,18,15,14.3,-15.8,121,127
2026-01-31,Phoenix (Z),HKV / Ons Eibernest,22,24,1614,1835,0.230,0.045,0.725,17,22,8.4,-7.8,115,111
2026-01-31,RDZ,Rheko,18,13,1193,1297,0.365,0.064,0.571,14,15,24.7,-26.3,113,116
2026-01-31,ROG,SIOS / Leonidas,26,16,1454,1340,0.670,0.054,0.276,18,14,17.9,-17.8,119,119
2026-01-31,Reeuwijk,Maassluis,17,23,1653,1934,0.174,0.037,0.789,17,23,-0.0,0.0,118,117
2026-01-31,Refleks,KCR,17,21,1828,1872,0.455,0.054,0.491,19,20,-12.3,12.3,114,114
2026-01-31,Revival,Duko,17,14,1419,1367,0.587,0.059,0.354,17,15,5.2,-5.4,124,125
2026-01-31,Ritola,Quick '21 / Vlug en Vaardig (G),34,20,2011,1501,0.951,0.012,0.037,27,14,1.9,-1.8,129,126
2026-01-31,Rohda (A),Achilles (H),17,24,1886,2050,0.293,0.051,0.657,17,21,-10.4,11.7,111,119
2026-01-31,SCO,AVO,20,21,2078,2046,0.563,0.052,0.385,21,20,-8.9,8.6,114,112
2026-01-31,SDO (K),VEO,14,19,1820,1925,0.368,0.055,0.577,18,20,-11.0,11.0,117,117
2026-01-31,SDO (S),Regio '72,28,22,1342,1102,0.808,0.036,0.156,22,16,-0.9,0.7,133,127
2026-01-31,SDO (W),Olympia '22,13,14,1083,1048,0.563,0.063,0.374,16,14,-11.3,12.5,124,130
2026-01-31,SF Deinum,De Waterpoort,14,16,807,1117,0.147,0.043,0.810,11,16,17.5,-16.0,141,136
2026-01-31,SKF,De Meeuwen,22,34,1946,2051,0.369,0.055,0.576,18,20,-23.2,23.0,114,114
2026-01-31,Scheldevogels,Keep Fit '70,12,14,990,1247,0.194,0.042,0.765,16,21,12.8,-13.2,130,131
2026-01-31,Seolto,Luctor,17,20,1146,1153,0.504,0.060,0.436,18,17,-15.9,14.4,126,120
2026-01-31,Sparta (N),RODA (W),17,16,1538,1664,0.338,0.057,0.605,16,18,12.5,-13.7,117,123
2026-01-31,Sparta (Ze),KVW '22,9,16,1535,1689,0.307,0.049,0.644,19,22,-11.0,12.0,114,120
2026-01-31,Sporting Delta,Avanti (P),16,19,2020,2018,0.520,0.056,0.425,20,19,-13.8,14.0,116,117
2026-01-31,Stadskanaal '74,HHV,16,17,1502,1493,0.532,0.051,0.417,22,21,-7.0,7.8,116,123
2026-01-31,Stormvogels (U),DSO (A),11,13,1122,1009,0.667,0.058,0.275,16,13,-22.3,25.5,120,129
2026-01-31,TOGO (G),OZC,27,11,1627,1506,0.682,0.047,0.271,22,18,19.4,-18.3,116,112
2026-01-31,TOP (A),KVA,19,24,2145,2110,0.568,0.053,0.379,21,19,-23.0,22.5,117,115
2026-01-31,TOP (S),AW.DTV,23,23,2406,2251,0.722,0.045,0.234,22,17,-15.3,14.0,114,109
2026-01-31,TOP (V),Blauw Zwart,15,22,1121,1390,0.183,0.041,0.777,15,21,-4.6,5.1,121,129
2026-01-31,Tempo,KVZ '23,21,20,2103,2071,0.565,0.050,0.385,23,21,-2.3,2.4,119,121
2026-01-31,Thor (H),Huizen,12,17,1140,1316,0.275,0.056,0.669,14,17,-10.4,8.1,145,125
2026-01-31,Tiel '72,Noviomagum,21,20,1826,1804,0.554,0.045,0.402,27,25,-2.3,2.1,142,138
2026-01-31,Tilburg,Kinderdijk,20,15,2012,1909,0.658,0.050,0.292,21,18,5.9,-5.5,119,114
2026-01-31,Tjoba,Atlas,22,15,1784,1710,0.621,0.052,0.328,21,18,12.5,-13.3,113,117
2026-01-31,Tweemaal Zes,Pernix,19,25,1941,1964,0.484,0.054,0.462,21,20,-21.4,21.0,121,120
2026-01-31,Twist,KVK,10,10,1447,1455,0.503,0.061,0.436,17,16,-2.2,2.2,119,120
2026-01-31,Unitas,Dalto,19,18,2333,2310,0.552,0.050,0.398,23,21,-1.4,1.4,115,117
2026-01-31,VIKO,DOS (W),15,16,1193,1133,0.592,0.072,0.336,11,9,-15.0,15.7,127,129
2026-01-31,Ventura Sport,Nikantes,21,15,1267,836,0.925,0.019,0.056,23,12,-8.1,13.0,125,154
2026-01-31,Vitesse (Ba),De Meervogels,25,22,1958,1756,0.772,0.041,0.188,22,16,-7.4,8.2,114,119
2026-01-31,Vriendenschaar (B),Juliana,16,25,1716,1739,0.482,0.058,0.460,19,18,-29.7,27.7,121,117
2026-01-31,Vriendenschaar (H),Trekvogels (R),23,12,1886,1773,0.673,0.046,0.281,23,19,16.0,-15.5,115,114
2026-01-31,WION,ADO,15,15,1419,1552,0.331,0.053,0.615,17,20,10.2,-11.1,127,132
2026-01-31,WSS,WWC,15,35,1340,1587,0.204,0.041,0.755,17,23,-17.3,18.8,121,127
2026-01-31,Wageningen,HKC (Ha),24,20,2326,2340,0.498,0.053,0.449,22,21,11.5,-11.3,114,113
2026-01-31,Weidevogels,Apollo,20,10,1738,1463,0.835,0.035,0.130,20,13,7.4,-7.8,120,124
2026-01-31,Wesstar,SEV (Z),19,9,1285,1176,0.663,0.057,0.280,17,14,18.3,-18.0,118,117
2026-01-31,Woudenberg,Zwaluwen (Ze),31,16,1840,1634,0.777,0.038,0.185,24,17,13.4,-13.8,116,118
2026-01-31,ZKC '19,Wit Blauw,15,30,1924,2087,0.296,0.046,0.658,20,23,-20.7,21.7,117,120
2026-01-31,Zaamslag,Springfield,24,23,1500,1134,0.895,0.024,0.081,23,14,-36.6,24.8,146,122
2026-01-31,Zwart Wit,Hellas '63,18,23,1399,1530,0.333,0.056,0.612,16,19,-10.3,10.8,122,125
2026-02-01,Fortuna (D),DSC,34,13,2526,2300,0.797,0.034,0.169,26,19,12.8,-12.6,113,112
2026-02-01,NKC (N)/Wees Kwiek,Club Brothers,14,29,797,1270,0.063,0.021,0.916,12,21,-17.6,12.0,212,165
2026-02-02,De Pein,Spannum,15,13,1601,1496,0.659,0.052,0.289,20,16,-4.2,4.6,121,125
2026-02-03,DTL,De Waterpoort,31,11,1598,1101,0.947,0.014,0.039,23,12,6.4,-5.2,149,132
2026-02-03,Seolto,Voltreffers (O),28,15,1130,942,0.754,0.048,0.197,17,13,15.9,-21.2,121,141
2026-02-03,Vitesse (Be),WK,18,18,1206,827,0.902,0.023,0.075,22,13,-28.2,49.9,120,157
2026-02-04,Harich,Joure,17,12,1527,1479,0.584,0.056,0.360,19,17,10.7,-10.4,115,114
2026-02-05,Nova,Pernix,17,22,1696,1986,0.165,0.037,0.797,16,22,3.0,-2.8,119,116
2026-02-05,Rohda (A),Velocitas (L),27,21,1875,1762,0.670,0.050,0.280,20,17,7.2,-8.5,109,120
2026-02-06,DOS '46,Dalto,25,26,2451,2311,0.707,0.041,0.251,26,21,-17.0,17.5,113,114
2026-02-07,'t Capproen,Ventura Sport,13,15,1191,1260,0.413,0.065,0.523,14,15,-5.8,5.9,125,126
2026-02-07,ACKC,ALO,20,18,1683,1737,0.436,0.060,0.504,16,17,10.0,-9.2,116,111
2026-02-07,ADO,Oranje Zwart (M),20,7,1540,1146,0.908,0.023,0.069,21,12,5.9,-5.7,128,125
2026-02-07,AVO,Oost Arnhem,19,23,2055,2094,0.462,0.052,0.486,21,22,-11.4,11.8,111,112
2026-02-07,Achilles (A) / AKC,Zwart Wit,20,21,1451,1389,0.602,0.057,0.341,18,16,-13.2,12.8,121,120
2026-02-07,Achilles (H),Tempo,18,24,2062,2101,0.463,0.053,0.485,20,21,-18.4,18.4,117,116
2026-02-07,Ados,Helios,22,20,1277,1381,0.364,0.064,0.572,14,15,14.8,-15.9,115,119
2026-02-07,Albatros,Tilburg,21,19,2039,2018,0.549,0.050,0.401,23,21,1.9,-2.1,112,117
2026-02-07,Apeldoorn,NKC '51,30,19,1881,1980,0.379,0.050,0.571,21,23,35.3,-35.3,118,118
2026-02-07,Apollo,KZ Danaiden,13,23,1454,1651,0.252,0.053,0.695,14,17,-17.6,15.3,123,114
2026-02-07,Atlas,ONDO (M),21,16,1696,1734,0.462,0.057,0.481,18,19,17.8,-18.8,115,119
2026-02-07,Avanti (P),GKV (G),22,20,2032,2082,0.444,0.055,0.501,19,20,8.8,-8.7,115,114
2026-02-07,BEP,Tweemaal Zes,33,24,1953,1919,0.565,0.054,0.381,20,18,19.6,-21.2,113,118
2026-02-07,Blauw Zwart,Roreko,22,9,1396,1194,0.770,0.042,0.188,21,15,15.6,-16.0,127,129
2026-02-07,DKOD,VIKO,12,19,813,1178,0.112,0.033,0.855,12,19,-1.7,1.9,182,123
2026-02-07,DOS (W),Hebbes,12,17,1148,1311,0.286,0.068,0.646,9,12,-12.2,13.2,125,131
2026-02-07,DSO (A),DKV Victoria,13,18,1034,1526,0.056,0.021,0.923,11,20,10.7,-10.8,125,126
2026-02-07,DTG,Joure,18,17,1304,1467,0.292,0.054,0.655,16,19,18.0,-13.9,125,110
2026-02-07,DTS (E),Aurora / DKV (IJ),14,16,1309,1277,0.558,0.063,0.379,16,14,-14.4,13.8,118,115
2026-02-07,DVS '69,Twist,16,13,1709,1444,0.828,0.035,0.137,21,14,-11.4,11.1,118,117
2026-02-07,DWA / Argo,DTS (S) / Harkema,21,21,1287,1436,0.311,0.052,0.637,17,20,10.9,-11.2,120,122
2026-02-07,De Corvers,Stormvogels (U),10,15,1178,1099,0.627,0.051,0.322,21,18,-27.6,27.5,119,118
2026-02-07,De Granaet,Kinea / Udiros,14,21,1724,1819,0.381,0.056,0.563,17,19,-18.2,17.7,119,118
2026-02-07,De Meervogels,Fortis,21,23,1765,1958,0.258,0.049,0.692,16,20,6.3,-6.0,118,115
2026-02-07,De Meeuwen,Dindoa,26,17,2076,2040,0.568,0.053,0.379,21,19,18.8,-19.3,112,114
2026-02-07,De Vinken,Phoenix (Z),35,14,1864,1623,0.809,0.035,0.156,23,16,12.4,-12.3,115,114
2026-02-07,Die Haghe,Sporting Delta,25,22,2294,2005,0.847,0.030,0.123,24,16,-13.4,12.7,117,114
2026-02-07,Duko,Tiel '72,10,31,1362,1824,0.068,0.018,0.913,16,27,-6.8,8.2,122,136
2026-02-07,Dunas,Oosterkwartier (H),24,10,1525,1283,0.810,0.037,0.154,22,15,11.9,-12.3,119,122
2026-02-07,Débaldérin,De Hazenkamp,10,9,1043,1028,0.532,0.068,0.400,14,13,3.7,-3.8,242,263
2026-02-07,EKCA,RDZ,11,11,1331,1218,0.669,0.054,0.277,18,15,-11.9,11.5,113,111
2026-02-07,EKVA,Madjoe,18,16,1587,1459,0.689,0.048,0.262,21,17,-5.9,6.1,114,116
2026-02-07,Elburg,Drachten,14,26,1698,1927,0.221,0.045,0.735,16,21,-14.3,14.1,116,115
2026-02-07,Emmeloord,Olympia (T),11,9,1525,1291,0.800,0.042,0.158,18,13,-14.2,14.7,126,128
2026-02-07,Furore,HBC (Be),14,13,1411,1462,0.438,0.065,0.497,14,15,6.5,-6.3,120,118
2026-02-07,GKV,Weidevogels,22,23,1524,1746,0.229,0.043,0.728,18,23,11.5,-13.3,112,120
2026-02-07,Gemini,Koveni,17,9,1231,1054,0.744,0.047,0.209,19,14,11.7,-11.2,131,128
2026-02-07,Good Luck,TOGO (G),19,32,1441,1647,0.246,0.044,0.710,18,23,-16.1,15.6,116,114
2026-02-07,HHV,ROG,18,19,1500,1473,0.555,0.055,0.390,20,18,-9.4,9.0,120,117
2026-02-07,HKC (He),DOS-WK,17,23,1595,1778,0.271,0.046,0.683,19,23,-6.1,6.0,115,113
2026-02-07,HKC (U),KCD,20,14,1416,1277,0.702,0.049,0.249,20,15,7.8,-8.2,125,129
2026-02-07,HKV / Ons Eibernest,DES (De),18,25,1828,1849,0.486,0.055,0.458,20,19,-21.0,23.1,110,116
2026-02-07,IFC '25,DOS Kampen,30,20,1717,1838,0.348,0.050,0.602,20,22,34.1,-34.5,114,115
2026-02-07,IJsselvogels,Merwede,17,20,1704,1871,0.289,0.049,0.661,18,21,0.9,-0.9,113,115
2026-02-07,It Fean,Harich,18,21,1542,1538,0.521,0.057,0.422,19,18,-14.9,13.1,119,112
2026-02-07,Juliana,Vriendenschaar (H),14,16,1767,1902,0.328,0.053,0.618,17,20,1.6,-1.6,114,114
2026-02-07,KCR,Reeuwijk,31,14,1884,1653,0.800,0.037,0.163,22,16,12.0,-13.0,112,117
2026-02-07,KIOS (N),Haarlem,15,19,1834,1749,0.636,0.051,0.314,21,18,-24.9,22.6,117,112
2026-02-07,KIOS (R),Noordenveld,30,23,2014,1949,0.611,0.047,0.342,24,22,11.9,-12.0,115,115
2026-02-07,KVA,Nieuwerkerk,19,17,2132,2179,0.450,0.054,0.496,19,20,8.1,-8.4,113,115
2026-02-07,KVK,Korbis,19,39,1456,1915,0.069,0.020,0.911,15,26,-6.3,7.6,117,130
2026-02-07,KVS '17,PSV,10,25,831,1326,0.055,0.019,0.925,12,21,-7.0,5.0,145,118
2026-02-07,KVW '22,Oranje Zwart,26,19,1700,1484,0.787,0.037,0.176,24,17,2.4,-2.3,118,116
2026-02-07,KVZ '23,Rohda (A),26,19,2073,1883,0.760,0.041,0.200,23,17,4.4,-3.7,118,106
2026-02-07,Keep Fit '70,Zaamslag,15,16,1233,1464,0.221,0.040,0.739,19,24,15.0,-19.3,129,145
2026-02-07,Kinderdijk,KOAG,29,20,1903,1926,0.483,0.056,0.461,20,19,24.5,-24.0,113,112
2026-02-07,Korbatjo,DSO (K),26,15,1579,1499,0.627,0.053,0.320,20,17,19.4,-20.7,114,119
2026-02-07,Lintjo,Oerterp,23,17,1367,1199,0.734,0.047,0.219,20,15,5.4,-5.6,122,126
2026-02-07,Luctor,Voltreffers (O),18,14,1168,921,0.812,0.039,0.149,19,13,-5.6,7.8,118,136
2026-02-07,Luno,ODO (M),18,18,1459,1521,0.422,0.067,0.511,13,14,2.9,-2.7,119,114
2026-02-07,MN en W,SF Deinum,21,6,1318,825,0.944,0.017,0.039,18,9,4.9,-5.3,133,138
2026-02-07,Maassluis,Refleks,30,18,1934,1815,0.680,0.046,0.274,23,19,17.0,-15.9,117,112
2026-02-07,Mid Fryslân,KCC,22,16,2248,2236,0.536,0.052,0.412,22,20,14.8,-14.8,115,115
2026-02-07,NIO,Blauw Wit (K),30,17,1621,1416,0.774,0.042,0.183,20,15,12.8,-13.6,114,118
2026-02-07,NRC '22,Juventa,23,25,1842,1790,0.592,0.052,0.356,21,19,-14.3,15.7,116,121
2026-02-07,Nic,SKF,23,21,2047,1923,0.685,0.046,0.269,23,19,-6.0,5.9,114,113
2026-02-07,Nikantes,Olympia (S),13,14,849,993,0.317,0.053,0.629,17,19,9.3,-7.1,152,135
2026-02-07,Nova,Excelsior (D),19,19,1699,1786,0.393,0.056,0.551,18,19,5.0,-4.9,116,115
2026-02-07,Noveas,Elko,16,27,1236,1549,0.150,0.030,0.820,20,29,-7.8,7.4,135,130
2026-02-07,Noviomagum,Revival,27,15,1806,1424,0.904,0.021,0.075,26,16,3.8,-3.3,132,121
2026-02-07,ODIK,Antilopen,15,25,1564,1954,0.099,0.028,0.873,13,22,-4.0,3.9,117,114
2026-02-07,OEC,NKV,19,19,1173,1427,0.195,0.044,0.761,15,20,21.4,-22.5,128,131
2026-02-07,OJC '98,Attila,17,15,1235,1081,0.717,0.051,0.231,18,13,-7.9,7.7,124,123
2026-02-07,OKO,De Wâlden,11,19,1968,1715,0.820,0.033,0.147,24,17,-48.3,47.4,118,117
2026-02-07,OKV,Badhoevedorp,16,16,1547,1503,0.578,0.057,0.365,18,16,-6.9,6.8,118,117
2026-02-07,OZC,Nexus,18,20,1486,1428,0.597,0.055,0.348,19,17,-14.1,17.0,111,122
2026-02-07,Olympia '22,SDO (S),15,21,1060,1343,0.172,0.037,0.791,17,23,0.0,-0.1,126,131
2026-02-07,Oranje Wit (D),Tjoba,22,16,2069,1797,0.837,0.029,0.135,27,19,-5.0,4.1,122,112
2026-02-07,Paal Centraal,Movado,22,22,1444,1589,0.316,0.051,0.633,18,21,12.0,-9.8,128,116
2026-02-07,Pallas '08,Ritola,15,32,1593,2015,0.085,0.021,0.894,17,28,-6.9,8.1,119,130
2026-02-07,Pernix,MIA,22,16,1984,1754,0.799,0.036,0.165,24,17,-0.8,0.9,113,116
2026-02-07,Quick '21 / Vlug en Vaardig (G),De Parabool,15,24,1499,1790,0.166,0.037,0.797,16,23,-7.4,6.7,127,119
2026-02-07,RODA (W),Atlantis,15,16,1650,1531,0.678,0.049,0.272,21,17,-17.5,18.2,120,122
2026-02-07,RWA,Erasmus,20,19,1746,1526,0.790,0.038,0.173,23,16,-17.3,18.7,120,125
2026-02-07,Reehorst '45,KVZ,22,18,1812,1846,0.471,0.050,0.479,22,23,12.7,-13.1,114,116
2026-02-07,Regio '72,SDO (W),20,17,1104,1071,0.557,0.065,0.378,15,14,8.1,-7.7,125,121
2026-02-07,Rheko,Keizer Karel,24,22,1270,1494,0.225,0.047,0.728,15,19,23.4,-24.2,114,116
2026-02-07,Rivalen,Kesteren,11,9,1121,1332,0.237,0.050,0.713,14,18,31.3,-25.9,137,125
2026-02-07,Rood Wit (W),ASVD,17,19,1626,1870,0.207,0.041,0.752,17,23,11.7,-10.5,124,118
2026-02-07,Rust Roest (E),Animo (G),12,17,1753,1748,0.524,0.055,0.421,20,19,-19.0,19.7,112,114
2026-02-07,SDO (V),Fortissimo,25,20,1723,1627,0.651,0.048,0.302,23,19,5.6,-5.7,118,120
2026-02-07,SEV (Z),DWS (K),11,18,1157,1434,0.173,0.047,0.780,11,16,-6.2,6.6,115,120
2026-02-07,SGV,Conventus,8,21,674,1123,0.070,0.027,0.903,9,17,-8.6,7.0,140,125
2026-02-07,SIOS '61,Melynas,12,21,857,1207,0.121,0.035,0.844,12,19,-31.2,31.7,268,271
2026-02-07,SIOS / Leonidas,Stadskanaal '74,13,13,1322,1494,0.282,0.050,0.668,17,20,12.4,-11.8,117,114
2026-02-07,SkunK,Wesstar,14,16,1323,1304,0.541,0.059,0.399,18,16,-13.3,12.2,121,116
2026-02-07,Spannum,Leeuwarden,18,12,1500,1423,0.622,0.056,0.322,18,16,12.9,-11.8,121,116
2026-02-07,Sparta (Zw),CSL,20,17,1913,2005,0.386,0.054,0.560,19,20,15.8,-15.4,114,113
2026-02-07,Spirit (Vo),SCO,27,19,2216,2069,0.714,0.042,0.244,24,19,9.3,-7.9,122,112
2026-02-07,Sporting Trigon,Sporting West,18,21,1731,1542,0.758,0.043,0.199,20,15,-26.8,34.6,111,126
2026-02-07,Springfield,Scheldevogels,19,10,1160,1002,0.723,0.050,0.227,18,14,14.0,-15.0,123,127
2026-02-07,Swift (M),Vitesse (Ba),15,23,2040,1952,0.640,0.050,0.310,22,18,-33.7,33.3,114,113
2026-02-07,Swift,Fiducia,26,18,1746,1808,0.427,0.056,0.516,18,19,26.1,-27.7,113,116
2026-02-07,Synergo,OVVO,22,26,1875,2060,0.268,0.049,0.683,17,20,-1.4,1.4,115,116
2026-02-07,Telstar,Exakwa,18,14,1848,1751,0.651,0.050,0.300,21,18,2.9,-3.0,116,116
2026-02-07,Thrianta,Sparta (Ze),20,18,1436,1523,0.395,0.053,0.553,20,21,12.1,-11.4,116,113
2026-02-07,Trekvogels (R),Vriendenschaar (B),24,17,1756,1686,0.617,0.050,0.333,22,19,11.9,-13.1,112,118
2026-02-07,Triade,SKV (S),17,10,1243,805,0.927,0.019,0.054,21,11,-5.3,6.0,126,133
2026-02-07,VDDO,De Pein,14,22,1532,1596,0.425,0.056,0.519,18,19,-23.7,22.3,122,118
2026-02-07,VEO,ONDO (G),19,23,1936,1968,0.471,0.055,0.473,18,19,-13.6,13.7,114,115
2026-02-07,VZOD,Fluks (N),11,19,1427,1585,0.298,0.054,0.648,16,19,-15.4,15.6,119,120
2026-02-07,Valto,TOP (A),22,20,2217,2122,0.649,0.050,0.301,21,18,-3.6,3.7,114,114
2026-02-07,Velocitas (L),SDO (K),21,21,1754,1808,0.438,0.057,0.505,18,19,2.1,-2.0,116,115
2026-02-07,Victum,Woudenberg,35,25,1859,1855,0.525,0.051,0.424,22,21,24.3,-23.3,118,116
2026-02-07,Viking,Devinco,18,15,1674,1630,0.580,0.054,0.367,20,18,4.7,-4.5,125,121
2026-02-07,WIK '34,DTL,9,18,1067,1606,0.043,0.016,0.941,11,22,1.3,-2.3,124,148
2026-02-07,WK,EKC 2000,10,17,878,1007,0.335,0.056,0.609,16,19,-24.1,19.5,153,137
2026-02-07,Westergo,Lemmer,13,13,1068,950,0.675,0.054,0.272,18,15,-17.5,16.2,140,135
2026-02-07,Wez Handich,Hoogkerk,17,23,1831,1734,0.651,0.049,0.300,22,18,-32.5,32.6,120,120
2026-02-07,Wit Blauw,Heerenveen,22,26,2110,1958,0.720,0.042,0.238,24,19,-30.1,26.6,118,111
2026-02-07,Wolderwijd,Thor (H),19,12,1442,1129,0.862,0.032,0.106,20,12,0.4,-0.3,132,139
2026-02-07,Zuid '27,WION,16,15,1640,1429,0.781,0.039,0.180,22,16,-21.8,17.0,139,124
2026-02-07,Zwaluwen (Ze),DOT (O),13,31,1620,2022,0.095,0.023,0.883,18,28,-7.6,7.9,117,120
2026-02-08,Goorecht,NKC (N)/Wees Kwiek,12,12,677,780,0.365,0.066,0.568,13,14,16.4,-13.3,226,204
2026-02-08,Maastricht,FSC,11,15,1097,1089,0.526,0.059,0.415,18,17,-25.7,26.9,143,146
2026-02-08,Mariarade,Eymerick,6,24,543,1043,0.052,0.024,0.924,7,15,-14.3,9.2,193,147
2026-02-10,ADO,Nikantes,25,7,1546,859,0.981,0.006,0.013,27,11,1.4,-1.7,126,143
2026-02-10,Spannum,DTG,15,13,1513,1322,0.759,0.045,0.196,19,14,-10.1,10.7,117,120
2026-02-10,Tilburg,Swift (M),24,20,2015,2005,0.531,0.053,0.415,21,20,9.5,-9.2,113,111
2026-02-11,De Pein,Leeuwarden,25,15,1619,1411,0.777,0.041,0.182,21,15,9.3,-9.1,114,112
2026-02-12,Eymerick,FSC,16,15,1054,1116,0.423,0.064,0.513,15,16,10.2,-9.2,145,138
2026-02-13,Dalto,Fortuna (D),15,31,2329,2541,0.241,0.040,0.719,21,26,-16.1,16.6,113,115
2026-02-14,ASVD,Elburg,15,14,1859,1683,0.745,0.044,0.211,21,16,-13.6,13.1,117,115
2026-02-14,AW.DTV,KVS,25,21,2265,2086,0.748,0.042,0.210,22,17,-2.8,3.3,111,119
2026-02-14,Achilles (A) / AKC,Devinco,18,22,1438,1625,0.266,0.048,0.686,17,21,-1.1,1.1,118,118
2026-02-14,Ados,DKV Victoria,12,18,1293,1515,0.225,0.051,0.724,13,18,-6.1,7.4,113,126
2026-02-14,Apollo,Luno,19,13,1436,1462,0.473,0.067,0.460,15,14,24.1,-22.3,121,116
2026-02-14,Aurora / DKV (IJ),DSO (A),16,11,1291,1044,0.810,0.041,0.149,18,12,-1.4,2.0,113,126
2026-02-14,Blauw Wit,Unitas,27,16,2374,2331,0.580,0.050,0.370,22,20,20.2,-21.7,112,116
2026-02-14,CSL,Flamingo's (B),24,19,1989,1979,0.532,0.052,0.416,22,21,11.7,-12.6,111,116
2026-02-14,DOS '46,KZ,35,19,2434,2491,0.438,0.049,0.512,22,23,31.9,-31.8,112,112
2026-02-14,DOS-WK,Telstar,17,19,1785,1851,0.423,0.054,0.523,20,21,-3.7,3.8,112,114
2026-02-14,DSC,LDODK,21,30,2286,2501,0.237,0.040,0.723,20,26,-9.1,9.3,114,115
2026-02-14,DTG,Harich,13,26,1332,1552,0.229,0.048,0.723,15,20,-16.6,14.7,118,110
2026-02-14,DTL,MN en W,14,13,1604,1324,0.840,0.033,0.127,21,14,-29.9,24.2,148,134
2026-02-14,DVO,PKC,20,25,2451,2533,0.403,0.048,0.549,23,24,-10.4,10.5,114,115
2026-02-14,De Corvers,Helios,18,19,1149,1366,0.234,0.044,0.722,17,22,12.0,-12.1,116,117
2026-02-14,De Hoeve,DWA / Argo,10,13,1192,1298,0.363,0.060,0.577,15,17,-6.3,5.5,127,118
2026-02-14,De Parabool,De Granaet,21,16,1797,1705,0.645,0.050,0.305,21,18,6.7,-6.5,119,117
2026-02-14,De Waterpoort,Lemmer,14,15,1095,966,0.688,0.053,0.259,18,14,-22.7,21.6,134,131
2026-02-14,Drachten,IFC '25,24,18,1942,1753,0.759,0.040,0.201,23,17,1.7,-1.7,114,113
2026-02-14,EKC 2000,Vitesse (Be),13,15,1027,1178,0.306,0.055,0.639,16,18,3.2,-2.6,132,123
2026-02-14,Emmeloord,WSS,32,14,1510,1322,0.756,0.043,0.201,21,15,17.9,-17.4,125,123
2026-02-14,Exakwa,Reehorst '45,18,20,1747,1825,0.408,0.049,0.542,22,24,-2.3,2.2,115,113
2026-02-14,Fiducia,MIA,20,30,1780,1754,0.553,0.055,0.391,20,18,-32.1,33.0,114,116
2026-02-14,Fiks,DeetosSnel,11,24,2063,2382,0.145,0.031,0.824,18,26,-8.6,8.5,116,116
2026-02-14,HHV,Oranje Zwart,23,19,1491,1482,0.531,0.051,0.417,22,21,9.8,-9.5,117,115
2026-02-14,HKC (Ha),Groen Geel,32,27,2328,2203,0.687,0.047,0.266,22,18,3.6,-3.5,114,112
2026-02-14,HKC (He),Antilopen,22,31,1588,1959,0.110,0.029,0.861,15,23,-2.4,2.4,113,115
2026-02-14,Haarlem,De Vinken,17,17,1772,1879,0.366,0.052,0.582,19,21,6.2,-6.6,111,114
2026-02-14,It Fean,De Pein,24,16,1527,1629,0.372,0.053,0.575,19,20,31.1,-28.7,116,112
2026-02-14,Joure,Spannum,21,17,1453,1503,0.443,0.060,0.497,16,17,15.1,-16.6,109,115
2026-02-14,Juventa,Synergo,18,18,1806,1874,0.420,0.055,0.526,19,20,3.4,-3.2,118,113
2026-02-14,KCC,Wageningen,21,22,2220,2338,0.352,0.052,0.596,19,21,3.8,-4.0,113,115
2026-02-14,KIOS (N),DES (De),20,22,1809,1873,0.425,0.055,0.520,19,20,-4.2,4.1,115,114
2026-02-14,KVA,GKV (G),22,21,2140,2073,0.612,0.050,0.339,22,20,-4.7,4.8,111,112
2026-02-14,KVW '22,Stadskanaal '74,22,8,1704,1482,0.792,0.037,0.171,24,17,12.1,-11.3,117,113
2026-02-14,Kinea / Udiros,Pallas '08,22,14,1837,1585,0.817,0.036,0.148,22,15,3.7,-3.9,116,120
2026-02-14,Leeuwarden,VDDO,9,19,1401,1508,0.365,0.057,0.578,17,18,-20.1,23.0,110,119
2026-02-14,NKC '51,NRC '22,23,15,1944,1829,0.676,0.047,0.278,23,19,11.4,-11.0,116,114
2026-02-14,Nic,Oost Arnhem,24,16,2041,2106,0.425,0.051,0.524,22,23,24.9,-24.0,113,110
2026-02-14,Noveas,Oerterp,20,18,1228,1193,0.566,0.054,0.380,20,18,1.9,-1.8,132,123
2026-02-14,OKO,DOS Kampen,27,18,1918,1804,0.675,0.044,0.280,24,20,12.9,-12.0,118,113
2026-02-14,OKV,Atlantis,18,21,1540,1549,0.504,0.055,0.441,21,20,-12.4,13.3,115,120
2026-02-14,Olympia (S),Ventura Sport,16,23,986,1266,0.171,0.043,0.785,13,18,-6.3,5.7,131,122
2026-02-14,Olympia (T),WWC,12,18,1304,1608,0.154,0.038,0.808,14,21,-0.1,0.1,127,127
2026-02-14,Oosterkwartier (H),Rapid (H),12,20,1269,1386,0.349,0.062,0.589,14,16,-20.6,20.3,121,120
2026-02-14,Quick '21 / Vlug en Vaardig (G),Hoogkerk,21,21,1492,1767,0.177,0.040,0.783,15,21,22.8,-20.1,125,118
2026-02-14,RODA (W),HBC (Be),12,15,1632,1455,0.743,0.047,0.209,19,14,-30.1,29.3,118,116
2026-02-14,ROG,Thrianta,18,14,1483,1449,0.564,0.055,0.381,19,18,8.5,-8.4,115,114
2026-02-14,SCO,De Meeuwen,23,19,2061,2095,0.467,0.055,0.478,19,20,13.2,-13.1,111,111
2026-02-14,SDO (S),Blauw Zwart,19,20,1343,1412,0.420,0.052,0.528,20,21,-0.2,0.2,129,125
2026-02-14,SF Deinum,Westergo,13,15,818,1050,0.213,0.054,0.733,11,15,10.0,-9.4,139,135
2026-02-14,Sparta (Ze),SIOS / Leonidas,28,16,1511,1334,0.746,0.044,0.210,21,16,12.8,-13.6,111,115
2026-02-14,Sparta (Zw),Heerenveen,9,15,1928,1986,0.434,0.057,0.509,18,19,-17.0,16.4,112,110
2026-02-14,Stormvogels (U),DTS (E),7,21,1127,1295,0.284,0.058,0.658,13,16,-21.0,20.7,116,115
2026-02-14,Swift,Tweemaal Zes,12,20,1774,1899,0.342,0.053,0.606,18,21,-14.9,16.1,111,116
2026-02-14,WK,Elko,9,29,853,1558,0.017,0.006,0.976,14,31,-2.3,1.9,145,128
2026-02-14,Wez Handich,Ritola,14,25,1798,2025,0.225,0.038,0.736,21,27,-11.7,13.9,118,130
2026-02-14,Wit Blauw,Noordenveld,28,20,2080,1937,0.710,0.042,0.248,25,20,8.7,-8.3,117,114
2026-02-14,ZKC '19,KIOS (R),21,22,1902,2027,0.344,0.048,0.608,21,24,5.1,-4.7,118,113
2026-02-15,Korwi,Goorecht,16,1,1082,693,0.904,0.027,0.070,17,9,19.0,-19.6,196,200
2026-02-15,Mid Fryslân,TOP (S),13,22,2263,2390,0.341,0.048,0.611,20,23,-15.8,16.7,113,116
2026-02-17,Flamingo's (B),ZKC '19,20,18,1967,1908,0.600,0.051,0.348,22,19,-0.8,0.8,112,114
2026-02-17,Hellas '63,HKC (U),21,16,1541,1424,0.675,0.048,0.276,21,18,5.4,-5.3,126,124
2026-02-17,Hoogkerk,De Parabool,25,18,1748,1804,0.435,0.057,0.508,18,19,24.8,-24.6,115,115
2026-02-18,Avereest,Korvesta,15,15,796,679,0.668,0.062,0.269,14,11,-34.6,27.4,233,209
2026-02-18,Hebbes,Thor (H),17,6,1324,1128,0.763,0.046,0.191,18,13,15.4,-17.6,129,139
2026-02-19,Thrianta,HHV,13,21,1440,1502,0.429,0.054,0.517,20,21,-19.7,20.6,111,114
2026-02-19,WSS,Olympia (T),18,18,1304,1304,0.515,0.062,0.424,17,16,-3.0,3.2,120,124
2026-02-20,Unitas,DOS '46,19,14,2308,2468,0.300,0.045,0.655,21,24,26.2,-24.5,114,110
2026-02-21,Avereest,Meko '74,7,21,762,870,0.356,0.069,0.575,12,13,-66.3,71.8,207,217
2026-02-21,DKOD,Thor (H),11,23,811,1110,0.155,0.043,0.802,12,17,-24.7,15.3,176,134
2026-02-21,DSC,DVO,23,24,2277,2440,0.295,0.045,0.659,20,24,7.8,-7.7,113,112
2026-02-21,DSO (A),De Corvers,21,17,1046,1162,0.354,0.052,0.594,18,21,24.6,-20.8,125,115
2026-02-21,De Granaet,Quick '21 / Vlug en Vaardig (G),20,20,1698,1515,0.752,0.042,0.206,22,17,-17.2,19.9,115,124
2026-02-21,De Wâlden,ASVD,22,22,1762,1845,0.398,0.057,0.546,18,19,4.9,-4.6,119,116
2026-02-21,Groen Geel,KCC,31,17,2200,2224,0.482,0.057,0.461,20,19,28.8,-28.8,111,111
2026-02-21,HKC (Ha),Fiks,27,17,2333,2053,0.842,0.028,0.129,27,19,3.4,-3.5,113,116
2026-02-21,KVS,Mid Fryslân,29,25,2090,2246,0.304,0.047,0.649,20,23,24.8,-22.2,117,111
2026-02-21,KVZ,Exakwa,25,19,1832,1745,0.639,0.049,0.312,22,19,9.2,-8.7,116,113
2026-02-21,KZ,PKC,28,21,2458,2544,0.398,0.048,0.554,22,24,23.0,-24.1,110,113
2026-02-21,LDODK,Dalto,28,15,2511,2311,0.773,0.035,0.192,27,20,11.0,-10.7,114,113
2026-02-21,Noordenveld,ZKC '19,31,21,1929,1908,0.547,0.052,0.400,21,20,21.4,-20.9,113,111
2026-02-21,ONDO (M),Vriendenschaar (B),15,9,1714,1672,0.575,0.057,0.368,18,17,15.0,-15.0,119,119
2026-02-21,Oranje Zwart,ROG,13,21,1473,1491,0.491,0.055,0.455,21,20,-24.0,24.1,113,113
2026-02-21,Pallas '08,Wez Handich,12,21,1581,1785,0.248,0.044,0.709,19,23,-11.7,11.2,119,116
2026-02-21,Spirit (Vo),Nic,21,15,2226,2067,0.729,0.040,0.231,25,20,2.9,-2.5,123,111
2026-02-21,TOP (S),DeetosSnel,19,15,2407,2391,0.539,0.054,0.406,20,19,9.4,-9.7,114,115
2026-02-21,Tilburg,Fortis,29,18,2025,1952,0.619,0.052,0.329,21,18,19.0,-20.3,113,117
2026-02-21,Tweemaal Zes,Excelsior (D),20,17,1915,1781,0.698,0.046,0.256,22,18,-3.2,3.3,114,116
2026-02-21,VDDO,It Fean,17,22,1531,1559,0.476,0.057,0.467,20,19,-17.8,17.2,116,114
2026-02-21,Wageningen,AW.DTV,21,18,2334,2263,0.617,0.050,0.333,22,19,1.4,-1.3,113,111
2026-02-22,Fortuna (D),Blauw Wit,27,18,2558,2395,0.733,0.040,0.227,25,20,8.6,-8.1,115,110
2026-02-25,Roreko,SDO (S),15,16,1177,1344,0.290,0.049,0.661,18,21,9.9,-9.1,131,126
2026-02-26,Voltreffers (O),Scheldevogels,17,13,929,986,0.430,0.065,0.505,14,15,24.9,-22.1,138,130
2026-02-27,DVO,KZ,21,18,2433,2482,0.449,0.050,0.501,22,23,10.5,-10.0,111,108
2026-02-28,ACKC,Refleks,17,23,1693,1799,0.366,0.055,0.579,17,19,-14.6,14.0,120,117
2026-02-28,ADO,Ventura Sport,20,10,1549,1273,0.836,0.035,0.129,20,13,8.7,-7.8,133,124
2026-02-28,AVO,Dindoa,20,20,2043,2020,0.551,0.052,0.397,21,20,-4.7,5.0,115,118
2026-02-28,AW.DTV,Groen Geel,26,23,2261,2230,0.560,0.054,0.386,20,19,4.7,-4.7,109,109
2026-02-28,Achilles (H),SDO (K),27,23,2043,1806,0.804,0.037,0.158,22,15,-6.6,6.5,120,119
2026-02-28,Apeldoorn,Amicitia (V),19,26,1918,1895,0.551,0.051,0.398,22,21,-28.2,28.6,122,123
2026-02-28,Conventus,Triade,13,21,1131,1238,0.364,0.057,0.579,16,18,-23.1,23.8,131,133
2026-02-28,DOS '46,Fortuna (D),25,32,2442,2568,0.344,0.046,0.609,22,25,-10.7,11.4,109,113
2026-02-28,DOT (O),Rust Roest (E),26,24,2031,1733,0.856,0.027,0.118,27,18,-20.8,17.6,126,116
2026-02-28,DSO (K),OZC,19,17,1478,1472,0.523,0.058,0.418,18,17,4.9,-4.4,122,115
2026-02-28,Dalto,DSC,20,19,2300,2285,0.540,0.051,0.409,23,21,-0.7,0.7,112,112
2026-02-28,DeetosSnel,KVS,18,14,2380,2116,0.829,0.033,0.139,23,16,-8.0,8.3,113,115
2026-02-28,Diderna,Wiko,28,8,992,439,0.959,0.014,0.027,18,7,10.4,-11.3,199,211
2026-02-28,Die Haghe,Nieuwerkerk,20,21,2281,2170,0.669,0.048,0.283,22,18,-17.4,16.5,122,119
2026-02-28,Dijkvogels,Fluks (N),9,15,1526,1601,0.406,0.061,0.533,16,17,-21.5,19.3,131,123
2026-02-28,Duko,Kesteren,19,11,1353,1305,0.581,0.060,0.358,17,15,23.2,-23.1,129,128
2026-02-28,Dunas,ESDO,17,12,1538,1289,0.815,0.036,0.149,21,15,-3.8,4.4,124,131
2026-02-28,EKCA,DWS (K),10,17,1318,1440,0.342,0.060,0.598,15,17,-16.6,18.6,117,125
2026-02-28,Elko,EKC 2000,33,14,1562,1030,0.957,0.011,0.033,28,14,3.8,-3.6,133,130
2026-02-28,Erasmus,DVS '69,17,17,1545,1697,0.307,0.051,0.641,17,20,12.7,-11.5,129,123
2026-02-28,Excelsior (D),BEP,20,20,1784,1974,0.262,0.047,0.691,18,22,13.3,-13.9,114,117
2026-02-28,Fiks,TOP (S),17,32,2049,2416,0.114,0.026,0.860,18,27,-7.8,7.2,116,112
2026-02-28,Focus,SGV,25,15,954,664,0.843,0.039,0.117,16,9,11.0,-12.2,136,144
2026-02-28,Fortis,Albatros,16,22,1932,2041,0.364,0.051,0.585,19,22,-12.1,12.4,115,117
2026-02-28,Fortissimo,Zwaluwen (Ze),28,22,1622,1611,0.532,0.054,0.414,20,19,17.6,-17.8,123,124
2026-02-28,GKV,Madjoe,15,21,1536,1465,0.617,0.051,0.332,21,19,-28.8,30.6,117,121
2026-02-28,Gemini,SKV (S),13,6,1243,810,0.924,0.021,0.055,19,10,-3.5,4.0,133,139
2026-02-28,Good Luck,Blauw Wit (K),21,19,1425,1402,0.550,0.056,0.395,19,18,2.8,-2.9,121,123
2026-02-28,HKC (U),Zwart Wit,22,17,1419,1402,0.539,0.059,0.402,18,17,15.4,-15.3,123,123
2026-02-28,HKV / Ons Eibernest,Sporting West,23,18,1806,1577,0.798,0.037,0.165,23,16,-2.8,3.9,114,129
2026-02-28,Juliana,ONDO (M),25,20,1768,1729,0.570,0.058,0.372,18,16,12.5,-12.0,119,116
2026-02-28,KCC,HKC (Ha),24,21,2194,2337,0.319,0.051,0.630,18,21,18.6,-19.8,110,113
2026-02-28,KCD,Hellas '63,19,28,1268,1547,0.174,0.040,0.786,15,21,-10.0,9.1,132,125
2026-02-28,KCR,ALO,23,17,1898,1728,0.738,0.043,0.218,22,17,3.6,-3.5,118,115
2026-02-28,KIOS (R),Wit Blauw,27,24,2023,2090,0.424,0.048,0.528,23,25,12.3,-13.1,114,118
2026-02-28,KOAG,De Meervogels,35,24,1902,1771,0.693,0.047,0.260,22,18,15.5,-17.0,116,122
2026-02-28,KVK,Movado,18,22,1450,1580,0.334,0.055,0.611,17,19,-6.9,6.5,125,120
2026-02-28,KVS '17,DKB,8,23,823,1277,0.069,0.024,0.907,11,20,-9.9,8.3,149,135
2026-02-28,KZ Danaiden,EKVA,17,16,1667,1581,0.636,0.053,0.312,20,17,-6.6,6.7,119,119
2026-02-28,Keizer Karel,SEV (Z),25,17,1470,1150,0.868,0.030,0.103,21,13,1.3,-1.3,121,121
2026-02-28,Kinderdijk,Vitesse (Ba),18,17,1929,1985,0.435,0.056,0.509,18,19,6.1,-6.2,117,118
2026-02-28,Korbatjo,TOGO (G),16,23,1599,1665,0.424,0.052,0.524,21,22,-19.1,19.0,119,119
2026-02-28,Korbis,RWA,18,12,1925,1729,0.769,0.036,0.195,26,20,0.0,-0.2,136,125
2026-02-28,Luctor,Zaamslag,17,24,1163,1444,0.173,0.037,0.790,17,23,-3.1,3.7,123,145
2026-02-28,Luno,Weidevogels,21,22,1439,1733,0.160,0.042,0.798,13,19,16.7,-18.8,117,124
2026-02-28,MIA,Nova,18,18,1789,1704,0.634,0.053,0.313,20,17,-10.2,10.7,117,120
2026-02-28,Merwede,Maassluis,17,18,1870,1953,0.401,0.051,0.548,21,22,1.2,-1.2,119,121
2026-02-28,NKV,OJC '98,12,10,1405,1227,0.745,0.047,0.208,19,14,-11.4,10.2,134,127
2026-02-28,Nexus,NIO,10,23,1446,1636,0.261,0.051,0.688,15,19,-20.7,19.3,124,120
2026-02-28,Nikantes,Oranje Zwart (M),13,19,856,1139,0.169,0.043,0.788,13,18,-4.1,3.6,149,131
2026-02-28,ODIK,KVZ,10,21,1560,1842,0.171,0.039,0.790,15,21,-11.4,10.0,123,114
2026-02-28,ODO (M),Apollo,15,12,1518,1460,0.593,0.062,0.345,16,14,4.9,-5.1,118,121
2026-02-28,OEC,PSV,14,33,1195,1333,0.324,0.054,0.622,17,20,-29.5,26.8,131,124
2026-02-28,ONDO (G),KVZ '23,15,21,1982,2078,0.381,0.053,0.567,19,21,-14.1,14.8,119,122
2026-02-28,Olympia (S),Zuid '27,16,33,980,1618,0.025,0.010,0.965,11,24,-2.9,3.3,131,141
2026-02-28,Oranje Wit (D),Vriendenschaar (H),25,25,2064,1900,0.734,0.039,0.226,25,20,-19.1,16.5,127,118
2026-02-28,PKC,Unitas,30,14,2519,2334,0.757,0.038,0.205,25,19,13.5,-13.9,111,113
2026-02-28,Paal Centraal,Twist,18,25,1457,1454,0.520,0.057,0.423,19,18,-31.6,27.8,131,122
2026-02-28,Pernix,Fiducia,32,15,1983,1748,0.803,0.036,0.161,24,17,13.1,-12.4,119,115
2026-02-28,Phoenix (Z),Sporting Trigon,19,25,1610,1704,0.383,0.057,0.560,17,19,-15.9,15.1,119,116
2026-02-28,Reeuwijk,IJsselvogels,26,29,1639,1705,0.421,0.058,0.521,17,18,-8.9,8.3,123,118
2026-02-28,Regio '72,Roreko,19,17,1113,1187,0.407,0.061,0.532,16,17,14.0,-13.6,128,126
2026-02-28,Ritola,Kinea / Udiros,24,23,2040,1841,0.770,0.038,0.192,24,18,-18.6,15.3,130,118
2026-02-28,Rivalen,Revival,9,15,1152,1420,0.181,0.044,0.775,13,19,-4.3,3.9,138,127
2026-02-28,Rood Wit (W),De Wâlden,22,24,1637,1768,0.334,0.053,0.613,18,20,1.6,-1.2,128,117
2026-02-28,SDO (V),Woudenberg,28,23,1730,1832,0.373,0.050,0.577,21,23,24.3,-23.5,122,120
2026-02-28,SKF,Spirit (Vo),25,26,1929,2229,0.159,0.034,0.807,18,25,18.0,-19.1,117,121
2026-02-28,Seolto,Keep Fit '70,18,16,1148,1248,0.375,0.055,0.570,18,20,15.6,-16.8,127,132
2026-02-28,SkunK,RDZ,20,15,1309,1228,0.626,0.058,0.317,17,15,10.4,-9.1,124,116
2026-02-28,Sparta (N),Furore,22,11,1550,1417,0.692,0.054,0.254,17,14,19.1,-19.0,124,124
2026-02-28,Sporting Delta,Valto,22,21,2018,2214,0.257,0.046,0.697,18,22,18.7,-18.3,120,118
2026-02-28,Springfield,Voltreffers (O),16,19,1175,955,0.787,0.044,0.170,18,13,-38.1,40.3,127,130
2026-02-28,Swift (M),Tilburg,23,19,1996,2046,0.447,0.053,0.500,20,21,14.7,-14.1,114,111
2026-02-28,TOP (A),Avanti (P),21,25,2125,2040,0.634,0.051,0.314,21,18,-25.2,25.1,119,118
2026-02-28,TOP (V),Olympia '22,21,12,1115,1060,0.593,0.056,0.350,19,17,23.5,-24.0,129,130
2026-02-28,Thor (H),DKOD,12,10,1126,786,0.879,0.030,0.091,19,11,-20.1,34.0,132,167
2026-02-28,Tiel '72,Arena,33,14,1834,1294,0.959,0.010,0.031,29,15,3.9,-3.4,141,129
2026-02-28,Tjoba,Trekvogels (R),18,13,1801,1769,0.563,0.051,0.386,22,20,11.0,-10.8,118,116
2026-02-28,VEO,Tempo,24,19,1922,2119,0.256,0.044,0.700,19,24,31.5,-32.4,118,120
2026-02-28,VIKO,Huizen,11,12,1180,1324,0.314,0.057,0.628,15,18,6.7,-6.9,129,131
2026-02-28,Victum,Animo (G),14,14,1886,1767,0.680,0.045,0.275,24,20,-14.0,13.3,122,119
2026-02-28,Vriendenschaar (B),Atlas,17,22,1656,1714,0.432,0.056,0.512,18,19,-14.8,15.4,116,119
2026-02-28,WION,'t Capproen,22,14,1445,1184,0.824,0.037,0.139,20,13,5.3,-5.3,128,127
2026-02-28,Wesstar,Rheko,25,18,1316,1295,0.543,0.062,0.395,16,15,21.0,-20.6,121,119
2026-02-28,Westergo,De Waterpoort,14,15,1041,1072,0.469,0.061,0.470,16,17,-5.1,5.0,135,133
2026-02-28,Wolderwijd,Hebbes,12,14,1443,1340,0.656,0.054,0.290,18,15,-25.9,22.8,137,128
2026-03-01,Blauw Wit,LDODK,18,32,2386,2523,0.329,0.046,0.625,22,25,-19.2,20.7,110,114
2026-03-01,Eymerick,Maastricht,9,20,1064,1070,0.504,0.062,0.434,17,16,-45.6,45.3,142,142
2026-03-01,Mid Fryslân,Wageningen,24,18,2224,2335,0.363,0.049,0.588,21,23,23.3,-24.2,110,112
2026-03-02,DWS (K),SkunK,19,14,1459,1320,0.699,0.053,0.247,17,14,5.2,-5.2,119,119
2026-03-03,Apollo,GKV,18,15,1454,1507,0.441,0.056,0.503,18,19,13.0,-12.3,117,113
2026-03-03,Blauw Wit (K),Nexus,14,14,1399,1424,0.478,0.062,0.460,17,16,-0.6,0.6,118,120
2026-03-06,Dalto,DVO,20,24,2299,2443,0.319,0.047,0.634,21,24,-2.7,2.7,110,109
2026-03-07,'t Capproen,Nikantes,10,6,1179,852,0.871,0.031,0.098,19,12,-10.3,13.9,126,144
2026-03-07,ALO,Merwede,28,21,1724,1871,0.313,0.052,0.635,17,20,32.1,-33.2,114,116
2026-03-07,Albatros,Kinderdijk,25,25,2053,1934,0.679,0.047,0.274,22,18,-12.5,12.6,114,114
2026-03-07,Amicitia (V),Juventa,22,15,1925,1809,0.675,0.048,0.278,22,18,10.1,-10.5,119,122
2026-03-07,Animo (G),Fortissimo,16,15,1779,1641,0.703,0.045,0.252,23,18,-10.8,11.5,117,120
2026-03-07,Antilopen,Exakwa,23,18,1963,1736,0.796,0.036,0.168,23,17,-3.6,3.1,121,114
2026-03-07,Arena,Rivalen,16,9,1290,1146,0.705,0.052,0.243,18,14,12.4,-13.2,130,135
2026-03-07,Atlantis,Sparta (N),15,18,1563,1570,0.506,0.057,0.437,19,18,-14.5,14.2,123,121
2026-03-07,Atlas,Oranje Wit (D),19,34,1730,2046,0.148,0.031,0.822,19,27,-10.1,11.4,117,124
2026-03-07,Avanti (P),Die Haghe,28,29,2066,2263,0.255,0.045,0.699,18,23,10.5,-11.1,116,119
2026-03-07,BEP,Pernix,13,19,1960,1998,0.464,0.054,0.483,20,21,-18.4,19.3,115,118
2026-03-07,Blauw Wit (K),DSO (K),18,19,1398,1483,0.393,0.061,0.546,16,17,0.6,-0.7,115,119
2026-03-07,DES (De),Phoenix (Z),36,21,1877,1594,0.841,0.033,0.125,21,14,10.1,-9.9,118,117
2026-03-07,DKB,NKV,17,22,1286,1393,0.364,0.058,0.578,16,18,-15.1,14.3,135,131
2026-03-07,DKOD,DOS (W),14,21,819,1135,0.138,0.050,0.812,7,11,-13.1,9.3,162,131
2026-03-07,DKV Victoria,Stormvogels (U),19,10,1522,1104,0.918,0.022,0.060,19,10,1.4,-1.3,129,120
2026-03-07,DOS Kampen,ASVD,33,26,1791,1841,0.446,0.053,0.500,20,21,24.0,-23.6,118,117
2026-03-07,DSC,Blauw Wit,18,24,2285,2366,0.402,0.052,0.547,21,22,-13.1,12.6,110,108
2026-03-07,DTS (E),Ados,16,13,1316,1286,0.555,0.063,0.382,16,15,7.4,-7.2,120,118
2026-03-07,DTS (S) / Harkema,Olympia (T),19,13,1425,1307,0.675,0.052,0.272,19,15,10.2,-9.7,128,125
2026-03-07,DVS '69,KVK,21,16,1685,1443,0.809,0.037,0.154,21,15,-3.3,3.3,121,122
2026-03-07,DWA / Argo,Emmeloord,17,23,1303,1530,0.222,0.048,0.731,15,19,-5.7,6.3,122,128
2026-03-07,DWS (K),Wesstar,22,10,1465,1338,0.683,0.055,0.261,17,13,18.6,-19.0,117,118
2026-03-07,De Granaet,Wez Handich,23,20,1681,1797,0.354,0.051,0.594,19,22,18.3,-18.5,117,118
2026-03-07,De Meervogels,Swift (M),13,34,1755,2011,0.195,0.041,0.764,17,22,-16.3,14.4,120,112
2026-03-07,De Meeuwen,Nic,27,22,2082,2063,0.544,0.053,0.402,21,19,12.2,-11.7,115,113
2026-03-07,De Pein,Joure,21,11,1600,1469,0.693,0.048,0.259,21,17,14.8,-14.3,116,114
2026-03-07,De Vinken,HKV / Ons Eibernest,25,21,1872,1804,0.614,0.049,0.338,23,20,4.7,-4.4,118,114
2026-03-07,De Wâlden,Drachten,18,25,1767,1944,0.277,0.050,0.673,17,21,-10.1,10.8,115,119
2026-03-07,Devinco,KCD,23,15,1626,1259,0.896,0.025,0.080,22,13,-0.7,1.0,123,129
2026-03-07,Dindoa,SKF,17,11,2025,1948,0.625,0.050,0.325,22,19,9.9,-10.1,116,117
2026-03-07,EKVA,Luno,19,16,1587,1456,0.691,0.051,0.258,19,15,-2.1,2.1,117,117
2026-03-07,Elburg,OKO,18,21,1695,1932,0.213,0.042,0.745,17,23,6.7,-6.8,120,121
2026-03-07,Fiducia,Excelsior (D),21,18,1735,1797,0.428,0.056,0.516,19,20,13.4,-12.9,115,113
2026-03-07,Flamingo's (B),Wit Blauw,15,21,1966,2077,0.361,0.049,0.589,21,23,-11.4,11.4,115,115
2026-03-07,Fluks (N),Oosterkwartier (H),20,11,1620,1248,0.897,0.025,0.078,21,12,1.5,-1.5,120,123
2026-03-07,Fortuna (D),PKC,30,24,2580,2534,0.586,0.047,0.367,25,23,10.1,-10.0,111,111
2026-03-07,Furore,OKV,18,19,1397,1528,0.331,0.058,0.611,15,17,5.1,-4.8,121,119
2026-03-07,GKV (G),Sporting Delta,15,10,2078,2037,0.575,0.054,0.371,20,19,10.8,-11.0,117,118
2026-03-07,Groen Geel,Mid Fryslân,17,19,2226,2248,0.487,0.052,0.461,23,22,-6.7,6.7,108,108
2026-03-07,HBC (Be),Badhoevedorp,12,11,1484,1509,0.476,0.064,0.459,16,15,4.0,-4.1,121,124
2026-03-07,HKC (Ha),AW.DTV,20,20,2317,2266,0.590,0.052,0.358,21,19,-6.9,6.4,112,108
2026-03-07,Harich,Leeuwarden,25,15,1567,1380,0.756,0.044,0.200,20,15,11.4,-11.2,116,115
2026-03-07,Hebbes,VIKO,27,9,1363,1186,0.743,0.047,0.210,19,14,18.9,-19.0,125,125
2026-03-07,Heerenveen,ZKC '19,25,19,2001,1888,0.672,0.048,0.280,22,18,7.3,-7.0,115,112
2026-03-07,Helios,Aurora / DKV (IJ),20,10,1354,1290,0.602,0.063,0.335,15,13,23.7,-22.7,122,119
2026-03-07,Hellas '63,Achilles (A) / AKC,29,20,1558,1437,0.681,0.048,0.271,21,18,15.2,-14.8,124,122
2026-03-07,Hoogkerk,Kinea / Udiros,20,20,1773,1857,0.396,0.059,0.545,17,18,4.8,-4.7,118,117
2026-03-07,Huizen,Wolderwijd,6,14,1317,1416,0.372,0.062,0.566,15,16,-23.8,25.6,127,132
2026-03-07,IFC '25,Rood Wit (W),22,23,1751,1639,0.670,0.048,0.282,22,18,-16.3,18.1,118,125
2026-03-07,IJsselvogels,ACKC,20,19,1715,1678,0.567,0.057,0.375,18,17,-2.1,2.2,115,117
2026-03-07,KCC,Fiks,36,15,2213,2041,0.743,0.040,0.217,24,18,14.8,-16.8,109,116
2026-03-07,KIOS (R),Sparta (Zw),22,16,2036,1910,0.689,0.045,0.265,23,19,5.5,-5.9,112,117
2026-03-07,KVS,TOP (S),23,36,2123,2424,0.157,0.035,0.808,17,24,-10.1,9.7,115,112
2026-03-07,KVZ '23,Achilles (H),17,18,2093,2037,0.596,0.051,0.353,22,19,-11.6,11.6,119,119
2026-03-07,KVZ,DOS-WK,22,14,1853,1780,0.619,0.049,0.332,23,20,14.1,-14.6,114,116
2026-03-07,Keep Fit '70,Springfield,17,13,1231,1137,0.646,0.053,0.301,19,16,4.7,-4.6,127,125
2026-03-07,Koveni,Conventus,12,13,1041,1108,0.418,0.062,0.519,15,16,-1.3,1.2,134,127
2026-03-07,Lemmer,DTL,12,33,988,1573,0.033,0.013,0.954,11,23,-4.7,5.7,133,149
2026-03-07,Lintjo,WK,23,7,1373,850,0.953,0.013,0.034,22,11,3.9,-5.0,129,151
2026-03-07,MN en W,De Waterpoort,24,13,1347,1077,0.831,0.036,0.133,20,13,11.5,-10.2,138,128
2026-03-07,Maassluis,KCR,19,25,1951,1902,0.588,0.050,0.362,23,20,-26.6,26.1,118,117
2026-03-07,Madjoe,ODO (M),15,13,1496,1522,0.475,0.063,0.462,17,16,8.1,-7.7,118,116
2026-03-07,Meko '74,Korvesta,20,6,943,707,0.799,0.045,0.155,16,11,33.6,-33.1,196,195
2026-03-07,Movado,Erasmus,21,17,1587,1558,0.558,0.056,0.386,19,18,9.2,-10.5,118,126
2026-03-07,NIO,Korbatjo,15,13,1656,1580,0.623,0.052,0.325,21,18,-2.1,2.1,118,117
2026-03-07,Nieuwerkerk,TOP (A),24,25,2186,2100,0.636,0.053,0.311,20,17,-14.3,14.1,117,116
2026-03-07,Noordenveld,CSL,23,18,1952,2001,0.448,0.052,0.500,21,22,17.1,-17.6,114,116
2026-03-07,Nova,Swift,17,18,1714,1757,0.453,0.059,0.488,17,18,-2.9,2.8,117,115
2026-03-07,Noviomagum,Duko,21,13,1811,1377,0.927,0.017,0.057,26,15,-6.8,5.2,140,125
2026-03-07,OJC '98,KVS '17,28,11,1236,813,0.920,0.023,0.057,18,9,6.6,-8.8,125,148
2026-03-07,ONDO (M),Tjoba,18,19,1717,1811,0.381,0.058,0.561,17,18,1.7,-1.7,114,115
2026-03-07,OVVO,NKC '51,23,19,2062,1956,0.662,0.049,0.289,21,18,2.5,-2.5,123,120
2026-03-07,OZC,Good Luck,22,13,1468,1429,0.572,0.053,0.375,21,19,18.9,-20.5,113,118
2026-03-07,Oerterp,EKC 2000,23,20,1192,1026,0.732,0.048,0.220,19,14,-4.8,5.4,126,132
2026-03-07,Olympia '22,Regio '72,16,9,1035,1127,0.384,0.060,0.556,16,17,33.9,-32.6,126,124
2026-03-07,Oost Arnhem,SCO,26,16,2082,2074,0.529,0.052,0.419,22,21,23.0,-23.2,115,115
2026-03-07,Oranje Zwart (M),WION,10,21,1143,1451,0.149,0.039,0.811,13,19,-11.8,11.4,129,126
2026-03-07,Oranje Zwart,Sparta (Ze),15,12,1448,1526,0.407,0.051,0.541,21,22,13.8,-14.4,114,117
2026-03-07,PSV,Attila,20,15,1362,1088,0.835,0.034,0.131,22,14,-5.1,6.0,121,130
2026-03-07,Pallas '08,Quick '21 / Vlug en Vaardig (G),16,23,1568,1535,0.564,0.054,0.382,20,19,-29.5,31.4,121,124
2026-03-07,RDZ,Keizer Karel,15,21,1219,1473,0.196,0.044,0.760,14,20,-3.2,3.5,114,121
2026-03-07,RWA,Paal Centraal,20,18,1728,1425,0.857,0.028,0.114,24,16,-19.2,20.2,123,126
2026-03-07,Rapid (H),Dijkvogels,14,14,1406,1503,0.375,0.064,0.561,14,15,6.4,-6.7,123,126
2026-03-07,Reehorst '45,HKC (He),28,17,1827,1587,0.810,0.033,0.157,26,18,7.7,-7.9,117,119
2026-03-07,Refleks,Reeuwijk,24,19,1814,1631,0.752,0.043,0.206,22,16,0.1,-0.0,115,120
2026-03-07,Revival,Tiel '72,15,27,1424,1840,0.088,0.022,0.890,17,27,-4.2,5.1,125,142
2026-03-07,Rheko,EKCA,22,13,1274,1300,0.476,0.062,0.462,17,16,27.6,-26.9,117,115
2026-03-07,Ritola,De Parabool,34,29,2022,1779,0.812,0.033,0.156,26,18,-6.1,5.1,127,118
2026-03-07,Roreko,TOP (V),13,13,1174,1140,0.562,0.059,0.379,18,16,-6.2,6.5,122,125
2026-03-07,Rust Roest (E),SDO (V),20,18,1751,1755,0.511,0.054,0.435,21,20,4.8,-4.9,117,119
2026-03-07,SDO (K),ONDO (G),20,28,1813,1967,0.305,0.052,0.642,17,20,-14.9,14.6,118,116
2026-03-07,SDO (W),SDO (S),13,22,1064,1334,0.181,0.041,0.778,15,20,-9.9,9.5,127,124
2026-03-07,SEV (Z),SkunK,10,20,1148,1314,0.288,0.056,0.657,14,17,-19.3,18.1,121,117
2026-03-07,SGV,Gemini,12,33,652,1239,0.032,0.015,0.953,8,18,-5.2,4.7,142,134
2026-03-07,SIOS / Leonidas,HHV,19,25,1320,1523,0.247,0.048,0.704,16,20,-6.6,6.3,120,116
2026-03-07,SKV (S),Focus,7,15,813,967,0.299,0.062,0.639,12,15,-23.5,22.1,139,135
2026-03-07,Spannum,It Fean,19,23,1486,1577,0.386,0.057,0.556,17,18,-9.9,9.3,119,116
2026-03-07,Spirit (Vo),AVO,34,22,2210,2038,0.742,0.040,0.218,25,19,13.7,-12.3,120,113
2026-03-07,Sporting Trigon,KIOS (N),20,21,1720,1804,0.396,0.054,0.550,19,20,1.1,-1.2,114,119
2026-03-07,Sporting West,Haarlem,18,23,1581,1777,0.254,0.049,0.697,16,20,-4.7,4.1,127,115
2026-03-07,Stadskanaal '74,ROG,18,20,1469,1516,0.449,0.056,0.495,18,19,-6.2,5.7,119,114
2026-03-07,Synergo,Apeldoorn,29,27,1870,1890,0.490,0.054,0.457,21,20,6.1,-6.2,117,119
2026-03-07,TOGO (G),Nexus,18,18,1685,1424,0.825,0.034,0.141,22,15,-22.7,22.6,116,116
2026-03-07,Telstar,ODIK,18,11,1854,1547,0.858,0.032,0.110,20,13,-0.1,0.1,118,122
2026-03-07,Tempo,Rohda (A),23,16,2087,1879,0.778,0.038,0.184,23,17,3.1,-2.9,118,115
2026-03-07,Thrianta,KVW '22,17,22,1420,1716,0.160,0.037,0.803,16,22,3.1,-3.7,114,122
2026-03-07,Tilburg,KOAG,19,15,2031,1920,0.671,0.046,0.283,23,19,1.1,-1.1,110,114
2026-03-07,Trekvogels (R),Juliana,23,25,1757,1781,0.483,0.053,0.464,21,20,-7.4,7.6,114,116
2026-03-07,Tweemaal Zes,MIA,25,23,1911,1778,0.696,0.047,0.257,22,17,-6.6,6.5,116,115
2026-03-07,Twist,Korbis,16,19,1483,1925,0.076,0.021,0.903,15,26,17.7,-22.3,119,133
2026-03-07,Unitas,KZ,20,23,2318,2471,0.308,0.047,0.645,20,23,0.5,-0.4,112,107
2026-03-07,VDDO,DTG,15,10,1513,1315,0.766,0.044,0.190,20,14,0.1,0.0,117,122
2026-03-07,VZOD,Dunas,18,21,1410,1534,0.342,0.055,0.603,17,19,-3.5,3.4,126,123
2026-03-07,Valto,KVA,21,19,2195,2135,0.603,0.050,0.348,22,20,-1.1,1.1,117,116
2026-03-07,Velocitas (L),VEO,17,28,1756,1954,0.254,0.046,0.700,18,22,-16.6,15.2,122,116
2026-03-07,Ventura Sport,Olympia (S),21,11,1264,977,0.844,0.034,0.122,20,13,7.3,-8.2,123,132
2026-03-07,Viking,HKC (U),22,15,1679,1435,0.811,0.036,0.154,23,16,1.9,-1.8,131,120
2026-03-07,Vitesse (Ba),Fortis,22,14,1978,1919,0.600,0.054,0.346,20,18,16.7,-16.0,115,113
2026-03-07,Vitesse (Be),Noveas,15,16,1175,1230,0.438,0.055,0.507,19,20,-1.8,1.9,125,133
2026-03-07,Voltreffers (O),Seolto,11,15,996,1164,0.284,0.056,0.660,14,17,-4.8,4.5,128,123
2026-03-07,Vriendenschaar (H),Vriendenschaar (B),26,21,1917,1641,0.837,0.033,0.130,22,15,-5.3,5.1,117,114
2026-03-07,WSS,De Hoeve,16,12,1302,1185,0.674,0.052,0.273,19,15,2.8,-3.1,121,128
2026-03-07,Wageningen,DeetosSnel,17,17,2310,2371,0.429,0.054,0.517,19,20,2.5,-2.6,110,113
2026-03-07,Weidevogels,KZ Danaiden,12,15,1714,1660,0.591,0.057,0.351,18,16,-21.1,19.0,123,116
2026-03-07,Westergo,WIK '34,16,10,1036,1067,0.467,0.066,0.467,16,15,27.0,-28.6,130,133
2026-03-07,Woudenberg,DOT (O),20,25,1810,2011,0.253,0.040,0.707,22,27,-0.8,0.8,117,125
2026-03-07,Zaamslag,Scheldevogels,29,17,1449,964,0.944,0.014,0.042,25,13,1.5,-1.4,141,127
2026-03-07,Zuid '27,ADO,15,11,1623,1558,0.609,0.051,0.340,21,19,7.9,-6.9,142,131
2026-03-07,Zwaluwen (Ze),Victum,17,24,1594,1871,0.177,0.037,0.786,17,24,-2.7,2.6,121,120
2026-03-08,Forward,Samen Een,14,20,709,678,0.555,0.065,0.380,15,14,-61.1,65.7,191,199
2026-03-08,Goorecht,Club Brothers,7,26,672,1283,0.029,0.012,0.960,11,22,-9.0,7.3,197,171
2026-03-08,LDODK,DOS '46,28,31,2545,2431,0.675,0.042,0.283,26,22,-20.7,19.4,112,108
2026-03-08,Maastricht,Mariarade,26,2,1117,528,0.967,0.011,0.023,19,8,4.0,-7.0,136,194
2026-03-09,Erasmus,Paal Centraal,26,24,1547,1446,0.657,0.049,0.295,22,18,-4.4,4.7,120,124
2026-03-09,Sporting West,KIOS (N),19,27,1576,1803,0.222,0.044,0.734,17,22,-9.1,8.2,122,114
2026-03-10,Dijkvogels,ESDO,20,11,1496,1293,0.769,0.046,0.184,18,13,11.1,-12.6,121,130
2026-03-11,DKB,OEC,21,18,1271,1165,0.661,0.053,0.286,19,15,-0.0,0.0,129,128
2026-03-11,WWC,Emmeloord,19,10,1608,1537,0.616,0.052,0.332,21,18,22.1,-19.6,133,125
2026-03-12,Eureka,Ten Donck,13,12,917,550,0.889,0.036,0.076,11,5,-83.8,71.2,303,284
2026-03-12,Koveni,Focus,11,12,1040,989,0.584,0.060,0.356,17,15,-13.3,13.6,128,130
2026-03-12,Nexus,DSO (K),19,22,1447,1483,0.462,0.063,0.476,15,16,-11.4,11.6,115,116
2026-03-12,Olympia (T),DTS (S) / Harkema,23,18,1297,1435,0.322,0.056,0.622,16,18,29.8,-31.0,121,124
2026-03-12,Spannum,VDDO,17,18,1476,1513,0.462,0.061,0.477,16,17,-3.5,3.5,116,115
2026-03-13,PKC,LDODK,20,20,2524,2525,0.519,0.047,0.434,25,24,-2.4,2.4,109,110
2026-03-14,ACKC,Maassluis,17,21,1680,1924,0.206,0.042,0.752,17,22,3.4,-3.4,115,115
2026-03-14,ADO,'t Capproen,11,7,1550,1168,0.902,0.025,0.073,20,11,-13.3,13.2,127,126
2026-03-14,ASVD,De Wâlden,23,30,1818,1757,0.602,0.054,0.344,20,18,-30.2,29.6,115,113
2026-03-14,AVO,De Meeuwen,21,29,2026,2095,0.419,0.054,0.527,19,20,-19.5,19.8,112,113
2026-03-14,AW.DTV,KCC,28,21,2272,2230,0.576,0.054,0.371,20,18,13.7,-14.1,107,109
2026-03-14,Achilles (A) / AKC,Viking,22,16,1423,1681,0.193,0.041,0.766,16,22,40.6,-47.1,120,129
2026-03-14,Achilles (H),Velocitas (L),32,13,2049,1739,0.862,0.028,0.110,24,15,9.3,-9.9,116,120
2026-03-14,Ados,DSO (A),14,11,1278,1071,0.774,0.046,0.181,18,12,-6.3,7.8,116,127
2026-03-14,Apeldoorn,NRC '22,28,19,1885,1817,0.614,0.049,0.337,23,20,16.6,-18.0,116,121
2026-03-14,Attila,DKB,16,13,1094,1272,0.274,0.053,0.673,15,19,29.1,-27.1,128,124
2026-03-14,Aurora / DKV (IJ),DKV Victoria,13,17,1266,1524,0.190,0.047,0.763,13,17,1.9,-2.6,117,129
2026-03-14,Badhoevedorp,Atlantis,14,18,1504,1548,0.452,0.059,0.489,17,18,-14.5,14.4,120,120
2026-03-14,Blauw Wit,Dalto,13,19,2379,2295,0.635,0.047,0.318,23,20,-24.7,26.0,107,109
2026-03-14,CSL,Heerenveen,30,19,1983,2009,0.480,0.053,0.466,22,21,27.0,-26.9,113,113
2026-03-14,Conventus,SKV (S),21,12,1109,788,0.865,0.034,0.101,17,10,5.8,-6.6,123,134
2026-03-14,DOS (W),Huizen,12,19,1146,1291,0.305,0.072,0.623,9,11,-21.6,19.7,129,123
2026-03-14,DOS-WK,Antilopen,16,14,1765,1959,0.259,0.045,0.697,19,23,20.3,-22.3,114,120
2026-03-14,DOT (O),Animo (G),32,20,2013,1768,0.814,0.031,0.155,27,19,8.8,-7.9,123,116
2026-03-14,DSO (K),TOGO (G),21,24,1495,1662,0.289,0.051,0.661,17,20,0.6,-0.7,112,116
2026-03-14,DTG,Spannum,12,19,1314,1473,0.296,0.056,0.648,15,18,-14.1,12.1,121,111
2026-03-14,DVO,Unitas,27,14,2446,2318,0.691,0.044,0.265,24,20,15.0,-15.6,109,111
2026-03-14,De Corvers,DTS (E),16,19,1141,1323,0.272,0.047,0.681,18,22,2.4,-2.3,119,117
2026-03-14,De Hoeve,DTS (S) / Harkema,13,23,1181,1405,0.225,0.046,0.729,15,20,-14.7,13.4,125,119
2026-03-14,De Parabool,Hoogkerk,32,22,1786,1778,0.527,0.056,0.417,20,19,25.1,-24.3,118,116
2026-03-14,De Waterpoort,Westergo,21,16,1067,1063,0.519,0.061,0.420,17,16,18.1,-17.7,127,125
2026-03-14,DeetosSnel,Groen Geel,31,22,2368,2218,0.715,0.046,0.239,21,17,10.6,-9.8,111,107
2026-03-14,Die Haghe,Valto,22,17,2253,2194,0.602,0.050,0.349,23,20,8.5,-8.1,117,115
2026-03-14,Dijkvogels,VZOD,15,12,1507,1407,0.651,0.057,0.292,17,14,1.0,-1.0,118,123
2026-03-14,Drachten,DOS Kampen,16,20,1955,1817,0.703,0.044,0.253,24,19,-28.1,27.6,117,116
2026-03-14,Duko,Arena,22,9,1382,1302,0.624,0.058,0.318,17,15,25.8,-26.4,126,127
2026-03-14,Dunas,Rapid (H),25,15,1538,1412,0.686,0.050,0.264,19,16,16.5,-16.5,120,120
2026-03-14,EKC 2000,Elko,9,28,1032,1568,0.046,0.013,0.941,16,28,-4.8,5.4,129,137
2026-03-14,EKCA,SEV (Z),30,10,1273,1128,0.707,0.052,0.242,18,14,17.8,-19.6,113,119
2026-03-14,Emmeloord,WWC,13,21,1516,1630,0.357,0.053,0.590,18,20,-18.1,20.2,120,127
2026-03-14,Erasmus,Twist,17,16,1544,1501,0.577,0.057,0.366,18,17,-2.7,2.8,117,120
2026-03-14,Exakwa,KVZ,18,22,1739,1867,0.339,0.051,0.610,19,22,-5.0,4.8,114,112
2026-03-14,Excelsior (D),Tweemaal Zes,22,26,1784,1906,0.346,0.052,0.602,19,21,-5.4,5.7,111,114
2026-03-14,Fiks,KVS,15,16,2023,2113,0.391,0.049,0.560,22,23,1.9,-1.9,115,115
2026-03-14,Focus,Koveni,19,11,1003,1026,0.480,0.063,0.457,17,16,28.6,-28.0,124,122
2026-03-14,Fortis,Tilburg,15,15,1902,2032,0.335,0.052,0.613,18,21,8.2,-7.9,111,109
2026-03-14,Fortissimo,Woudenberg,21,22,1652,1809,0.303,0.047,0.650,20,23,7.7,-7.4,118,116
2026-03-14,GKV,EKVA,15,25,1494,1585,0.389,0.051,0.560,21,22,-20.5,21.4,113,116
2026-03-14,Gemini,Triade,13,16,1246,1263,0.492,0.056,0.451,20,19,-15.7,15.0,135,131
2026-03-14,Good Luck,NIO,16,18,1408,1653,0.205,0.042,0.753,16,22,10.2,-10.2,116,116
2026-03-14,HHV,Thrianta,18,20,1530,1423,0.665,0.048,0.287,22,18,-18.8,18.4,115,114
2026-03-14,HKC (He),Telstar,11,36,1579,1854,0.177,0.040,0.783,15,21,-15.0,15.0,119,119
2026-03-14,HKC (U),Hellas '63,11,25,1433,1575,0.321,0.051,0.628,18,21,-22.9,23.7,119,121
2026-03-14,HKV / Ons Eibernest,Sporting Trigon,16,15,1800,1721,0.627,0.051,0.322,21,18,-5.6,5.6,112,112
2026-03-14,Haarlem,DES (De),13,18,1782,1890,0.364,0.055,0.581,18,20,-10.4,11.0,114,118
2026-03-14,It Fean,VDDO,26,21,1587,1516,0.615,0.053,0.332,20,17,8.3,-7.9,114,111
2026-03-14,Joure,Harich,12,20,1454,1580,0.339,0.055,0.606,17,19,-16.1,16.6,113,115
2026-03-14,Juliana,Atlas,25,18,1790,1720,0.615,0.052,0.333,21,18,13.1,-13.6,114,116
2026-03-14,Juventa,OVVO,22,23,1798,2065,0.185,0.040,0.775,16,22,16.1,-16.4,119,120
2026-03-14,KCD,Zwart Wit,13,16,1259,1387,0.336,0.059,0.605,15,17,-4.5,4.1,129,123
2026-03-14,KCR,IJsselvogels,20,19,1929,1713,0.786,0.038,0.176,23,17,-15.9,15.5,115,113
2026-03-14,KIOS '45,Centrum,8,14,747,1309,0.038,0.015,0.947,10,20,12.5,-31.5,211,285
2026-03-14,KIOS (N),De Vinken,17,24,1813,1877,0.427,0.051,0.522,21,22,-17.0,18.0,113,116
2026-03-14,KOAG,Vitesse (Ba),26,29,1918,1995,0.407,0.053,0.540,20,21,-6.0,6.0,113,113
2026-03-14,KVA,Avanti (P),20,16,2136,2078,0.600,0.050,0.350,22,20,5.4,-5.5,114,115
2026-03-14,KVK,RWA,15,18,1446,1709,0.189,0.041,0.770,16,21,7.9,-8.2,121,123
2026-03-14,KVW '22,SIOS / Leonidas,20,16,1713,1314,0.911,0.022,0.067,22,12,-14.0,13.3,121,118
2026-03-14,KZ Danaiden,Madjoe,12,14,1679,1504,0.742,0.047,0.211,19,14,-24.6,25.2,114,116
2026-03-14,KZ,Fortuna (D),24,26,2471,2591,0.350,0.047,0.603,22,25,1.3,-1.4,106,110
2026-03-14,Keizer Karel,DWS (K),21,16,1477,1484,0.504,0.060,0.436,18,17,16.9,-15.8,119,115
2026-03-14,Kinderdijk,De Meervogels,23,19,1948,1738,0.779,0.040,0.181,21,16,-4.4,4.9,113,118
2026-03-14,Kinea / Udiros,Ritola,21,26,1852,2018,0.292,0.046,0.661,19,23,-4.5,5.3,115,126
2026-03-14,Korbatjo,OZC,16,20,1581,1487,0.647,0.049,0.304,22,18,-24.4,22.9,115,111
2026-03-14,Korbis,Movado,30,11,1902,1597,0.860,0.027,0.113,26,17,11.9,-9.2,132,115
2026-03-14,Leeuwarden,De Pein,18,17,1369,1615,0.203,0.043,0.754,16,21,21.1,-21.4,114,115
2026-03-14,Luctor,Keep Fit '70,16,18,1160,1236,0.408,0.056,0.537,18,20,-3.8,3.8,125,124
2026-03-14,Luno,Apollo,19,20,1458,1467,0.498,0.066,0.436,15,14,-6.2,6.3,115,116
2026-03-14,MIA,Fiducia,18,22,1786,1749,0.568,0.054,0.377,20,18,-19.4,19.2,114,113
2026-03-14,Meko '74,Avereest,24,16,978,695,0.838,0.040,0.122,16,10,14.7,-15.6,185,192
2026-03-14,Merwede,Refleks,28,24,1838,1814,0.551,0.053,0.396,21,19,8.7,-8.7,115,114
2026-03-14,Mid Fryslân,HKC (Ha),29,31,2254,2310,0.439,0.051,0.511,22,23,-3.8,4.0,107,110
2026-03-14,NKC '51,Amicitia (V),25,23,1953,1935,0.544,0.053,0.404,21,20,2.7,-2.7,118,117
2026-03-14,NKV,PSV,13,14,1408,1358,0.587,0.054,0.358,20,18,-12.7,11.5,127,121
2026-03-14,Nexus,Blauw Wit (K),14,15,1436,1399,0.566,0.059,0.375,18,16,-9.3,9.6,111,113
2026-03-14,Nic,Spirit (Vo),21,23,2051,2226,0.283,0.044,0.673,21,25,5.2,-6.0,111,119
2026-03-14,Nikantes,Zuid '27,14,35,864,1631,0.012,0.005,0.983,12,27,-1.9,1.8,142,136
2026-03-14,Noveas,Lintjo,15,18,1232,1378,0.316,0.051,0.633,18,21,-1.0,1.0,128,130
2026-03-14,ODIK,Reehorst '45,18,20,1546,1836,0.166,0.036,0.798,17,23,14.6,-13.5,122,117
2026-03-14,ODO (M),Weidevogels,7,17,1514,1692,0.273,0.054,0.673,15,18,-16.1,17.8,114,120
2026-03-14,OEC,OJC '98,17,18,1165,1245,0.400,0.061,0.539,16,17,0.2,-0.3,123,126
2026-03-14,OKO,IFC '25,29,26,1925,1735,0.762,0.039,0.200,24,19,-8.3,7.8,120,117
2026-03-14,ONDO (G),Tempo,19,25,1982,2090,0.366,0.051,0.583,20,22,-12.1,12.5,115,117
2026-03-14,Olympia (S),Oranje Zwart (M),19,23,968,1130,0.292,0.057,0.651,14,17,-5.9,5.6,131,128
2026-03-14,Olympia (T),WSS,23,10,1328,1305,0.547,0.060,0.393,17,16,27.1,-28.1,117,119
2026-03-14,Oosterkwartier (H),ESDO,12,9,1246,1280,0.464,0.064,0.473,14,15,13.9,-14.5,124,127
2026-03-14,Oranje Wit (D),Trekvogels (R),32,23,2059,1750,0.864,0.024,0.112,30,20,-0.6,0.3,123,112
2026-03-14,Paal Centraal,DVS '69,20,26,1452,1682,0.220,0.042,0.738,18,23,-3.4,3.4,120,120
2026-03-14,Pernix,Nova,19,11,2017,1711,0.859,0.029,0.112,23,15,0.5,-0.5,115,115
2026-03-14,Phoenix (Z),Sporting West,16,23,1585,1567,0.541,0.057,0.402,19,18,-27.4,28.6,117,119
2026-03-14,Quick '21 / Vlug en Vaardig (G),De Granaet,19,20,1568,1700,0.333,0.051,0.616,18,21,5.7,-5.1,121,115
2026-03-14,RODA (W),Furore,19,19,1601,1402,0.765,0.047,0.188,17,13,-21.2,19.3,124,119
2026-03-14,ROG,Oranje Zwart,16,14,1522,1461,0.602,0.052,0.346,21,18,-0.8,0.8,112,112
2026-03-14,Reeuwijk,ALO,25,27,1631,1757,0.339,0.055,0.607,17,19,0.9,-0.7,118,113
2026-03-14,Regio '72,Blauw Zwart,13,22,1094,1412,0.143,0.036,0.821,14,21,-6.3,7.1,121,130
2026-03-14,Rivalen,Noviomagum,2,33,1132,1804,0.021,0.008,0.972,13,28,-2.9,3.3,131,140
2026-03-14,Rohda (A),SDO (K),18,17,1876,1799,0.623,0.053,0.324,20,17,-5.4,5.6,114,116
2026-03-14,Rood Wit (W),Elburg,19,12,1658,1702,0.454,0.056,0.490,18,19,25.7,-24.5,122,119
2026-03-14,SCO,Dindoa,24,21,2050,2034,0.540,0.053,0.407,21,20,6.0,-6.1,113,114
2026-03-14,SDO (S),Roreko,18,15,1345,1167,0.747,0.042,0.211,22,17,-7.0,6.6,123,119
2026-03-14,SDO (V),Zwaluwen (Ze),28,17,1750,1591,0.727,0.043,0.230,23,18,13.1,-13.9,116,120
2026-03-14,SF Deinum,Lemmer,14,23,828,983,0.298,0.063,0.639,12,14,-27.1,24.3,143,134
2026-03-14,SKF,Oost Arnhem,23,27,1936,2105,0.288,0.046,0.665,19,23,-1.4,1.4,115,113
2026-03-14,Scheldevogels,Voltreffers (O),11,15,963,990,0.473,0.064,0.464,16,15,-19.0,18.3,128,125
2026-03-14,Seolto,Zaamslag,13,21,1169,1453,0.171,0.037,0.792,17,23,-5.1,6.5,121,141
2026-03-14,SkunK,Rheko,19,18,1333,1303,0.557,0.059,0.384,17,16,-1.4,1.3,115,114
2026-03-14,Sparta (N),HBC (Be),18,8,1584,1487,0.648,0.055,0.297,18,15,18.8,-18.8,118,118
2026-03-14,Sparta (Ze),Stadskanaal '74,31,18,1510,1463,0.585,0.051,0.364,22,20,22.9,-23.6,114,116
2026-03-14,Sparta (Zw),Flamingo's (B),21,16,1903,1954,0.443,0.057,0.500,18,19,19.0,-18.4,115,113
2026-03-14,Sporting Delta,Nieuwerkerk,19,23,2024,2172,0.312,0.052,0.636,17,20,-4.1,4.1,115,115
2026-03-14,Stormvogels (U),Helios,14,26,1102,1379,0.173,0.047,0.780,12,17,-14.0,13.5,122,119
2026-03-14,Swift (M),Albatros,25,21,2028,2041,0.499,0.051,0.450,23,22,10.6,-10.9,111,113
2026-03-14,Swift,BEP,20,13,1760,1941,0.272,0.049,0.679,17,21,33.9,-34.0,113,113
2026-03-14,TOP (A),GKV (G),19,19,2114,2088,0.555,0.054,0.391,20,19,-5.0,5.0,114,114
2026-03-14,TOP (S),Wageningen,25,9,2436,2311,0.687,0.045,0.268,23,19,18.0,-17.0,112,109
2026-03-14,TOP (V),SDO (W),15,12,1146,1054,0.641,0.058,0.301,17,14,1.9,-1.9,121,125
2026-03-14,Thor (H),Hebbes,15,15,1105,1383,0.174,0.043,0.783,13,19,25.6,-21.5,134,123
2026-03-14,Tiel '72,Kesteren,27,15,1846,1281,0.964,0.009,0.027,29,15,-2.6,1.9,141,128
2026-03-14,Tjoba,Vriendenschaar (H),23,15,1810,1913,0.370,0.054,0.576,18,20,29.6,-31.4,113,117
2026-03-14,VEO,KVZ '23,19,25,1971,2080,0.363,0.051,0.586,20,22,-12.0,12.2,115,116
2026-03-14,Victum,Rust Roest (E),24,17,1874,1756,0.679,0.047,0.275,22,18,9.6,-8.9,119,114
2026-03-14,Vriendenschaar (B),ONDO (M),22,23,1646,1719,0.411,0.058,0.530,17,18,-0.2,0.2,114,112
2026-03-14,WIK '34,MN en W,8,18,1037,1360,0.138,0.039,0.822,12,18,-10.2,11.2,129,135
2026-03-14,WION,Ventura Sport,24,14,1463,1272,0.760,0.044,0.196,20,15,12.9,-12.5,125,123
2026-03-14,WK,Vitesse (Be),12,15,844,1174,0.134,0.037,0.829,13,19,17.0,-10.5,151,122
2026-03-14,Wesstar,RDZ,18,16,1318,1216,0.654,0.057,0.289,17,14,-3.2,3.0,116,114
2026-03-14,Wez Handich,Pallas '08,24,18,1779,1538,0.809,0.034,0.157,24,17,-1.6,1.7,116,118
2026-03-14,Wit Blauw,KIOS (R),26,26,2089,2042,0.587,0.046,0.367,25,23,-6.7,6.4,113,111
2026-03-14,Wolderwijd,DKOD,26,9,1441,806,0.974,0.008,0.017,22,9,2.3,-3.2,128,156
2026-03-14,ZKC '19,Noordenveld,25,23,1881,1970,0.391,0.051,0.557,20,22,11.2,-11.4,111,112
2026-03-15,DOS '46,DSC,24,22,2452,2271,0.753,0.038,0.209,26,20,-9.6,9.8,108,109
2026-03-15,Eymerick,FSC,14,14,1018,1106,0.386,0.063,0.551,15,16,6.7,-7.0,139,142
2026-03-20,DSC,PKC,17,24,2281,2521,0.212,0.038,0.750,20,26,-3.2,3.1,108,107
2026-03-21,AW.DTV,Fiks,40,21,2287,2024,0.828,0.031,0.141,26,18,9.4,-10.6,106,113
2026-03-21,Blauw Wit,DVO,17,36,2353,2461,0.366,0.049,0.585,21,23,-21.9,22.9,106,108
2026-03-21,Dalto,DOS '46,25,27,2321,2443,0.349,0.047,0.604,22,24,1.4,-1.3,108,107
2026-03-21,Fortuna (D),Unitas,36,28,2590,2301,0.848,0.028,0.124,27,18,-0.3,0.3,108,110
2026-03-21,Groen Geel,TOP (S),20,23,2208,2454,0.206,0.040,0.755,18,24,6.2,-6.8,106,111
2026-03-21,HKC (Ha),DeetosSnel,26,23,2315,2380,0.425,0.053,0.521,20,21,11.9,-12.3,109,110
2026-03-21,KCC,Mid Fryslân,25,27,2216,2251,0.468,0.052,0.480,21,22,-5.6,5.5,108,106
2026-03-21,Wageningen,KVS,19,22,2292,2110,0.752,0.040,0.207,23,18,-25.0,27.0,108,113
2026-03-22,LDODK,KZ,28,21,2527,2472,0.598,0.046,0.356,25,23,11.2,-10.5,109,106
2026-03-28,DOS '46,Blauw Wit,21,23,2442,2330,0.672,0.044,0.284,25,21,-16.4,15.9,106,105
2026-03-28,DVO,Fortuna (D),20,23,2486,2592,0.371,0.046,0.583,23,26,-2.3,2.3,107,109
2026-03-28,DeetosSnel,KCC,19,11,2367,2211,0.723,0.045,0.232,22,17,8.0,-7.7,109,106
2026-03-28,Fiks,Wageningen,21,27,2013,2267,0.199,0.037,0.764,19,26,-0.4,0.4,113,108
2026-03-28,KVS,Groen Geel,20,22,2138,2214,0.408,0.053,0.539,20,21,-2.7,2.5,112,106
2026-03-28,KZ,DSC,26,25,2461,2277,0.756,0.039,0.206,25,19,-11.9,12.8,104,108
2026-03-28,Mid Fryslân,AW.DTV,15,17,2258,2299,0.460,0.050,0.490,22,23,-4.7,4.8,105,106
2026-03-28,PKC,Dalto,30,24,2524,2323,0.774,0.036,0.191,26,20,-0.5,0.5,108,107
2026-03-28,TOP (S),HKC (Ha),25,21,2447,2328,0.681,0.045,0.274,24,20,0.3,-0.3,111,107
2026-03-28,Unitas,LDODK,17,23,2303,2539,0.216,0.038,0.746,20,26,-1.1,1.0,111,108
2026-03-31,Blauw Wit,AW.DTV,23,18,2346,2303,0.579,0.051,0.370,22,20,7.8,-7.9,102,103
2026-03-31,DeetosSnel,HKC (Ha),18,25,2375,2327,0.585,0.052,0.364,22,19,-24.8,24.1,107,105
2026-04-04,'t Capproen,Olympia (S),19,9,1179,963,0.780,0.050,0.170,14,10,15.3,-15.3,132,133
2026-04-04,ALO,IJsselvogels,16,16,1758,1728,0.555,0.062,0.383,16,15,-5.4,5.6,117,119
2026-04-04,ASVD,Sparta (Zw),18,18,1789,1922,0.327,0.060,0.613,14,16,9.4,-9.4,119,119
2026-04-04,AW.DTV,Blauw Wit,20,22,2294,2354,0.430,0.058,0.512,17,18,-4.0,3.9,101,101
2026-04-04,Ados,Aurora / DKV (IJ),14,9,1272,1267,0.513,0.074,0.413,12,11,19.8,-19.9,121,121
2026-04-04,Albatros,Achilles (H),19,11,2030,2059,0.474,0.056,0.469,20,19,24.7,-26.6,117,122
2026-04-04,Antilopen,Nova,19,7,1936,1709,0.792,0.044,0.164,17,12,13.4,-13.0,123,121
2026-04-04,Apollo,Helios,13,9,1474,1393,0.621,0.068,0.312,13,11,8.7,-9.3,120,124
2026-04-04,BEP,RODA (W),18,12,1906,1580,0.870,0.032,0.098,18,11,-2.1,2.7,117,128
2026-04-04,Badhoevedorp,DKV Victoria,15,15,1489,1521,0.461,0.073,0.466,11,12,0.1,-0.2,123,132
2026-04-04,Blauw Wit (K),Keep Fit '70,10,5,1408,1240,0.733,0.050,0.217,18,13,3.1,-3.4,117,127
2026-04-04,Blauw Zwart,Zwart Wit,13,13,1420,1390,0.553,0.065,0.381,15,13,-6.8,6.0,133,125
2026-04-04,DKB,OEC,20,14,1245,1166,0.621,0.063,0.316,15,13,15.9,-15.6,127,126
2026-04-04,DOS (W),De Corvers,10,15,1123,1144,0.481,0.069,0.450,12,11,-26.5,23.1,131,122
2026-04-04,DOS Kampen,Elburg,13,8,1845,1676,0.735,0.047,0.217,19,14,2.2,-2.2,120,122
2026-04-04,DOS-WK,Amicitia (V),16,16,1785,1933,0.311,0.053,0.636,17,20,10.6,-11.0,119,121
2026-04-04,DSO (A),Stormvogels (U),14,16,1078,1088,0.492,0.076,0.432,12,11,-14.5,13.4,131,126
2026-04-04,DSO (K),Atlas,17,18,1496,1706,0.237,0.053,0.710,13,17,10.9,-11.6,117,120
2026-04-04,DTG,SIOS / Leonidas,13,13,1299,1327,0.469,0.071,0.460,14,13,-0.3,0.3,124,124
2026-04-04,DVS '69,Tjoba,11,17,1687,1840,0.303,0.057,0.640,14,17,-12.9,11.5,124,117
2026-04-04,DWA / Argo,SDO (S),15,22,1298,1338,0.456,0.061,0.483,16,17,-27.2,26.5,128,127
2026-04-04,DWS (K),Huizen,10,7,1468,1311,0.715,0.060,0.225,13,10,-1.2,1.5,120,126
2026-04-04,De Hoeve,WIK '34,15,12,1166,1026,0.694,0.066,0.240,12,9,1.0,-1.0,128,133
2026-04-04,De Meervogels,Weidevogels,19,11,1743,1710,0.560,0.062,0.378,16,15,23.2,-23.3,123,123
2026-04-04,De Meeuwen,Oost Arnhem,13,16,2116,2108,0.527,0.057,0.415,19,18,-15.0,14.9,117,117
2026-04-04,De Vinken,Haarlem,17,15,1896,1771,0.684,0.051,0.264,19,15,-5.7,5.5,119,118
2026-04-04,De Wâlden,De Parabool,9,13,1788,1813,0.478,0.061,0.460,17,16,-16.2,17.1,118,121
2026-04-04,Devinco,HKC (U),15,13,1626,1409,0.784,0.043,0.173,19,13,-14.3,12.3,131,123
2026-04-04,Drachten,ZKC '19,22,17,1927,1893,0.563,0.059,0.379,18,16,13.5,-12.4,121,116
2026-04-04,Duko,EKCA,29,10,1408,1293,0.668,0.059,0.272,15,12,25.2,-21.4,129,118
2026-04-04,Dunas,GKV,15,13,1556,1473,0.631,0.053,0.316,20,17,-2.6,2.3,124,117
2026-04-04,EKC 2000,Zunobri,19,17,1026,968,0.594,0.064,0.342,15,13,2.0,-2.5,135,191
2026-04-04,ESDO,VZOD,21,12,1264,1405,0.314,0.066,0.620,11,14,47.1,-45.2,129,126
2026-04-04,Emmeloord,Harich,14,19,1497,1597,0.371,0.063,0.565,14,16,-15.0,14.1,123,119
2026-04-04,Erasmus,Paal Centraal,22,13,1541,1449,0.643,0.054,0.303,19,16,18.2,-19.2,121,125
2026-04-04,Exakwa,Achilles (A) / AKC,19,4,1734,1464,0.831,0.035,0.133,20,14,11.0,-12.0,118,124
2026-04-04,Excelsior (D),Korbis,16,17,1779,1916,0.327,0.052,0.622,18,21,5.3,-7.5,115,137
2026-04-04,Fiducia,DSC,8,16,1769,2290,0.048,0.017,0.935,12,22,3.6,-2.9,117,108
2026-04-04,Fortis,TOP (A),11,21,1909,2109,0.248,0.054,0.698,13,17,-15.7,16.4,116,118
2026-04-04,Fortissimo,MIA,12,15,1660,1766,0.365,0.058,0.577,16,18,-5.4,5.1,122,118
2026-04-04,Fortuna (D),PKC,26,19,2594,2524,0.616,0.049,0.335,23,20,11.0,-11.0,108,108
2026-04-04,Furore,Sporting West,13,14,1422,1596,0.274,0.061,0.665,12,15,8.6,-8.3,124,122
2026-04-04,Gemini,Dijkvogels,7,11,1230,1508,0.171,0.048,0.781,11,16,3.1,-2.3,135,122
2026-04-04,HBC (Be),KIOS (N),9,19,1467,1796,0.134,0.038,0.828,12,18,-8.6,7.9,122,117
2026-04-04,HHV,Stadskanaal '74,21,11,1511,1439,0.616,0.055,0.329,19,16,20.6,-20.9,119,120
2026-04-04,HKC (Ha),DeetosSnel,20,23,2352,2349,0.518,0.059,0.423,18,17,-11.8,12.1,103,104
2026-04-04,HKC (He),Oranje Zwart,16,11,1562,1462,0.654,0.054,0.293,19,16,7.7,-7.0,123,117
2026-04-04,Heerenveen,Noordenveld,18,19,1982,1959,0.548,0.058,0.394,18,17,-8.9,8.8,117,117
2026-04-04,IFC '25,De Granaet,15,13,1744,1695,0.584,0.058,0.358,18,16,0.9,-0.9,122,120
2026-04-04,KCD,SEV (Z),13,9,1254,1108,0.704,0.060,0.235,14,10,4.0,-3.7,131,123
2026-04-04,KCR,Maassluis,14,11,1913,1921,0.504,0.057,0.439,19,18,9.6,-9.7,120,120
2026-04-04,KIOS '45,Ons Clubje,10,10,759,828,0.405,0.081,0.513,9,10,7.5,-7.9,209,215
2026-04-04,KVA,Rohda (A),20,12,2141,1870,0.832,0.035,0.132,20,13,3.7,-3.7,117,118
2026-04-04,KVW '22,Hoogkerk,18,15,1699,1754,0.433,0.064,0.503,14,15,17.1,-15.1,127,119
2026-04-04,KVZ '23,Pernix,17,14,2093,2017,0.622,0.054,0.324,19,17,2.0,-2.0,120,121
2026-04-04,KVZ,ODIK,23,18,1872,1561,0.860,0.033,0.106,18,11,-4.6,5.6,116,126
2026-04-04,KZ Danaiden,ODO (M),17,12,1653,1496,0.716,0.059,0.225,14,10,6.3,-6.2,119,118
2026-04-04,Kesteren,PSV,16,20,1283,1369,0.390,0.064,0.546,14,15,-14.9,12.6,135,123
2026-04-04,Kinderdijk,KOAG,20,13,1944,1913,0.558,0.060,0.382,17,16,19.0,-18.6,118,117
2026-04-04,Kinea / Udiros,DTL,22,10,1848,1581,0.828,0.037,0.135,19,12,10.3,-16.7,119,156
2026-04-04,Korbatjo,ADO,13,13,1556,1536,0.541,0.063,0.395,16,15,-4.7,5.7,120,132
2026-04-04,LDODK,DVO,29,31,2540,2483,0.598,0.050,0.352,22,20,-12.9,12.6,107,106
2026-04-04,Leeuwarden,It Fean,9,16,1390,1596,0.241,0.053,0.706,13,17,-10.6,10.4,119,118
2026-04-04,Lemmer,Oerterp,9,12,1008,1188,0.269,0.059,0.672,12,15,-0.8,0.8,136,132
2026-04-04,Lintjo,Noveas,17,11,1379,1231,0.711,0.051,0.239,18,14,8.6,-8.5,132,131
2026-04-04,MN en W,SF Deinum,18,6,1371,801,0.962,0.013,0.024,15,6,3.1,-3.2,138,142
2026-04-04,Merwede,Juliana,14,19,1848,1804,0.576,0.059,0.364,17,16,-26.1,26.2,118,118
2026-04-04,Movado,Good Luck,22,16,1587,1418,0.734,0.049,0.217,18,14,6.0,-6.0,121,121
2026-04-04,NIO,Vriendenschaar (H),13,16,1643,1881,0.209,0.049,0.742,13,18,4.9,-4.8,121,120
2026-04-04,NRC '22,Apeldoorn,13,18,1799,1902,0.369,0.056,0.575,17,19,-12.5,11.8,124,120
2026-04-04,Nikantes,Conventus,9,15,862,1115,0.194,0.050,0.756,11,16,-8.7,7.0,149,129
2026-04-04,Noviomagum,Rust Roest (E),15,13,1810,1747,0.606,0.052,0.342,21,18,-1.5,0.8,146,119
2026-04-04,OJC '98,NKV,13,15,1245,1394,0.304,0.063,0.632,12,15,1.3,-1.4,128,129
2026-04-04,OKO,Flamingo's (B),18,15,1918,1934,0.493,0.058,0.450,19,18,11.0,-9.9,124,118
2026-04-04,OKV,DTS (E),16,5,1523,1321,0.768,0.048,0.185,17,12,14.6,-14.1,124,122
2026-04-04,ONDO (M),TOGO (G),12,10,1719,1662,0.594,0.060,0.346,17,15,0.4,-0.4,117,120
2026-04-04,OVVO,Tempo,10,12,2048,2103,0.437,0.059,0.504,17,18,-6.4,6.1,125,121
2026-04-04,Olympia '22,TOP (V),16,14,1069,1148,0.399,0.066,0.534,14,15,16.1,-14.6,131,125
2026-04-04,Oosterkwartier (H),Rapid (H),11,18,1259,1395,0.319,0.069,0.612,11,13,-20.3,19.9,126,124
2026-04-04,Oranje Wit (D),DOT (O),17,17,2060,2023,0.573,0.047,0.380,25,23,-7.1,7.0,128,127
2026-04-04,Pallas '08,Spannum,19,15,1540,1485,0.589,0.063,0.348,16,14,9.7,-8.8,123,117
2026-04-04,Phoenix (Z),DES (De),12,18,1557,1900,0.125,0.036,0.839,12,19,0.8,-0.8,120,121
2026-04-04,RDZ,Revival,9,16,1219,1419,0.244,0.062,0.694,10,13,-13.3,16.6,118,133
2026-04-04,ROG,WSS,25,12,1521,1275,0.809,0.041,0.149,18,12,11.6,-12.6,117,122
2026-04-04,RWA,ACKC,12,15,1700,1683,0.537,0.064,0.399,15,14,-19.7,17.8,127,121
2026-04-04,Reehorst '45,Juventa,20,14,1823,1815,0.529,0.055,0.416,20,19,18.0,-18.5,123,124
2026-04-04,Ritola,SCO,14,22,2024,2056,0.470,0.055,0.475,19,20,-28.6,24.0,128,117
2026-04-04,Rivalen,Arena,11,11,1127,1275,0.303,0.072,0.625,9,12,13.6,-11.9,138,129
2026-04-04,Rood Wit (W),Wolderwijd,17,9,1684,1445,0.804,0.041,0.155,19,13,7.0,-7.9,125,135
2026-04-04,SDO (K),Animo (G),17,15,1804,1760,0.575,0.061,0.364,17,15,1.8,-1.8,120,121
2026-04-04,SDO (W),DKOD,26,7,1051,802,0.808,0.050,0.143,13,8,15.1,-22.9,128,161
2026-04-04,SKV (S),Attila,6,10,781,1124,0.122,0.043,0.834,8,14,5.7,-5.0,138,131
2026-04-04,Scheldevogels,Voltreffers (O),13,17,943,1009,0.415,0.072,0.513,11,12,-17.8,17.3,130,127
2026-04-04,Seolto,Luctor,13,14,1163,1156,0.521,0.067,0.413,15,14,-8.9,9.1,125,127
2026-04-04,Sparta (N),Wesstar,24,8,1603,1315,0.842,0.038,0.120,17,10,11.4,-11.2,122,121
2026-04-04,Sparta (Ze),Quick '21 / Vlug en Vaardig (G),7,18,1535,1573,0.460,0.059,0.480,17,18,-29.9,32.6,118,124
2026-04-04,Sporting Trigon,HKV / Ons Eibernest,20,12,1726,1794,0.417,0.061,0.522,16,17,29.3,-29.3,116,116
2026-04-04,Swift,EKVA,25,12,1794,1608,0.754,0.046,0.200,19,14,14.8,-15.4,117,120
2026-04-04,Telstar,NKC '51,12,14,1871,1957,0.392,0.060,0.547,16,17,-3.6,3.5,124,121
2026-04-04,Thrianta,Elko,23,22,1442,1575,0.332,0.050,0.617,19,21,12.4,-18.0,118,142
2026-04-04,Tiel '72,SDO (V),13,16,1845,1765,0.631,0.048,0.322,23,20,-30.0,20.4,147,121
2026-04-04,Tilburg,Vitesse (Ba),14,13,2023,2003,0.544,0.059,0.397,18,17,-0.6,0.7,114,117
2026-04-04,Trekvogels (R),ONDO (G),10,20,1751,1970,0.231,0.047,0.723,16,20,-13.5,13.6,118,119
2026-04-04,Tweemaal Zes,KVS,13,18,1912,2135,0.226,0.048,0.726,15,19,-2.6,2.3,119,110
2026-04-04,Twist,Reeuwijk,8,14,1503,1633,0.330,0.063,0.606,13,15,-15.9,15.7,123,122
2026-04-04,VDDO,Hellas '63,17,14,1509,1599,0.385,0.061,0.554,15,17,17.0,-19.7,116,125
2026-04-04,VEO,Refleks,14,12,1958,1806,0.716,0.049,0.235,19,15,-7.7,7.7,119,118
2026-04-04,VIKO,Hemur Enge,18,6,1166,862,0.853,0.039,0.108,14,8,12.7,-44.0,131,283
2026-04-04,Velocitas (L),Fluks (N),15,18,1728,1621,0.660,0.057,0.283,17,14,-27.7,29.3,126,129
2026-04-04,Victum,Dindoa,16,20,1884,2028,0.317,0.053,0.630,17,20,-5.4,5.0,123,118
2026-04-04,Viking,Keizer Karel,27,13,1633,1494,0.701,0.051,0.248,18,14,23.0,-20.0,132,122
2026-04-04,Vriendenschaar (B),Nexus,17,8,1646,1426,0.786,0.046,0.168,17,11,10.0,-9.5,119,116
2026-04-04,WION,Zuid '27,10,18,1477,1635,0.301,0.050,0.649,18,21,-16.2,19.6,128,143
2026-04-04,WK,Vitesse (Be),12,15,861,1163,0.151,0.046,0.803,10,15,11.5,-7.7,151,127
2026-04-04,WWC,De Pein,16,13,1651,1594,0.595,0.057,0.348,18,16,4.7,-4.1,129,120
2026-04-04,Wez Handich,AVO,23,19,1778,2007,0.220,0.046,0.734,16,20,34.0,-31.5,121,116
2026-04-04,Woudenberg,Zwaluwen (Ze),24,16,1802,1577,0.793,0.040,0.167,20,14,6.3,-6.7,120,124
2026-04-04,Zaamslag,KVK,13,23,1460,1454,0.523,0.060,0.417,17,16,-46.1,36.1,143,126
2026-04-07,DeetosSnel,HKC (Ha),26,23,2362,2340,0.546,0.058,0.396,18,17,5.3,-5.2,102,101
2026-04-08,Joure,DTS (S) / Harkema,19,16,1437,1420,0.539,0.062,0.400,16,15,8.1,-8.8,119,125
2026-04-08,OZC,Springfield,15,10,1511,1132,0.900,0.026,0.074,18,10,-7.1,9.4,117,133
2026-04-09,SF Deinum,Westergo,9,10,798,1046,0.194,0.059,0.747,8,12,17.8,-14.6,142,130
2026-04-11,ACKC,NIO,15,15,1701,1648,0.587,0.064,0.349,15,13,-7.6,7.8,118,119
2026-04-11,ADO,Movado,9,9,1541,1594,0.436,0.068,0.497,13,14,2.2,-2.0,127,120
2026-04-11,AVO,Ritola,15,16,1975,1995,0.490,0.055,0.456,21,20,-4.6,5.3,115,124
2026-04-11,Achilles (A) / AKC,Rood Wit (W),14,15,1451,1691,0.208,0.047,0.745,14,19,14.4,-14.6,123,124
2026-04-11,Achilles (H),Trekvogels (R),19,13,2032,1737,0.851,0.031,0.118,22,14,-3.3,3.2,118,117
2026-04-11,Amicitia (V),HKC (He),13,12,1922,1570,0.886,0.027,0.087,21,12,-23.6,24.3,118,120
2026-04-11,Animo (G),Antilopen,13,19,1758,1950,0.259,0.052,0.689,15,18,-8.4,8.8,119,122
2026-04-11,Apeldoorn,De Meeuwen,18,14,1914,2100,0.266,0.050,0.684,16,20,28.6,-27.6,117,115
2026-04-11,Arena,Duko,9,11,1263,1436,0.276,0.062,0.662,11,14,3.3,-3.3,126,125
2026-04-11,Atlas,Zaamslag,19,14,1695,1413,0.841,0.033,0.126,22,14,-5.2,7.2,119,136
2026-04-11,Attila,VIKO,16,10,1118,1180,0.422,0.070,0.508,12,13,31.6,-32.1,130,131
2026-04-11,Blauw Wit,DeetosSnel,18,20,2358,2368,0.501,0.060,0.439,18,17,-7.6,7.5,100,100
2026-04-11,Conventus,'t Capproen,6,18,1123,1196,0.402,0.075,0.522,10,11,-33.3,34.9,127,130
2026-04-11,DES (De),De Meervogels,14,19,1900,1767,0.693,0.053,0.254,18,14,-35.5,35.0,121,120
2026-04-11,DKOD,Regio '72,9,16,779,1087,0.146,0.046,0.807,9,14,-10.2,7.6,155,129
2026-04-11,DKV Victoria,Madjoe,19,16,1521,1529,0.499,0.070,0.432,14,13,13.2,-12.5,127,124
2026-04-11,DOT (O),Fiducia,19,15,2030,1771,0.824,0.034,0.142,23,16,-8.9,8.2,124,119
2026-04-11,DSC,Oranje Wit (D),24,8,2287,2053,0.802,0.035,0.162,24,17,11.1,-13.8,110,124
2026-04-11,DTL,KVW '22,6,11,1564,1717,0.304,0.056,0.640,15,18,-13.3,9.3,151,123
2026-04-11,DTS (E),Apollo,9,17,1306,1483,0.270,0.065,0.665,10,13,-17.5,16.7,120,118
2026-04-11,DVO,LDODK,20,22,2498,2528,0.475,0.052,0.473,22,21,-5.8,5.9,106,106
2026-04-11,De Corvers,Koveni,11,14,1167,998,0.736,0.047,0.217,19,14,-29.4,34.1,119,128
2026-04-11,De Granaet,OKO,5,17,1694,1930,0.213,0.045,0.742,15,20,-14.5,15.2,117,120
2026-04-11,De Parabool,WWC,13,7,1830,1655,0.742,0.046,0.213,20,15,4.4,-4.8,118,125
2026-04-11,De Pein,De Wâlden,13,11,1589,1771,0.268,0.056,0.676,14,17,21.8,-21.1,117,115
2026-04-11,Dijkvogels,Erasmus,8,11,1505,1561,0.431,0.068,0.501,13,14,-11.7,11.4,121,119
2026-04-11,Dindoa,Heerenveen,9,11,2033,1973,0.599,0.057,0.343,18,16,-16.1,15.7,116,115
2026-04-11,EKCA,Rivalen,15,15,1271,1141,0.684,0.063,0.252,13,10,-13.3,17.7,116,133
2026-04-11,EKVA,Fortissimo,15,10,1592,1654,0.425,0.060,0.515,16,17,21.8,-22.0,118,119
2026-04-11,Elburg,VDDO,20,4,1673,1526,0.706,0.056,0.238,16,12,19.9,-17.8,121,114
2026-04-11,Elko,HHV,20,15,1558,1533,0.553,0.052,0.395,21,20,15.2,-11.5,136,117
2026-04-11,Flamingo's (B),IFC '25,14,13,1924,1745,0.747,0.046,0.207,20,15,-13.1,14.0,115,119
2026-04-11,Fluks (N),HBC (Be),12,9,1651,1458,0.758,0.051,0.191,15,11,-5.4,5.0,126,122
2026-04-11,GKV,KZ Danaiden,10,16,1475,1660,0.266,0.054,0.680,14,17,-8.7,9.1,115,117
2026-04-11,Good Luck,Korbatjo,12,15,1412,1551,0.321,0.056,0.622,16,18,-2.4,2.3,120,117
2026-04-11,HKC (U),Sparta (N),16,14,1421,1615,0.254,0.055,0.691,13,17,24.4,-24.4,122,122
2026-04-11,HKV / Ons Eibernest,VEO,8,14,1764,1950,0.264,0.052,0.684,15,19,-7.8,8.2,114,117
2026-04-11,Haarlem,BEP,10,16,1776,1904,0.334,0.062,0.605,14,16,-14.0,14.3,116,117
2026-04-11,Harich,Pallas '08,17,14,1612,1551,0.599,0.060,0.341,17,15,4.1,-4.3,117,120
2026-04-11,Hebbes,DOS (W),18,11,1362,1097,0.819,0.052,0.130,10,5,9.1,-8.6,131,127
2026-04-11,Helios,OKV,12,15,1384,1538,0.299,0.062,0.639,12,15,-2.6,2.6,121,122
2026-04-11,Hellas '63,DOS Kampen,12,13,1580,1847,0.184,0.041,0.775,15,21,16.5,-15.7,121,119
2026-04-11,Hemur Enge,SkunK,6,23,817,1332,0.048,0.021,0.931,8,16,-20.8,6.6,252,123
2026-04-11,Hoogkerk,Kinea / Udiros,10,15,1739,1859,0.344,0.064,0.593,13,15,-12.2,12.7,117,119
2026-04-11,Huizen,RDZ,8,12,1312,1205,0.654,0.067,0.279,13,10,-34.3,30.4,124,117
2026-04-11,IJsselvogels,Twist,11,10,1734,1486,0.810,0.043,0.147,17,11,-17.2,18.4,116,120
2026-04-11,It Fean,Sparta (Ze),17,16,1607,1504,0.656,0.054,0.290,18,15,-7.6,7.5,117,116
2026-04-11,Juliana,Tilburg,5,16,1831,2022,0.258,0.052,0.689,14,18,-16.9,15.9,116,112
2026-04-11,Juventa,Telstar,13,14,1796,1867,0.411,0.063,0.527,15,16,-0.6,0.6,121,120
2026-04-11,KIOS (N),Velocitas (L),13,10,1804,1701,0.656,0.054,0.289,18,15,0.3,-0.2,117,123
2026-04-11,KOAG,Fortis,18,19,1894,1893,0.514,0.063,0.423,16,15,-6.9,6.8,115,114
2026-04-11,KVK,DSO (K),13,18,1491,1507,0.487,0.068,0.445,14,13,-23.7,21.3,122,116
2026-04-11,KVS '17,SKV (S),15,10,804,787,0.527,0.082,0.391,10,9,32.2,-25.0,156,136
2026-04-11,KVS,OVVO,22,12,2137,2041,0.646,0.056,0.297,17,15,16.7,-20.1,110,121
2026-04-11,Keep Fit '70,Seolto,7,6,1236,1154,0.625,0.061,0.314,16,13,-6.0,5.8,124,122
2026-04-11,Keizer Karel,OJC '98,8,12,1474,1246,0.793,0.044,0.163,17,12,-39.7,42.4,120,124
2026-04-11,Korbis,KCR,13,17,1908,1922,0.497,0.056,0.448,20,19,-19.5,15.6,131,117
2026-04-11,Luctor,Blauw Wit (K),10,20,1166,1411,0.201,0.051,0.748,12,16,-14.8,13.2,123,116
2026-04-11,Luno,Atlantis,11,12,1452,1563,0.355,0.065,0.579,13,14,2.7,-2.8,123,126
2026-04-11,MIA,Swift,20,15,1771,1810,0.456,0.063,0.481,15,16,19.5,-19.6,116,116
2026-04-11,Maassluis,Excelsior (D),18,17,1910,1784,0.686,0.051,0.263,19,16,-9.7,9.1,117,114
2026-04-11,NKC '51,Reehorst '45,33,18,1960,1841,0.678,0.049,0.274,21,17,20.3,-20.6,119,120
2026-04-11,NKV,Viking,10,11,1393,1658,0.184,0.047,0.770,12,17,16.4,-17.4,125,129
2026-04-11,Nexus,WION,11,10,1416,1461,0.446,0.068,0.486,13,14,5.6,-6.6,115,125
2026-04-11,Noordenveld,Victum,20,13,1968,1879,0.639,0.052,0.309,20,17,12.2,-13.3,114,120
2026-04-11,Nova,SDO (K),9,13,1695,1806,0.354,0.066,0.580,13,14,-10.5,10.1,120,117
2026-04-11,Noveas,DTG,16,19,1223,1299,0.403,0.064,0.533,15,16,-9.8,8.9,127,121
2026-04-11,ODIK,Woudenberg,13,16,1567,1809,0.205,0.048,0.747,13,18,5.9,-5.2,126,119
2026-04-11,ODO (M),Dunas,9,10,1490,1553,0.419,0.067,0.514,13,14,-1.5,1.6,117,121
2026-04-11,OEC,Kesteren,13,12,1151,1269,0.344,0.067,0.589,12,14,13.4,-15.0,123,130
2026-04-11,ONDO (G),Albatros,16,9,1984,2055,0.413,0.058,0.529,17,18,27.2,-26.0,117,114
2026-04-11,Oerterp,MN en W,7,17,1189,1375,0.262,0.058,0.680,12,15,-20.6,24.2,128,140
2026-04-11,Olympia (S),Nikantes,20,14,948,854,0.641,0.061,0.298,15,13,14.9,-17.8,130,143
2026-04-11,Oost Arnhem,NRC '22,21,18,2122,1786,0.878,0.027,0.095,22,13,-14.0,15.6,114,120
2026-04-11,Oranje Zwart (M),OZC,5,17,1138,1504,0.109,0.037,0.854,10,16,-11.1,8.7,133,117
2026-04-11,Oranje Zwart,DOS-WK,9,15,1454,1795,0.128,0.033,0.839,14,22,2.2,-2.3,115,117
2026-04-11,PKC,Fortuna (D),20,26,2513,2606,0.386,0.052,0.562,20,22,-11.7,11.7,107,107
2026-04-11,PSV,DKB,15,12,1382,1262,0.676,0.056,0.268,17,13,-0.4,0.5,120,124
2026-04-11,Paal Centraal,Gemini,16,9,1429,1232,0.765,0.045,0.190,19,14,6.8,-7.7,122,132
2026-04-11,Pernix,KVA,15,15,2014,2145,0.333,0.055,0.612,17,19,9.1,-8.9,119,117
2026-04-11,Quick '21 / Vlug en Vaardig (G),Leeuwarden,13,14,1607,1379,0.793,0.044,0.163,18,12,-26.8,25.4,120,117
2026-04-11,RODA (W),De Vinken,13,19,1582,1890,0.149,0.039,0.811,13,19,-0.7,0.7,127,117
2026-04-11,Rapid (H),ESDO,13,9,1416,1312,0.650,0.067,0.283,13,10,7.3,-7.7,121,125
2026-04-11,Reeuwijk,ALO,10,11,1649,1752,0.365,0.063,0.572,14,16,2.3,-2.1,120,114
2026-04-11,Refleks,Sporting Trigon,18,19,1813,1756,0.594,0.060,0.346,17,15,-12.2,11.5,117,114
2026-04-11,Revival,DWS (K),10,13,1436,1466,0.463,0.076,0.460,12,11,-17.7,14.8,130,118
2026-04-11,Rheko,Blauw Zwart,8,11,1305,1413,0.357,0.066,0.577,13,15,-6.7,7.4,122,129
2026-04-11,Rohda (A),KVZ '23,9,18,1865,2095,0.218,0.049,0.734,14,18,-12.0,12.0,117,117
2026-04-11,Rust Roest (E),Tiel '72,18,13,1747,1814,0.420,0.055,0.525,19,20,19.9,-28.4,116,140
2026-04-11,SCO,Wez Handich,22,17,2081,1813,0.830,0.035,0.135,21,14,-4.3,4.7,114,119
2026-04-11,SDO (S),ROG,12,20,1366,1534,0.285,0.054,0.661,15,18,-15.7,14.3,123,116
2026-04-11,SDO (V),Noviomagum,17,19,1785,1808,0.485,0.053,0.462,21,20,-7.8,10.6,118,139
2026-04-11,SIOS / Leonidas,Lintjo,13,11,1327,1388,0.422,0.070,0.508,12,13,12.5,-14.1,121,128
2026-04-11,Spannum,Emmeloord,17,13,1477,1482,0.501,0.070,0.429,14,13,14.5,-15.9,115,120
2026-04-11,Sparta (Zw),Drachten,9,12,1913,1941,0.471,0.065,0.463,16,15,-12.9,13.1,117,118
2026-04-11,Sporting West,Badhoevedorp,14,6,1588,1489,0.646,0.063,0.291,14,12,17.9,-18.0,120,120
2026-04-11,Springfield,Ventura Sport,10,17,1141,1260,0.342,0.070,0.588,11,13,-23.6,23.0,131,129
2026-04-11,Stadskanaal '74,Thrianta,14,18,1418,1455,0.459,0.062,0.479,16,17,-15.1,14.7,118,116
2026-04-11,Stormvogels (U),Ados,10,9,1102,1292,0.254,0.066,0.680,9,12,20.6,-19.2,122,118
2026-04-11,TOGO (G),DVS '69,12,11,1661,1673,0.495,0.062,0.443,17,16,2.5,-2.7,117,121
2026-04-11,TOP (A),Kinderdijk,10,10,2126,1963,0.726,0.051,0.222,17,13,-16.4,16.1,117,116
2026-04-11,TOP (V),SDO (W),13,14,1134,1069,0.599,0.069,0.332,13,11,-14.2,15.5,121,127
2026-04-11,Tempo,Tweemaal Zes,18,9,2108,1909,0.767,0.043,0.190,20,15,9.4,-9.4,118,117
2026-04-11,Terda,Scheldevogels,6,21,629,926,0.154,0.050,0.797,9,14,-34.8,15.3,200,125
2026-04-11,Tjoba,ONDO (M),17,17,1851,1719,0.689,0.057,0.254,16,12,-13.7,13.6,115,114
2026-04-11,VZOD,Oosterkwartier (H),21,7,1360,1238,0.674,0.063,0.263,14,11,22.3,-22.1,123,122
2026-04-11,Valto,Avanti (P),22,16,2185,2072,0.669,0.053,0.278,19,15,9.8,-9.8,122,122
2026-04-11,Vitesse (Ba),Merwede,19,18,2003,1821,0.748,0.046,0.205,19,14,-13.2,13.4,115,116
2026-04-11,Vitesse (Be),EKC 2000,13,10,1156,1030,0.680,0.061,0.259,14,11,0.6,-0.6,125,131
2026-04-11,Voltreffers (O),Focus,6,9,1027,1032,0.499,0.075,0.427,12,11,-18.2,19.7,124,129
2026-04-11,Vriendenschaar (H),RWA,15,10,1876,1680,0.762,0.047,0.191,18,13,1.2,-1.3,118,123
2026-04-11,WIK '34,Lemmer,9,10,1025,1007,0.531,0.076,0.393,11,10,-11.2,11.6,129,131
2026-04-11,WSS,DWA / Argo,10,12,1263,1271,0.499,0.067,0.434,15,14,-11.5,12.1,121,124
2026-04-11,Weidevogels,Phoenix (Z),17,13,1686,1558,0.684,0.057,0.258,16,13,3.4,-3.4,120,119
2026-04-11,Wesstar,Devinco,12,23,1303,1612,0.148,0.043,0.810,11,17,-11.4,12.7,121,129
2026-04-11,Wolderwijd,Exakwa,8,15,1436,1746,0.148,0.040,0.812,12,18,-4.5,3.8,133,118
2026-04-11,ZKC '19,ASVD,19,13,1880,1798,0.628,0.056,0.316,18,15,11.1,-11.7,113,117
2026-04-11,ZKV (Zu),Eureka,13,11,760,833,0.391,0.097,0.512,5,6,64.1,-56.9,300,280
2026-04-11,Zuid '27,Vriendenschaar (B),16,11,1655,1657,0.513,0.056,0.430,19,18,19.7,-14.9,137,118
2026-04-11,Zunobri,WK,9,16,966,873,0.639,0.063,0.298,15,12,-72.6,51.6,174,146
2026-04-11,Zwaluwen (Ze),KVZ,5,18,1571,1869,0.157,0.040,0.803,13,19,-12.9,11.7,123,116
2026-04-11,Zwart Wit,Roreko,19,7,1396,1174,0.785,0.050,0.165,14,10,14.3,-15.3,122,127
2026-04-12,FSC,Maastricht,10,9,1100,1123,0.478,0.066,0.456,15,14,5.3,-5.5,144,147
2026-04-12,Forward,Samen Een,11,16,649,746,0.369,0.075,0.557,10,12,-34.9,36.6,184,189
2026-04-12,Korwi,Club Brothers,10,10,1102,1293,0.256,0.058,0.687,12,15,32.3,-24.3,203,177
2026-04-12,Vefo,Koru,14,16,925,1093,0.278,0.068,0.653,10,12,1.9,-2.3,173,181
2026-04-13,Koveni,Hebbes,11,13,1033,1372,0.126,0.040,0.834,10,16,15.4,-16.4,123,127
2026-04-14,LDODK,DVO,22,23,2534,2492,0.578,0.051,0.371,22,20,-8.3,8.2,104,103
2026-04-14,Olympia (T),De Waterpoort,12,11,1357,1087,0.826,0.044,0.130,14,9,-19.9,22.7,125,132
2026-04-14,Ventura Sport,Oranje Zwart (M),17,16,1283,1126,0.715,0.062,0.223,12,9,-11.6,12.9,124,130
2026-04-15,Triade,KVS '17,17,7,1278,837,0.927,0.022,0.052,17,9,3.7,-4.0,137,146
2026-04-16,Madjoe,Luno,12,13,1517,1455,0.595,0.069,0.336,13,11,-13.7,13.5,120,119
2026-04-16,SEV (Z),Olympia '22,12,16,1104,1087,0.532,0.073,0.395,12,11,-24.5,26.6,123,129
2026-04-18,Fortuna (D),DVO,30,31,2618,2500,0.679,0.046,0.275,23,19,-14.1,12.9,106,101
2026-04-18,Wesstar,Sparta (N),9,20,1292,1591,0.154,0.045,0.801,11,16,-12.0,11.7,121,119
2026-04-19,Koru,Vefo,22,17,1091,927,0.723,0.060,0.217,13,9,12.6,-12.0,168,163
2026-04-23,De Hoeve,MN en W,11,15,1168,1400,0.212,0.055,0.733,11,15,-1.5,1.6,130,137
2026-04-23,ODIK,Zwaluwen (Ze),16,15,1573,1556,0.533,0.067,0.400,14,13,0.4,-0.4,125,124
2026-04-25,Victum,Noordenveld,22,21,1865,1980,0.353,0.055,0.592,17,19,12.2,-11.2,121,116
2026-04-26,Moedig Voorwaarts,Vefo,13,9,872,916,0.443,0.075,0.482,11,12,56.6,-28.8,224,155
2026-05-02,AW.DTV,SKF,21,11,2291,1936,0.888,0.026,0.086,22,13,2.9,-3.7,110,130
2026-05-02,Atlantis,Madjoe,18,16,1559,1502,0.593,0.061,0.346,16,14,0.8,-0.7,128,121
2026-05-02,Attila,Triade,9,23,1151,1282,0.328,0.062,0.610,14,16,-29.4,33.5,131,141
2026-05-02,CSL,Wit Blauw,15,17,2012,2084,0.414,0.055,0.531,19,20,-4.4,4.4,129,129
2026-05-02,DKOD,SEV (Z),9,21,769,1079,0.143,0.048,0.809,9,14,-19.9,13.5,155,124
2026-05-02,DKV Victoria,Furore,15,9,1535,1431,0.652,0.066,0.283,13,11,15.4,-15.7,128,130
2026-05-02,DOS '46,Dalto,21,16,2426,2324,0.657,0.049,0.294,22,18,5.5,-5.7,117,119
2026-05-02,DVO,Wageningen,24,15,2514,2269,0.812,0.035,0.153,23,16,4.5,-5.6,105,121
2026-05-02,De Waterpoort,Joure,5,10,1109,1446,0.128,0.039,0.833,11,17,3.2,-2.5,135,123
2026-05-02,Fiks,Nieuwerkerk,21,22,2014,2177,0.293,0.051,0.656,17,20,8.4,-9.3,124,130
2026-05-02,Fortuna (D),Die Haghe,20,17,2605,2262,0.883,0.024,0.093,25,16,-13.4,20.1,108,131
2026-05-02,Groen Geel,Synergo,26,10,2218,1879,0.879,0.028,0.093,21,12,8.1,-10.3,117,134
2026-05-02,HKC (Ha),GKV (G),26,17,2336,2093,0.809,0.037,0.154,21,15,5.7,-7.7,109,129
2026-05-02,Hemur Enge,KVS '17,3,16,796,832,0.452,0.080,0.468,9,10,-107.0,44.5,243,149
2026-05-02,KZ,KCC,22,12,2450,2202,0.813,0.037,0.150,21,14,7.7,-8.0,116,119
2026-05-02,Kleine Sluis,Celeritas (A),7,8,988,917,0.600,0.080,0.320,10,8,-37.1,35.6,221,216
2026-05-02,Luno,Sporting West,13,10,1468,1606,0.318,0.065,0.617,12,14,24.3,-25.2,121,123
2026-05-02,Oerterp,De Hoeve,9,14,1168,1166,0.511,0.071,0.418,13,12,-29.0,28.0,130,128
2026-05-02,PKC,DeetosSnel,21,19,2501,2376,0.686,0.049,0.265,21,17,-5.6,5.0,112,106
2026-05-02,Regio '72,SDO (W),19,17,1096,1085,0.523,0.074,0.404,12,11,7.6,-7.1,133,129
2026-05-02,SkunK,VIKO,20,12,1341,1147,0.759,0.049,0.192,17,12,11.7,-12.0,130,132
2026-05-02,Sporting Delta,Swift (M),18,18,2021,2040,0.486,0.061,0.453,18,17,-1.2,1.2,130,126
2026-05-02,TOP (V),KCD,10,15,1120,1259,0.317,0.063,0.620,13,15,-12.2,14.3,125,136
2026-05-02,Unitas,Spirit (Vo),21,17,2302,2221,0.629,0.052,0.319,21,18,5.0,-5.8,122,134
2026-05-02,Westergo,MN en W,12,18,1031,1401,0.108,0.035,0.858,11,17,1.2,-1.2,134,134
2026-05-03,Blauw Wit,TOP (S),18,16,2351,2449,0.376,0.056,0.568,17,19,11.5,-15.0,106,122
2026-05-03,Mid Fryslân,LDODK,19,24,2253,2526,0.181,0.036,0.783,18,25,3.2,-2.6,117,108
2026-05-03,Nic,KIOS (R),24,22,2058,2050,0.528,0.054,0.418,21,20,4.4,-4.4,126,127
2026-05-05,Mariarade,FSC,2,24,521,1105,0.031,0.018,0.950,4,12,-10.9,6.2,205,143
2026-05-06,Roreko,Rheko,17,18,1158,1298,0.315,0.067,0.618,11,14,5.9,-5.3,132,126
2026-05-07,DWS (K),RDZ,19,10,1481,1236,0.805,0.048,0.147,14,9,11.0,-10.8,124,123
2026-05-07,Focus,Terda,21,9,1052,594,0.932,0.022,0.047,15,7,6.0,-10.6,133,191
2026-05-09,'t Capproen,Nikantes,22,9,1232,837,0.907,0.026,0.067,17,9,7.9,-9.0,134,145
2026-05-09,ALO,Twist,17,10,1750,1504,0.808,0.043,0.149,17,11,5.1,-5.5,121,128
2026-05-09,AVO,SCO,24,13,1971,2078,0.363,0.057,0.579,16,18,39.7,-40.4,122,123
2026-05-09,AW.DTV,Groen Geel,27,19,2294,2227,0.609,0.055,0.336,19,17,15.4,-17.1,111,117
2026-05-09,Achilles (A) / AKC,Wolderwijd,18,22,1466,1431,0.560,0.064,0.376,16,14,-25.9,29.9,129,139
2026-05-09,Achilles (H),ONDO (G),16,21,2029,2011,0.539,0.060,0.401,17,16,-26.3,25.2,126,123
2026-05-09,Ados,DSO (A),11,7,1272,1065,0.770,0.052,0.178,14,10,-0.6,1.0,125,137
2026-05-09,Albatros,Trekvogels (R),23,11,2028,1740,0.847,0.030,0.123,24,16,7.7,-8.2,121,125
2026-05-09,Antilopen,SDO (K),14,14,1959,1816,0.705,0.052,0.243,18,14,-17.4,16.3,128,124
2026-05-09,Arena,EKCA,15,14,1266,1259,0.520,0.068,0.412,14,13,1.5,-1.3,131,123
2026-05-09,Atlantis,DKV Victoria,24,17,1561,1551,0.526,0.064,0.410,16,15,23.7,-24.0,124,125
2026-05-09,Atlas,KVK,20,13,1691,1468,0.789,0.043,0.168,19,13,5.7,-5.7,127,128
2026-05-09,Aurora / DKV (IJ),Stormvogels (U),17,9,1248,1123,0.676,0.065,0.258,13,10,19.5,-19.3,129,129
2026-05-09,Badhoevedorp,Furore,10,11,1470,1414,0.586,0.072,0.342,12,10,-14.6,14.5,126,126
2026-05-09,Blauw Zwart,Roreko,16,13,1421,1164,0.818,0.041,0.141,17,11,-11.5,10.3,133,127
2026-05-09,DES (De),Weidevogels,19,11,1864,1690,0.740,0.049,0.211,18,13,12.0,-12.0,127,127
2026-05-09,DOS '46,DVO,23,19,2432,2519,0.394,0.051,0.555,21,22,18.3,-15.4,115,106
2026-05-09,DOS (W),Koveni,8,15,1088,1048,0.559,0.083,0.358,8,7,-44.8,42.7,134,130
2026-05-09,DOT (O),DSC,11,19,2022,2299,0.177,0.037,0.786,17,24,-5.8,5.0,131,119
2026-05-09,DSO (K),Zaamslag,18,14,1530,1421,0.663,0.054,0.283,18,15,3.9,-4.9,123,142
2026-05-09,DTG,Lintjo,17,13,1309,1374,0.417,0.068,0.515,13,14,22.8,-24.8,127,132
2026-05-09,DTS (E),Helios,11,15,1288,1381,0.376,0.072,0.552,11,13,-14.5,14.7,127,128
2026-05-09,DWA / Argo,ROG,18,28,1283,1550,0.182,0.048,0.771,12,17,-14.3,13.2,129,123
2026-05-09,Dalto,Wageningen,19,14,2318,2263,0.594,0.055,0.352,19,17,10.1,-10.6,117,120
2026-05-09,De Corvers,Hebbes,13,15,1138,1355,0.232,0.048,0.721,15,20,8.6,-9.9,126,134
2026-05-09,De Meeuwen,NRC '22,18,13,2072,1802,0.831,0.036,0.133,20,13,-4.2,4.7,122,129
2026-05-09,De Pein,De Parabool,17,23,1611,1834,0.225,0.048,0.726,15,19,-6.3,6.5,124,126
2026-05-09,De Vinken,BEP,17,13,1891,1918,0.476,0.059,0.465,19,18,16.5,-15.9,125,123
2026-05-09,De Waterpoort,DTS (S) / Harkema,11,20,1111,1411,0.155,0.041,0.804,13,19,-10.1,9.7,133,130
2026-05-09,Devinco,Sparta (N),21,20,1626,1603,0.545,0.062,0.393,16,15,-0.7,0.5,135,124
2026-05-09,Die Haghe,DeetosSnel,17,15,2282,2380,0.375,0.057,0.568,17,19,17.0,-11.3,130,106
2026-05-09,Dijkvogels,Paal Centraal,9,7,1493,1437,0.591,0.062,0.348,16,14,1.1,-1.2,127,130
2026-05-09,Dindoa,Noordenveld,16,13,2016,1970,0.581,0.056,0.363,19,17,4.9,-4.5,123,117
2026-05-09,Drachten,ASVD,16,16,1954,1786,0.733,0.048,0.219,19,15,-18.3,18.3,123,124
2026-05-09,EKVA,MIA,15,15,1614,1791,0.274,0.053,0.673,15,19,14.3,-13.7,125,122
2026-05-09,ESDO,Oosterkwartier (H),15,6,1304,1216,0.631,0.066,0.302,13,11,24.3,-23.3,131,128
2026-05-09,Emmeloord,Pallas '08,15,21,1467,1547,0.398,0.063,0.539,15,16,-20.4,20.4,126,126
2026-05-09,Exakwa,Rood Wit (W),18,12,1750,1677,0.616,0.056,0.328,18,16,14.0,-14.9,126,131
2026-05-09,Excelsior (D),KCR,18,17,1794,1938,0.315,0.055,0.630,16,19,14.8,-15.5,121,123
2026-05-09,Fiks,Valto,17,15,2023,2196,0.282,0.048,0.670,18,21,20.8,-23.2,121,128
2026-05-09,Flamingo's (B),De Granaet,15,15,1911,1678,0.799,0.041,0.160,19,13,-23.1,23.7,123,125
2026-05-09,Fluks (N),KIOS (N),9,19,1646,1804,0.296,0.056,0.648,15,18,-23.0,20.4,132,123
2026-05-09,Fortuna (D),PKC,20,20,2591,2496,0.650,0.047,0.303,23,20,-10.0,10.2,110,111
2026-05-09,Gemini,Erasmus,5,17,1224,1572,0.122,0.036,0.843,12,19,-12.1,10.4,137,126
2026-05-09,Good Luck,ADO,14,19,1410,1543,0.327,0.061,0.613,14,16,-12.1,13.0,126,131
2026-05-09,HHV,Thrianta,26,24,1522,1471,0.586,0.058,0.356,18,16,0.8,-0.8,124,122
2026-05-09,HKC (He),DOS-WK,12,16,1595,1793,0.251,0.050,0.699,15,19,-1.3,1.3,128,125
2026-05-09,HKC (U),Wesstar,24,19,1446,1279,0.731,0.052,0.217,17,12,4.4,-4.3,128,126
2026-05-09,HKV / Ons Eibernest,Refleks,19,15,1755,1802,0.447,0.060,0.493,16,17,17.4,-18.3,120,123
2026-05-09,Haarlem,RODA (W),20,15,1761,1581,0.744,0.051,0.204,16,12,3.6,-4.0,122,133
2026-05-09,Harich,Spannum,15,14,1616,1492,0.680,0.056,0.263,16,13,-9.8,9.5,123,122
2026-05-09,Hellas '63,Elburg,15,11,1596,1694,0.374,0.061,0.564,15,17,25.8,-25.3,129,127
2026-05-09,Hoogkerk,DTL,11,18,1726,1550,0.743,0.049,0.209,18,13,-44.9,67.4,123,151
2026-05-09,Huizen,Revival,10,12,1277,1418,0.313,0.068,0.620,11,13,-0.1,0.0,130,133
2026-05-09,Juliana,Vitesse (Ba),13,17,1812,1990,0.273,0.054,0.673,14,18,-3.4,3.4,123,123
2026-05-09,KCC,TOP (S),20,16,2193,2433,0.208,0.046,0.746,14,19,33.8,-33.8,118,118
2026-05-09,KIOS (R),Wit Blauw,20,18,2046,2088,0.457,0.053,0.490,20,21,8.8,-9.0,123,125
2026-05-09,KOAG,TOP (A),12,15,1887,2109,0.227,0.048,0.725,15,19,4.3,-4.5,121,124
2026-05-09,KVA,KVZ '23,14,16,2136,2107,0.556,0.057,0.387,19,17,-14.2,14.4,123,124
2026-05-09,KVW '22,Kinea / Udiros,17,20,1726,1872,0.310,0.060,0.630,14,16,-3.1,2.9,129,125
2026-05-09,KZ Danaiden,Dunas,12,11,1669,1554,0.669,0.057,0.275,17,13,-9.0,9.4,124,126
2026-05-09,KZ,Blauw Wit,29,22,2458,2362,0.649,0.051,0.300,20,17,11.5,-9.6,115,105
2026-05-09,Kesteren,DKB,6,7,1254,1262,0.497,0.069,0.434,14,13,-8.3,7.8,134,130
2026-05-09,Kinderdijk,Fortis,17,17,1979,1900,0.621,0.061,0.318,16,14,-10.5,10.1,123,121
2026-05-09,Korbis,Maassluis,26,15,1889,1901,0.499,0.054,0.447,21,20,35.3,-30.2,135,124
2026-05-09,Lemmer,De Hoeve,7,19,1019,1194,0.273,0.063,0.664,11,14,-26.5,22.5,135,124
2026-05-09,Luctor,Keep Fit '70,9,10,1151,1229,0.401,0.063,0.536,15,16,-0.1,0.1,130,130
2026-05-09,MN en W,WIK '34,19,12,1401,1014,0.902,0.028,0.070,16,8,-0.2,0.2,132,133
2026-05-09,Madjoe,Sporting West,9,16,1502,1580,0.400,0.065,0.535,14,15,-21.5,22.0,118,120
2026-05-09,Melynas,SIOS '61,20,8,1240,826,0.915,0.024,0.060,17,9,28.6,-28.3,264,262
2026-05-09,Merwede,Tilburg,10,18,1835,2038,0.247,0.049,0.704,15,20,-12.5,11.9,123,120
2026-05-09,Movado,Korbatjo,16,16,1591,1554,0.565,0.061,0.374,17,15,-6.8,6.7,125,125
2026-05-09,NIO,RWA,17,20,1656,1678,0.479,0.064,0.457,16,15,-14.8,15.8,125,130
2026-05-09,NKC '51,Juventa,21,12,1983,1795,0.756,0.044,0.200,20,15,11.3,-11.5,125,127
2026-05-09,NKV,Keizer Karel,12,20,1410,1434,0.477,0.064,0.458,16,15,-33.7,31.9,132,128
2026-05-09,Nic,CSL,20,14,2063,2007,0.593,0.055,0.352,20,17,14.0,-14.5,122,125
2026-05-09,Nieuwerkerk,Avanti (P),19,17,2168,2062,0.660,0.054,0.286,18,15,-4.2,4.3,126,128
2026-05-09,Nova,Animo (G),11,13,1684,1750,0.417,0.065,0.518,14,15,-6.2,6.2,126,126
2026-05-09,ODO (M),GKV,17,8,1488,1466,0.542,0.063,0.394,16,14,26.2,-25.8,123,122
2026-05-09,OJC '98,Viking,12,26,1289,1641,0.119,0.036,0.845,11,18,-12.4,13.0,131,135
2026-05-09,OKO,IFC '25,19,13,1945,1759,0.755,0.043,0.202,21,16,3.5,-3.5,127,126
2026-05-09,OKV,Apollo,8,7,1541,1500,0.569,0.064,0.367,15,13,-2.2,2.1,127,125
2026-05-09,ONDO (M),DVS '69,9,12,1734,1670,0.600,0.062,0.338,16,14,-22.5,24.4,122,127
2026-05-09,OVVO,Tweemaal Zes,15,12,2020,1899,0.678,0.054,0.268,18,14,-0.8,0.8,127,125
2026-05-09,Olympia '22,KCD,15,14,1114,1273,0.292,0.062,0.646,12,15,19.3,-19.2,131,131
2026-05-09,Olympia (S),Conventus,10,16,964,1089,0.336,0.065,0.599,12,14,-19.6,18.8,134,131
2026-05-09,Olympia (T),Joure,16,19,1336,1443,0.357,0.071,0.572,11,13,-9.0,8.0,131,123
2026-05-09,Oost Arnhem,Apeldoorn,19,15,2109,1944,0.733,0.044,0.223,22,17,-2.3,2.3,123,124
2026-05-09,Oranje Wit (D),Fiducia,21,20,2038,1780,0.823,0.034,0.143,22,15,-22.9,21.5,131,127
2026-05-09,Oranje Zwart (M),Springfield,9,8,1139,1117,0.537,0.074,0.389,12,11,0.5,-0.5,134,135
2026-05-09,Oranje Zwart,Amicitia (V),11,25,1456,1898,0.074,0.024,0.902,13,22,-6.5,6.9,124,127
2026-05-09,PSV,OEC,22,16,1383,1164,0.784,0.044,0.172,18,13,3.3,-3.3,126,128
2026-05-09,Phoenix (Z),De Meervogels,7,19,1554,1802,0.199,0.047,0.753,13,18,-16.4,16.5,126,126
2026-05-09,Quick '21 / Vlug en Vaardig (G),It Fean,14,21,1580,1600,0.484,0.061,0.455,18,17,-28.9,27.3,127,124
2026-05-09,Regio '72,TOP (V),19,17,1104,1107,0.506,0.068,0.426,15,14,7.6,-6.9,128,122
2026-05-09,Rivalen,Duko,17,9,1159,1433,0.173,0.053,0.774,9,13,66.2,-60.2,137,131
2026-05-09,Rohda (A),Pernix,16,19,1852,2023,0.282,0.054,0.664,15,18,0.2,-0.2,124,125
2026-05-09,SDO (S),WSS,24,10,1350,1251,0.651,0.053,0.295,19,16,25.1,-24.4,129,126
2026-05-09,SDO (V),Rust Roest (E),18,16,1778,1768,0.528,0.060,0.412,17,16,4.8,-4.7,124,123
2026-05-09,SDO (W),SEV (Z),15,14,1078,1094,0.483,0.076,0.441,12,11,4.3,-4.2,125,123
2026-05-09,SIOS / Leonidas,Noveas,24,19,1340,1214,0.684,0.054,0.262,17,14,7.0,-7.5,126,132
2026-05-09,SKF,Synergo,17,11,1931,1867,0.603,0.059,0.338,17,15,16.2,-16.9,130,133
2026-05-09,SKV (S),Triade,11,18,762,1317,0.038,0.017,0.944,8,17,4.8,-4.4,140,135
2026-05-09,Scheldevogels,Focus,13,13,943,1059,0.347,0.066,0.587,13,14,9.4,-9.2,133,131
2026-05-09,Seolto,Blauw Wit (K),12,20,1160,1426,0.181,0.049,0.770,11,16,-11.1,10.6,128,124
2026-05-09,Sparta (Ze),Leeuwarden,23,20,1512,1404,0.661,0.056,0.283,17,14,0.4,-0.4,123,125
2026-05-09,Spirit (Vo),LDODK,13,23,2214,2524,0.152,0.033,0.816,18,25,-7.1,5.3,129,108
2026-05-09,Sporting Delta,HKC (Ha),12,19,2019,2342,0.140,0.035,0.825,14,21,-1.4,1.3,125,109
2026-05-09,Sporting Trigon,VEO,17,17,1768,1958,0.259,0.053,0.688,14,18,14.3,-15.3,120,124
2026-05-09,Stadskanaal '74,Elko,18,26,1403,1574,0.285,0.047,0.668,19,23,-13.3,16.2,124,138
2026-05-09,Swift (M),GKV (G),22,14,2041,2085,0.450,0.060,0.490,16,17,29.1,-31.3,122,127
2026-05-09,Swift,Fortissimo,20,12,1791,1631,0.724,0.049,0.227,19,14,11.3,-12.0,121,125
2026-05-09,TOGO (G),Tjoba,13,21,1663,1838,0.278,0.053,0.669,15,18,-15.3,14.9,123,122
2026-05-09,Telstar,Reehorst '45,14,16,1868,1821,0.581,0.055,0.364,19,17,-16.5,16.5,126,127
2026-05-09,Tempo,KVS,9,27,2118,2155,0.462,0.058,0.480,17,18,-36.9,32.9,125,118
2026-05-09,Tiel '72,Noviomagum,24,14,1786,1819,0.471,0.049,0.480,23,24,36.5,-35.9,141,140
2026-05-09,Unitas,Mid Fryslân,17,21,2307,2256,0.588,0.054,0.358,20,18,-22.7,21.1,120,115
2026-05-09,VDDO,DOS Kampen,11,19,1507,1831,0.139,0.037,0.825,13,20,-4.7,5.0,122,126
2026-05-09,VIKO,KVS '17,11,10,1135,877,0.817,0.045,0.138,15,9,-20.2,25.4,129,144
2026-05-09,VZOD,Rapid (H),10,13,1384,1423,0.451,0.071,0.478,12,13,-15.3,15.0,129,128
2026-05-09,Velocitas (L),HBC (Be),16,15,1700,1462,0.801,0.044,0.155,17,11,-19.6,19.7,128,129
2026-05-09,Ventura Sport,OZC,10,19,1272,1513,0.205,0.050,0.745,12,17,-14.4,13.6,129,125
2026-05-09,Victum,Heerenveen,14,19,1878,1988,0.360,0.057,0.584,17,19,-11.8,11.8,121,121
2026-05-09,Vitesse (Be),Zunobri,27,7,1157,894,0.824,0.040,0.137,18,11,14.8,-23.4,130,169
2026-05-09,Voltreffers (O),Terda,17,9,1008,583,0.919,0.025,0.056,15,7,2.6,-3.4,129,186
2026-05-09,Vriendenschaar (H),ACKC,20,12,1877,1693,0.749,0.049,0.202,17,13,11.3,-11.2,126,125
2026-05-09,WION,Vriendenschaar (B),10,30,1454,1642,0.261,0.055,0.684,13,17,-24.4,22.7,129,124
2026-05-09,WK,EKC 2000,13,14,925,1029,0.362,0.070,0.569,12,13,2.4,-1.9,147,135
2026-05-09,WWC,De Wâlden,16,19,1650,1749,0.372,0.060,0.568,15,17,-7.3,6.4,131,122
2026-05-09,Westergo,Oerterp,12,13,1032,1138,0.361,0.067,0.573,13,14,2.5,-2.3,133,126
2026-05-09,Wez Handich,Ritola,20,22,1818,2000,0.272,0.046,0.682,19,23,6.8,-7.0,127,129
2026-05-09,Woudenberg,KVZ,16,18,1804,1881,0.406,0.057,0.537,18,19,-4.1,4.0,126,124
2026-05-09,ZKC '19,Sparta (Zw),21,16,1892,1899,0.502,0.063,0.435,16,15,18.0,-19.0,120,124
2026-05-09,Zuid '27,Nexus,15,6,1675,1421,0.819,0.036,0.146,21,14,7.9,-6.4,139,122
2026-05-09,Zwaluwen (Ze),ODIK,13,17,1556,1573,0.486,0.066,0.448,15,14,-19.7,20.0,124,125
2026-05-09,Zwart Wit,Rheko,26,15,1412,1293,0.671,0.062,0.267,14,11,23.2,-20.6,129,121
2026-05-10,Moedig Voorwaarts,Koru,14,10,929,1105,0.271,0.063,0.667,11,14,72.3,-49.9,198,164
2026-05-11,SF Deinum,Lemmer,3,3,816,992,0.268,0.069,0.662,9,11,18.7,-14.3,147,129
2026-05-12,Conventus,Olympia (S),8,10,1108,944,0.726,0.055,0.220,15,11,-29.0,30.2,126,128
2026-05-12,DLKV,Aladna / De Issel,11,11,905,414,0.941,0.022,0.037,12,4,-60.7,208.0,210,350
2026-05-12,Korbatjo,Movado,15,16,1561,1584,0.478,0.063,0.459,17,16,-5.0,5.0,120,120
2026-05-16,ACKC,Vriendenschaar (H),13,16,1681,1888,0.239,0.053,0.707,13,17,2.5,-2.5,123,123
2026-05-16,ADO,Good Luck,13,12,1556,1397,0.722,0.052,0.226,17,13,-13.5,12.6,127,123
2026-05-16,ASVD,Drachten,8,23,1804,1934,0.332,0.057,0.611,16,18,-25.9,25.7,122,121
2026-05-16,Aladna / De Issel,DLKV,14,11,621,844,0.216,0.069,0.715,7,10,153.5,-62.7,321,204
2026-05-16,Amicitia (V),Oranje Zwart,18,17,1905,1448,0.934,0.017,0.049,22,12,-31.5,29.6,128,124
2026-05-16,Animo (G),Nova,23,11,1755,1676,0.621,0.061,0.318,16,13,24.4,-24.3,122,122
2026-05-16,Apeldoorn,Oost Arnhem,22,14,1945,2106,0.296,0.050,0.655,18,21,39.0,-38.6,122,121
2026-05-16,Apollo,OKV,12,18,1500,1537,0.457,0.067,0.475,13,14,-24.0,24.8,121,123
2026-05-16,Avanti (P),Nieuwerkerk,17,19,2066,2164,0.375,0.059,0.566,16,17,-2.3,2.3,124,123
2026-05-16,BEP,De Vinken,9,16,1901,1907,0.505,0.059,0.436,18,17,-26.7,27.6,120,122
2026-05-16,Blauw Wit (K),Seolto,16,8,1436,1148,0.843,0.038,0.119,17,10,5.3,-5.5,122,126
2026-05-16,CSL,Nic,17,20,1992,2076,0.395,0.056,0.549,18,19,-6.8,6.5,121,119
2026-05-16,DKB,Kesteren,10,12,1269,1244,0.544,0.068,0.387,14,13,-15.9,16.8,126,129
2026-05-16,DKOD,Olympia '22,5,14,748,1133,0.099,0.035,0.867,9,16,-8.7,6.6,152,127
2026-05-16,DOS Kampen,VDDO,24,19,1836,1501,0.876,0.029,0.096,20,12,-7.7,7.2,125,121
2026-05-16,DOS-WK,HKC (He),22,11,1794,1592,0.769,0.044,0.187,20,14,13.2,-13.8,122,125
2026-05-16,DSC,DOT (O),18,10,2303,2014,0.847,0.030,0.123,24,16,1.2,-1.2,118,128
2026-05-16,DSO (A),Ados,11,13,1065,1271,0.237,0.061,0.702,10,13,6.4,-5.3,134,123
2026-05-16,DTL,Hoogkerk,12,11,1617,1680,0.421,0.063,0.516,15,16,10.6,-7.5,145,122
2026-05-16,DTS (S) / Harkema,De Waterpoort,23,9,1421,1100,0.867,0.031,0.102,19,12,10.0,-10.3,128,131
2026-05-16,DVO,DOS '46,21,17,2503,2450,0.592,0.050,0.358,22,20,5.0,-5.7,105,113
2026-05-16,DVS '69,ONDO (M),16,13,1693,1709,0.488,0.066,0.446,15,14,12.6,-11.8,123,119
2026-05-16,De Granaet,Flamingo's (B),16,15,1701,1887,0.263,0.054,0.683,14,18,19.5,-19.0,123,122
2026-05-16,De Meervogels,Phoenix (Z),19,13,1819,1536,0.840,0.036,0.125,19,12,-0.9,0.9,124,123
2026-05-16,De Parabool,De Pein,17,13,1841,1605,0.802,0.039,0.158,20,14,-6.1,5.8,124,122
2026-05-16,De Wâlden,WWC,19,9,1756,1642,0.669,0.054,0.277,18,14,18.0,-20.1,120,127
2026-05-16,DeetosSnel,Die Haghe,21,15,2368,2298,0.612,0.055,0.332,19,16,10.0,-13.9,105,125
2026-05-16,Diderna,Wiko,17,11,1005,428,0.963,0.013,0.023,15,6,-13.5,15.4,214,224
2026-05-16,Duko,Rivalen,18,14,1371,1225,0.701,0.062,0.236,13,10,4.7,-5.0,129,134
2026-05-16,Dunas,KZ Danaiden,12,12,1563,1659,0.375,0.063,0.562,14,16,6.4,-6.2,123,121
2026-05-16,EKC 2000,WK,15,8,1027,928,0.646,0.065,0.290,14,11,18.9,-21.3,131,140
2026-05-16,EKCA,Arena,8,11,1257,1267,0.495,0.068,0.437,14,13,-15.5,17.3,120,127
2026-05-16,Elko,Stadskanaal '74,28,12,1592,1390,0.772,0.038,0.190,24,18,18.1,-15.3,133,122
2026-05-16,Erasmus,Gemini,18,7,1582,1210,0.896,0.027,0.077,19,11,5.6,-6.4,125,135
2026-05-16,Fiducia,Oranje Wit (D),10,11,1801,2015,0.236,0.045,0.719,17,21,13.3,-14.0,126,129
2026-05-16,Focus,Scheldevogels,12,8,1050,952,0.644,0.063,0.293,15,12,7.3,-7.4,127,129
2026-05-16,Fortis,Kinderdijk,14,13,1910,1967,0.428,0.065,0.506,14,15,7.0,-7.2,118,120
2026-05-16,Fortissimo,Swift,19,24,1618,1802,0.267,0.053,0.680,15,18,-6.2,5.9,123,119
2026-05-16,Furore,Madjoe,12,9,1428,1479,0.435,0.072,0.494,12,13,17.2,-15.4,123,116
2026-05-16,GKV (G),Swift (M),11,12,2053,2070,0.489,0.060,0.451,18,17,-5.7,5.3,123,119
2026-05-16,GKV,ODO (M),13,17,1439,1514,0.405,0.064,0.531,14,15,-12.6,12.8,119,120
2026-05-16,Groen Geel,AW.DTV,18,12,2209,2310,0.372,0.057,0.571,17,19,26.5,-24.2,115,109
2026-05-16,HBC (Be),Velocitas (L),4,16,1481,1680,0.248,0.056,0.695,12,16,-21.1,21.0,127,126
2026-05-16,HKC (Ha),Sporting Delta,24,13,2343,2016,0.871,0.029,0.100,22,13,4.8,-6.0,110,124
2026-05-16,Hebbes,De Corvers,16,17,1345,1146,0.767,0.043,0.190,20,14,-28.0,24.9,130,123
2026-05-16,Heerenveen,Victum,20,17,1999,1865,0.695,0.050,0.255,19,16,-2.5,2.6,119,119
2026-05-16,Helios,DTS (E),13,9,1395,1273,0.674,0.064,0.262,13,10,5.8,-5.7,124,123
2026-05-16,Hemur Enge,SKV (S),10,25,687,766,0.389,0.082,0.528,9,10,-77.0,37.5,209,140
2026-05-16,IFC '25,OKO,25,15,1754,1948,0.256,0.049,0.695,16,20,47.8,-48.0,124,124
2026-05-16,It Fean,Quick '21 / Vlug en Vaardig (G),16,15,1628,1550,0.622,0.056,0.321,18,15,-5.7,6.0,120,123
2026-05-16,Juventa,NKC '51,13,15,1782,1994,0.237,0.048,0.715,15,20,8.3,-8.1,125,123
2026-05-16,KCD,SDO (W),11,14,1254,1082,0.732,0.057,0.211,14,10,-36.6,33.3,127,121
2026-05-16,KCR,Excelsior (D),21,18,1922,1808,0.669,0.053,0.278,19,15,-0.8,0.7,121,118
2026-05-16,KIA,Meko '74,7,12,1030,995,0.555,0.073,0.371,12,11,-58.3,60.7,187,191
2026-05-16,KIOS (N),Fluks (N),21,17,1824,1621,0.770,0.045,0.185,19,13,-3.1,3.6,121,128
2026-05-16,KVK,Atlas,15,16,1461,1696,0.212,0.049,0.740,13,18,14.7,-14.4,126,125
2026-05-16,KVS '17,SkunK,7,18,902,1353,0.069,0.026,0.905,9,17,-6.8,6.0,141,130
2026-05-16,KVS,Tempo,19,17,2188,2079,0.665,0.051,0.284,20,16,-4.3,4.8,115,121
2026-05-16,KVZ '23,KVA,16,20,2121,2120,0.515,0.058,0.427,18,17,-18.6,18.4,120,120
2026-05-16,KVZ,Woudenberg,14,16,1884,1800,0.633,0.054,0.314,19,17,-18.8,19.5,120,123
2026-05-16,Keep Fit '70,Luctor,14,13,1228,1150,0.621,0.060,0.319,16,14,-5.9,5.9,126,126
2026-05-16,Keizer Karel,NKV,21,11,1466,1375,0.638,0.059,0.304,17,14,21.7,-22.7,124,127
2026-05-16,Kinea / Udiros,KVW '22,20,14,1874,1722,0.714,0.053,0.233,17,13,8.0,-8.3,122,125
2026-05-16,Koveni,DOS (W),14,14,1090,1042,0.569,0.082,0.348,9,7,-7.9,8.3,126,129
2026-05-16,LDODK,Spirit (Vo),30,13,2529,2206,0.871,0.026,0.103,26,17,7.2,-9.7,108,128
2026-05-16,Leeuwarden,Sparta (Ze),16,21,1404,1514,0.359,0.060,0.581,15,17,-13.0,12.7,122,120
2026-05-16,Lintjo,DTG,14,10,1348,1332,0.533,0.067,0.400,14,13,14.9,-13.9,127,123
2026-05-16,Luno,Badhoevedorp,17,17,1491,1454,0.559,0.074,0.367,12,10,-6.4,6.6,121,123
2026-05-16,MIA,EKVA,22,14,1777,1628,0.712,0.050,0.238,19,15,11.8,-12.2,120,122
2026-05-16,Maassluis,Korbis,23,16,1870,1925,0.438,0.054,0.508,19,20,25.6,-29.3,121,130
2026-05-16,Mid Fryslân,Unitas,22,21,2276,2283,0.506,0.056,0.438,20,19,1.5,-1.6,113,117
2026-05-16,NRC '22,De Meeuwen,12,20,1805,2067,0.187,0.044,0.769,14,19,-9.2,8.5,127,122
2026-05-16,Nexus,Zuid '27,6,10,1413,1682,0.182,0.042,0.777,14,20,4.1,-5.5,121,136
2026-05-16,Noordenveld,Dindoa,22,22,1964,2020,0.434,0.058,0.508,17,18,2.3,-2.5,115,120
2026-05-16,Noveas,SIOS / Leonidas,15,16,1206,1348,0.316,0.058,0.625,14,17,6.5,-6.0,128,123
2026-05-16,Noviomagum,Tiel '72,17,16,1782,1823,0.461,0.049,0.490,22,23,5.3,-5.4,134,135
2026-05-16,OEC,PSV,18,11,1161,1386,0.221,0.050,0.729,13,18,47.4,-46.0,126,124
2026-05-16,ONDO (G),Achilles (H),15,14,2037,2002,0.563,0.060,0.378,17,16,-1.8,1.9,120,122
2026-05-16,OZC,Ventura Sport,10,11,1527,1257,0.829,0.039,0.132,18,11,-30.2,32.1,123,126
2026-05-16,Oosterkwartier (H),ESDO,15,9,1191,1328,0.317,0.068,0.615,11,13,37.7,-39.4,124,127
2026-05-16,PKC,Fortuna (D),13,12,2505,2581,0.410,0.052,0.538,21,22,6.8,-6.7,110,109
2026-05-16,Paal Centraal,Dijkvogels,17,18,1434,1492,0.427,0.066,0.507,14,15,-2.2,2.1,126,123
2026-05-16,Pallas '08,Emmeloord,15,14,1567,1446,0.677,0.055,0.267,17,14,-9.5,9.5,122,122
2026-05-16,Pernix,Rohda (A),12,12,2023,1852,0.737,0.048,0.216,19,14,-18.2,17.9,122,121
2026-05-16,RDZ,DWS (K),10,16,1224,1492,0.177,0.054,0.769,9,13,-6.8,7.0,122,124
2026-05-16,RODA (W),Haarlem,10,19,1577,1765,0.259,0.058,0.683,12,16,-19.4,17.0,130,121
2026-05-16,ROG,DWA / Argo,14,11,1564,1269,0.849,0.035,0.116,18,11,-12.1,13.2,122,127
2026-05-16,RWA,NIO,14,12,1694,1640,0.588,0.061,0.351,16,14,1.2,-1.1,125,122
2026-05-16,Rapid (H),VZOD,9,13,1438,1367,0.607,0.067,0.326,13,11,-29.5,30.0,124,125
2026-05-16,Reehorst '45,Telstar,20,18,1837,1850,0.496,0.058,0.446,19,18,6.7,-6.6,123,123
2026-05-16,Reeuwijk,IJsselvogels,16,18,1650,1716,0.417,0.064,0.519,15,16,-6.3,6.2,129,127
2026-05-16,Refleks,HKV / Ons Eibernest,10,15,1783,1772,0.528,0.060,0.412,18,17,-23.3,22.2,120,117
2026-05-16,Revival,Huizen,17,10,1417,1276,0.697,0.061,0.241,13,10,15.3,-14.7,129,126
2026-05-16,Rheko,Zwart Wit,13,18,1272,1436,0.285,0.063,0.652,12,14,-9.8,10.8,119,126
2026-05-16,Ritola,Wez Handich,19,15,1993,1825,0.737,0.042,0.221,23,18,-3.1,3.0,125,124
2026-05-16,Rood Wit (W),Exakwa,10,10,1661,1763,0.368,0.058,0.573,16,18,7.4,-7.0,127,123
2026-05-16,Rust Roest (E),SDO (V),13,12,1762,1782,0.484,0.061,0.455,18,17,3.3,-3.3,119,121
2026-05-16,SCO,AVO,12,16,2036,2011,0.549,0.059,0.392,18,17,-21.0,20.7,120,119
2026-05-16,SDO (K),Antilopen,18,18,1831,1941,0.357,0.061,0.581,15,16,7.5,-8.0,122,125
2026-05-16,SIOS '61,Melynas,11,17,796,1269,0.061,0.025,0.914,9,17,5.5,-5.8,246,248
2026-05-16,Spannum,Harich,6,14,1501,1606,0.363,0.064,0.574,14,15,-21.6,22.0,120,121
2026-05-16,Sparta (N),Devinco,16,15,1604,1626,0.481,0.063,0.456,17,16,3.7,-4.2,121,130
2026-05-16,Sparta (Zw),ZKC '19,12,12,1879,1910,0.467,0.064,0.469,14,15,0.0,-0.0,120,117
2026-05-16,Stormvogels (U),Aurora / DKV (IJ),18,16,1102,1267,0.282,0.068,0.649,10,12,24.6,-24.8,125,126
2026-05-16,Synergo,SKF,15,17,1849,1947,0.373,0.061,0.566,15,17,-2.7,2.6,128,126
2026-05-16,TOP (A),KOAG,15,14,2103,1890,0.780,0.043,0.177,19,14,-16.8,16.1,122,119
2026-05-16,TOP (S),KCC,20,10,2398,2227,0.737,0.047,0.216,19,14,12.9,-12.9,117,117
2026-05-16,Terda,Voltreffers (O),13,16,579,1011,0.075,0.031,0.893,8,15,28.6,-13.2,182,130
2026-05-16,Thrianta,HHV,15,12,1471,1524,0.438,0.059,0.502,17,18,14.2,-14.4,120,121
2026-05-16,Tilburg,Merwede,18,14,2050,1821,0.795,0.040,0.165,20,14,-5.2,5.5,118,121
2026-05-16,Tjoba,TOGO (G),27,16,1853,1647,0.774,0.043,0.183,19,14,12.4,-12.7,119,121
2026-05-16,Trekvogels (R),Albatros,15,22,1730,2036,0.153,0.035,0.812,16,23,-1.6,1.6,124,121
2026-05-16,Triade,VIKO,14,9,1313,1114,0.765,0.048,0.188,17,12,2.0,-1.9,136,128
2026-05-16,Tweemaal Zes,OVVO,12,21,1898,2018,0.344,0.060,0.596,15,17,-22.3,22.8,122,124
2026-05-16,Twist,ALO,11,18,1498,1754,0.189,0.050,0.761,11,16,-8.9,8.2,126,120
2026-05-16,VEO,Sporting Trigon,16,6,1942,1782,0.724,0.050,0.226,18,14,15.0,-14.3,121,118
2026-05-16,Valto,Fiks,14,13,2172,2043,0.690,0.048,0.262,21,17,-11.1,10.1,124,119
2026-05-16,Viking,OJC '98,24,14,1655,1276,0.900,0.026,0.074,19,10,4.8,-4.6,133,130
2026-05-16,Vitesse (Ba),Juliana,18,11,1993,1808,0.751,0.047,0.201,18,13,7.5,-7.6,120,121
2026-05-16,Vriendenschaar (B),WION,27,19,1666,1428,0.802,0.042,0.156,18,12,7.0,-7.4,122,126
2026-05-16,WIK '34,Westergo,9,14,1014,1034,0.476,0.075,0.449,12,11,-28.5,26.5,133,128
2026-05-16,WSS,SDO (S),13,20,1226,1376,0.307,0.054,0.639,16,19,-14.5,14.9,123,125
2026-05-16,Wageningen,Dalto,14,25,2251,2327,0.405,0.057,0.538,18,19,-25.9,24.8,117,115
2026-05-16,Weidevogels,DES (De),14,22,1676,1876,0.248,0.054,0.698,13,17,-14.5,14.5,125,125
2026-05-16,Wesstar,HKC (U),14,16,1275,1452,0.273,0.057,0.669,13,16,4.3,-4.4,124,125
2026-05-16,Wit Blauw,KIOS (R),17,28,2078,2054,0.551,0.052,0.397,21,20,-35.8,35.1,121,120
2026-05-16,Wolderwijd,Achilles (A) / AKC,13,12,1462,1440,0.543,0.064,0.393,15,14,-0.4,0.3,133,125
2026-05-16,Zaamslag,DSO (K),19,15,1416,1534,0.348,0.058,0.594,15,17,30.8,-24.2,137,121
2026-05-16,Zunobri,Vitesse (Be),13,19,869,1173,0.151,0.042,0.807,12,17,-3.6,3.0,162,129
2026-05-17,Blauw Wit,KZ,14,20,2352,2471,0.349,0.053,0.598,18,20,-10.1,11.8,105,114
2026-05-17,Koru,Moedig Voorwaarts,14,14,1054,1001,0.583,0.069,0.347,13,11,-10.9,14.9,156,181
2026-05-18,SF Deinum,WIK '34,7,11,833,985,0.293,0.080,0.627,7,9,-14.4,11.9,140,126
2026-05-18,SkunK,Attila,16,10,1359,1121,0.802,0.043,0.154,17,12,2.8,-2.9,128,131
2026-05-19,Het Bosch,SGV,3,8,729,648,0.614,0.079,0.306,10,8,-148.9,48.1,301,165
2026-05-19,KZ,TOP (S),18,21,2482,2411,0.616,0.053,0.331,20,18,-18.0,19.4,110,114
2026-05-20,Sporting West,Atlantis,20,11,1602,1585,0.536,0.062,0.403,17,15,24.7,-26.2,119,122
2026-05-21,Aurora / DKV (IJ),DSO (A),21,11,1243,1071,0.732,0.058,0.210,14,10,16.4,-18.4,122,130
2026-05-21,DTS (S) / Harkema,Olympia (T),12,10,1433,1328,0.656,0.059,0.285,16,13,-3.4,3.5,127,129
2026-05-21,KCC,Blauw Wit,18,15,2212,2341,0.334,0.057,0.609,16,18,20.3,-16.2,115,103
2026-05-21,KCD,DKOD,22,8,1217,739,0.939,0.019,0.042,16,7,4.8,-6.5,124,148
2026-05-21,Nikantes,'t Capproen,12,16,827,1241,0.085,0.031,0.885,9,17,13.0,-11.1,146,136
2026-05-23,Avanti (P),Fiks,15,14,2063,2052,0.531,0.055,0.413,20,19,0.0,-0.0,121,117
2026-05-23,Dalto,DVO,20,22,2353,2508,0.305,0.049,0.647,19,22,3.7,-3.1,113,104
2026-05-23,DeetosSnel,Fortuna (D),10,20,2378,2573,0.256,0.048,0.696,17,21,-11.8,12.4,105,107
2026-05-23,Die Haghe,PKC,15,22,2283,2511,0.222,0.044,0.734,17,22,-6.6,5.5,121,108
2026-05-23,Elburg,Hellas '63,12,14,1667,1622,0.577,0.061,0.362,16,15,-17.4,17.7,127,128
2026-05-23,GKV (G),Sporting Delta,19,18,2046,2010,0.564,0.061,0.375,17,15,-1.8,1.9,120,124
2026-05-23,Joure,Olympia (T),10,14,1452,1330,0.673,0.063,0.264,13,11,-34.1,34.4,123,123
2026-05-23,KIOS (R),CSL,16,15,2091,1985,0.662,0.048,0.289,22,18,-8.3,8.5,117,118
2026-05-23,LDODK,Unitas,22,14,2537,2282,0.821,0.033,0.146,24,16,2.4,-2.5,109,115
2026-05-23,Nieuwerkerk,Valto,16,15,2166,2160,0.521,0.061,0.417,17,16,0.9,-0.9,120,122
2026-05-23,SKF,Groen Geel,18,23,1950,2236,0.167,0.040,0.793,14,20,1.9,-1.5,122,113
2026-05-23,Spirit (Vo),Mid Fryslân,16,10,2195,2278,0.398,0.053,0.549,20,21,28.5,-22.1,127,111
2026-05-23,Swift (M),HKC (Ha),12,16,2074,2348,0.178,0.040,0.782,16,21,5.0,-4.5,116,111
2026-05-23,Synergo,AW.DTV,5,17,1846,2285,0.075,0.024,0.900,12,21,-5.3,4.2,124,108
2026-05-23,Wageningen,DOS '46,17,25,2224,2444,0.229,0.045,0.725,16,21,-9.1,8.6,115,111
2026-05-23,Wit Blauw,Nic,12,22,2042,2083,0.457,0.057,0.487,18,19,-27.8,27.1,118,116
2026-05-24,Maastricht,Mariarade,23,2,1117,509,0.969,0.011,0.020,15,5,4.8,-7.3,152,205
2026-05-26,IJsselvogels,Reeuwijk,12,12,1723,1644,0.621,0.060,0.319,16,14,-10.7,10.9,125,126
2026-05-26,Wiko,Diderna,13,20,444,993,0.039,0.019,0.942,7,16,3.1,-2.4,220,211
2026-05-27,Springfield,Oranje Zwart (M),11,12,1116,1139,0.473,0.076,0.451,12,11,-7.3,7.2,135,134
2026-05-30,ACKC,RWA,14,7,1683,1695,0.493,0.066,0.441,15,14,25.9,-26.4,124,125
2026-05-30,ADO,Korbatjo,12,13,1543,1555,0.492,0.066,0.442,15,14,-6.9,6.4,127,122
2026-05-30,AVO,Wez Handich,21,21,2031,1828,0.773,0.041,0.186,21,15,-19.7,21.7,119,125
2026-05-30,Achilles (A) / AKC,Exakwa,11,22,1440,1756,0.143,0.038,0.818,13,19,-10.5,10.3,124,123
2026-05-30,Achilles (H),Albatros,16,10,2003,2039,0.464,0.058,0.478,17,18,22.7,-23.0,122,123
2026-05-30,Amicitia (V),DOS-WK,17,12,1874,1808,0.607,0.057,0.337,18,16,12.3,-11.1,131,124
2026-05-30,Animo (G),SDO (K),17,16,1781,1839,0.429,0.063,0.509,15,16,7.3,-7.2,123,122
2026-05-30,Apeldoorn,NRC '22,24,17,1985,1796,0.757,0.043,0.200,21,16,6.0,-6.4,122,128
2026-05-30,Arena,Rivalen,17,15,1284,1221,0.594,0.073,0.333,12,10,2.2,-2.4,126,133
2026-05-30,Atlantis,Furore,21,11,1558,1444,0.666,0.059,0.275,15,12,19.3,-19.9,121,123
2026-05-30,Atlas,DSO (K),10,12,1682,1510,0.737,0.050,0.213,17,13,-29.5,27.3,126,121
2026-05-30,Attila,Hemur Enge,26,7,1117,611,0.947,0.018,0.035,15,6,5.4,-9.6,131,187
2026-05-30,Aurora / DKV (IJ),Ados,11,10,1260,1266,0.499,0.074,0.427,12,11,2.9,-3.0,121,124
2026-05-30,Avanti (P),Valto,15,22,2063,2158,0.378,0.059,0.563,16,18,-18.3,18.6,118,119
2026-05-30,Conventus,Nikantes,21,10,1078,840,0.801,0.045,0.155,16,11,13.5,-16.8,128,145
2026-05-30,DES (De),Phoenix (Z),22,11,1891,1537,0.887,0.028,0.085,19,11,6.0,-6.0,125,125
2026-05-30,DKV Victoria,Luno,15,10,1527,1486,0.566,0.071,0.364,13,11,17.6,-16.3,127,122
2026-05-30,DOT (O),Oranje Wit (D),18,18,2012,2000,0.535,0.050,0.415,23,22,-4.5,4.4,130,129
2026-05-30,DSC,Fiducia,23,9,2304,1813,0.944,0.016,0.040,21,10,3.4,-3.7,121,126
2026-05-30,DTL,Kinea / Udiros,12,24,1627,1883,0.192,0.046,0.762,13,18,-19.3,15.1,140,123
2026-05-30,DTS (E),OKV,9,15,1267,1563,0.157,0.044,0.799,11,17,-3.1,3.0,124,123
2026-05-30,DTS (S) / Harkema,Joure,9,10,1429,1417,0.530,0.062,0.408,16,15,-9.0,8.4,125,120
2026-05-30,Dalto,DOS '46,20,25,2357,2453,0.380,0.053,0.567,19,21,-10.1,10.0,111,110
2026-05-30,De Granaet,IFC '25,16,21,1720,1803,0.395,0.060,0.545,16,17,-15.4,15.6,124,125
2026-05-30,De Parabool,De Wâlden,17,18,1835,1774,0.597,0.060,0.343,17,15,-13.9,12.8,125,120
2026-05-30,De Pein,WWC,22,12,1610,1621,0.498,0.061,0.442,17,16,30.2,-31.7,123,127
2026-05-30,De Waterpoort,Olympia (T),9,14,1090,1365,0.171,0.052,0.777,9,14,-3.3,2.9,132,121
2026-05-30,DeetosSnel,PKC,15,17,2364,2516,0.306,0.052,0.642,17,20,2.6,-2.8,104,108
2026-05-30,Die Haghe,Fortuna (D),15,21,2276,2584,0.151,0.035,0.815,16,23,1.8,-1.3,119,107
2026-05-30,Dijkvogels,Gemini,15,13,1495,1203,0.844,0.040,0.116,15,9,-15.3,19.5,123,137
2026-05-30,Dindoa,Victum,14,9,2019,1868,0.715,0.048,0.238,20,16,3.0,-3.0,120,120
2026-05-30,EKCA,Duko,15,19,1241,1376,0.321,0.063,0.615,13,15,-8.1,9.2,120,129
2026-05-30,EKVA,Swift,14,19,1615,1809,0.255,0.052,0.693,15,18,-5.4,5.2,123,120
2026-05-30,Elburg,DOS Kampen,17,27,1649,1829,0.270,0.054,0.676,14,18,-18.5,19.8,123,128
2026-05-30,Elko,Thrianta,13,16,1612,1486,0.688,0.046,0.267,23,18,-30.5,24.6,133,120
2026-05-30,Flamingo's (B),OKO,10,14,1868,1900,0.467,0.059,0.473,16,17,-16.1,16.6,123,125
2026-05-30,Fluks (N),Velocitas (L),10,8,1625,1701,0.402,0.064,0.533,14,15,14.9,-14.5,128,126
2026-05-30,GKV (G),HKC (Ha),14,21,2044,2343,0.157,0.038,0.805,15,21,-2.6,2.4,117,110
2026-05-30,Good Luck,Movado,12,21,1410,1589,0.270,0.055,0.675,14,17,-17.5,16.9,124,122
2026-05-30,HKC (U),Devinco,16,15,1448,1622,0.277,0.055,0.668,14,18,18.7,-19.7,125,128
2026-05-30,HKV / Ons Eibernest,Sporting Trigon,15,16,1794,1766,0.552,0.061,0.387,17,15,-9.5,9.8,117,119
2026-05-30,Haarlem,De Vinken,11,15,1783,1935,0.304,0.055,0.641,15,18,-5.0,5.0,121,121
2026-05-30,Harich,Emmeloord,17,16,1628,1455,0.736,0.051,0.213,17,12,-13.2,13.7,121,123
2026-05-30,Hebbes,Koveni,18,11,1317,1083,0.797,0.045,0.157,16,11,7.1,-6.7,131,126
2026-05-30,Helios,Apollo,9,17,1401,1476,0.399,0.073,0.527,11,12,-28.0,26.6,125,121
2026-05-30,Hellas '63,VDDO,23,12,1639,1509,0.687,0.054,0.259,18,14,19.4,-19.4,124,124
2026-05-30,Hoogkerk,KVW '22,10,14,1672,1713,0.451,0.066,0.483,14,15,-16.6,17.5,122,125
2026-05-30,Huizen,DWS (K),6,9,1261,1499,0.204,0.058,0.739,9,13,2.9,-2.9,126,125
2026-05-30,IJsselvogels,ALO,17,16,1711,1763,0.436,0.064,0.499,14,15,6.6,-6.7,120,121
2026-05-30,It Fean,Leeuwarden,16,9,1622,1392,0.795,0.043,0.162,18,12,5.1,-5.1,121,121
2026-05-30,Juliana,Merwede,15,16,1799,1827,0.473,0.063,0.464,17,16,-4.8,4.9,122,123
2026-05-30,Juventa,Reehorst '45,14,17,1790,1845,0.437,0.056,0.507,18,19,-10.0,9.6,125,123
2026-05-30,KCC,KZ,12,15,2232,2464,0.217,0.046,0.738,15,20,5.1,-4.7,114,110
2026-05-30,KIOS (N),HBC (Be),20,10,1822,1459,0.891,0.027,0.081,19,11,4.4,-4.7,122,127
2026-05-30,KIOS (R),Nic,12,17,2082,2111,0.475,0.054,0.470,21,20,-16.7,16.3,115,114
2026-05-30,KOAG,Kinderdijk,14,17,1906,1960,0.435,0.062,0.503,15,16,-10.6,10.4,121,120
2026-05-30,KVK,Zaamslag,14,12,1476,1447,0.554,0.059,0.387,18,16,3.2,-3.5,127,134
2026-05-30,KVS,Tweemaal Zes,23,15,2184,1875,0.859,0.031,0.109,21,13,2.0,-2.1,117,122
2026-05-30,Keep Fit '70,Blauw Wit (K),16,16,1222,1442,0.226,0.053,0.721,13,17,18.1,-17.9,125,125
2026-05-30,Keizer Karel,Viking,16,21,1489,1661,0.280,0.053,0.667,15,19,-7.2,8.4,124,136
2026-05-30,Korbis,Excelsior (D),20,17,1895,1809,0.635,0.051,0.313,21,18,1.0,-0.9,128,119
2026-05-30,Luctor,Seolto,16,15,1156,1142,0.529,0.068,0.403,14,13,0.8,-0.8,125,128
2026-05-30,MN en W,Lemmer,19,5,1401,976,0.920,0.022,0.057,18,9,7.1,-6.5,138,131
2026-05-30,Maassluis,KCR,20,21,1897,1922,0.478,0.059,0.463,19,18,-4.6,4.7,121,121
2026-05-30,Madjoe,Badhoevedorp,11,9,1463,1461,0.509,0.072,0.419,13,12,6.6,-7.3,117,123
2026-05-30,Mariarade,Maastricht,3,19,500,1123,0.026,0.013,0.961,5,16,-8.6,5.7,202,153
2026-05-30,NKC '51,Telstar,22,14,1986,1844,0.703,0.051,0.246,18,14,13.4,-13.1,124,123
2026-05-30,NKV,OJC '98,10,13,1352,1271,0.621,0.064,0.314,14,12,-26.4,29.0,126,133
2026-05-30,Nexus,Vriendenschaar (B),12,16,1416,1675,0.188,0.049,0.763,11,16,1.6,-1.6,123,124
2026-05-30,Nieuwerkerk,Fiks,15,15,2166,2051,0.672,0.051,0.278,20,16,-12.8,12.2,117,115
2026-05-30,Noordenveld,Heerenveen,13,17,1967,1997,0.470,0.059,0.471,16,17,-14.8,15.7,116,120
2026-05-30,Nova,Antilopen,11,18,1651,1933,0.168,0.046,0.786,11,17,-6.5,6.7,122,124
2026-05-30,Noveas,Lintjo,12,16,1214,1363,0.306,0.057,0.637,15,17,-6.2,6.1,128,126
2026-05-30,ODIK,KVZ,12,26,1593,1865,0.177,0.046,0.777,12,17,-16.4,14.8,127,121
2026-05-30,ODO (M),KZ Danaiden,8,15,1527,1652,0.332,0.071,0.598,11,12,-19.7,20.1,120,121
2026-05-30,OEC,DKB,15,18,1209,1252,0.448,0.068,0.485,13,14,-13.6,13.4,126,125
2026-05-30,ONDO (G),Trekvogels (R),14,14,2034,1729,0.857,0.031,0.112,21,14,-26.4,28.7,120,125
2026-05-30,Oerterp,SF Deinum,15,5,1136,818,0.860,0.040,0.100,13,7,9.4,-10.6,128,137
2026-05-30,Olympia (S),'t Capproen,18,17,974,1230,0.189,0.052,0.759,10,15,27.9,-30.8,130,136
2026-05-30,Ons Clubje,KIOS '45,19,6,821,768,0.578,0.079,0.343,10,9,65.6,-63.6,205,202
2026-05-30,Oost Arnhem,De Meeuwen,11,18,2067,2076,0.500,0.060,0.441,18,17,-27.2,28.0,121,123
2026-05-30,Oranje Zwart (M),Ventura Sport,13,13,1146,1289,0.309,0.070,0.622,10,12,11.4,-11.5,127,128
2026-05-30,Oranje Zwart,HKC (He),13,18,1479,1578,0.372,0.059,0.569,16,17,-14.6,14.2,128,126
2026-05-30,PSV,Kesteren,14,9,1340,1261,0.622,0.062,0.317,15,13,11.7,-12.3,124,128
2026-05-30,Paal Centraal,Erasmus,15,17,1432,1588,0.300,0.055,0.645,15,18,3.1,-3.3,125,129
2026-05-30,Pernix,KVZ '23,17,20,2004,2102,0.375,0.057,0.568,17,18,-6.0,5.8,123,120
2026-05-30,Quick '21 / Vlug en Vaardig (G),Sparta (Ze),17,20,1556,1527,0.555,0.059,0.387,18,16,-18.6,17.8,123,120
2026-05-30,RODA (W),BEP,12,18,1557,1873,0.141,0.041,0.817,11,17,-1.8,1.7,129,119
2026-05-30,Rapid (H),Oosterkwartier (H),18,12,1407,1229,0.739,0.057,0.204,13,10,8.9,-8.9,124,124
2026-05-30,Reeuwijk,Twist,18,11,1654,1488,0.727,0.054,0.218,16,12,10.7,-11.5,122,127
2026-05-30,Refleks,VEO,12,19,1759,1957,0.249,0.052,0.699,14,18,-10.6,10.9,120,122
2026-05-30,Regio '72,KCD,12,17,1113,1223,0.354,0.066,0.580,13,14,-16.3,15.5,130,126
2026-05-30,Revival,RDZ,10,9,1433,1217,0.779,0.051,0.170,14,9,-17.7,16.3,129,124
2026-05-30,Rheko,Roreko,11,10,1262,1175,0.630,0.065,0.305,14,11,-5.6,6.8,120,131
2026-05-30,Rohda (A),KVA,15,19,1869,2139,0.180,0.044,0.777,14,19,3.8,-3.7,122,120
2026-05-30,Rust Roest (E),Noviomagum,14,16,1765,1788,0.482,0.057,0.461,19,18,-8.4,10.1,119,132
2026-05-30,SCO,Ritola,21,17,2014,1990,0.549,0.055,0.396,20,18,9.8,-10.8,120,126
2026-05-30,SDO (S),DWA / Argo,15,10,1393,1282,0.665,0.054,0.282,18,15,7.5,-7.9,125,129
2026-05-30,SDO (V),Tiel '72,14,24,1778,1818,0.460,0.053,0.486,20,21,-27.9,33.4,121,133
2026-05-30,SDO (W),Olympia '22,10,10,1116,1140,0.473,0.072,0.455,13,12,-0.6,0.7,123,130
2026-05-30,SIOS / Leonidas,DTG,17,7,1343,1318,0.544,0.069,0.387,13,12,28.7,-28.4,123,123
2026-05-30,SKF,AW.DTV,13,18,1951,2288,0.129,0.035,0.836,13,20,4.9,-3.8,121,109
2026-05-30,SkunK,Triade,13,16,1363,1315,0.579,0.060,0.360,17,15,-22.4,24.8,129,136
2026-05-30,Spannum,Pallas '08,14,14,1478,1558,0.397,0.065,0.539,14,15,4.7,-4.9,120,123
2026-05-30,Sparta (Zw),ASVD,13,15,1879,1777,0.651,0.059,0.290,16,13,-21.3,21.8,120,122
2026-05-30,Spirit (Vo),Unitas,9,15,2223,2278,0.435,0.057,0.507,18,19,-20.1,17.6,123,115
2026-05-30,Springfield,OZC,8,16,1108,1496,0.097,0.033,0.870,10,17,-3.6,3.4,128,124
2026-05-30,Stadskanaal '74,HHV,13,25,1374,1509,0.326,0.056,0.618,16,18,-24.3,23.3,123,121
2026-05-30,Stormvogels (U),DSO (A),11,4,1128,1052,0.612,0.071,0.318,12,10,20.6,-21.4,125,128
2026-05-30,Swift (M),Sporting Delta,15,10,2078,2012,0.606,0.058,0.336,17,15,10.1,-11.0,115,121
2026-05-30,Synergo,Groen Geel,14,19,1839,2235,0.094,0.029,0.876,12,20,7.7,-6.1,124,112
2026-05-30,TOGO (G),ONDO (M),9,20,1634,1697,0.421,0.064,0.515,15,16,-30.4,28.9,122,119
2026-05-30,TOP (A),Fortis,5,9,2086,1916,0.733,0.052,0.216,17,12,-37.1,34.3,123,118
2026-05-30,TOP (S),Blauw Wit,14,18,2430,2323,0.661,0.052,0.287,19,16,-26.2,21.5,114,103
2026-05-30,TOP (V),DKOD,17,10,1101,732,0.893,0.030,0.078,16,9,0.6,-0.2,124,148
2026-05-30,Tempo,OVVO,15,17,2084,2042,0.572,0.059,0.369,17,16,-15.5,16.0,122,123
2026-05-30,Terda,Focus,9,26,608,1057,0.069,0.028,0.903,8,16,-15.0,8.4,178,127
2026-05-30,Tjoba,DVS '69,15,12,1867,1706,0.724,0.051,0.226,18,13,-3.8,3.9,121,123
2026-05-30,VIKO,SKV (S),11,8,1112,806,0.852,0.040,0.108,14,8,-11.3,13.3,129,138
2026-05-30,VZOD,ESDO,16,18,1397,1288,0.657,0.064,0.279,14,11,-24.1,24.8,125,127
2026-05-30,Vitesse (Ba),Tilburg,16,19,2000,2044,0.449,0.061,0.490,16,17,-11.3,11.1,121,120
2026-05-30,Vitesse (Be),WK,18,13,1178,906,0.829,0.041,0.130,16,10,-1.6,1.9,130,137
2026-05-30,Voltreffers (O),Scheldevogels,12,11,999,944,0.584,0.069,0.347,13,11,-3.2,3.0,133,128
2026-05-30,Vriendenschaar (H),NIO,12,10,1886,1639,0.810,0.041,0.149,18,12,-14.5,14.0,124,122
2026-05-30,WSS,ROG,14,33,1211,1552,0.125,0.037,0.838,12,18,-12.2,12.4,123,124
2026-05-30,Wageningen,DVO,15,32,2214,2504,0.164,0.037,0.798,16,22,-12.4,10.5,114,104
2026-05-30,Weidevogels,De Meervogels,17,21,1662,1818,0.297,0.058,0.645,14,17,-5.9,6.0,125,126
2026-05-30,Westergo,De Hoeve,9,13,1061,1217,0.294,0.065,0.640,11,14,-8.1,8.0,127,127
2026-05-30,Wit Blauw,CSL,17,22,2013,1993,0.544,0.056,0.400,19,18,-21.8,22.2,115,116
2026-05-30,Wolderwijd,Rood Wit (W),11,13,1461,1667,0.240,0.053,0.707,13,17,7.7,-7.1,131,126
2026-05-30,ZKC '19,Drachten,11,14,1909,1961,0.438,0.061,0.501,16,17,-9.9,10.5,118,121
2026-05-30,Zuid '27,WION,21,8,1676,1422,0.819,0.035,0.146,22,15,13.5,-12.1,135,127
2026-05-30,Zunobri,EKC 2000,11,24,866,1047,0.266,0.059,0.674,12,15,-34.3,23.8,158,130
2026-05-30,Zwaluwen (Ze),Woudenberg,9,34,1536,1819,0.168,0.041,0.791,14,20,-16.4,15.4,127,123
2026-05-30,Zwart Wit,Blauw Zwart,23,15,1448,1409,0.564,0.065,0.371,15,13,24.2,-28.1,126,136
2026-05-31,FSC,Mariarade,10,5,1113,490,0.971,0.011,0.018,13,3,-11.6,22.7,150,198
2026-05-31,LDODK,Mid Fryslân,23,12,2540,2255,0.844,0.029,0.126,25,17,5.1,-5.1,110,110
2026-05-31,Vefo,Moedig Voorwaarts,22,11,887,1017,0.326,0.069,0.605,11,13,66.0,-75.2,157,169
2026-06-02,GKV,Dunas,15,15,1426,1569,0.317,0.054,0.630,17,19,10.4,-11.1,120,124
2026-06-02,MIA,Fortissimo,14,10,1790,1613,0.743,0.046,0.211,20,15,-1.9,2.0,122,125
2026-06-02,Roreko,Zwart Wit,16,16,1181,1474,0.159,0.045,0.796,11,16,24.0,-22.1,125,121
2026-06-03,DTG,Noveas,14,11,1288,1207,0.625,0.058,0.318,17,15,2.5,-2.7,118,123
2026-06-03,SGV,Het Bosch,11,7,696,579,0.661,0.074,0.265,10,8,14.9,-28.1,161,245
2026-06-04,De Corvers,DOS (W),15,15,1172,1051,0.674,0.059,0.267,14,10,-14.7,15.6,126,130
2026-06-04,Roreko,Blauw Zwart,12,8,1205,1382,0.273,0.057,0.670,13,16,31.1,-35.4,122,130
2026-06-04,SEV (Z),Regio '72,9,13,1091,1097,0.499,0.071,0.431,14,13,-23.0,22.0,128,125
2026-06-06,'t Capproen,Conventus,12,12,1200,1093,0.654,0.065,0.281,13,11,-14.9,13.4,133,126
2026-06-06,ALO,Reeuwijk,21,15,1757,1665,0.638,0.058,0.304,17,14,11.9,-12.2,118,120
2026-06-06,ASVD,ZKC '19,12,19,1799,1899,0.372,0.058,0.570,16,18,-18.1,17.0,119,115
2026-06-06,AW.DTV,Synergo,25,12,2284,1846,0.927,0.019,0.054,21,11,3.4,-4.1,110,124
2026-06-06,Ados,Stormvogels (U),14,10,1262,1149,0.662,0.065,0.273,13,10,6.4,-6.6,120,122
2026-06-06,Albatros,ONDO (G),16,21,2014,2008,0.523,0.058,0.419,18,17,-22.1,22.4,119,120
2026-06-06,Antilopen,Animo (G),24,15,1940,1788,0.715,0.049,0.236,19,15,13.9,-13.2,123,119
2026-06-06,Apollo,DTS (E),15,9,1503,1263,0.801,0.047,0.152,15,10,3.8,-3.9,119,123
2026-06-06,BEP,Haarlem,13,17,1875,1777,0.647,0.058,0.295,17,14,-28.4,28.4,119,119
2026-06-06,Badhoevedorp,Atlantis,9,14,1453,1579,0.335,0.061,0.603,14,16,-11.7,11.5,120,119
2026-06-06,Blauw Wit (K),Luctor,19,5,1425,1157,0.826,0.039,0.134,18,12,12.0,-11.9,123,122
2026-06-06,Blauw Wit,KCC,14,12,2345,2236,0.662,0.053,0.285,19,16,-3.3,4.0,103,113
2026-06-06,Blauw Zwart,Rheko,21,12,1345,1256,0.633,0.061,0.306,16,13,21.2,-19.2,125,118
2026-06-06,CSL,KIOS (R),14,13,2016,2065,0.446,0.054,0.501,20,21,5.2,-5.0,114,113
2026-06-06,Celeritas (A),Kleine Sluis,8,8,953,950,0.505,0.084,0.412,10,9,-6.2,6.5,202,206
2026-06-06,DKB,PSV,16,11,1267,1352,0.390,0.062,0.548,15,16,26.0,-25.9,122,121
2026-06-06,DOS '46,Wageningen,23,17,2464,2201,0.826,0.033,0.141,23,16,-1.9,2.1,109,114
2026-06-06,DOS (W),Hebbes,12,20,1067,1325,0.183,0.060,0.757,7,11,-13.8,14.7,125,129
2026-06-06,DOS Kampen,Hellas '63,14,9,1851,1660,0.760,0.042,0.198,22,16,-0.4,0.3,125,122
2026-06-06,DOS-WK,Oranje Zwart,28,14,1796,1464,0.875,0.027,0.098,23,14,7.7,-8.1,121,124
2026-06-06,DSO (A),Aurora / DKV (IJ),9,15,1030,1263,0.209,0.056,0.734,10,14,-8.8,8.0,124,118
2026-06-06,DSO (K),KVK,18,11,1537,1479,0.590,0.064,0.346,15,13,18.6,-19.7,120,124
2026-06-06,DVO,Dalto,20,20,2517,2347,0.739,0.041,0.220,24,19,-14.0,15.3,105,110
2026-06-06,DVS '69,TOGO (G),17,12,1710,1603,0.659,0.054,0.287,18,15,7.3,-7.1,121,119
2026-06-06,DWA / Argo,WSS,16,13,1274,1200,0.614,0.061,0.325,16,14,4.0,-3.9,126,123
2026-06-06,DWS (K),Revival,16,13,1496,1415,0.619,0.068,0.313,13,11,4.9,-5.1,123,127
2026-06-06,De Hoeve,SF Deinum,19,6,1225,806,0.915,0.028,0.058,13,6,6.3,-7.4,123,135
2026-06-06,De Meervogels,DES (De),18,17,1825,1898,0.408,0.060,0.532,16,17,8.6,-8.9,123,125
2026-06-06,De Meeuwen,Apeldoorn,14,14,2105,1992,0.669,0.050,0.281,20,17,-12.9,13.1,120,120
2026-06-06,De Vinken,RODA (W),24,10,1940,1554,0.904,0.023,0.073,21,12,6.0,-6.7,119,127
2026-06-06,De Wâlden,De Pein,17,12,1788,1642,0.707,0.051,0.241,18,14,4.4,-4.5,118,120
2026-06-06,Devinco,Wesstar,26,16,1602,1280,0.867,0.032,0.102,19,12,6.3,-6.5,125,127
2026-06-06,Drachten,Sparta (Zw),19,14,1971,1857,0.667,0.056,0.276,17,14,7.3,-7.3,118,118
2026-06-06,Duko,Arena,17,13,1387,1287,0.647,0.062,0.291,15,12,6.8,-6.6,125,122
2026-06-06,Dunas,ODO (M),20,9,1558,1506,0.583,0.064,0.353,15,13,25.2,-24.3,120,117
2026-06-06,EKC 2000,Vitesse (Be),6,16,1073,1177,0.362,0.065,0.573,13,15,-27.4,28.2,127,128
2026-06-06,ESDO,Rapid (H),9,16,1314,1417,0.362,0.069,0.569,12,13,-22.2,21.7,124,122
2026-06-06,Emmeloord,Spannum,19,13,1470,1483,0.490,0.067,0.443,15,14,23.0,-21.8,121,117
2026-06-06,Erasmus,Dijkvogels,14,12,1585,1480,0.654,0.061,0.285,15,12,-3.0,2.9,125,122
2026-06-06,Exakwa,Wolderwijd,20,10,1767,1469,0.851,0.033,0.115,20,12,6.8,-7.3,122,128
2026-06-06,Excelsior (D),Maassluis,12,11,1809,1893,0.394,0.057,0.549,18,19,8.7,-8.9,117,118
2026-06-06,Fiducia,DOT (O),19,14,1809,2008,0.251,0.047,0.702,17,21,37.4,-36.4,127,126
2026-06-06,Fiks,Avanti (P),19,20,2063,2044,0.543,0.055,0.402,20,19,-7.7,8.0,113,116
2026-06-06,Focus,Voltreffers (O),18,8,1068,996,0.610,0.065,0.325,14,12,25.5,-25.8,127,128
2026-06-06,Fortis,KOAG,16,15,1949,1895,0.589,0.059,0.352,17,15,-3.4,3.4,117,118
2026-06-06,Fortissimo,EKVA,21,22,1614,1610,0.519,0.059,0.421,18,17,-7.6,7.5,121,121
2026-06-06,Fortuna (D),DeetosSnel,24,19,2583,2366,0.786,0.039,0.175,22,16,-2.1,1.9,107,104
2026-06-06,Furore,Luno,8,11,1424,1469,0.442,0.075,0.483,11,12,-13.7,13.5,120,119
2026-06-06,Gemini,Paal Centraal,11,12,1223,1436,0.234,0.050,0.716,14,18,14.8,-11.9,135,122
2026-06-06,Groen Geel,SKF,23,14,2229,1956,0.833,0.034,0.132,21,14,4.7,-5.2,113,121
2026-06-06,HBC (Be),Fluks (N),12,7,1454,1639,0.261,0.059,0.680,12,15,39.7,-38.0,127,124
2026-06-06,HHV,Elko,25,16,1535,1581,0.450,0.052,0.498,21,22,27.2,-32.3,118,129
2026-06-06,HKC (Ha),Swift (M),21,18,2346,2088,0.822,0.035,0.143,22,15,-10.1,10.7,111,113
2026-06-06,HKC (He),Amicitia (V),14,21,1593,1887,0.160,0.041,0.799,13,19,-4.5,4.7,122,127
2026-06-06,Heerenveen,Dindoa,20,15,2013,2021,0.501,0.060,0.439,18,17,16.4,-17.0,117,119
2026-06-06,IFC '25,Flamingo's (B),13,15,1820,1851,0.469,0.060,0.471,16,17,-8.3,8.1,121,119
2026-06-06,Joure,De Waterpoort,17,19,1424,1086,0.876,0.032,0.092,17,10,-36.1,44.6,117,130
2026-06-06,KCR,Korbis,15,12,1927,1897,0.559,0.053,0.388,21,19,5.4,-6.0,118,125
2026-06-06,KVA,Pernix,21,14,2136,1998,0.699,0.048,0.252,20,16,9.3,-9.5,119,119
2026-06-06,KVS '17,Attila,8,13,895,1125,0.214,0.055,0.732,11,15,-6.7,5.9,145,133
2026-06-06,KVW '22,DTL,18,17,1731,1607,0.680,0.053,0.267,18,15,-9.4,12.0,121,136
2026-06-06,KVZ '23,Rohda (A),20,12,2108,1873,0.801,0.040,0.159,20,14,5.8,-6.0,117,120
2026-06-06,KVZ,Zwaluwen (Ze),31,13,1882,1519,0.892,0.026,0.082,21,12,7.8,-8.5,119,125
2026-06-06,KZ Danaiden,GKV,15,8,1672,1437,0.801,0.041,0.158,19,13,4.0,-3.9,118,116
2026-06-06,Kesteren,OEC,17,16,1248,1196,0.582,0.066,0.353,15,13,-2.9,2.8,124,122
2026-06-06,Kinderdijk,TOP (A),19,14,1970,2047,0.401,0.064,0.535,14,16,23.8,-25.4,117,121
2026-06-06,Kinea / Udiros,Hoogkerk,14,13,1899,1655,0.808,0.042,0.151,18,12,-18.5,17.7,121,119
2026-06-06,Korbatjo,Good Luck,22,17,1562,1392,0.735,0.047,0.218,20,15,2.0,-2.1,119,121
2026-06-06,Koveni,De Corvers,19,14,1076,1158,0.397,0.058,0.545,17,18,25.5,-24.2,124,121
2026-06-06,Leeuwarden,Quick '21 / Vlug en Vaardig (G),8,11,1386,1538,0.303,0.058,0.639,14,17,-1.8,1.8,120,120
2026-06-06,Lemmer,Westergo,4,15,968,1053,0.388,0.069,0.543,12,13,-33.0,29.6,131,124
2026-06-06,Lintjo,SIOS / Leonidas,18,9,1370,1372,0.506,0.067,0.426,15,14,29.3,-28.0,123,120
2026-06-06,Merwede,Vitesse (Ba),17,29,1831,1989,0.298,0.054,0.649,16,19,-21.0,20.6,119,118
2026-06-06,Mid Fryslân,Spirit (Vo),24,15,2248,2201,0.582,0.053,0.365,21,19,17.5,-20.4,111,120
2026-06-06,Movado,ADO,17,11,1607,1535,0.611,0.063,0.327,15,13,14.7,-15.6,119,123
2026-06-06,NIO,ACKC,15,18,1652,1709,0.429,0.066,0.506,14,15,-11.0,10.9,121,120
2026-06-06,NRC '22,Oost Arnhem,16,24,1790,2039,0.199,0.043,0.757,15,21,-8.8,7.9,125,118
2026-06-06,Nic,Wit Blauw,25,18,2127,1992,0.697,0.047,0.256,21,17,8.0,-8.2,112,113
2026-06-06,Nikantes,Olympia (S),10,13,824,1003,0.270,0.056,0.674,14,17,0.4,-0.1,141,127
2026-06-06,Noviomagum,SDO (V),12,11,1798,1750,0.584,0.051,0.364,22,20,-3.9,3.3,127,118
2026-06-06,OJC '98,Keizer Karel,17,15,1301,1482,0.268,0.055,0.677,14,17,25.6,-22.9,128,121
2026-06-06,OKO,De Granaet,14,17,1916,1705,0.779,0.041,0.180,20,15,-33.5,33.3,121,121
2026-06-06,OKV,Helios,19,13,1566,1372,0.758,0.049,0.193,17,12,5.5,-5.5,121,121
2026-06-06,ONDO (M),Tjoba,17,10,1727,1863,0.322,0.060,0.618,14,16,34.2,-35.6,117,119
2026-06-06,OVVO,KVS,12,16,2058,2187,0.333,0.057,0.610,16,18,-6.9,6.5,120,117
2026-06-06,OZC,Oranje Zwart (M),19,13,1500,1157,0.879,0.031,0.090,17,10,-2.3,2.3,124,124
2026-06-06,Olympia '22,Regio '72,15,20,1140,1119,0.540,0.067,0.393,14,13,-28.3,25.8,125,120
2026-06-06,Olympia (T),DTS (S) / Harkema,9,6,1368,1419,0.436,0.065,0.499,14,15,15.3,-15.6,120,121
2026-06-06,Oosterkwartier (H),VZOD,7,17,1220,1374,0.298,0.064,0.638,12,14,-21.8,21.9,122,122
2026-06-06,Oranje Wit (D),DSC,15,23,2005,2308,0.155,0.035,0.810,16,23,-4.0,3.9,125,122
2026-06-06,PKC,Die Haghe,20,18,2513,2277,0.804,0.036,0.161,23,16,-11.7,14.5,107,119
2026-06-06,Pallas '08,Harich,21,15,1553,1615,0.423,0.061,0.515,16,17,25.6,-25.5,120,119
2026-06-06,Phoenix (Z),Weidevogels,16,15,1530,1656,0.335,0.061,0.604,14,16,14.6,-13.8,125,122
2026-06-06,RDZ,Huizen,11,17,1233,1263,0.462,0.074,0.463,11,12,-26.6,27.4,122,124
2026-06-06,ROG,SDO (S),10,16,1568,1400,0.733,0.045,0.221,21,16,-41.6,40.6,124,122
2026-06-06,RWA,Vriendenschaar (H),12,14,1668,1871,0.244,0.052,0.704,14,18,6.7,-6.9,121,123
2026-06-06,Reehorst '45,NKC '51,13,21,1854,2000,0.315,0.050,0.635,19,22,-14.9,15.3,120,122
2026-06-06,Ritola,AVO,17,17,1980,2012,0.468,0.055,0.477,19,20,0.3,-0.3,122,118
2026-06-06,Rivalen,EKCA,11,13,1219,1233,0.487,0.071,0.442,13,12,-12.9,10.7,129,117
2026-06-06,Rood Wit (W),Achilles (A) / AKC,20,17,1660,1429,0.797,0.041,0.162,19,13,-9.3,9.2,124,123
2026-06-06,SDO (K),Nova,15,9,1832,1644,0.751,0.050,0.198,16,12,5.8,-6.0,119,121
2026-06-06,SEV (Z),TOP (V),16,11,1067,1102,0.457,0.069,0.473,12,13,22.7,-23.7,122,125
2026-06-06,SKV (S),SkunK,8,14,820,1340,0.047,0.020,0.934,8,18,7.7,-6.2,137,125
2026-06-06,Scheldevogels,Terda,19,9,948,593,0.885,0.031,0.084,16,9,6.7,-11.4,125,174
2026-06-06,Seolto,Keep Fit '70,19,12,1142,1241,0.369,0.064,0.567,14,15,34.7,-34.5,124,123
2026-06-06,Sparta (N),HKC (U),26,15,1609,1467,0.702,0.052,0.246,18,14,18.4,-18.0,124,122
2026-06-06,Sparta (Ze),It Fean,21,16,1546,1628,0.398,0.058,0.545,17,18,22.9,-23.9,117,120
2026-06-06,Sporting Delta,GKV (G),10,17,1999,2041,0.452,0.062,0.486,15,16,-23.6,23.1,118,116
2026-06-06,Sporting Trigon,Refleks,17,19,1776,1747,0.553,0.061,0.386,17,15,-13.4,13.8,116,118
2026-06-06,Sporting West,DKV Victoria,10,17,1627,1544,0.626,0.061,0.313,16,13,-37.2,38.9,120,123
2026-06-06,Swift,MIA,20,12,1815,1788,0.552,0.060,0.388,17,16,21.4,-21.9,118,119
2026-06-06,TOP (S),KZ,18,21,2403,2458,0.436,0.056,0.508,18,19,-8.2,7.8,112,109
2026-06-06,Telstar,Juventa,17,9,1830,1780,0.583,0.060,0.356,17,15,20.6,-21.0,121,122
2026-06-06,Thrianta,Stadskanaal '74,15,14,1511,1350,0.725,0.048,0.227,19,15,-12.1,12.7,118,120
2026-06-06,Tiel '72,Rust Roest (E),19,17,1852,1757,0.648,0.050,0.302,21,18,-4.4,3.5,128,117
2026-06-06,Tilburg,Juliana,21,19,2056,1794,0.823,0.037,0.140,20,13,-14.5,15.0,118,119
2026-06-06,Trekvogels (R),Achilles (H),12,20,1757,2026,0.182,0.041,0.777,15,21,-7.3,6.7,125,118
2026-06-06,Triade,Hemur Enge,24,1,1341,601,0.985,0.005,0.009,20,7,1.8,-2.9,131,185
2026-06-06,Tweemaal Zes,Tempo,13,15,1873,2068,0.255,0.050,0.695,16,20,6.8,-6.4,122,119
2026-06-06,Twist,IJsselvogels,10,13,1476,1718,0.204,0.051,0.746,12,16,5.0,-4.4,124,117
2026-06-06,Unitas,LDODK,22,27,2295,2545,0.200,0.040,0.759,17,23,1.0,-0.9,113,110
2026-06-06,VDDO,Elburg,10,16,1490,1631,0.315,0.061,0.624,13,16,-14.2,14.1,121,121
2026-06-06,VEO,HKV / Ons Eibernest,22,19,1969,1785,0.750,0.045,0.204,20,15,-6.2,5.6,120,115
2026-06-06,Valto,Nieuwerkerk,18,18,2177,2153,0.547,0.060,0.393,17,16,-4.8,4.8,116,115
2026-06-06,Velocitas (L),KIOS (N),21,24,1685,1827,0.317,0.056,0.628,16,18,-2.1,2.1,123,123
2026-06-06,Ventura Sport,Springfield,9,10,1277,1104,0.734,0.055,0.210,15,11,-24.2,25.7,124,128
2026-06-06,Viking,NKV,30,10,1670,1325,0.882,0.028,0.090,20,12,10.3,-9.2,131,123
2026-06-06,Vriendenschaar (B),Zuid '27,10,11,1674,1691,0.490,0.056,0.454,20,19,-5.2,6.1,122,133
2026-06-06,WIK '34,Oerterp,15,9,997,1146,0.302,0.067,0.630,11,13,41.1,-40.6,128,127
2026-06-06,WION,Nexus,19,14,1409,1417,0.496,0.068,0.436,14,13,21.1,-19.8,126,122
2026-06-06,WK,Zunobri,18,12,908,832,0.617,0.063,0.321,15,13,17.7,-21.6,134,150
2026-06-06,WWC,De Parabool,13,13,1589,1821,0.215,0.046,0.739,15,20,18.5,-18.3,123,122
2026-06-06,Wez Handich,SCO,10,24,1850,2025,0.279,0.050,0.671,17,20,-21.8,19.8,123,117
2026-06-06,Woudenberg,ODIK,22,14,1838,1577,0.823,0.037,0.140,20,13,4.7,-4.9,122,125
2026-06-06,Zaamslag,Atlas,15,23,1444,1652,0.241,0.047,0.712,16,20,-12.6,11.7,129,124
2026-06-07,Club Brothers,Korwi,12,6,1269,1135,0.692,0.056,0.252,16,12,20.5,-23.8,180,198
2026-06-07,Maastricht,FSC,8,10,1131,1101,0.555,0.058,0.387,18,17,-20.5,19.9,153,151
2026-06-07,Samen Een,Forward,12,5,784,615,0.729,0.058,0.213,14,10,25.9,-25.1,187,184
2026-06-09,Eureka,ZKV (Zu),10,12,778,826,0.428,0.092,0.480,6,7,-34.3,36.7,254,264
2026-06-13,DOS '46,PKC,16,14,2462,2501,0.460,0.053,0.487,20,21,7.0,-6.8,109,108
2026-06-13,KZ,LDODK,14,15,2466,2545,0.404,0.052,0.544,21,22,0.8,-0.9,108,110
2026-06-20,LDODK,DOS '46,14,18,2543,2468,0.622,0.048,0.330,23,20,-20.0,19.8,108,108
2026-09-05,'t Capproen,Nexus,14,8,1180,1393,0.229,0.061,0.709,10,13,68.9,-60.6,159,150
2026-09-05,ADO,DSO (K),18,18,1514,1551,0.455,0.070,0.474,12,13,0.9,-0.9,150,150
2026-09-05,AVO,Noordenveld,12,12,2007,1947,0.599,0.055,0.346,19,17,-11.3,11.6,146,148
2026-09-05,AW.DTV,Unitas,15,18,2284,2292,0.502,0.059,0.439,18,17,-18.4,19.2,141,145
2026-09-05,Achilles (A) / AKC,SDO (W),23,12,1434,1111,0.866,0.034,0.100,17,10,12.1,-12.5,151,153
2026-09-05,Achilles (H),VEO,18,11,2028,1958,0.610,0.057,0.332,18,15,22.9,-23.4,147,149
2026-09-05,Ados,Aurora / DKV (IJ),13,13,1264,1267,0.502,0.074,0.424,13,12,-3.6,3.5,149,147
2026-09-05,Amsterdam,Hilversum,7,12,926,818,0.655,0.066,0.279,13,10,-151.0,151.0,350,350
2026-09-05,Apollo,Helios,20,8,1502,1362,0.696,0.061,0.243,14,10,28.8,-29.6,149,152
2026-09-05,Atlas,Movado,15,14,1660,1617,0.572,0.061,0.367,17,15,-3.2,3.0,152,147
2026-09-05,Attila,Hemur Enge,10,4,1126,592,0.954,0.016,0.030,15,6,-6.9,14.3,160,207
2026-09-05,Badhoevedorp,VZOD,10,10,1436,1391,0.571,0.070,0.360,13,12,-9.6,9.9,149,151
2026-09-05,Blauw Wit (K),TOGO (G),14,17,1433,1591,0.296,0.057,0.647,14,17,-2.4,2.3,152,148
2026-09-05,Conventus,Scheldevogels,13,10,1102,951,0.710,0.057,0.233,15,11,-1.7,1.8,154,156
2026-09-05,DKB,OJC '98,17,8,1288,1322,0.461,0.069,0.471,13,14,45.2,-47.7,151,155
2026-09-05,DKOD,EKCA,7,20,727,1239,0.049,0.021,0.930,8,17,-9.6,7.2,174,146
2026-09-05,DLKV,Diderna,9,10,777,987,0.232,0.061,0.707,10,13,22.7,-25.2,219,229
2026-09-05,DOS '46,Nic,25,12,2482,2131,0.887,0.024,0.089,24,15,7.4,-8.1,134,141
2026-09-05,DOS (W),SKV (S),12,7,1049,822,0.781,0.063,0.156,8,5,10.3,-11.6,154,166
2026-09-05,DOS Kampen,Amicitia (V),12,8,1845,1887,0.453,0.059,0.488,17,18,25.0,-25.6,153,155
2026-09-05,DSC,DeetosSnel,19,14,2308,2363,0.433,0.061,0.506,16,17,32.1,-27.0,150,137
2026-09-05,DSO (A),Stormvogels (U),15,10,1016,1137,0.336,0.072,0.592,10,12,47.4,-45.8,153,151
2026-09-05,DTS (E),Kleine Sluis,18,2,1254,952,0.849,0.041,0.109,14,8,17.5,-29.8,153,209
2026-09-05,DTS (S) / Harkema,MN en W,7,12,1398,1405,0.502,0.061,0.436,17,16,-30.5,38.1,149,168
2026-09-05,DVO,Nieuwerkerk,21,11,2498,2153,0.883,0.025,0.091,23,14,4.3,-4.5,139,145
2026-09-05,DVS '69,ACKC,9,10,1712,1715,0.506,0.066,0.428,15,14,-10.2,10.2,150,150
2026-09-05,DWA / Argo,Stadskanaal '74,16,18,1273,1358,0.390,0.063,0.546,14,16,-5.9,5.8,153,150
2026-09-05,De Corvers,RDZ,8,10,1129,1201,0.409,0.061,0.529,15,16,-6.7,6.9,148,149
2026-09-05,De Granaet,De Parabool,6,21,1734,1797,0.421,0.062,0.517,16,17,-45.6,46.3,150,152
2026-09-05,De Meeuwen,OVVO,14,17,2086,2045,0.569,0.062,0.369,16,15,-27.8,27.6,149,148
2026-09-05,De Wâlden,DTL,16,10,1787,1615,0.737,0.049,0.214,18,13,9.1,-10.4,147,160
2026-09-05,Die Haghe,Dalto,6,19,2287,2357,0.414,0.056,0.530,18,20,-40.7,37.9,147,141
2026-09-05,Drachten,CSL,16,15,1974,2016,0.453,0.060,0.487,16,17,7.3,-7.1,146,144
2026-09-05,EKC 2000,Vitesse (Be),13,17,1039,1201,0.289,0.062,0.649,12,15,-9.7,9.7,153,153
2026-09-05,EKVA,DKV Victoria,12,15,1614,1579,0.560,0.063,0.377,16,14,-27.4,27.5,150,150
2026-09-05,ESDO,GKV,13,13,1286,1427,0.317,0.060,0.624,14,16,14.9,-13.6,152,146
2026-09-05,Elburg,Sparta (Zw),15,12,1640,1844,0.240,0.058,0.702,11,15,43.0,-41.9,150,148
2026-09-05,Fiducia,BEP,8,12,1842,1842,0.510,0.065,0.425,15,14,-30.4,27.3,154,146
2026-09-05,Fiks,De Vinken,25,13,2051,1942,0.666,0.048,0.286,22,18,26.2,-28.5,143,150
2026-09-05,Flamingo's (B),KVW '22,15,12,1854,1717,0.696,0.053,0.251,17,14,-2.0,2.1,148,149
2026-09-05,Fluks (N),Atlantis,18,11,1595,1585,0.525,0.063,0.412,16,15,33.1,-31.6,152,148
2026-09-05,Fortuna (D),KCC,27,12,2577,2234,0.881,0.026,0.092,22,14,10.5,-11.1,139,144
2026-09-05,Gemini,Oosterkwartier (H),16,6,1232,1193,0.564,0.069,0.367,13,12,42.8,-37.2,160,149
2026-09-05,Groen Geel,Blauw Wit,16,13,2229,2336,0.364,0.056,0.580,17,19,25.8,-22.7,143,134
2026-09-05,HHV,Pallas '08,27,13,1559,1575,0.490,0.060,0.450,18,17,45.8,-46.1,147,148
2026-09-05,HKC (U),Devinco,7,9,1444,1606,0.293,0.055,0.652,15,18,4.3,-4.7,151,155
2026-09-05,HKV / Ons Eibernest,Refleks,22,15,1786,1757,0.555,0.059,0.386,18,16,26.3,-27.8,143,147
2026-09-05,Haarlem,Rohda (A),16,14,1801,1861,0.423,0.066,0.511,14,15,16.6,-16.8,147,147
2026-09-05,Harich,ASVD,18,20,1585,1775,0.258,0.054,0.688,14,18,7.4,-7.5,148,148
2026-09-05,Hebbes,Koveni,12,8,1336,1098,0.801,0.044,0.155,16,11,-5.5,5.0,157,152
2026-09-05,Heerenveen,LDODK,12,29,2025,2517,0.057,0.018,0.925,14,24,-7.7,6.7,145,134
2026-09-05,Hellas '63,Exakwa,11,17,1654,1770,0.351,0.058,0.591,16,18,-21.8,21.8,152,152
2026-09-05,Hoogkerk,Quick '21 / Vlug en Vaardig (G),12,8,1667,1535,0.690,0.055,0.255,17,13,4.4,-4.4,149,148
2026-09-05,In Fundo,Joure,15,19,1488,1384,0.654,0.061,0.286,15,12,-43.1,42.8,149,149
2026-09-05,It Fean,De Pein,7,12,1599,1632,0.465,0.062,0.473,15,16,-27.9,27.7,149,148
2026-09-05,Juliana,ONDO (M),12,16,1805,1756,0.579,0.064,0.357,15,14,-35.7,33.8,150,146
2026-09-05,Juventa,DOS-WK,14,12,1753,1801,0.444,0.060,0.496,16,17,14.5,-14.5,150,151
2026-09-05,KCR,Albatros,20,17,1927,1987,0.428,0.058,0.514,17,18,20.4,-20.4,147,147
2026-09-05,KIOS (R),Apeldoorn,16,22,2054,2000,0.593,0.051,0.355,21,19,-37.6,40.5,143,149
2026-09-05,KOAG,Tjoba,21,8,1893,1822,0.613,0.057,0.329,18,15,34.1,-34.2,146,146
2026-09-05,KVS,TOP (S),10,21,2188,2390,0.247,0.049,0.704,16,20,-23.5,22.5,145,142
2026-09-05,KVZ '23,KZ,12,23,2109,2461,0.121,0.031,0.848,15,22,-10.3,9.0,146,135
2026-09-05,Kinderdijk,GKV (G),15,20,1989,2059,0.412,0.063,0.525,15,16,-22.8,22.7,146,145
2026-09-05,Korbatjo,KVK,18,10,1560,1454,0.657,0.057,0.286,17,14,23.8,-24.5,150,153
2026-09-05,Korbis,IJsselvogels,19,10,1885,1708,0.744,0.045,0.211,20,15,17.2,-16.3,152,147
2026-09-05,Leeuwarden,DTG,9,10,1379,1286,0.636,0.064,0.299,14,12,-22.5,23.0,148,149
2026-09-05,Lemmer,Westergo,6,8,929,1078,0.303,0.066,0.631,11,13,0.8,-0.7,157,152
2026-09-05,Luctor,Keep Fit '70,9,11,1139,1202,0.421,0.066,0.514,14,15,-9.1,9.1,152,152
2026-09-05,MIA,Sparta (N),13,14,1760,1624,0.695,0.054,0.251,17,14,-26.9,28.3,148,152
2026-09-05,Maassluis,Excelsior (D),23,18,1878,1812,0.607,0.056,0.337,18,16,14.8,-14.4,147,145
2026-09-05,Madjoe,Dijkvogels,18,16,1464,1478,0.487,0.073,0.440,13,12,12.2,-12.4,149,150
2026-09-05,Mariarade,Maastricht,3,20,508,1104,0.030,0.015,0.955,6,16,-12.1,8.5,219,172
2026-09-05,NIO,WION,20,10,1636,1426,0.776,0.046,0.178,17,12,18.1,-18.7,149,151
2026-09-05,NRC '22,KVZ,11,16,1776,1887,0.357,0.056,0.586,17,19,-17.4,16.7,152,149
2026-09-05,Nijmegen,Reehorst '45,18,23,1789,1834,0.451,0.054,0.495,19,20,-24.5,23.5,153,150
2026-09-05,ODIK,Nova,9,14,1567,1632,0.413,0.071,0.515,12,13,-28.8,27.4,154,150
2026-09-05,ODO (M),Dunas,12,13,1476,1579,0.364,0.066,0.570,13,14,2.5,-2.6,146,148
2026-09-05,OEC,NKV,11,15,1195,1311,0.347,0.065,0.588,13,15,-14.6,15.3,150,154
2026-09-05,OKO,Wit Blauw,18,22,1877,1979,0.371,0.055,0.573,18,19,-12.7,11.9,149,144
2026-09-05,OKV,Furore,12,13,1567,1405,0.723,0.055,0.222,15,11,-30.9,31.2,149,149
2026-09-05,Olympia (T),Lintjo,11,11,1377,1395,0.481,0.073,0.447,13,12,-1.5,1.6,149,150
2026-09-05,Oost Arnhem,Antilopen,18,12,2043,1950,0.642,0.054,0.304,19,16,15.8,-16.6,146,151
2026-09-05,Oranje Wit (D),Tilburg,16,11,1996,2037,0.456,0.055,0.489,19,20,28.5,-26.9,153,148
2026-09-05,PKC,HKC (Ha),22,16,2488,2331,0.723,0.045,0.232,22,17,6.4,-6.9,136,142
2026-09-05,Pernix,Avanti (P),15,23,1983,2047,0.421,0.060,0.519,17,18,-33.9,32.7,148,145
2026-09-05,Phoenix (Z),Fortissimo,12,4,1540,1603,0.422,0.063,0.515,15,16,45.2,-44.6,151,150
2026-09-05,RODA (W),KZ Danaiden,13,14,1542,1671,0.328,0.068,0.605,11,13,6.0,-5.3,155,148
2026-09-05,RWA,DES (De),15,17,1669,1885,0.231,0.051,0.718,14,18,10.3,-10.5,150,151
2026-09-05,Rapid (H),Luno,12,9,1434,1477,0.444,0.076,0.480,10,11,23.8,-23.3,151,149
2026-09-05,Ready '60,VIKO,8,14,1341,1096,0.805,0.048,0.148,14,9,-134.2,72.7,215,160
2026-09-05,Reeuwijk,ALO,7,8,1648,1764,0.348,0.062,0.591,14,16,4.8,-4.5,150,146
2026-09-05,Regio '72,Huizen,15,10,1141,1286,0.307,0.066,0.626,11,13,47.1,-48.7,149,152
2026-09-05,Revival,Kesteren,18,9,1405,1241,0.724,0.058,0.218,14,10,23.9,-23.7,154,153
2026-09-05,Rheko,Zwaluwen (Ze),14,10,1232,1505,0.175,0.048,0.777,11,16,54.4,-60.7,148,156
2026-09-05,Ritola,NKC '51,8,14,1975,2011,0.464,0.055,0.481,19,20,-29.2,29.2,150,150
2026-09-05,Rivalen,Arena,14,9,1201,1275,0.399,0.076,0.526,10,11,42.1,-39.8,155,151
2026-09-05,Rood Wit (W),Zwart Wit,21,8,1647,1447,0.765,0.048,0.187,17,12,24.0,-23.3,154,152
2026-09-05,Rust Roest (E),Duko / Wesstar,15,8,1755,1389,0.892,0.028,0.079,18,10,-0.3,0.6,145,154
2026-09-05,SDO (K),Sporting Trigon,14,19,1832,1758,0.615,0.061,0.324,16,14,-43.3,40.8,148,144
2026-09-05,SDO (S),Oranje Zwart,16,12,1437,1451,0.494,0.057,0.449,19,18,20.2,-20.7,151,153
2026-09-05,SKF,Dindoa,14,15,1945,1999,0.435,0.061,0.503,16,17,-3.1,3.0,150,148
2026-09-05,Samen Een,Korvesta,11,10,805,670,0.687,0.066,0.247,12,9,-16.3,22.8,198,228
2026-09-05,Seolto,Springfield,13,6,1173,1125,0.575,0.070,0.355,13,11,30.8,-32.9,151,157
2026-09-05,SkunK,PSV,13,11,1329,1321,0.523,0.064,0.413,16,15,8.4,-7.5,157,147
2026-09-05,Sparta (Ze),Elko,22,22,1565,1544,0.547,0.052,0.401,21,20,-6.3,7.1,146,155
2026-09-05,Sporting Delta,TOP (A),14,9,1970,2016,0.444,0.066,0.490,14,15,30.9,-31.9,146,148
2026-09-05,Sporting West,HBC (Be),10,12,1585,1488,0.642,0.063,0.294,14,12,-29.7,32.2,148,154
2026-09-05,Swift (M),Fortis,16,13,2094,1941,0.715,0.052,0.234,17,13,-3.7,3.8,144,145
2026-09-05,Swift,KIOS (N),9,11,1832,1826,0.522,0.060,0.418,18,17,-15.8,17.0,144,150
2026-09-05,Synergo,DOT (O),16,16,1836,1966,0.334,0.054,0.612,17,19,13.5,-13.3,154,153
2026-09-05,TOP (V),Centrum,6,6,1074,1274,0.243,0.060,0.697,11,14,15.0,-64.8,152,301
2026-09-05,Tempo,KVA,8,18,2056,2141,0.393,0.058,0.549,17,18,-35.8,35.2,148,146
2026-09-05,Thrianta,HKC (He),21,13,1494,1583,0.384,0.062,0.554,15,16,46.9,-48.7,147,150
2026-09-05,Tiel '72,Viking,15,13,1844,1678,0.733,0.042,0.224,23,18,-13.8,14.9,155,160
2026-09-05,Trekvogels (R),Vitesse (Ba),15,16,1744,2007,0.188,0.042,0.770,15,20,22.8,-21.4,151,147
2026-09-05,Triade,Oranje Zwart (M),12,8,1339,1155,0.749,0.050,0.201,17,12,-0.8,0.5,163,155
2026-09-05,Tweemaal Zes,Animo (G),15,16,1874,1770,0.656,0.055,0.288,18,15,-23.9,23.6,151,150
2026-09-05,Twist,Erasmus,11,8,1476,1577,0.366,0.067,0.568,13,14,30.1,-30.9,152,154
2026-09-05,VDDO,ROG,18,14,1470,1520,0.438,0.066,0.496,14,15,27.5,-28.2,150,152
2026-09-05,Valto,ONDO (G),12,13,2168,2026,0.702,0.052,0.246,18,14,-26.9,28.0,146,148
2026-09-05,Ventura Sport,Good Luck,10,13,1247,1385,0.319,0.062,0.619,13,15,-5.9,5.8,152,151
2026-09-05,Victum,Telstar,11,12,1859,1846,0.531,0.061,0.408,17,16,-12.4,11.8,153,150
2026-09-05,Vriendenschaar (B),OZC,14,12,1663,1493,0.733,0.050,0.217,17,13,-11.6,12.0,150,152
2026-09-05,Vriendenschaar (H),De Meervogels,13,11,1859,1829,0.553,0.062,0.384,16,15,5.0,-5.0,150,150
2026-09-05,WIK '34,WK,10,11,1034,922,0.658,0.069,0.274,12,9,-27.3,28.1,155,157
2026-09-05,WSS,Oerterp,17,14,1191,1100,0.636,0.062,0.302,15,13,4.5,-4.6,150,153
2026-09-05,WWC,Spannum,13,12,1602,1456,0.706,0.054,0.240,16,13,-15.9,14.9,152,147
2026-09-05,Wageningen,Spirit (Vo),20,25,2198,2176,0.546,0.058,0.396,18,17,-32.9,34.2,146,149
2026-09-05,Weidevogels,Velocitas (L),15,12,1638,1679,0.450,0.066,0.484,14,15,20.9,-20.9,150,150
2026-09-05,Wez Handich,IFC '25,15,13,1822,1806,0.537,0.057,0.405,19,17,5.6,-5.6,150,150
2026-09-05,Wolderwijd,DWS (K),7,15,1456,1496,0.449,0.073,0.478,11,12,-46.1,43.0,158,152
2026-09-05,Woudenberg,SDO (V),15,14,1838,1748,0.640,0.053,0.308,20,17,-9.9,9.2,151,147
2026-09-05,ZKC '19,Kinea / Udiros,14,18,1911,1876,0.562,0.062,0.376,16,15,-30.6,33.2,144,150
2026-09-05,Zaamslag,Focus,29,14,1426,1090,0.877,0.029,0.095,20,12,14.3,-14.0,157,155
2026-09-05,Zuid '27,Merwede,20,19,1691,1806,0.354,0.054,0.592,18,20,18.3,-16.2,157,148
2026-09-06,Mid Fryslân,WKS,20,12,2263,2041,0.788,0.042,0.170,19,13,9.9,-10.3,141,146
2026-09-06,Vefo,Koru,12,12,951,1041,0.379,0.072,0.549,11,12,9.8,-10.1,177,180
2026-09-08,LDODK,Mid Fryslân,21,13,2525,2272,0.819,0.033,0.148,24,17,3.5,-3.6,133,136
2026-09-10,Elko,HHV,18,29,1553,1607,0.439,0.053,0.508,20,21,-38.6,35.7,145,139
2026-09-10,NKV,SkunK,17,10,1327,1338,0.492,0.068,0.440,14,13,34.7,-35.7,145,147
2026-09-12,ACKC,Zuid '27,23,8,1725,1711,0.534,0.059,0.407,18,17,39.8,-43.1,142,148
2026-09-12,ALO,Weidevogels,17,19,1759,1659,0.649,0.060,0.292,16,13,-26.7,28.1,139,142
2026-09-12,ASVD,It Fean,22,10,1769,1570,0.765,0.046,0.190,18,13,19.6,-19.3,142,141
2026-09-12,Albatros,Kinderdijk,15,11,1967,1967,0.513,0.061,0.426,17,16,17.2,-16.9,140,139
2026-09-12,Amicitia (V),ZKC '19,11,11,1861,1880,0.483,0.063,0.454,17,16,-1.3,1.2,146,137
2026-09-12,Animo (G),Victum,12,13,1794,1846,0.438,0.060,0.502,16,17,-2.9,2.9,143,145
2026-09-12,Antilopen,Synergo,18,19,1933,1850,0.627,0.060,0.313,16,14,-19.8,20.5,143,146
2026-09-12,Apeldoorn,DOS '46,8,11,2041,2491,0.072,0.021,0.907,15,25,24.5,-21.5,141,133
2026-09-12,Arena,Rheko,10,22,1235,1287,0.432,0.073,0.495,11,12,-43.1,43.2,143,143
2026-09-12,Atlantis,EKVA,11,24,1554,1586,0.466,0.061,0.473,15,16,-43.5,44.2,141,142
2026-09-12,Aurora / DKV (IJ),Apollo,6,15,1270,1532,0.183,0.053,0.764,10,14,-17.1,17.8,140,143
2026-09-12,Avanti (P),Achilles (H),22,11,2081,2051,0.555,0.060,0.385,17,16,33.5,-34.3,138,140
2026-09-12,BEP,SDO (K),15,12,1869,1789,0.621,0.062,0.317,15,13,4.7,-4.8,139,142
2026-09-12,Blauw Zwart,Achilles (A) / AKC,19,14,1363,1448,0.391,0.063,0.546,15,16,38.6,-35.6,154,148
2026-09-12,CSL,AVO,13,22,2008,1996,0.531,0.060,0.409,17,16,-41.5,42.5,138,139
2026-09-12,Centrum,Olympia '22,11,9,1209,1108,0.645,0.067,0.288,13,10,-3.9,-0.2,247,155
2026-09-12,DES (De),Maassluis,14,13,1875,1894,0.485,0.060,0.455,18,17,4.5,-4.2,145,140
2026-09-12,DKV Victoria,Fluks (N),18,15,1607,1629,0.476,0.070,0.453,14,13,17.8,-18.1,142,144
2026-09-12,DOS-WK,Thrianta,18,12,1786,1542,0.809,0.038,0.153,20,14,0.9,-0.9,143,140
2026-09-12,DOT (O),Oost Arnhem,8,22,1953,2059,0.365,0.053,0.581,19,21,-36.4,34.1,145,140
2026-09-12,DSO (K),Vriendenschaar (B),14,13,1551,1651,0.368,0.065,0.567,13,15,14.7,-15.2,142,144
2026-09-12,DTG,DTS (S) / Harkema,14,8,1309,1366,0.428,0.066,0.506,14,15,35.3,-34.9,142,142
2026-09-12,DTL,Flamingo's (B),11,17,1604,1852,0.199,0.047,0.754,13,18,-7.9,7.1,153,142
2026-09-12,DWS (K),HKC (U),13,13,1540,1448,0.636,0.064,0.300,14,12,-14.9,14.8,144,144
2026-09-12,Dalto,KVS,27,17,2395,2164,0.799,0.038,0.163,21,15,11.4,-12.1,135,140
2026-09-12,De Meervogels,Korbis,14,21,1824,1903,0.401,0.057,0.542,18,19,-26.1,27.6,142,147
2026-09-12,De Parabool,Wez Handich,16,15,1845,1828,0.537,0.058,0.404,18,17,-0.2,0.2,144,143
2026-09-12,De Pein,Harich,11,7,1659,1593,0.605,0.060,0.335,16,14,10.7,-10.8,141,142
2026-09-12,De Vinken,Tempo,8,8,1913,2019,0.365,0.056,0.579,17,19,9.3,-9.0,143,140
2026-09-12,DeetosSnel,DVO,11,12,2336,2503,0.287,0.051,0.662,17,20,9.6,-10.6,132,138
2026-09-12,Devinco,Wolderwijd,12,10,1600,1409,0.756,0.049,0.195,17,12,-13.2,13.5,147,149
2026-09-12,Die Haghe,TOP (S),15,16,2244,2413,0.284,0.053,0.663,16,19,10.6,-10.2,139,137
2026-09-12,Dijkvogels,ODO (M),15,9,1466,1479,0.485,0.079,0.436,11,10,33.8,-32.4,143,139
2026-09-12,Dindoa,De Meeuwen,11,8,2002,2058,0.431,0.063,0.506,15,16,20.0,-20.1,141,141
2026-09-12,Duko / Wesstar,DKB,18,9,1389,1335,0.585,0.067,0.348,14,12,34.9,-31.4,151,143
2026-09-12,Dunas,Madjoe,15,10,1577,1478,0.648,0.059,0.293,16,13,12.2,-12.3,141,142
2026-09-12,EKCA,Attila,14,11,1248,1120,0.684,0.058,0.258,15,12,0.3,-0.0,145,160
2026-09-12,Erasmus,NIO,8,20,1546,1656,0.355,0.064,0.581,13,15,-36.7,35.8,146,144
2026-09-12,Exakwa,Elburg,12,13,1792,1684,0.660,0.058,0.283,16,13,-23.1,23.0,144,144
2026-09-12,Excelsior (D),RWA,16,14,1798,1680,0.673,0.055,0.271,17,14,-5.4,6.0,138,144
2026-09-12,Focus,Luctor,7,12,1077,1130,0.432,0.069,0.499,13,14,-28.9,25.9,152,144
2026-09-12,Fortis,PKC,10,23,1945,2495,0.040,0.015,0.944,11,22,-3.7,3.4,140,132
2026-09-12,Fortissimo,Rapid (H),19,15,1557,1458,0.646,0.062,0.293,15,12,8.6,-8.7,142,143
2026-09-12,Furore,Sporting West,10,13,1436,1555,0.341,0.069,0.589,11,13,-9.0,8.8,144,142
2026-09-12,GKV (G),KCR,16,15,2083,1949,0.693,0.052,0.255,18,14,-12.8,13.1,138,140
2026-09-12,GKV,Badhoevedorp,11,17,1414,1426,0.491,0.067,0.441,15,14,-33.2,34.1,140,142
2026-09-12,Good Luck,Triade,14,13,1392,1339,0.588,0.058,0.355,18,16,-4.3,5.1,144,155
2026-09-12,HBC (Be),OKV,7,11,1520,1536,0.486,0.069,0.445,14,13,-27.1,25.8,147,143
2026-09-12,HKC (Ha),Swift (M),22,10,2324,2090,0.800,0.039,0.161,21,15,14.8,-15.1,138,139
2026-09-12,HKC (He),Juventa,4,24,1535,1767,0.213,0.050,0.737,13,17,-24.6,24.7,142,143
2026-09-12,Helios,Ados,12,17,1332,1261,0.605,0.072,0.323,12,10,-45.2,42.8,145,141
2026-09-12,Hemur Enge,Ready '60,13,14,606,1206,0.028,0.018,0.954,3,11,67.2,-63.4,204,199
2026-09-12,Huizen,In Fundo,12,8,1237,1446,0.235,0.059,0.706,10,14,47.6,-46.3,145,143
2026-09-12,IFC '25,De Granaet,17,11,1801,1687,0.667,0.055,0.277,17,14,14.0,-14.1,142,143
2026-09-12,IJsselvogels,Vriendenschaar (H),9,12,1692,1863,0.278,0.059,0.663,13,16,-1.4,1.4,142,142
2026-09-12,Joure,Regio '72,12,13,1428,1189,0.801,0.045,0.153,16,10,-36.4,36.7,142,143
2026-09-12,KCC,Valto,22,19,2223,2140,0.627,0.059,0.314,17,14,3.9,-3.8,142,140
2026-09-12,KIOS (N),Haarlem,17,12,1842,1818,0.547,0.062,0.391,16,15,20.0,-19.3,142,140
2026-09-12,KVA,Fiks,22,18,2176,2079,0.650,0.051,0.299,20,17,4.8,-4.7,139,137
2026-09-12,KVK,Blauw Wit (K),10,6,1430,1431,0.507,0.069,0.424,14,13,21.2,-21.0,146,145
2026-09-12,KVW '22,De Wâlden,13,22,1719,1797,0.399,0.066,0.535,14,15,-35.1,34.6,143,142
2026-09-12,KVZ,Nijmegen,21,23,1904,1765,0.701,0.048,0.251,20,16,-30.2,31.7,141,145
2026-09-12,KZ Danaiden,HKV / Ons Eibernest,9,17,1666,1814,0.307,0.061,0.632,13,16,-24.1,22.7,141,137
2026-09-12,KZ,Groen Geel,21,8,2471,2255,0.784,0.040,0.176,21,15,16.1,-16.8,133,136
2026-09-12,Keep Fit '70,Zaamslag,11,15,1211,1443,0.215,0.046,0.738,15,19,1.4,-1.8,144,154
2026-09-12,Kinea / Udiros,DOS Kampen,21,14,1909,1870,0.568,0.060,0.371,17,15,25.5,-26.2,142,145
2026-09-12,Kleine Sluis,DSO (A),6,19,921,1064,0.306,0.075,0.620,9,11,-57.4,33.4,197,146
2026-09-12,Koveni,Revival,8,14,1103,1430,0.133,0.043,0.824,9,15,-4.0,4.0,148,147
2026-09-12,Lintjo,WWC,18,9,1397,1586,0.258,0.056,0.686,13,17,59.5,-62.1,142,146
2026-09-12,Luno,Phoenix (Z),8,16,1453,1586,0.323,0.068,0.609,11,13,-27.7,28.1,142,143
2026-09-12,Merwede,DVS '69,14,12,1790,1702,0.635,0.058,0.307,17,14,-2.3,2.4,141,142
2026-09-12,Movado,Juliana,18,14,1621,1769,0.306,0.061,0.633,13,16,36.6,-37.7,140,142
2026-09-12,NKC '51,OKO,19,17,2040,1865,0.741,0.046,0.213,20,15,-12.3,12.3,142,142
2026-09-12,Nieuwerkerk,DSC,16,20,2148,2340,0.255,0.054,0.691,14,17,-3.6,3.5,143,142
2026-09-12,Noordenveld,Drachten,22,20,1958,1981,0.480,0.061,0.460,18,17,10.2,-9.9,141,139
2026-09-12,Nova,MIA,16,15,1660,1733,0.404,0.068,0.527,13,14,11.7,-11.7,142,142
2026-09-12,Noveas,TOP (V),11,11,1200,1088,0.666,0.056,0.278,17,14,-19.4,17.6,155,148
2026-09-12,OJC '98,Rust Roest (E),9,11,1274,1755,0.058,0.023,0.918,9,17,29.6,-28.5,146,144
2026-09-12,ONDO (G),Fortuna (D),12,31,2053,2589,0.044,0.015,0.940,12,24,-6.4,6.1,143,138
2026-09-12,ONDO (M),Atlas,15,13,1791,1657,0.691,0.056,0.253,16,13,-6.6,7.2,139,144
2026-09-12,OVVO,SKF,15,10,2073,1942,0.689,0.054,0.257,17,14,8.4,-8.5,141,142
2026-09-12,OZC,ADO,10,11,1505,1516,0.493,0.069,0.438,14,13,-9.1,8.7,146,142
2026-09-12,Oerterp,WIK '34,9,11,1096,1007,0.629,0.070,0.300,12,10,-29.5,30.1,146,147
2026-09-12,Oosterkwartier (H),KCD,11,19,1155,1236,0.392,0.072,0.536,12,13,-33.1,40.7,142,158
2026-09-12,Oranje Zwart (M),Ventura Sport,12,13,1155,1242,0.382,0.076,0.542,10,11,-0.4,0.4,149,145
2026-09-12,Oranje Zwart,Rood Wit (W),9,18,1430,1672,0.206,0.047,0.748,14,19,-16.4,17.1,145,148
2026-09-12,PSV,OEC,18,9,1314,1180,0.690,0.056,0.254,16,13,21.3,-21.9,140,142
2026-09-12,Paal Centraal,'t Capproen,7,13,1420,1250,0.732,0.053,0.215,16,12,-64.7,62.0,155,152
2026-09-12,Pallas '08,Sparta (Ze),15,22,1529,1560,0.467,0.061,0.472,16,17,-32.4,31.9,140,139
2026-09-12,Quick '21 / Vlug en Vaardig (G),VDDO,10,18,1530,1499,0.554,0.064,0.381,15,14,-45.2,45.3,142,142
2026-09-12,RDZ,Gemini,8,12,1208,1276,0.409,0.073,0.518,11,12,-20.4,22.8,142,151
2026-09-12,ROG,Hoogkerk,8,18,1493,1672,0.269,0.059,0.672,12,15,-25.9,25.6,143,143
2026-09-12,Reehorst '45,NRC '22,11,10,1859,1758,0.654,0.052,0.294,20,17,-10.1,10.5,142,144
2026-09-12,Refleks,RODA (W),23,12,1729,1548,0.745,0.051,0.204,16,12,20.2,-21.8,140,146
2026-09-12,Rohda (A),Swift,16,16,1845,1816,0.551,0.064,0.384,15,14,-7.0,6.8,140,138
2026-09-12,SDO (V),Tiel '72,21,15,1757,1830,0.412,0.055,0.534,19,20,32.0,-35.8,140,149
2026-09-12,SKV (S),De Corvers,15,5,810,1122,0.145,0.041,0.814,11,17,92.2,-71.2,159,140
2026-09-12,Scheldevogels,Seolto,11,10,953,1204,0.193,0.053,0.754,10,15,34.8,-32.2,149,143
2026-09-12,Sparta (N),ODIK,23,12,1652,1537,0.667,0.060,0.273,15,12,28.3,-28.5,145,145
2026-09-12,Sparta (Zw),Hellas '63,18,12,1802,1632,0.733,0.052,0.215,16,12,9.8,-10.0,142,144
2026-09-12,Spirit (Vo),AW.DTV,14,14,2211,2265,0.437,0.058,0.505,17,18,2.9,-2.7,142,135
2026-09-12,Sporting Trigon,Fiducia,20,16,1800,1810,0.495,0.067,0.438,15,14,19.6,-21.8,138,146
2026-09-12,Springfield,Conventus,17,12,1091,1101,0.491,0.076,0.433,12,11,30.2,-30.0,148,148
2026-09-12,Stadskanaal '74,EKC 2000,19,10,1365,1030,0.874,0.032,0.094,18,10,6.5,-6.7,143,146
2026-09-12,Stormvogels (U),DTS (E),4,16,1091,1272,0.263,0.067,0.670,9,12,-29.0,31.3,143,150
2026-09-12,TOGO (G),Korbatjo,21,13,1594,1585,0.525,0.061,0.414,17,16,31.4,-32.4,141,144
2026-09-12,TOP (A),Oranje Wit (D),15,14,1983,2024,0.454,0.059,0.486,16,17,6.7,-7.1,141,144
2026-09-12,Telstar,Tweemaal Zes,13,10,1858,1851,0.521,0.065,0.414,15,14,13.2,-13.5,142,144
2026-09-12,Tilburg,Sporting Delta,14,15,2010,2001,0.524,0.063,0.413,16,15,-10.6,10.3,141,139
2026-09-12,Tjoba,Trekvogels (R),18,15,1787,1768,0.540,0.060,0.400,17,16,10.2,-11.1,140,146
2026-09-12,Unitas,Wageningen,21,11,2311,2166,0.707,0.050,0.242,19,15,20.0,-20.3,138,139
2026-09-12,VEO,Pernix,15,14,1934,1949,0.491,0.062,0.447,17,16,3.8,-3.8,141,140
2026-09-12,VIKO,KVS '17,17,7,1169,884,0.838,0.043,0.119,14,8,15.8,-18.6,155,170
2026-09-12,VZOD,ESDO,20,13,1401,1302,0.645,0.065,0.290,13,11,22.6,-23.0,143,145
2026-09-12,Velocitas (L),Reeuwijk,18,16,1658,1652,0.519,0.066,0.415,15,14,7.7,-7.7,142,143
2026-09-12,Viking,Woudenberg,8,16,1693,1829,0.326,0.054,0.620,17,19,-25.9,23.3,153,144
2026-09-12,Vitesse (Ba),KOAG,19,12,1986,1929,0.593,0.058,0.349,18,16,23.0,-22.3,142,140
2026-09-12,Vitesse (Be),DWA / Argo,20,13,1212,1268,0.428,0.069,0.503,13,14,41.0,-40.3,146,145
2026-09-12,WION,Twist,9,18,1407,1506,0.369,0.068,0.563,12,14,-34.8,34.0,146,144
2026-09-12,WK,WSS,10,14,951,1197,0.199,0.052,0.749,11,15,-0.2,0.4,149,143
2026-09-12,WKS,Heerenveen,22,15,2030,2017,0.528,0.066,0.406,15,14,29.8,-31.0,141,144
2026-09-12,Westergo,De Waterpoort,16,5,1078,1128,0.436,0.071,0.493,12,13,47.6,-57.4,145,160
2026-09-12,Wit Blauw,Ritola,17,19,1992,1945,0.583,0.053,0.364,20,18,-18.5,19.7,138,142
2026-09-12,Zwaluwen (Ze),Rivalen,13,9,1444,1244,0.763,0.053,0.184,14,10,0.1,-0.2,150,147
2026-09-12,Zwart Wit,SDO (S),17,13,1423,1457,0.463,0.063,0.474,15,16,23.7,-22.6,146,143
2026-09-13,Blauw Wit,KVZ '23,13,10,2313,2099,0.781,0.042,0.176,20,14,-8.7,11.0,129,144
2026-09-13,Koru,Moedig Voorwaarts,16,11,1031,938,0.636,0.068,0.297,13,10,21.1,-25.3,167,186
2026-09-13,Nic,KIOS (R),19,14,2123,2017,0.661,0.050,0.289,21,17,8.1,-7.9,140,137
2026-09-14,Olympia (S),Paal Centraal,9,13,1000,1354,0.117,0.035,0.847,12,19,12.1,-10.3,157,147