1924-11-23,AKV,HBS (De),2,2,1318,1415,0.351,0.114,0.534,3,4,14.1,-9.2,208,170
1924-11-23,Amersfoort,KVD,1,2,1611,1633,0.451,0.126,0.423,3,2,-14.3,14.7,152,155
1924-11-23,Animo,Amstel,0,6,1292,1392,0.344,0.120,0.536,2,3,-68.5,73.6,217,226
1924-11-23,DOS (E),Naas²,5,0,1858,1637,0.770,0.078,0.153,5,2,17.2,-19.8,163,178
1924-11-23,DTV,Westerkwartier,1,2,2034,1975,0.574,0.107,0.320,4,3,-18.0,17.9,127,127
1924-11-23,Deetos,HKV,3,1,1973,1897,0.590,0.119,0.291,3,1,9.2,-9.0,138,137
1924-11-23,Excelsior,KZ,4,4,1842,2012,0.262,0.102,0.635,3,4,13.9,-13.7,128,127
1924-11-23,Fluks,Dordrecht,5,2,1917,1858,0.571,0.112,0.318,4,3,16.2,-15.5,132,129
1924-11-23,GKV,Die Haghe,2,2,1721,1728,0.474,0.125,0.401,3,2,-5.1,6.1,218,237
1924-11-23,HSV,OSCR,1,4,1671,1802,0.305,0.115,0.580,2,3,-16.2,15.6,133,130
1924-11-23,Haarlem,Hercules,1,0,1735,1835,0.345,0.120,0.536,2,3,19.3,-19.3,140,141
1924-11-23,KCN,SSS (A),1,4,1471,1524,0.410,0.121,0.470,2,3,-34.1,33.1,164,161
1924-11-23,KDC,Excelsior (A),2,1,1507,1425,0.597,0.117,0.286,3,1,-1.8,1.7,156,155
1924-11-23,Keppel,OKC,1,0,1095,1019,0.594,0.110,0.296,4,2,-2.7,1.3,197,165
1924-11-23,OSCA,Velocitas (A),4,3,1504,1620,0.365,0.030,0.605,31,35,20.6,-17.7,193,178
1924-11-23,Oliveo,TOP (R),1,3,1119,1346,0.199,0.098,0.703,1,4,-1.8,3.2,242,182
1924-11-23,Oosterpark,AW,7,1,1812,1476,0.863,0.055,0.083,5,1,16.4,-18.8,187,206
1924-11-23,Quick (Arn),Rapid (W),4,0,1558,1469,0.617,0.098,0.285,5,4,23.3,-21.7,157,151
1924-11-23,Ready (A),DEV,8,2,1753,1912,0.273,0.106,0.621,3,4,59.8,-49.7,142,130
1924-11-23,Rozenburg,DKC (De),4,5,1575,1807,0.195,0.094,0.711,2,4,11.3,-13.3,142,153
1924-11-23,TDW,Vitesse (A),2,8,1714,1603,0.644,0.097,0.259,5,3,-74.6,147.4,177,252
1924-11-23,Tekca,KVO,1,3,1681,1673,0.497,0.120,0.384,4,3,-25.5,27.9,141,147
1924-11-23,Velox,Vitesse (Leiden),2,1,1896,1893,0.493,0.114,0.393,4,3,5.0,-5.0,125,125
1924-11-23,Zuiden (R),Vitesse (Haag),6,1,1805,1527,0.818,0.071,0.111,4,1,10.9,-9.8,146,137
1924-11-30,ALO,TOV (D),6,3,1623,1563,0.568,0.117,0.315,3,2,18.4,-20.9,138,148
1924-11-30,ASV,Victoria (A),2,2,1478,1578,0.346,0.117,0.537,2,3,12.6,-19.4,219,268
1924-11-30,Actief,RAP,4,4,1638,1722,0.371,0.110,0.520,3,4,7.7,-8.0,163,166
1924-11-30,Bilthoven,Amersfoort,4,0,1733,1597,0.667,0.109,0.224,3,1,18.6,-19.3,141,144
1924-11-30,Blauw Wit,TOGO (A),4,4,1693,1512,0.727,0.086,0.186,5,2,-48.6,44.4,237,228
1924-11-30,Die Haghe,KVR,2,1,1734,1494,0.782,0.082,0.135,4,1,-27.8,30.8,209,218
1924-11-30,EBKC,DIO,7,1,1647,1347,0.838,0.060,0.102,6,2,14.4,-15.6,165,174
1924-11-30,EKCA,PSV,12,1,1811,1388,0.909,0.041,0.050,5,0,11.2,-10.7,162,158
1924-11-30,Emma,Ons Eibernest,1,0,1475,1702,0.198,0.101,0.701,1,3,49.6,-50.3,182,183
1924-11-30,Groen Wit,Unitas (D),2,3,1378,1500,0.317,0.115,0.569,2,3,-1.1,1.1,177,180
1924-11-30,HBS (H),Rozenburg,1,2,1557,1587,0.439,0.125,0.436,3,2,-10.7,11.2,135,138
1924-11-30,HKV,Velox,3,1,1887,1901,0.465,0.120,0.414,4,3,17.0,-14.5,132,122
1924-11-30,KVD,Gooiers,0,4,1648,1906,0.177,0.079,0.744,3,6,-9.6,10.1,146,150
1924-11-30,KVO,DDV,1,6,1701,1729,0.448,0.117,0.435,4,3,-39.1,45.7,140,152
1924-11-30,Nausikaa,DEV,3,5,1928,1863,0.582,0.105,0.313,5,3,-30.1,25.8,137,126
1924-11-30,OSCR,Fluks,3,2,1818,1934,0.325,0.114,0.561,3,4,17.5,-18.0,126,128
1924-11-30,Oranje,Ambakor,3,3,1575,1520,0.564,0.114,0.322,4,2,-18.3,22.8,234,259
1924-11-30,Quick (Arn),Be Quick,5,5,1582,1456,0.652,0.115,0.233,2,1,-19.1,24.3,149,167
1924-11-30,RODA (W),Sportief,4,1,1447,1619,0.256,0.108,0.636,2,4,73.8,-52.3,187,156
1924-11-30,Rapiditas,HKC (He),3,7,1627,1744,0.323,0.113,0.563,3,4,-36.6,33.3,176,167
1924-11-30,Ready (A),Advendo,4,3,1815,1713,0.626,0.110,0.264,3,2,-4.1,4.4,137,141
1924-11-30,Rood Wit (H),GKV,1,2,1476,1716,0.187,0.094,0.719,1,4,18.9,-17.9,201,197
1924-11-30,SAMOS,De Tovers,2,2,1457,1568,0.335,0.109,0.556,3,4,11.7,-11.9,164,165
1924-11-30,SCH,KDC,3,4,1523,1505,0.506,0.126,0.368,3,2,-18.6,19.1,146,148
1924-11-30,SSS (A),Amstelodamum,1,1,1558,1603,0.420,0.121,0.459,2,3,1.8,-2.2,151,168
1924-11-30,VIOS (Bu),RCU,14,0,1963,1226,0.983,0.009,0.008,8,0,3.3,-3.2,181,175
1924-11-30,Velocitas (A),Swallows,3,3,1603,1534,0.627,0.030,0.344,35,30,-14.9,16.5,166,175
1924-11-30,Vitesse (Leiden),HSV,7,2,1887,1655,0.776,0.082,0.141,4,1,10.3,-11.3,122,128
1924-11-30,Westerkwartier,KZ,3,2,1993,1999,0.479,0.115,0.406,4,3,5.9,-5.9,124,124
1924-11-30,Zwart Wit,'t Overschotje,1,3,1595,1454,0.678,0.098,0.224,4,2,-55.3,62.6,174,185
1924-12-07,AKC (Al),Naas²,0,5,1467,1616,0.282,0.114,0.604,2,3,-34.4,37.5,163,171
1924-12-07,Advendo,Nausikaa,1,2,1717,1898,0.252,0.096,0.652,3,5,6.9,-6.4,136,132
1924-12-07,Amersfoort,Zwaluwen (H),1,0,1577,1542,0.535,0.115,0.350,4,3,3.0,-3.8,139,165
1924-12-07,Amstelodamum,Quick (A),0,7,1600,1432,0.712,0.091,0.197,5,2,-79.1,89.5,156,166
1924-12-07,BEP,ZKV (Za),6,1,1620,1570,0.562,0.105,0.333,5,4,36.9,-36.7,164,164
1924-12-07,DDV,Haarlem,11,1,1775,1754,0.517,0.115,0.369,4,3,41.2,-37.8,144,138
1924-12-07,DES (V),WKC,1,4,1113,1233,0.326,0.102,0.572,4,5,-23.6,23.6,175,175
1924-12-07,DIO,HE,0,6,1331,1317,0.512,0.106,0.382,5,4,-57.0,100.1,168,228
1924-12-07,DVD²,DED,11,4,1788,1509,0.821,0.067,0.112,5,1,25.3,-19.6,193,166
1924-12-07,Excelsior (A),DSK,1,0,1427,1664,0.189,0.098,0.713,1,3,38.8,-38.2,150,149
1924-12-07,Fazanten,RODA (W),1,2,1415,1520,0.342,0.110,0.549,3,4,-2.3,2.4,160,172
1924-12-07,HKV,Deetos,2,0,1904,1983,0.373,0.121,0.506,2,3,22.7,-25.8,128,136
1924-12-07,KVR,Die Haghe,3,5,1524,1705,0.246,0.106,0.648,2,4,-9.0,8.7,202,195
1924-12-07,RAP,SAMOS,6,2,1714,1468,0.795,0.069,0.136,6,3,6.2,-6.1,156,154
1924-12-07,Rapid (W),Quick (Arn),2,1,1447,1563,0.332,0.099,0.568,4,6,21.0,-19.9,147,143
1924-12-07,Rozenburg,Vitesse (Haag),4,2,1598,1517,0.600,0.111,0.290,4,2,6.9,-7.4,133,138
1924-12-07,SGOC,DOTO,5,0,1165,1185,0.463,0.107,0.430,6,5,51.1,-51.1,175,175
1924-12-07,Swift,Hercules,2,0,1799,1815,0.464,0.117,0.419,4,3,20.4,-17.7,149,138
1924-12-07,TOGO (A),Blauw Wit,3,2,1556,1644,0.367,0.107,0.526,4,5,29.0,-30.7,208,215
1924-12-07,TOV (D),Zuiden (R),0,5,1542,1817,0.159,0.084,0.758,2,4,-14.6,15.4,141,146
1924-12-07,Unitas (D),ZKC (Zu),1,1,1500,1491,0.500,0.115,0.384,4,3,-6.2,6.4,167,170
1924-12-07,VIOS (Bu),Hinde,11,0,1969,1378,0.964,0.015,0.020,10,2,6.1,-5.5,182,169
1924-12-07,VZOD (L),EKC,0,2,914,969,0.411,0.112,0.476,3,4,-30.8,22.2,203,169
1924-12-07,VZOD (L),Keppel,5,3,883,1092,0.220,0.094,0.687,3,5,59.3,-59.7,181,181
1924-12-07,Velox,HSV,8,1,1886,1643,0.791,0.072,0.137,5,2,11.7,-13.2,119,127
1924-12-07,WKC,DOTO,1,0,1256,1133,0.662,0.093,0.246,6,4,-9.5,9.4,161,160
1924-12-07,Wilhelmina²,NIVO,1,2,1319,1362,0.427,0.116,0.457,2,3,-13.3,14.8,177,188
1924-12-14,DES (V),SGOC,0,1,1094,1222,0.316,0.102,0.583,4,5,1.6,-1.6,163,163
1924-12-21,AKV,NIVO,5,1,1338,1382,0.427,0.114,0.459,3,4,58.7,-49.0,192,174
1924-12-21,Actief,De Tovers,6,1,1651,1561,0.618,0.098,0.284,5,4,29.1,-29.7,158,160
1924-12-21,DEV,KZ,9,2,1894,1997,0.346,0.107,0.547,4,5,45.5,-43.8,129,127
1924-12-21,DVO (H),Ambakor,2,4,1367,1548,0.250,0.101,0.649,3,4,-9.8,10.1,221,228
1924-12-21,Deetos,OSCR,7,1,1961,1841,0.653,0.101,0.245,4,2,23.3,-21.7,134,129
1924-12-21,Die Haghe,GKV,6,2,1720,1703,0.509,0.119,0.372,4,3,45.0,-47.1,183,187
1924-12-21,Excelsior,Westerkwartier,1,4,1862,2004,0.296,0.105,0.599,3,5,-13.7,12.5,133,127
1924-12-21,Fluks,Velox,3,0,1921,1904,0.515,0.108,0.376,5,4,18.9,-16.5,131,122
1924-12-21,Groen Wit,Onder Ons,2,1,1381,1308,0.598,0.094,0.308,6,5,-3.0,4.7,170,198
1924-12-21,HSV,HKV,0,3,1634,1931,0.140,0.082,0.778,1,4,-1.8,1.8,129,127
1924-12-21,Haarlem,KVO,5,3,1721,1667,0.565,0.109,0.325,4,3,9.2,-9.8,135,140
1924-12-21,Helder,KVKV,1,9,1337,1828,0.051,0.034,0.915,2,8,-14.2,12.4,203,185
1924-12-21,Hercules,Tekca,5,3,1802,1661,0.676,0.102,0.222,4,2,1.8,-1.8,135,143
1924-12-21,Nausikaa,Advendo,4,1,1896,1728,0.713,0.088,0.199,5,3,5.0,-5.2,131,134
1924-12-21,PSV,Noviomagum,4,5,1382,1624,0.187,0.090,0.723,2,4,15.4,-14.3,161,155
1924-12-21,RCU,VIOS (Bu),5,0,1227,1982,0.011,0.009,0.979,2,11,136.5,-141.0,180,183
1924-12-21,SGOC,WKC,2,2,1220,1252,0.446,0.109,0.445,5,4,-0.1,0.1,153,155
1924-12-21,Unitas (D),Mercedes,3,5,1499,1504,0.480,0.116,0.404,4,3,-28.3,29.1,159,161
1924-12-21,Zwaluwen (H),Gooiers,1,8,1543,1921,0.096,0.051,0.852,3,8,-12.5,11.6,157,150
1924-12-26,Achilles (A),HKC (He),4,6,1605,1783,0.263,0.080,0.657,6,8,0.3,0.7,199,163
1924-12-28,Be Quick,Noviomagum,1,1,1485,1609,0.314,0.118,0.568,2,3,14.0,-11.4,165,149
1924-12-28,Ready (A),Westerkwartier,3,2,1816,2015,0.231,0.095,0.674,3,5,30.6,-23.6,141,124
1924-12-28,Swift,DDV,0,3,1824,1823,0.491,0.115,0.395,4,3,-34.6,33.0,146,143
1925-01-01,Achilles (A),Naas²,4,1,1605,1659,0.422,0.095,0.483,6,7,40.3,-34.0,182,166
1925-01-04,DDV,KVO,0,5,1855,1656,0.749,0.079,0.171,6,3,-62.2,62.8,137,137
1925-01-04,DTV,DEV,4,7,2021,1940,0.607,0.099,0.294,5,4,-39.6,34.2,138,128
1925-01-04,Eendracht,OSCA,3,2,1811,1530,0.814,0.082,0.104,2,-1,-25.6,28.9,177,187
1925-01-04,HERO,Progress,2,2,1382,1414,0.447,0.106,0.447,6,5,-0.0,0.0,175,175
1925-01-04,HKV,Fluks,2,3,1932,1939,0.477,0.119,0.404,4,3,-12.1,12.1,129,129
1925-01-04,LUTO,Gooiers,3,7,1711,1933,0.212,0.081,0.707,4,7,-13.5,12.3,159,150
1925-01-04,OSCR,Deetos,4,1,1818,1984,0.266,0.103,0.631,3,4,38.3,-40.8,129,133
1925-01-04,Tekca,Haarlem,1,3,1658,1730,0.385,0.121,0.495,2,3,-16.5,15.0,141,134
1925-01-11,ALO,HBS (H),1,3,1647,1551,0.624,0.103,0.273,4,3,-37.8,36.6,147,144
1925-01-11,Amstel,Animo,7,0,1472,1229,0.790,0.075,0.135,5,2,35.3,-33.9,213,207
1925-01-11,Be Quick,Rapid (W),5,3,1499,1473,0.531,0.104,0.365,5,4,14.0,-13.0,157,151
1925-01-11,DED,BEP,1,15,1495,1663,0.265,0.101,0.634,3,5,-41.9,39.5,170,164
1925-01-11,DEV,Ready (A),6,2,1976,1847,0.669,0.093,0.238,5,3,12.4,-14.9,125,139
1925-01-11,DOS (E),AKC (Al),7,3,1881,1437,0.921,0.033,0.046,7,1,-7.5,6.7,171,164
1925-01-11,DOTO,DES (V),2,1,1147,1095,0.565,0.105,0.330,5,4,0.3,-0.3,162,161
1925-01-11,DTV,Advendo,4,2,1982,1723,0.806,0.069,0.125,5,2,-9.3,10.0,133,137
1925-01-11,EKCA,Quick (Arn),1,0,1830,1548,0.825,0.065,0.111,5,2,-30.9,22.2,171,148
1925-01-11,Gooiers,Bilthoven,6,1,1947,1757,0.742,0.077,0.182,7,4,14.2,-15.0,145,150
1925-01-11,Groen Wit,ZKC (Zu),1,1,1378,1503,0.314,0.116,0.570,2,3,13.6,-14.2,165,168
1925-01-11,HKC (He),Achilles (A),3,1,1785,1646,0.689,0.076,0.235,9,6,-3.1,3.8,158,168
1925-01-11,HKV,OSCR,3,2,1921,1857,0.577,0.112,0.311,4,3,-0.6,0.6,125,126
1925-01-11,Hercules,DDV,1,2,1804,1793,0.505,0.114,0.381,4,3,-15.2,14.5,137,134
1925-01-11,NIVO,Wilhelmina²,1,1,1332,1311,0.517,0.116,0.367,4,3,-8.0,8.6,167,173
1925-01-11,OKC,EKC,4,1,1026,997,0.531,0.111,0.358,4,3,28.4,-27.8,170,168
1925-01-11,OKC,VZOD (L),9,2,1054,948,0.638,0.099,0.263,5,3,33.3,-42.0,157,178
1925-01-11,Onder Ons,Unitas (D),1,6,1313,1471,0.283,0.090,0.627,5,7,-34.6,25.5,185,155
1925-01-11,RCU,Hinde,1,8,1364,1377,0.474,0.107,0.419,5,4,-69.9,65.1,185,178
1925-01-11,Sportief,KVKV,3,5,1572,1842,0.166,0.078,0.756,3,6,6.5,-9.5,162,185
1925-01-11,Swallows,OSCA,1,5,1556,1559,0.468,0.144,0.387,1,0,-59.2,61.9,174,178
1925-01-11,Velocitas (A),Eendracht,0,3,1594,1786,0.271,0.027,0.702,28,36,12.1,-12.4,168,170
1925-01-11,Velox,Dordrecht,2,5,1886,1849,0.546,0.105,0.349,5,4,-28.7,36.8,125,142
1925-01-11,WKC,DES (V),0,0,1252,1094,0.703,0.088,0.209,5,3,-24.3,23.5,152,149
1925-01-11,Westerkwartier,Nausikaa,3,3,1992,1901,0.620,0.098,0.282,5,4,-11.8,13.8,125,134
1925-01-18,DSK,SCH,3,2,1626,1506,0.649,0.110,0.241,3,1,-6.9,6.7,157,155
1925-01-18,DTV,Nausikaa,4,7,1969,1911,0.576,0.100,0.324,6,4,-33.4,32.7,131,130
1925-01-18,De Tovers,SAMOS,6,2,1527,1464,0.581,0.104,0.315,5,4,27.5,-28.4,159,162
1925-01-18,Deetos,Dordrecht,2,2,1940,1882,0.571,0.111,0.319,4,3,-9.7,10.3,132,136
1925-01-18,HBS (De),Wilhelmina²,7,2,1408,1315,0.618,0.106,0.277,4,3,36.6,-31.5,176,161
1925-01-18,KDC,Excelsior (A),4,0,1526,1467,0.570,0.115,0.315,3,2,29.9,-30.2,157,157
1925-01-18,KVD,Bilthoven,3,5,1640,1738,0.348,0.118,0.533,2,3,-16.0,13.8,157,145
1925-01-18,LUTO,Zwaluwen (H),5,2,1694,1526,0.712,0.090,0.198,5,2,7.8,-8.2,154,160
1925-01-18,Phoenix,SCS²,0,4,1303,1474,0.264,0.094,0.642,4,6,-24.8,52.7,175,283
1925-01-18,RCU,Quick (U),0,11,1290,1747,0.062,0.039,0.899,2,8,-14.2,15.8,170,181
1925-01-18,Ready (A),Excelsior,1,7,1827,1844,0.465,0.113,0.422,5,4,-40.2,42.2,134,138
1925-01-25,Be Quick,Quick (Arn),0,7,1512,1567,0.404,0.127,0.470,1,2,-46.9,45.2,151,148
1925-01-25,Bilthoven,LUTO,4,4,1753,1704,0.558,0.113,0.329,4,3,-9.4,10.8,139,148
1925-01-25,DES (V),DOTO,2,2,1115,1145,0.447,0.112,0.441,5,4,-0.2,0.3,146,155
1925-01-25,DEV,Westerkwartier,1,1,1987,1978,0.503,0.111,0.387,5,4,-4.2,4.1,126,125
1925-01-25,DTV,Excelsior,1,4,1937,1889,0.560,0.106,0.335,5,4,-31.3,33.6,127,132
1925-01-25,DVO (H),Ambakor,0,3,1355,1556,0.228,0.097,0.675,2,5,-20.1,20.7,208,213
1925-01-25,EKC,VIOS (Bo),4,1,966,1201,0.196,0.088,0.716,3,5,51.6,-150.8,160,274
1925-01-25,EKCA,Rapid (W),6,0,1796,1458,0.869,0.046,0.084,8,3,8.4,-6.9,167,146
1925-01-25,Excelsior (A),SCH,2,3,1438,1514,0.380,0.115,0.505,3,4,-5.8,5.8,149,148
1925-01-25,Fazanten,Sportief,1,10,1416,1576,0.273,0.106,0.621,3,4,-41.0,37.6,166,158
1925-01-25,Fluks,Vitesse (Leiden),5,3,1950,1902,0.556,0.110,0.333,4,3,9.3,-10.6,131,141
1925-01-25,Groen Zwart,Thor (Zu),1,2,1735,1570,0.716,0.079,0.206,7,4,-81.3,50.6,266,211
1925-01-25,HBS (De),NIVO,5,1,1447,1322,0.661,0.100,0.239,4,2,22.5,-21.4,164,159
1925-01-25,KDC,DSK,0,3,1558,1621,0.390,0.134,0.476,1,2,-30.5,30.9,148,149
1925-01-25,KZ,Ready (A),6,0,1951,1788,0.709,0.088,0.203,5,3,19.0,-17.6,135,130
1925-01-25,NHM (R),Progress,5,1,1650,1412,0.788,0.070,0.142,6,3,18.8,-10.9,281,167
1925-01-25,Naas²,HKC (He),5,4,1623,1780,0.277,0.106,0.617,3,4,31.7,-28.7,162,154
1925-01-25,Ons Buiten,Sloten,3,4,1364,1483,0.325,0.106,0.569,3,5,-2.2,0.7,175,291
1925-01-25,Quick (A),KCN,6,2,1526,1441,0.608,0.106,0.286,4,3,29.7,-29.8,172,172
1925-01-25,Rohda (A),Amstel,1,2,1536,1506,0.533,0.109,0.358,5,4,-32.7,28.6,214,200
1925-01-25,Unitas (D),Onder Ons,4,1,1495,1276,0.773,0.068,0.158,7,4,-0.6,1.6,151,173
1925-01-25,ZKC (Zu),Mercedes,3,0,1486,1532,0.419,0.122,0.458,2,3,38.1,-38.8,160,161
1925-01-25,Zwaluwen (R),HERO,11,0,1756,1380,0.889,0.043,0.068,7,2,15.9,-14.8,175,167
1925-02-01,ALO,Rozenburg,0,4,1607,1609,0.484,0.118,0.398,4,3,-41.1,42.2,146,148
1925-02-01,Advendo,KZ,1,1,1730,1971,0.189,0.090,0.721,2,5,23.8,-20.9,140,132
1925-02-01,DDV,Tekca,6,2,1805,1640,0.706,0.095,0.199,4,2,13.2,-14.6,135,143
1925-02-01,DVD²,BEP,8,1,1819,1704,0.651,0.095,0.254,5,3,47.5,-33.0,197,160
1925-02-01,Dordrecht,OSCR,3,1,1893,1855,0.544,0.110,0.346,4,3,10.5,-9.7,134,129
1925-02-01,Fluks,Deetos,1,2,1959,1932,0.526,0.116,0.357,4,3,-15.2,16.1,127,131
1925-02-01,KVR,GKV,0,5,1519,1654,0.299,0.116,0.585,2,3,-50.5,43.5,199,183
1925-02-01,LUTO,KVD,0,6,1714,1625,0.613,0.107,0.280,4,3,-56.7,64.3,141,151
1925-02-01,Mercedes,Groen Wit,0,0,1492,1389,0.629,0.108,0.263,4,2,-17.3,19.3,152,160
1925-02-01,Nausikaa,Excelsior,2,4,1946,1922,0.526,0.106,0.368,5,4,-22.4,21.9,129,128
1925-02-01,Oranje,DVO (H),1,2,1560,1334,0.774,0.079,0.148,5,2,-81.2,58.3,224,191
1925-02-01,PSV,Quick (Arn),3,4,1396,1613,0.211,0.097,0.693,2,4,13.5,-9.3,166,141
1925-02-01,Ready (A),DTV,5,2,1769,1905,0.305,0.105,0.591,3,5,34.0,-32.5,127,124
1925-02-01,Ready (W),VIOS (Bo),3,0,1314,1050,0.811,0.066,0.123,6,2,0.3,3.9,175,234
1925-02-01,WKC,SGOC,0,0,1224,1218,0.500,0.110,0.390,5,4,-5.1,5.6,151,158
1925-02-08,EKCA,Be Quick,9,2,1806,1465,0.865,0.055,0.079,5,1,14.3,-11.5,165,146
1925-02-08,Rapid (W),PSV,7,1,1451,1410,0.552,0.100,0.348,6,5,34.0,-38.4,147,157
1925-02-08,Swift,Haarlem,3,2,1789,1745,0.548,0.116,0.335,3,2,2.2,-2.0,152,140
1925-02-08,Thor (Zu),Zwart Wit,0,0,1622,1544,0.599,0.106,0.296,4,3,-21.3,18.1,198,184
1925-02-08,Vitesse (Haag),ALO,0,4,1514,1566,0.413,0.118,0.469,2,3,-38.4,31.6,154,139
1925-02-15,HKV,Vitesse (Leiden),2,0,1919,1893,0.523,0.119,0.358,3,2,12.9,-14.1,134,141
1925-02-15,SGOC,DES (V),4,0,1224,1116,0.640,0.099,0.261,5,3,20.5,-19.1,151,145
1925-02-15,ZKC (Zu),Onder Ons,17,1,1525,1278,0.798,0.066,0.136,7,3,21.8,-25.2,155,169
1925-02-15,Zuiden (R),HBS (H),3,2,1838,1587,0.797,0.074,0.130,5,1,-24.7,20.0,164,149
1925-02-22,'t Overschotje,Groen Zwart,5,7,1522,1654,0.313,0.096,0.591,5,6,-12.3,16.0,195,237
1925-02-22,Be Quick,PSV,2,4,1453,1371,0.600,0.113,0.287,3,2,-36.9,39.0,146,151
1925-02-22,DKC (De),Rozenburg,3,2,1800,1652,0.689,0.095,0.216,4,2,-14.3,9.4,175,146
1925-02-22,DOTO,SGOC,0,3,1146,1244,0.353,0.109,0.538,3,4,-23.1,20.6,154,144
1925-02-22,DVD²,ZKV (Za),9,2,1869,1538,0.861,0.053,0.086,6,2,17.7,-16.6,184,177
1925-02-22,Deetos,Velox,2,5,1948,1857,0.617,0.105,0.278,4,3,-39.0,41.4,133,137
1925-02-22,Dordrecht,Fluks,1,6,1905,1944,0.432,0.115,0.453,3,4,-35.9,33.1,135,130
1925-02-22,EKC,OKC,0,11,1019,1089,0.391,0.113,0.496,3,4,-52.0,51.7,162,162
1925-02-22,Fazanten,Helder,7,1,1376,1322,0.566,0.106,0.328,5,4,39.2,-61.9,163,212
1925-02-22,GKV,KVR,1,2,1699,1468,0.776,0.082,0.142,4,1,-54.9,62.6,175,186
1925-02-22,HKC (He),DOS (E),2,3,1753,1874,0.325,0.100,0.575,4,6,0.6,-1.3,154,179
1925-02-22,KVO,Hercules,2,1,1720,1787,0.393,0.114,0.494,3,4,16.4,-15.4,150,146
1925-02-22,Nausikaa,Ready (A),7,0,1924,1805,0.656,0.095,0.249,5,3,23.4,-22.9,131,130
1925-02-22,RODA (W),KVKV,2,3,1528,1832,0.140,0.070,0.790,3,6,27.1,-27.9,183,185
1925-02-22,Sloten,Ons Buiten,3,1,1485,1363,0.659,0.097,0.245,5,3,6.4,-5.4,243,173
1925-02-22,TOV (D),Vitesse (Haag),2,5,1532,1475,0.566,0.115,0.318,3,2,-51.4,42.7,163,148
1925-03-01,Advendo,DEV,2,4,1755,1983,0.200,0.093,0.707,2,4,1.5,-1.1,144,134
1925-03-01,Dordrecht,HKV,4,2,1868,1931,0.395,0.120,0.484,2,3,21.8,-22.4,130,132
1925-03-01,Fluks,HSV,4,4,1978,1631,0.869,0.054,0.077,5,1,-29.6,44.0,126,151
1925-03-01,Gooiers,Amersfoort,5,0,1961,1584,0.890,0.043,0.068,7,2,2.4,-2.3,156,162
1925-03-01,HBS (H),TOV (D),4,2,1606,1480,0.660,0.103,0.238,4,2,3.4,-3.5,148,153
1925-03-01,KVO,Swift,3,2,1736,1791,0.410,0.114,0.476,3,4,13.4,-14.7,143,150
1925-03-01,KVR,Rood Wit (H),0,5,1531,1500,0.531,0.116,0.353,4,3,-64.1,88.9,176,210
1925-03-01,KZ,Nausikaa,2,5,1950,1948,0.495,0.107,0.398,5,4,-30.0,26.1,138,128
1925-03-01,Ons Eibernest,SDO (L),4,1,1656,1522,0.672,0.096,0.232,5,3,18.1,-20.9,196,218
1925-03-01,Rozenburg,Zuiden (R),4,3,1661,1813,0.280,0.111,0.608,2,3,24.6,-31.8,141,160
1925-03-01,SAMOS,Actief,3,2,1438,1680,0.190,0.083,0.727,3,6,42.5,-46.2,165,171
1925-03-01,Vitesse (Leiden),OSCR,7,1,1877,1846,0.533,0.113,0.354,4,3,33.4,-31.7,138,134
1925-03-01,Zwaluwen (H),KVD,2,5,1521,1691,0.260,0.104,0.635,2,4,-17.1,14.8,165,151
1925-03-07,Gelre,Blauw Wit (Z),3,5,1377,1560,0.259,0.075,0.666,7,9,0.9,-1.6,192,205
1925-03-08,DOTO,WKC,0,1,1122,1220,0.352,0.111,0.537,3,4,-2.9,3.0,148,154
1925-03-08,Die Haghe,Rood Wit (H),3,0,1765,1589,0.722,0.089,0.190,5,2,11.0,-10.8,190,188
1925-03-15,Achilles (H),Graaf Willem 2,3,0,1756,1570,0.729,0.091,0.179,4,2,16.1,-18.0,215,238
1925-03-15,OKC,Keppel,6,4,1142,1038,0.634,0.101,0.265,5,3,5.9,-7.7,157,197
1925-03-21,TOP (R),Blauw Wit (Z),0,2,1355,1558,0.234,0.077,0.688,5,8,3.4,-2.4,204,189
1925-03-22,'t Overschotje,Thor (Zu),0,2,1510,1599,0.363,0.111,0.525,3,4,-20.9,21.8,187,192
1925-03-22,Achilles (H),Hollandia,5,1,1772,1598,0.716,0.094,0.190,4,2,26.3,-31.1,199,223
1925-03-22,Advendo (He),Juliana²,1,4,1200,1200,0.492,0.108,0.401,5,4,-43.1,43.1,175,175
1925-03-22,Ambakor,Oranje,5,3,1578,1480,0.625,0.105,0.270,4,3,12.0,-12.6,208,216
1925-03-22,Bilthoven,Zwaluwen (H),3,1,1745,1503,0.788,0.077,0.135,5,1,-8.3,9.5,152,160
1925-03-22,DVD²,Eendracht,5,2,1888,1773,0.643,0.108,0.249,3,2,21.4,-20.7,184,181
1925-03-22,Dordrecht,Vitesse (Leiden),3,6,1890,1911,0.457,0.115,0.428,5,4,-26.3,28.5,132,138
1925-03-22,HBS (H),DKC (De),0,2,1609,1786,0.255,0.100,0.645,3,5,-4.2,4.9,148,171
1925-03-22,Helder,RODA (W),3,6,1260,1554,0.146,0.074,0.780,2,6,-1.9,2.3,195,180
1925-03-22,Hercules,Advendo,3,0,1771,1756,0.506,0.123,0.371,3,2,26.1,-25.4,147,145
1925-03-22,KVD,Amersfoort,3,0,1706,1581,0.657,0.106,0.237,3,2,13.8,-16.0,150,164
1925-03-22,KVKV,Gooiers,2,6,1804,1963,0.280,0.090,0.630,5,7,-26.2,20.7,182,159
1925-03-22,Noviomagum,EKCA,3,5,1597,1822,0.204,0.092,0.704,2,5,0.7,-0.8,169,173
1925-03-22,Rood Wit (H),KVR,2,0,1577,1465,0.641,0.106,0.254,4,2,7.3,-6.8,178,169
1925-03-22,SSS (A),LUTO,1,1,1564,1658,0.357,0.114,0.530,3,4,10.9,-7.7,179,152
1925-03-22,Westerkwartier,Velox,5,5,1983,1898,0.608,0.103,0.288,5,3,-14.0,13.6,142,140
1925-03-22,Zuiden (R),TOV (D),13,0,1781,1476,0.839,0.064,0.097,5,1,17.4,-16.5,156,151
1925-03-22,Zwaluwen (R),TOG (V),2,0,1775,1640,0.677,0.089,0.234,6,4,0.7,-0.9,186,175
1925-03-28,Progress,MAAS²,3,2,1403,1442,0.435,0.110,0.455,3,4,15.4,-20.4,180,210
1925-03-28,Zwaluwen (R),NHM (R),3,1,1776,1672,0.637,0.096,0.267,5,4,6.9,-9.9,173,257
1925-03-29,Actief,Gooiers,1,3,1635,1986,0.111,0.056,0.832,3,8,19.5,-14.9,169,151
1925-03-29,DOK,WIK (E),3,2,1244,1108,0.674,0.097,0.229,5,2,-12.9,15.5,227,243
1925-03-29,EKCA,DOS (E),5,2,1823,1874,0.420,0.105,0.475,4,5,35.7,-40.4,163,174
1925-03-29,Fluks,DTV,1,3,1949,1873,0.596,0.107,0.297,4,3,-31.1,26.9,135,125
1925-03-29,Fluks,HKV,6,2,1915,1887,0.524,0.123,0.353,3,2,22.4,-22.9,120,122
1925-03-29,Fluks,Vitesse (Leiden),0,0,1917,1942,0.452,0.117,0.431,4,3,-0.8,0.6,127,113
1925-03-29,HKV,DTV,0,1,1904,1875,0.527,0.117,0.355,4,3,-15.4,18.6,128,141
1925-03-29,HSV,Zuiden (R),1,4,1677,1801,0.315,0.113,0.573,3,4,-21.7,20.8,156,153
1925-03-29,OSCR,DKC (De),2,4,1815,1791,0.522,0.112,0.366,4,3,-24.9,33.5,138,160
1925-03-29,PSV,ZKC (Zu),1,2,1412,1552,0.296,0.110,0.594,3,4,1.9,-2.3,154,163
1925-03-29,Velox,Vitesse (Leiden),3,1,1913,1942,0.450,0.111,0.439,5,4,17.8,-17.1,135,132
1925-03-29,Vitesse (Leiden),DTV,4,1,1928,1892,0.540,0.111,0.350,4,3,14.8,-18.1,119,132
1925-03-29,Vitesse (Leiden),HKV,3,2,1924,1910,0.505,0.121,0.374,3,2,4.5,-5.3,125,136
1925-03-29,Wit Zwart²,Juliana²,2,1,1244,1244,0.492,0.108,0.400,5,4,8.7,-7.7,175,163
1925-04-05,Actief,EBKC,2,2,1652,1668,0.469,0.110,0.421,5,4,-2.3,3.4,164,196
1925-04-05,BEP,Ready (A),5,5,1671,1781,0.336,0.109,0.555,3,4,13.0,-8.7,171,141
1925-04-05,DDV,Hercules,6,1,1820,1797,0.518,0.118,0.364,4,3,38.5,-33.9,153,143
1925-04-05,Deetos,ALO,5,2,1909,1598,0.844,0.062,0.094,5,1,-3.3,4.1,143,152
1925-04-05,EKCA,Westerkwartier,4,3,1857,1987,0.310,0.108,0.582,3,4,26.1,-19.0,153,131
1925-04-05,Excelsior,Tekca,6,1,1946,1627,0.850,0.060,0.090,5,1,8.1,-9.1,147,159
1925-04-05,Haarlem,Advendo,1,3,1743,1729,0.502,0.125,0.374,3,2,-31.6,27.0,153,141
1925-04-05,KVKV,DVD²,2,4,1777,1909,0.310,0.102,0.588,4,5,-10.6,10.9,171,173
1925-04-05,Naas²,AKC (Al),1,5,1657,1444,0.757,0.088,0.155,4,1,-88.6,101.7,174,186
1925-04-05,Oosterpark,Gooiers,6,6,1836,1969,0.311,0.096,0.593,5,6,24.2,-11.0,215,148
1925-04-05,Rozenburg,TOV (D),3,2,1686,1459,0.772,0.083,0.145,4,1,-17.4,18.5,147,151
1925-04-05,Swift,KVO,8,4,1776,1749,0.526,0.114,0.360,4,3,31.8,-29.9,152,147
1925-04-05,TOGO (A),LUTO,2,4,1591,1649,0.403,0.118,0.479,2,3,-35.8,17.7,219,147
1925-04-05,Teutonia,Ready (M),14,1,2000,1130,0.992,0.004,0.004,9,0,1.6,-1.6,175,175
1925-04-05,Velox,Westerkwartier,1,3,1929,1969,0.433,0.113,0.454,3,4,-16.5,18.7,130,139
1925-04-05,ZKC (Zu),PSV,2,1,1548,1411,0.672,0.101,0.227,4,2,-9.5,8.5,153,147
1925-04-05,Zuiden (R),DKC (De),2,2,1821,1824,0.485,0.114,0.401,4,3,-3.7,3.9,145,150
1925-04-13,EBKC,Gooiers,2,4,1672,1960,0.153,0.070,0.777,3,7,13.6,-7.9,178,143
1925-04-18,Gelre,Oliveo,4,1,1379,1124,0.803,0.068,0.129,6,2,1.8,1.7,188,248
1925-04-19,Achilles (A),DOS (E),6,4,1650,1833,0.257,0.080,0.663,6,8,53.9,-42.4,188,166
1925-04-19,Advendo,Hercules,1,3,1757,1764,0.473,0.126,0.401,3,2,-24.1,24.6,138,140
1925-04-19,Amstelodamum,Quick (A),0,3,1527,1560,0.440,0.118,0.441,2,3,-46.0,43.9,190,185
1925-04-19,DDV,Sportief,2,1,1860,1618,0.789,0.075,0.136,5,2,-18.3,27.1,147,176
1925-04-19,DKC (De),Vitesse (Haag),13,0,1828,1520,0.844,0.060,0.096,5,1,15.0,-17.6,145,159
1925-04-19,EBKC,Actief,5,1,1685,1651,0.538,0.109,0.353,5,4,35.3,-31.0,168,157
1925-04-19,Gooiers,Eendracht,5,4,1952,1753,0.746,0.084,0.170,5,2,-13.2,22.0,139,175
1925-04-19,KVKV,Oosterpark,2,3,1767,1862,0.360,0.105,0.535,4,5,-3.4,4.3,162,193
1925-04-19,LUTO,AW,4,3,1669,1464,0.750,0.087,0.164,4,1,-11.6,34.5,145,231
1925-04-19,Ready (A),KZ,5,8,1774,1921,0.288,0.106,0.605,3,4,-14.6,16.4,138,148
1925-04-19,Swift,Excelsior,4,2,1810,1956,0.289,0.108,0.602,3,4,36.5,-36.5,147,147
1925-04-19,Westerkwartier,EKCA,3,0,1969,1885,0.607,0.106,0.287,4,3,12.8,-16.1,130,148
1925-04-19,Wit Zwart²,Ready (M),6,1,1253,1129,0.664,0.090,0.246,6,4,26.8,-30.1,167,179
1925-04-19,Zwart Wit,Groen Zwart,2,3,1563,1673,0.340,0.101,0.559,4,5,-1.9,1.7,190,221
1925-04-26,DKC (De),TOV (D),8,3,1843,1475,0.882,0.048,0.070,6,1,4.0,-4.3,143,152
1925-04-26,Eendracht,Oosterpark,2,5,1772,1863,0.358,0.119,0.522,2,3,-29.4,32.6,166,176
1925-04-26,Gooiers,DVD²,4,5,1936,1919,0.519,0.103,0.378,6,5,-14.1,20.8,136,166
1925-04-26,KVR,Achilles (H),1,1,1456,1797,0.112,0.072,0.816,1,4,40.6,-54.8,169,194
1925-04-26,Moedig Voorwaarts (B),Leonidas,6,0,1531,1313,0.766,0.080,0.154,5,2,73.1,-75.1,325,332
1925-04-26,ODA (B),Quick '21,3,2,1546,1483,0.576,0.113,0.311,4,2,2.0,-2.3,245,229
1925-04-26,OKC (Ol),HDT,3,3,1513,1567,0.409,0.119,0.472,2,3,5.5,-5.2,251,243
1925-04-26,RODA (W),Oosterpark,0,9,1556,1895,0.116,0.064,0.820,2,6,-24.6,20.2,180,161
1925-04-26,UDI (O),Forward,5,5,1354,1455,0.349,0.107,0.544,4,5,22.1,-14.1,301,244
1925-04-26,Velox,Zuiden (R),4,6,1911,1815,0.623,0.102,0.275,5,3,-31.0,36.9,132,144
1925-04-26,Volharding (H),DDB,0,1,1234,1316,0.370,0.117,0.513,2,3,-12.5,13.5,242,256
1925-04-26,Westerkwartier,EKCA,2,1,1979,1865,0.646,0.101,0.253,4,3,-5.3,6.7,127,141
1925-04-26,Zuiden (R),DVD²,4,2,1852,1939,0.367,0.111,0.522,3,4,24.3,-30.5,136,153
1925-05-03,DTV,Westerkwartier,6,3,1896,1972,0.381,0.115,0.504,3,4,31.2,-27.1,134,124
1925-05-03,Forward,OKC (Ol),16,2,1440,1517,0.380,0.113,0.507,3,4,99.5,-99.3,220,219
1925-05-03,HDT,Moedig Voorwaarts (B),2,4,1561,1604,0.427,0.115,0.458,3,4,-33.8,54.2,215,284
1925-05-03,KVD,Eendracht,12,3,1718,1741,0.447,0.130,0.423,3,2,53.1,-52.5,157,156
1925-05-03,KVR,GKV,4,1,1495,1641,0.285,0.116,0.599,2,3,53.6,-69.2,163,186
1925-05-03,Oliveo,Gelre,1,1,1121,1377,0.178,0.081,0.741,3,6,52.2,-32.7,227,182
1925-05-03,Oosterpark,DVD²,3,3,1915,1907,0.505,0.106,0.389,5,4,-5.8,4.9,156,144
1925-05-03,Quick '21,Tijnje,1,3,1479,1472,0.496,0.120,0.384,4,3,-44.3,52.9,206,227
1925-05-03,Rood Wit (H),Die Haghe,2,0,1581,1773,0.237,0.100,0.663,2,4,54.5,-63.8,178,192
1925-05-03,Rood Wit (H),KVR,2,1,1635,1548,0.608,0.110,0.282,4,2,-3.6,2.9,165,152
1925-05-03,Rood Wit (H),Ons Eibernest,2,1,1631,1637,0.479,0.117,0.404,4,3,8.5,-11.3,152,180
1925-05-03,TOP (R),Blauw Wit (Z),2,2,1355,1553,0.239,0.080,0.681,5,8,31.3,-27.9,198,187
1925-05-03,TOV (D),Gooiers,3,11,1489,1921,0.071,0.045,0.885,2,7,-9.3,8.2,142,132
1925-05-03,TOV (D),Ons Eibernest,4,4,1470,1672,0.225,0.101,0.674,2,4,19.2,-34.8,150,198
1925-05-03,WK,KW,5,4,1774,1674,0.628,0.105,0.268,4,3,-5.0,8.0,234,266
1925-05-10,Blauw Wit (Z),Oliveo,4,1,1525,1173,0.879,0.041,0.080,9,4,-14.0,21.3,175,206
1925-05-10,DTV,Advendo,11,3,1928,1728,0.746,0.086,0.168,4,2,17.8,-20.2,129,138
1925-05-10,Foarut,HKC (Hrd),1,2,1318,1637,0.127,0.074,0.799,1,5,37.7,-37.6,244,244
1925-05-10,Forward,HDT,10,1,1542,1526,0.514,0.108,0.378,5,4,67.2,-67.2,197,197
1925-05-10,Friso (A),DDB,3,0,1468,1328,0.680,0.097,0.223,4,2,25.6,-23.3,241,225
1925-05-10,HSV,DKC (De),2,1,1650,1846,0.234,0.096,0.670,3,5,36.8,-29.9,160,145
1925-05-10,KW,WK,3,8,1682,1769,0.365,0.114,0.521,3,4,-71.0,61.1,231,211
1925-05-10,Kinea (A),WK,3,5,1584,1831,0.185,0.085,0.730,2,5,5.6,-2.5,225,190
1925-05-10,ODA (B),Tijnje,4,2,1547,1524,0.517,0.120,0.363,3,2,29.8,-26.1,218,201
1925-05-10,OSCA,KVD,1,5,1619,1772,0.276,0.116,0.608,1,3,-40.8,24.5,198,148
1925-05-10,UDI (O),OKC (Ol),8,1,1375,1417,0.428,0.115,0.457,3,4,110.5,-71.5,252,197
1925-05-17,Advendo,DDV,1,5,1706,1836,0.308,0.115,0.578,2,3,-22.6,27.9,135,152
1925-05-17,BLEI,Zwaluwen (LZ),3,2,1492,1445,0.559,0.104,0.337,5,4,1.2,-1.2,175,175
1925-05-17,DKC (De),ALO,5,1,1814,1598,0.767,0.077,0.157,6,2,8.0,-9.9,140,161
1925-05-17,Deetos,DTV,4,1,1902,1946,0.426,0.116,0.458,3,4,35.0,-24.4,154,127
1925-05-17,Gelre,TOP (R),6,0,1342,1384,0.428,0.114,0.457,3,4,60.4,-66.4,175,184
1925-05-17,HBS (DB),PSV,2,8,1629,1416,0.763,0.078,0.159,5,2,-301.3,50.8,350,144
1925-05-17,Hermes (B),Tijnje,1,1,1396,1496,0.344,0.120,0.535,2,3,18.9,-10.0,250,184
1925-05-17,Keppel,EKC,11,0,1026,963,0.577,0.112,0.311,4,3,59.8,-50.4,196,178
1925-05-17,Kinea (A),WK,0,6,1588,1827,0.192,0.087,0.722,3,5,-37.9,30.3,205,179
1925-05-17,OKC (Ol),Moedig Voorwaarts (B),4,8,1343,1656,0.131,0.075,0.794,1,5,-13.8,19.2,182,238
1925-05-17,ONA,Juliana (S),13,1,1592,906,0.978,0.011,0.011,8,0,14.7,-6.8,350,175
1925-05-17,Ons Eibernest,TOV (D),3,1,1623,1478,0.684,0.099,0.217,4,2,1.3,-1.5,168,144
1925-05-17,PSV,ODI,6,5,1415,1354,0.575,0.111,0.314,4,3,-0.0,0.4,154,175
1925-05-17,RODA (W),Helder,10,1,1528,1254,0.819,0.065,0.116,6,2,24.3,-29.3,177,197
1925-05-17,Tekca,Oosterpark,1,5,1613,1908,0.145,0.076,0.779,2,5,-10.1,8.7,167,150
1925-05-17,VIOS (Bu),DIO,4,0,1836,1275,0.957,0.021,0.023,7,1,-16.3,13.0,221,205
1925-05-17,Zwaluwen (LZ),Zwaluwen (BoZ),4,0,1443,1372,0.593,0.102,0.306,5,4,26.6,-31.0,161,175
1925-05-24,DKC (De),HSV,6,2,1824,1687,0.676,0.096,0.228,5,3,14.9,-18.4,137,155
1925-05-24,Deetos,DDV,1,2,1938,1865,0.589,0.112,0.299,4,2,-24.5,24.2,145,144
1925-05-24,Fluks (Z),Zwaluwen (LZ),2,1,1542,1471,0.591,0.104,0.306,5,3,-7.4,-1.0,350,152
1925-05-24,Foarut,Felicitas,2,1,1355,1573,0.214,0.087,0.699,3,6,58.7,-66.6,226,240
1925-05-24,HERO,BLEI,1,12,1363,1494,0.312,0.103,0.585,4,5,-60.4,43.0,197,163
1925-05-24,Juliana (S),ODI,2,5,900,1356,0.061,0.042,0.897,1,6,14.0,-11.6,175,163
1925-05-24,KVD,Gooiers,1,3,1797,1930,0.311,0.098,0.591,4,6,-6.8,6.2,145,137
1925-05-24,Moedig Voorwaarts (B),UDI (O),1,3,1678,1486,0.741,0.082,0.177,6,3,-84.3,85.2,217,218
1925-05-24,PSV,ONA,9,7,1469,1610,0.302,0.096,0.602,4,6,22.6,-117.3,143,338
1925-05-24,Swift,Velox,3,2,1842,1878,0.438,0.114,0.448,3,4,12.2,-10.2,151,137
1925-05-24,Tekca,DVD²,2,6,1603,1911,0.135,0.075,0.790,2,5,-9.0,7.7,160,143
1925-05-24,WK,Kinea (A),7,1,1859,1550,0.846,0.058,0.096,6,2,14.6,-17.2,169,189
1925-05-31,Fluks (Z),HERO,4,1,1534,1303,0.781,0.074,0.145,6,2,3.5,-5.1,265,180
1925-05-31,HSV,DKC (De),2,4,1668,1839,0.261,0.101,0.637,3,4,-4.2,3.7,148,133
1925-05-31,Juliana (S),PSV,2,10,914,1493,0.030,0.024,0.945,1,7,-5.9,4.4,171,140
1925-05-31,LUTO,DVD²,3,8,1653,1920,0.168,0.082,0.751,2,5,-16.8,14.3,154,140
1925-05-31,ODI,Zwanenberg,9,0,1345,900,0.920,0.036,0.045,6,1,9.7,-11.2,160,175
1925-05-31,ONA,HBS (DB),3,6,1494,1329,0.715,0.080,0.204,7,4,-109.5,129.7,259,282
1925-06-07,Akkrum,Friso (L),2,3,1596,1744,0.292,0.096,0.612,4,6,6.1,-4.8,249,233
1925-06-07,Forward,Moedig Voorwaarts (B),3,2,1614,1596,0.518,0.107,0.375,5,4,6.6,-7.4,186,202
1925-06-07,Gooiers,DVD²,3,3,1939,1938,0.498,0.101,0.401,6,5,-3.8,3.9,136,137
1925-06-07,HKC (Hrd),Foarut,9,1,1602,1416,0.730,0.091,0.179,4,2,51.5,-43.9,229,208
1925-06-07,Hermes (B),Quick '21,0,3,1418,1437,0.459,0.120,0.420,4,3,-60.8,49.9,218,196
1925-06-07,Tijnje,ODA (B),2,3,1490,1580,0.359,0.120,0.521,2,3,-6.7,8.0,177,201
1925-06-07,UDI (O),HDT,5,4,1574,1461,0.647,0.098,0.255,5,3,-10.2,8.2,203,186
1925-06-14,DDB,Friso (A),2,0,1306,1497,0.239,0.101,0.660,2,4,69.8,-76.7,212,223
1925-06-14,HDT,UDI (O),1,3,1470,1564,0.358,0.109,0.533,3,4,-17.3,19.4,174,185
1925-06-14,Leeuwarden,Frisia,3,1,1467,1380,0.620,0.089,0.291,7,5,7.8,-13.8,175,324
1925-06-14,Moedig Voorwaarts (B),Forward,1,3,1588,1620,0.445,0.110,0.445,5,4,-29.1,26.1,183,172
1925-06-14,Oliveo,Blauw Wit (Z),5,1,1196,1514,0.134,0.060,0.806,4,8,114.7,-87.5,204,179
1925-06-14,Swift,DDV,1,7,1857,1892,0.438,0.118,0.445,2,3,-45.9,43.2,148,143
1925-06-14,TOV (M),Nieuwe Kracht,5,1,1192,915,0.821,0.063,0.115,6,2,15.3,-10.1,311,175
1925-06-14,WWMD,Akkrum,2,2,1555,1601,0.427,0.105,0.468,4,5,3.6,-2.8,248,219
1925-06-21,Felicitas,HKC (Hrd),3,1,1511,1657,0.295,0.098,0.607,4,6,62.2,-56.4,221,210
1925-06-21,Friso (L),Akkrum,4,1,1741,1600,0.685,0.088,0.227,6,4,15.7,-14.5,211,198
1925-06-21,HERO,Zwaluwen (LZ),3,3,1301,1474,0.260,0.098,0.641,3,5,23.7,-18.3,177,156
1925-06-21,Juliana (S),ONA,5,5,912,1370,0.062,0.038,0.900,3,8,53.3,-73.9,174,202
1925-06-21,Kinea (K),DOS (L),3,7,1417,1442,0.455,0.110,0.435,5,4,-41.2,116.6,175,318
1925-06-21,ODA (B),Hermes (B),9,0,1589,1358,0.777,0.081,0.143,4,1,31.0,-34.8,184,197
1925-06-21,ONA,PSV,7,9,1388,1503,0.335,0.098,0.567,5,6,-19.1,9.1,236,146
1925-06-21,PSV,HBS (DB),4,3,1514,1463,0.564,0.103,0.333,5,4,1.1,0.1,139,249
1925-06-21,TOP (R),Gelre,0,4,1323,1409,0.368,0.113,0.519,3,4,-41.4,38.9,178,172
1925-06-21,Zwaluwen (LZ),Fluks (Z),3,5,1456,1542,0.368,0.111,0.521,3,4,-13.6,31.0,147,238
1925-06-21,Zwanenberg,ODI,0,9,892,1360,0.057,0.042,0.902,1,6,-13.9,12.2,177,163
1925-06-28,Friso (A),Volharding (H),4,1,1420,1223,0.744,0.085,0.171,5,2,11.0,-12.2,203,229
1925-06-28,Kinea (K),WIK (O),3,2,1375,1322,0.566,0.107,0.327,5,3,2.4,-1.2,167,304
1925-06-28,Nieuwe Kracht,VIOS (Ni),4,1,905,1214,0.136,0.071,0.793,2,6,80.2,-82.9,172,175
1925-06-28,WWMD,Friso (L),2,5,1559,1755,0.231,0.103,0.666,2,4,-24.5,20.5,218,193
1925-07-05,BLEI,Fluks (Z),4,5,1540,1578,0.437,0.110,0.454,3,4,-10.5,14.3,155,183
1925-07-05,Blauw Wit (Z),Gelre,4,1,1428,1448,0.471,0.092,0.437,8,7,31.7,-27.6,176,163
1925-07-05,DDB,Volharding (H),2,3,1378,1211,0.710,0.092,0.198,4,2,-54.0,59.9,198,208
1925-07-05,Fluks (Z),BLEI,2,1,1574,1544,0.534,0.106,0.360,5,4,5.1,-3.9,206,166
1925-07-05,Friso (L),WWMD,3,0,1777,1535,0.788,0.076,0.135,5,1,3.4,-3.2,180,197
1925-07-05,HBS (DB),Juliana (S),11,0,1526,966,0.957,0.019,0.024,8,1,7.9,-7.0,188,173
1925-07-05,ODI,HBS (DB),4,9,1374,1463,0.366,0.106,0.527,4,5,-38.4,61.7,163,214
1925-07-05,ONA,ODI,4,2,1297,1336,0.439,0.103,0.458,4,5,32.8,-20.5,197,152
1925-07-05,UDI (O),Moedig Voorwaarts (B),4,3,1585,1560,0.527,0.109,0.364,5,4,4.9,-4.8,175,173
1925-07-05,VIOS (Ni),TOV (M),2,2,1132,1209,0.381,0.110,0.509,3,4,5.3,-14.6,167,272
1925-07-05,WIK (O),Kinea (K),9,2,1321,1378,0.410,0.110,0.480,3,4,111.4,-52.0,244,161
1925-07-05,Zwaluwen (BoZ),Zwaluwen (LZ),8,2,1347,1442,0.358,0.107,0.536,4,5,71.8,-49.1,176,144
1925-07-05,Zwanenberg,PSV,0,9,878,1515,0.022,0.019,0.959,1,7,-5.3,3.7,175,138
1925-07-12,Akkrum,WWMD,3,7,1577,1523,0.571,0.100,0.329,5,4,-67.0,65.1,188,185
1925-07-12,DOS (L),Kinea (K),4,3,1552,1317,0.785,0.071,0.144,6,3,-49.6,15.6,253,153
1925-07-12,Moedig Voorwaarts (B),Forward,2,4,1547,1640,0.361,0.106,0.532,4,5,-14.9,16.0,161,168
1925-07-12,TOV (M),VIOS (Ni),2,1,1186,1128,0.573,0.107,0.321,5,3,-0.6,-0.7,226,160
1925-07-19,Volharding (H),Friso (A),1,2,1263,1424,0.273,0.104,0.624,3,4,5.9,-5.9,194,194
1925-07-19,WIK (O),DOS (L),1,4,1426,1502,0.383,0.108,0.508,4,5,-41.0,46.0,211,226
1925-07-26,DOS (L),WIK (O),2,2,1548,1384,0.711,0.087,0.202,5,3,-37.3,33.6,201,191
1925-08-02,HDT,OKC (Ol),2,1,1446,1328,0.651,0.101,0.248,4,3,-7.9,10.3,176,195
1925-08-02,Quick '21,ODA (B),1,3,1481,1614,0.307,0.107,0.585,3,4,-14.6,13.6,194,185
1925-08-02,Rapide,ELTO,1,1,1196,1295,0.350,0.113,0.537,3,4,21.2,-19.9,350,339
1925-08-06,Akkrum,WWMD,1,5,1510,1589,0.382,0.103,0.515,4,5,-39.4,38.7,179,177
1925-08-06,UNA (L),Sparta (Ze),2,3,1211,1217,0.481,0.112,0.407,5,4,-40.8,43.3,327,339
1925-08-06,Voorwaarts (M),Kinea (A),5,0,1722,1529,0.745,0.075,0.180,7,4,55.1,-26.8,334,200
1925-08-06,WK,Nic,5,3,1872,1424,0.922,0.034,0.044,6,1,-20.5,83.7,185,319
1925-08-16,DOS (M),ELTO,4,1,1578,1274,0.842,0.060,0.098,6,2,-0.1,3.4,256,287
1925-08-23,KW,Voorwaarts (M),2,7,1607,1777,0.268,0.092,0.640,4,6,-48.2,64.7,229,277
1925-08-23,MKC (Ma),UNA (L),9,4,1473,1169,0.841,0.061,0.098,5,1,30.1,-32.0,265,279
1925-08-30,Rapide,VDB,0,2,1216,1346,0.309,0.110,0.582,3,4,-32.5,40.2,295,349
1925-08-30,Sparta (Ze),Blauw Wit (G),16,0,1259,1240,0.518,0.112,0.371,4,3,110.1,-138.9,285,330
1925-09-06,Moedig Voorwaarts (B),HDT,3,3,1529,1435,0.619,0.107,0.274,4,2,-18.9,20.3,168,174
1925-09-06,OKC (Ol),Forward,1,7,1336,1654,0.130,0.069,0.801,2,6,-22.7,19.8,188,173
1925-09-06,Tijnje,Quick '21,3,0,1475,1463,0.502,0.121,0.378,3,2,39.5,-37.9,191,186
1925-09-13,GIOS,Dubbel Zes²,7,4,1635,1635,0.496,0.100,0.404,6,5,82.3,-26.1,350,175
1925-09-13,KW,WK,1,7,1557,1849,0.147,0.077,0.776,2,5,-33.0,27.8,212,191
1925-09-13,Nic,Voorwaarts (M),6,5,1506,1840,0.120,0.062,0.817,3,7,127.5,-79.4,299,241
1925-09-20,'t Overschotje,DIO (O),3,0,1480,1297,0.731,0.085,0.184,5,3,17.3,-25.8,221,350
1925-09-20,AKC (Al),Groen Zwart,1,2,1537,1664,0.318,0.100,0.582,4,5,0.5,-1.1,219,234
1925-09-20,AW,Victoria (A),4,0,1489,1555,0.394,0.116,0.490,3,4,82.7,-111.3,243,289
1925-09-20,BEP,KVD,4,9,1676,1784,0.341,0.107,0.552,4,5,-55.4,42.3,207,177
1925-09-20,Concordia²,Deska,2,1,1513,1645,0.302,0.120,0.578,2,3,41.8,-42.1,212,213
1925-09-20,DKC (De),Velox,3,6,1836,1862,0.457,0.108,0.436,6,5,-36.3,37.8,168,171
1925-09-20,DOS (E),HKC (He),1,5,1781,1744,0.545,0.104,0.352,5,4,-70.0,74.5,202,209
1925-09-20,Dubbel Zes²,GIOS,2,3,1607,1716,0.343,0.097,0.559,5,6,-1.8,1.0,168,264
1925-09-20,Emma,SDO (L),3,1,1521,1492,0.530,0.114,0.356,4,3,31.7,-31.7,246,245
1925-09-20,Excelsior,DEV,4,3,1909,1974,0.398,0.111,0.490,3,4,21.6,-23.0,189,195
1925-09-20,Fluks,Deetos,5,2,1929,1907,0.517,0.119,0.364,4,3,33.7,-33.1,179,177
1925-09-20,Friso (A),Leeuwarden,5,5,1414,1465,0.420,0.106,0.473,4,5,3.5,-3.5,195,195
1925-09-20,Gooiers,Bilthoven,10,3,1926,1729,0.749,0.078,0.173,6,3,26.2,-36.4,166,202
1925-09-20,HKV,Vitesse (Leiden),2,2,1854,1932,0.375,0.121,0.504,2,3,7.8,-7.3,180,175
1925-09-20,Hercules,KZ,9,3,1778,1929,0.285,0.106,0.609,3,4,84.3,-89.4,184,190
1925-09-20,Kinea (A),Nic,2,9,1498,1632,0.308,0.102,0.590,4,5,-54.2,85.7,201,264
1925-09-20,Noviomagum,Rapiditas,1,2,1589,1587,0.490,0.120,0.391,4,3,-26.4,33.5,212,241
1925-09-20,OSCR,Dordrecht,2,0,1780,1855,0.382,0.114,0.504,3,4,39.4,-39.0,189,188
1925-09-20,Onder Ons,Unitas (D),3,5,1244,1487,0.192,0.078,0.730,4,7,6.7,-6.1,221,216
1925-09-20,PSV,EKCA,2,10,1509,1863,0.108,0.059,0.833,3,7,-18.7,22.4,165,183
1925-09-20,RODA (W),OSCA,1,6,1549,1571,0.452,0.127,0.422,3,2,-73.5,80.0,204,214
1925-09-20,Rozenburg,ALO,4,2,1660,1582,0.596,0.110,0.293,4,2,14.4,-14.1,194,192
1925-09-20,Spartaan,GHBSC,3,0,1685,1354,0.859,0.056,0.084,5,1,-1.4,3.4,282,298
1925-09-20,Swift,Advendo,5,2,1801,1678,0.655,0.106,0.239,3,2,17.8,-17.9,172,173
1925-09-20,Velocitas,TOGO (A),2,6,1502,1546,0.425,0.117,0.457,2,3,-126.2,64.6,350,233
1925-09-20,Voorwaarts (M),KW,6,2,1760,1522,0.789,0.069,0.142,6,3,14.1,-12.3,224,197
1925-09-20,WK,SSS (Z),5,5,1877,1742,0.673,0.097,0.230,5,3,-19.3,64.4,181,316
1925-09-20,WWMD,Friso (L),4,1,1624,1769,0.289,0.112,0.599,2,3,59.3,-70.1,176,192
1925-09-20,Westerkwartier,Ready (A),12,1,1938,1750,0.735,0.087,0.178,5,2,31.8,-36.2,170,184
1925-09-20,Zuiden (R),Ons Eibernest,2,3,1870,1619,0.797,0.073,0.130,5,2,-58.5,69.4,180,195
1925-09-20,Zwaluwen (H),Amersfoort,1,5,1504,1556,0.411,0.123,0.466,2,3,-61.1,61.1,207,207
1925-09-27,ASV,SSS (A),0,4,1487,1566,0.376,0.116,0.507,2,3,-79.7,56.0,268,217
1925-09-27,Amstel,Nieuwendam,7,1,1527,927,0.964,0.018,0.018,7,0,0.5,-2.0,244,175
1925-09-27,DEV,Westerkwartier,1,1,1949,1971,0.459,0.113,0.428,5,4,-1.8,1.5,178,162
1925-09-27,GIOS,Vitesse (Be),1,2,1716,1715,0.496,0.104,0.399,6,5,-24.8,35.3,223,270
1925-09-27,HSV,HBS (H),3,3,1656,1595,0.572,0.114,0.313,3,2,-14.7,18.5,179,200
1925-09-27,Leeuwarden,Friso (A),2,4,1461,1417,0.556,0.103,0.341,5,4,-39.9,39.9,178,178
1925-09-27,Nausikaa,Hercules,3,5,1966,1863,0.634,0.099,0.267,5,3,-58.6,45.9,193,171
1925-09-27,ODA (B),Forward,2,3,1623,1672,0.421,0.109,0.470,3,4,-12.5,10.7,186,170
1925-09-27,Olympia (B),LUTO,1,1,1710,1629,0.603,0.105,0.292,4,3,-22.7,18.6,204,185
1925-09-27,Ons Eibernest,ALO,3,1,1688,1567,0.654,0.102,0.244,4,2,5.9,-5.7,184,177
1925-09-27,Rohda (A),TDW,0,6,1495,1636,0.298,0.105,0.598,3,5,-73.3,71.3,251,247
1925-09-27,TOGO (A),Victoria (A),3,0,1611,1442,0.713,0.090,0.197,5,2,16.4,-18.9,215,243
1925-09-27,Tekca,Fazanten,0,8,1587,1407,0.724,0.092,0.184,4,2,-108.7,138.5,192,216
1925-09-27,Unitas (D),Mercedes,3,0,1481,1466,0.507,0.118,0.375,4,3,40.1,-45.9,198,215
1925-09-27,Velox,HKV,4,2,1899,1860,0.542,0.115,0.343,4,3,15.1,-16.2,160,166
1925-09-27,WK,Kinea (A),4,0,1857,1443,0.907,0.039,0.054,6,1,-3.6,4.8,173,186
1925-09-27,ZKC (Zu),EKCA,1,5,1528,1887,0.104,0.062,0.833,2,5,-6.9,6.3,199,175
1925-10-04,AKC (Al),DOS (E),4,3,1536,1709,0.259,0.103,0.638,2,4,46.2,-39.8,200,186
1925-10-04,ALO,Vitesse (Haag),5,0,1560,1491,0.584,0.115,0.301,3,2,36.7,-52.6,166,203
1925-10-04,Advendo,Oosterpark,6,4,1659,1912,0.178,0.088,0.734,2,4,56.3,-74.2,165,189
1925-10-04,BEP,TOGO (A),3,1,1620,1627,0.479,0.115,0.406,4,3,26.8,-29.3,188,198
1925-10-04,DKC (De),Deetos,4,6,1799,1872,0.383,0.118,0.499,2,3,-19.4,21.0,159,167
1925-10-04,DTV,DEV,7,0,1915,1947,0.444,0.114,0.442,5,4,60.2,-55.6,172,164
1925-10-04,Dordrecht,Vitesse (Leiden),4,4,1814,1924,0.334,0.116,0.550,2,3,12.7,-11.3,175,165
1925-10-04,Excelsior,Nausikaa,1,3,1930,1907,0.523,0.110,0.367,5,4,-36.8,37.6,176,178
1925-10-04,Felicitas,Foarut,1,1,1562,1362,0.748,0.081,0.170,5,2,-48.4,47.7,224,222
1925-10-04,Fluks,Velox,4,3,1962,1914,0.556,0.112,0.332,4,3,1.6,-1.5,168,151
1925-10-04,Forward,ODA (B),5,7,1683,1610,0.592,0.106,0.302,4,3,-38.7,44.2,159,171
1925-10-04,Gooiers,Olympia (B),6,2,1953,1686,0.815,0.063,0.122,7,3,5.0,-5.5,162,185
1925-10-04,Groen Wit,Korf,0,7,1400,1463,0.396,0.123,0.481,2,3,-81.2,83.9,221,225
1925-10-04,HERO,MAAS²,3,5,1313,1411,0.351,0.113,0.536,3,4,-21.1,28.6,194,235
1925-10-04,HKC (He),Groen Zwart,2,2,1818,1662,0.703,0.085,0.212,6,4,-31.5,38.6,191,210
1925-10-04,HSV,Rozenburg,6,2,1641,1673,0.436,0.128,0.436,3,2,47.5,-55.0,167,181
1925-10-04,Hercules,Ready (A),2,2,1909,1712,0.742,0.088,0.170,4,1,-30.3,36.1,161,175
1925-10-04,KVKV,Sportief,6,0,1753,1634,0.652,0.101,0.247,4,2,46.8,-51.1,203,213
1925-10-04,KVO,Haarlem,4,2,1710,1701,0.499,0.118,0.383,4,3,27.1,-27.8,197,200
1925-10-04,KW,Nic,9,0,1508,1719,0.219,0.094,0.687,3,5,98.1,-142.2,188,227
1925-10-04,LUTO,Amersfoort,4,1,1647,1616,0.526,0.126,0.349,3,2,32.1,-38.1,172,190
1925-10-04,Mercedes,Thor (Zu),7,0,1419,1612,0.234,0.106,0.660,2,3,97.7,-134.0,192,227
1925-10-04,OKC (Ol),UDI (O),1,1,1311,1578,0.165,0.085,0.750,2,4,38.2,-40.1,184,189
1925-10-04,OSCR,HKV,4,3,1818,1844,0.444,0.129,0.427,3,2,15.7,-12.6,175,156
1925-10-04,Oranje Nassau,Velocitas (A),3,4,1519,1596,0.421,0.032,0.547,30,32,3.2,-3.8,216,231
1925-10-04,Quick (D),GHBSC,2,6,1192,1356,0.264,0.116,0.620,1,3,-31.1,63.6,175,271
1925-10-04,RAP,De Tovers,3,3,1717,1549,0.714,0.088,0.198,5,3,-45.3,41.1,234,224
1925-10-04,Rood Wit (H),KVR,1,2,1632,1544,0.608,0.115,0.277,3,2,-40.5,40.6,192,192
1925-10-04,SDO (L),Die Haghe,5,2,1459,1702,0.186,0.091,0.723,2,4,102.2,-101.9,218,218
1925-10-04,SSS (Z),Voorwaarts (M),1,4,1806,1774,0.538,0.108,0.355,5,4,-87.6,58.8,259,208
1925-10-04,Sparta (Ze),UNA (L),5,1,1369,1133,0.784,0.076,0.141,5,2,26.6,-27.1,256,261
1925-10-04,Swallows,DED,1,20,1487,1443,0.540,0.131,0.329,2,1,-115.3,113.3,233,231
1925-10-04,TOV (D),Schiedam,16,1,1470,1522,0.414,0.118,0.468,2,3,64.7,-143.3,184,289
1925-10-04,Victoria (A),KVD,0,2,1422,1826,0.080,0.055,0.865,1,5,30.1,-15.8,218,168
1925-10-04,WWMD,Akkrum,8,1,1683,1465,0.768,0.076,0.156,6,3,24.6,-28.4,167,182
1925-10-04,Westerkwartier,KZ,6,5,1972,1838,0.670,0.100,0.231,4,2,-8.3,11.8,153,177
1925-10-04,ZKC (Zu),Rapiditas,0,1,1521,1619,0.346,0.123,0.532,2,3,-6.6,7.7,189,212
1925-10-04,Zuiden (R),HBS (H),3,1,1810,1614,0.742,0.088,0.170,4,1,-3.7,4.4,174,182
1925-10-11,Achilles (Am),NHM (A),6,0,1384,865,0.944,0.028,0.028,5,-1,19.6,-22.8,274,332
1925-10-11,Achilles (H),Rood Wit (H),4,1,1734,1591,0.679,0.103,0.218,3,1,24.3,-17.0,226,177
1925-10-11,Amersfoort,Bilthoven,1,4,1578,1692,0.323,0.128,0.550,1,2,-30.8,36.5,174,191
1925-10-11,BEP,Victoria (A),14,1,1647,1452,0.743,0.085,0.173,5,2,32.1,-42.9,173,206
1925-10-11,Concordia²,Velocitas (A),1,4,1554,1592,0.475,0.033,0.492,30,31,-13.9,15.0,196,205
1925-10-11,DEV,Hercules,4,2,1890,1878,0.503,0.120,0.377,4,3,18.2,-18.3,154,155
1925-10-11,DKC (De),OSCR,4,5,1780,1834,0.412,0.115,0.472,3,4,-8.8,10.1,150,162
1925-10-11,DOTO,Keppel,3,1,1082,1083,0.485,0.119,0.396,4,3,26.3,-34.1,187,217
1925-10-11,DWS,Quick (D),8,2,1313,1161,0.687,0.107,0.206,3,1,67.8,-31.2,266,167
1925-10-11,Deetos,Dordrecht,3,3,1894,1827,0.579,0.117,0.304,3,2,-13.4,14.7,156,163
1925-10-11,Die Haghe,Emma,2,0,1600,1553,0.549,0.125,0.326,2,1,23.4,-27.3,200,220
1925-10-11,Duno,Phoenix (Z),1,6,1313,1410,0.349,0.119,0.532,2,3,-95.7,106.1,291,310
1925-10-11,EKCA,Noviomagum,13,1,1893,1562,0.859,0.057,0.084,5,1,19.1,-23.9,172,196
1925-10-11,Felicitas,ODA (B),3,2,1513,1655,0.297,0.102,0.601,3,5,42.6,-25.9,205,160
1925-10-11,Foarut,Leeuwarden,6,0,1409,1422,0.472,0.114,0.414,4,3,72.2,-50.7,204,168
1925-10-11,Groen Zwart,Naas²,3,3,1700,1559,0.683,0.093,0.224,5,3,-29.1,37.7,192,217
1925-10-11,HKV,Fluks,3,0,1831,1964,0.301,0.121,0.578,1,3,45.6,-51.3,148,157
1925-10-11,HSV,Ons Eibernest,0,2,1690,1694,0.477,0.126,0.397,3,2,-29.2,35.4,156,173
1925-10-11,Haarlem,Swift,1,4,1673,1819,0.286,0.116,0.598,2,3,-26.5,22.9,182,167
1925-10-11,KZ,DTV,3,1,1851,1976,0.317,0.107,0.576,3,4,40.0,-37.3,166,160
1925-10-11,Kinea (A),KW,3,3,1447,1608,0.273,0.103,0.624,3,5,22.2,-20.4,184,176
1925-10-11,Korf,Mercedes,1,3,1548,1518,0.528,0.119,0.353,3,2,-49.7,40.2,201,180
1925-10-11,NHM (R),Zwaluwen (R),0,15,1651,1773,0.322,0.107,0.571,3,4,-94.9,69.2,264,218
1925-10-11,Nausikaa,Westerkwartier,1,4,1944,1964,0.461,0.114,0.425,5,4,-38.5,31.0,165,147
1925-10-11,Nic,SSS (Z),1,7,1576,1718,0.295,0.107,0.598,3,4,-53.8,62.1,204,222
1925-10-11,OKC,NIVO,2,13,1140,1389,0.182,0.088,0.730,2,5,-46.5,42.0,211,199
1925-10-11,Oosterpark,KVO,7,1,1838,1737,0.631,0.099,0.270,5,3,38.8,-40.0,177,180
1925-10-11,RCU,Hinde,2,6,1270,1435,0.269,0.102,0.629,3,5,-45.9,46.0,237,237
1925-10-11,Ready (A),Excelsior,6,10,1748,1892,0.291,0.110,0.599,2,4,-29.7,29.0,166,163
1925-10-11,Rozenburg,Zuiden (R),1,10,1618,1806,0.239,0.107,0.654,2,3,-37.9,37.4,167,165
1925-10-11,SGOC,WKC,0,3,1256,1241,0.509,0.117,0.375,4,3,-63.3,52.9,208,189
1925-10-11,SVK,Rohda (A),2,1,1592,1421,0.716,0.089,0.196,5,2,-40.5,12.0,350,223
1925-10-11,Thor (Zu),Unitas (D),2,4,1477,1521,0.423,0.121,0.456,2,3,-35.2,29.4,203,184
1925-10-11,VIOS (Bo),Ready (W),6,6,1046,1307,0.171,0.085,0.743,2,5,62.7,-46.1,270,235
1925-10-11,VIOS (Bu),DIO,7,1,1815,1282,0.949,0.025,0.026,6,0,9.3,-9.0,249,236
1925-10-11,VIOS (Ni),Nieuwe Kracht,2,0,1124,975,0.689,0.096,0.215,4,2,2.0,-1.7,180,195
1925-10-11,Velocitas,KVD,2,7,1375,1810,0.067,0.050,0.882,0,5,-17.2,9.7,276,164
1925-10-11,Vitesse (Haag),HBS (H),1,3,1437,1618,0.247,0.109,0.644,2,3,-8.1,7.5,184,171
1925-10-11,Vitesse (Leiden),Velox,3,3,1913,1913,0.488,0.116,0.396,4,3,-4.6,3.9,155,144
1925-10-11,Voorwaarts (M),WK,3,3,1833,1853,0.459,0.116,0.425,4,3,-2.2,1.8,191,172
1925-10-11,WKC,DOTO,4,1,1214,1110,0.631,0.107,0.262,4,2,27.5,-26.9,210,207
1925-10-11,Wilhelmina²,NIVO,1,9,1279,1293,0.463,0.125,0.411,3,2,-97.1,95.1,227,224
1925-10-11,Zwaluwen (H),LUTO,0,5,1442,1679,0.190,0.095,0.715,1,4,-31.4,23.4,192,161
1925-10-18,ASV,Amstelodamum,1,5,1407,1470,0.393,0.126,0.481,1,2,-70.4,65.6,231,222
1925-10-18,Ambakor,DVO (H),2,0,1582,1385,0.742,0.088,0.169,4,1,-2.0,2.3,241,245
1925-10-18,DEV,Ready (A),4,1,1909,1719,0.736,0.087,0.177,5,2,5.4,-5.9,146,156
1925-10-18,Excelsior,DTV,6,2,1923,1938,0.466,0.115,0.419,4,3,37.7,-36.3,154,151
1925-10-18,HBS (H),ALO,7,0,1625,1598,0.524,0.120,0.357,3,2,47.0,-45.7,162,159
1925-10-18,KVD,TOGO (A),2,2,1821,1597,0.771,0.081,0.148,4,1,-33.0,42.8,161,182
1925-10-18,LUTO,Gooiers,3,3,1703,1959,0.178,0.080,0.741,3,6,28.5,-30.4,155,159
1925-10-18,Nausikaa,KZ,6,0,1905,1890,0.511,0.110,0.378,5,4,41.7,-42.5,154,155
1925-10-18,ODA (B),Felicitas,5,0,1629,1555,0.595,0.104,0.301,5,3,29.5,-41.8,152,185
1925-10-18,Olympia (B),Zwaluwen (H),6,1,1681,1409,0.814,0.070,0.116,5,1,16.1,-16.0,178,178
1925-10-18,Quick (D),Spartaan,3,6,1129,1683,0.034,0.031,0.935,0,5,8.9,-34.4,160,263
1925-10-18,Sportief,DED,2,3,1582,1561,0.516,0.119,0.364,3,2,-28.0,31.3,196,208
1925-10-18,TDW,SVK,3,1,1708,1550,0.700,0.094,0.206,4,2,5.2,-3.5,222,283
1925-10-18,Tekca,Eendracht,3,1,1478,1682,0.216,0.117,0.668,0,2,64.7,-74.7,184,198
1925-10-18,Velox,OSCR,0,4,1916,1844,0.590,0.109,0.301,4,3,-44.9,54.5,138,152
1925-10-18,Victoria (A),AW,1,1,1408,1571,0.267,0.111,0.622,2,3,21.4,-30.1,190,223
1925-10-18,Vitesse (Be),Rood Zwart,1,2,1750,1392,0.877,0.049,0.074,6,1,-95.0,138.2,233,275
1925-10-18,Vitesse (Leiden),Deetos,4,3,1908,1880,0.523,0.123,0.355,3,2,4.6,-4.6,146,148
1925-10-18,Westerkwartier,Hercules,2,0,1995,1859,0.671,0.103,0.226,4,2,2.3,-2.4,140,146
1925-10-18,Wilhelmina²,OKC,3,1,1181,1093,0.610,0.108,0.282,4,2,13.4,-12.7,202,194
1925-10-18,Zuiden (R),HSV,3,2,1845,1659,0.730,0.092,0.179,4,1,-15.4,13.6,157,148
1925-10-25,ALO,Zuiden (R),1,8,1551,1829,0.156,0.084,0.760,2,4,-21.4,21.4,150,150
1925-10-25,Actief,DIO,14,1,1609,1272,0.864,0.053,0.082,6,1,26.5,-32.2,205,231
1925-10-25,BEP,AW,3,3,1682,1540,0.681,0.096,0.223,4,2,-23.9,34.6,168,200
1925-10-25,Deetos,Velox,11,1,1875,1870,0.493,0.120,0.387,4,3,41.5,-37.3,141,133
1925-10-25,Deska,Oranje Nassau,1,1,1602,1523,0.586,0.134,0.280,1,0,-21.2,20.9,200,199
1925-10-25,Dordrecht,HKV,1,4,1842,1876,0.433,0.127,0.440,1,2,-35.7,30.8,156,144
1925-10-25,Fluks,DKC (De),5,4,1911,1771,0.679,0.097,0.224,4,2,-10.1,9.3,151,146
1925-10-25,GHBSC,DWS,1,1,1421,1382,0.536,0.126,0.337,2,1,-16.0,15.7,233,230
1925-10-25,Gooiers,Amersfoort,9,2,1928,1546,0.891,0.045,0.064,6,1,9.7,-10.9,153,165
1925-10-25,Graaf Willem 2,DVO (H),7,1,1543,1386,0.694,0.102,0.203,3,1,65.8,-49.8,264,222
1925-10-25,Hercules,DTV,5,4,1856,1901,0.422,0.119,0.459,2,3,12.4,-12.8,141,143
1925-10-25,KZ,DEV,2,3,1847,1914,0.393,0.116,0.491,3,4,-6.9,6.5,147,142
1925-10-25,Korf,Unitas (D),3,1,1497,1551,0.411,0.119,0.470,2,3,35.6,-31.5,184,172
1925-10-25,Naas²,AKC (Al),7,3,1596,1583,0.500,0.129,0.371,3,2,55.2,-49.9,199,188
1925-10-25,Noviomagum,PSV,5,3,1537,1489,0.556,0.112,0.331,4,3,18.1,-15.0,190,169
1925-10-25,OSCR,Vitesse (Leiden),4,1,1898,1912,0.466,0.120,0.413,4,3,28.2,-26.5,144,140
1925-10-25,Ons Eibernest,HBS (H),2,1,1729,1672,0.565,0.118,0.317,3,2,1.1,-1.1,163,152
1925-10-25,Phoenix (Z),ODI (H),1,3,1517,1416,0.628,0.108,0.264,4,2,-81.4,109.0,263,307
1925-10-25,RAP,SAMOS,0,2,1672,1472,0.749,0.083,0.169,5,2,-85.2,91.9,215,223
1925-10-25,Ready (A),Nausikaa,2,11,1712,1947,0.196,0.088,0.716,3,5,-26.5,25.2,150,146
1925-10-25,Robur,Sparta (Ze),1,11,908,1396,0.051,0.038,0.912,1,6,-14.2,22.4,175,236
1925-10-25,Rood Zwart,GIOS,16,0,1530,1691,0.274,0.100,0.626,3,5,149.8,-103.4,253,208
1925-10-25,Rozenburg,Vitesse (Haag),7,2,1580,1428,0.688,0.103,0.209,3,1,26.1,-30.0,160,173
1925-10-25,SGOC,DOTO,0,1,1192,1109,0.604,0.109,0.286,4,2,-38.8,33.3,190,176
1925-10-25,SSS (Z),Nic,3,4,1781,1521,0.805,0.070,0.125,5,2,-73.3,64.4,201,189
1925-10-25,Schiedam,Trekvogels (R),0,4,1378,1533,0.279,0.106,0.615,3,4,-49.5,62.5,239,278
1925-10-25,Swift,DVD²,5,2,1842,1932,0.360,0.116,0.524,3,4,42.6,-52.3,160,178
1925-10-25,Velocitas (A),Excelsa,6,0,1607,1425,0.762,0.026,0.212,35,26,-5.5,9.5,187,221
1925-10-25,WK,Voorwaarts (M),7,2,1855,1830,0.523,0.114,0.363,4,3,41.0,-47.3,163,177
1925-10-25,WKC,DES (V),1,0,1294,1087,0.753,0.085,0.162,4,2,-18.2,28.7,177,215
1925-10-25,Westerkwartier,Excelsior,2,1,1997,1961,0.539,0.115,0.346,4,3,2.5,-2.7,136,146
1925-10-25,Zwaluwen (H),Bilthoven,1,2,1393,1728,0.115,0.074,0.812,1,4,25.9,-28.2,171,177
1925-10-25,Zwaluw²,Hinde,1,7,1481,1481,0.486,0.120,0.394,4,3,-62.8,90.5,175,214
1925-11-01,Achilles (A),AKC (Al),1,6,1694,1532,0.713,0.079,0.208,7,4,-126.7,75.3,225,173
1925-11-01,Actief,HE,7,1,1638,1414,0.774,0.075,0.152,6,3,29.3,-48.9,195,273
1925-11-01,Amstel,KCN,6,3,1528,1404,0.657,0.104,0.238,4,2,31.8,-30.2,245,236
1925-11-01,Amstelodamum,ASV,2,1,1535,1335,0.744,0.090,0.165,4,1,-21.6,23.1,201,207
1925-11-01,Blauw Wit,Quick (A),2,0,1610,1593,0.514,0.111,0.374,4,3,38.4,-28.4,269,223
1925-11-01,DDV,DVD²,7,4,1926,1879,0.556,0.111,0.333,4,3,29.2,-24.4,182,164
1925-11-01,DEV,Nausikaa,5,6,1919,1973,0.414,0.111,0.475,3,4,-7.0,7.5,136,141
1925-11-01,DOS (E),Naas²,1,3,1669,1652,0.512,0.116,0.372,4,3,-38.3,38.7,180,181
1925-11-01,Dubbel Zes²,Vitesse (Be),1,3,1604,1653,0.421,0.111,0.469,3,4,-22.9,36.2,172,222
1925-11-01,Excelsa,Oranje Nassau,4,2,1433,1542,0.324,0.136,0.540,0,1,58.0,-48.0,201,182
1925-11-01,Friso (L),WWMD,6,2,1698,1708,0.468,0.125,0.407,3,2,53.7,-43.9,187,167
1925-11-01,Gooiers,LUTO,8,1,1938,1731,0.759,0.076,0.165,6,3,20.8,-20.9,151,151
1925-11-01,Groen Zwart,HKC (He),3,4,1671,1786,0.332,0.103,0.565,4,5,-0.6,0.6,183,185
1925-11-01,HKV,Deetos,1,2,1906,1918,0.465,0.129,0.406,3,2,-13.8,13.2,138,135
1925-11-01,HSV,Vitesse (Haag),9,0,1672,1397,0.815,0.073,0.113,4,1,17.2,-20.9,146,163
1925-11-01,Haarlem,KVO,3,3,1645,1696,0.414,0.120,0.466,2,3,2.9,-2.9,173,172
1925-11-01,Hercules,Excelsior,1,1,1868,1957,0.362,0.117,0.521,2,3,6.3,-6.7,135,139
1925-11-01,KW,SSS (Z),2,9,1587,1707,0.323,0.109,0.568,3,4,-45.3,55.0,170,189
1925-11-01,Keppel,DES (V),1,3,1048,1115,0.392,0.119,0.489,2,3,-28.6,28.6,197,197
1925-11-01,MKC (Ma),Sparta (Ze),2,4,1500,1420,0.602,0.107,0.291,4,3,-80.6,62.5,257,225
1925-11-01,Nic,WK,3,6,1585,1896,0.132,0.075,0.792,1,5,-1.2,1.7,180,154
1925-11-01,ODO²,Quick (D),4,1,1138,1138,0.485,0.122,0.393,3,2,36.8,-31.9,175,162
1925-11-01,OSCR,Fluks,1,1,1926,1901,0.522,0.118,0.360,4,3,-6.6,7.3,138,145
1925-11-01,Olympia (B),Bilthoven,0,4,1697,1699,0.482,0.121,0.397,4,3,-54.5,52.7,173,170
1925-11-01,Onder Ons,Mercedes,2,4,1250,1558,0.138,0.069,0.794,3,6,18.0,-10.4,212,172
1925-11-01,Ons Eibernest,Rozenburg,1,0,1729,1606,0.653,0.108,0.239,3,1,-7.2,7.1,153,153
1925-11-01,Oosterpark,Swift,2,6,1877,1884,0.479,0.113,0.408,5,4,-50.9,40.9,170,151
1925-11-01,PSV,Rapiditas,7,2,1474,1626,0.282,0.106,0.612,3,4,61.7,-92.9,159,196
1925-11-01,Ready (W),VIOS (Bo),5,1,1261,1108,0.694,0.094,0.212,5,2,32.3,-37.5,219,242
1925-11-01,Rohda (A),SVK,3,2,1432,1546,0.331,0.110,0.558,3,4,34.3,-45.2,213,245
1925-11-01,Rood Wit (H),GKV,1,4,1573,1565,0.495,0.124,0.380,3,2,-45.4,71.2,172,220
1925-11-01,Velocitas (A),Concordia²,10,2,1602,1539,0.617,0.033,0.350,31,27,18.6,-19.8,177,184
1925-11-01,Velocitas,AW,3,4,1357,1574,0.209,0.101,0.690,1,3,22.5,-9.5,257,183
1925-11-01,Velox,Dordrecht,4,0,1831,1804,0.527,0.114,0.359,4,3,23.5,-30.0,129,147
1925-11-01,Vitesse (Leiden),DKC (De),4,3,1884,1780,0.634,0.102,0.264,4,3,-5.0,5.6,134,140
1925-11-01,Westerkwartier,DTV,4,3,1998,1888,0.641,0.103,0.256,4,3,-5.3,5.8,131,137
1925-11-01,Zuiden (R),ALO,11,0,1851,1528,0.854,0.058,0.088,5,1,14.0,-14.0,146,146
1925-11-01,Zwart Wit,DIO (O),4,3,1550,1269,0.822,0.068,0.110,5,1,-32.4,59.6,227,291
1925-11-08,ALO,HSV,2,2,1514,1691,0.251,0.108,0.641,2,3,17.4,-17.3,144,143
1925-11-08,AW,TOGO (A),2,4,1566,1640,0.380,0.122,0.498,2,3,-23.1,23.8,174,177
1925-11-08,Amstel,Quick (A),1,1,1562,1564,0.483,0.119,0.399,4,3,-6.4,5.5,218,202
1925-11-08,Bilthoven,Amersfoort,4,0,1752,1535,0.759,0.091,0.150,3,0,14.7,-15.5,159,164
1925-11-08,Blauw Wit,KCN,6,1,1649,1374,0.818,0.067,0.115,5,2,24.5,-22.0,229,212
1925-11-08,DDV,Oosterpark,2,2,1957,1826,0.669,0.095,0.235,5,3,-24.9,21.8,168,158
1925-11-08,DED,KVKV,3,5,1592,1801,0.221,0.094,0.685,3,5,-2.2,2.2,192,195
1925-11-08,DTV,Nausikaa,3,4,1894,1982,0.368,0.107,0.525,4,5,-2.9,3.0,132,135
1925-11-08,Gooiers,Zwaluwen (H),3,0,1961,1418,0.953,0.021,0.026,8,1,-16.6,22.6,146,167
1925-11-08,Graaf Willem 2,Ambakor,3,2,1610,1580,0.528,0.120,0.352,3,2,9.7,-9.1,233,222
1925-11-08,KVD,BEP,3,5,1788,1658,0.668,0.096,0.236,5,3,-47.5,48.3,160,162
1925-11-08,OSCR,Deetos,2,2,1919,1931,0.467,0.123,0.410,4,3,-2.2,2.1,133,130
1925-11-08,Ready (A),Hercules,0,4,1685,1874,0.239,0.105,0.657,2,4,-19.7,15.8,147,130
1925-11-08,SVK,TDW,0,4,1501,1713,0.215,0.096,0.688,2,4,-32.3,31.1,215,209
1925-11-08,Victoria (A),Velocitas,2,0,1429,1380,0.554,0.117,0.328,3,2,18.0,-25.3,181,224
1925-11-08,Vitesse (Be),GIOS,11,0,1690,1587,0.633,0.101,0.266,5,3,52.8,-51.8,196,194
1925-11-08,Voorwaarts (M),Nic,3,3,1783,1584,0.748,0.080,0.172,6,3,-32.4,34.7,166,171
1925-11-08,Westerkwartier,DEV,3,3,1993,1913,0.600,0.110,0.290,4,2,-11.4,11.9,128,131
1925-11-08,ZKC (Zu),Noviomagum,2,4,1514,1556,0.422,0.127,0.450,1,2,-31.6,29.4,183,176
1925-11-15,Bilthoven,LUTO,1,5,1767,1710,0.565,0.119,0.316,3,2,-54.1,51.5,153,149
1925-11-15,EKCA,PSV,13,0,1915,1537,0.891,0.042,0.067,7,2,15.8,-12.6,176,154
1925-11-15,Excelsa,Concordia²,0,3,1492,1519,0.436,0.141,0.423,2,1,-51.3,44.9,185,172
1925-11-15,HBS (H),HSV,4,4,1671,1673,0.481,0.123,0.396,3,2,-4.0,3.4,150,138
1925-11-15,ODI (H),Duno,7,4,1525,1217,0.841,0.064,0.095,4,1,1.6,-1.9,262,258
1925-11-15,Velocitas (A),Deska,1,3,1623,1580,0.588,0.034,0.377,29,26,-19.2,24.1,167,187
1925-11-15,Vitesse (Haag),Ons Eibernest,1,4,1376,1722,0.109,0.072,0.819,1,4,0.6,-0.2,160,149
1925-11-22,AW,KVD,0,4,1542,1740,0.228,0.105,0.667,2,3,-23.3,21.1,164,155
1925-11-22,Achilles (H),KVR,3,1,1759,1585,0.713,0.101,0.187,3,1,1.9,-2.5,212,190
1925-11-22,Actief,VIOS (Bu),1,3,1669,1825,0.277,0.105,0.618,3,4,-11.6,16.3,190,249
1925-11-22,Advendo,Haarlem,0,1,1717,1649,0.578,0.122,0.300,2,1,-32.2,29.9,172,165
1925-11-22,Blauw Wit,Amstel,5,0,1674,1554,0.653,0.100,0.247,4,3,45.2,-39.2,214,197
1925-11-22,DOTO,DES (V),0,0,1142,1144,0.482,0.120,0.398,4,3,-4.6,5.3,171,184
1925-11-22,DTV,KZ,8,1,1891,1840,0.562,0.110,0.328,4,3,29.9,-37.4,131,148
1925-11-22,Deska,Concordia²,4,0,1604,1564,0.531,0.140,0.329,1,0,43.0,-38.0,172,161
1925-11-22,Excelsior,Ready (A),4,1,1950,1665,0.826,0.066,0.108,5,1,-2.4,2.7,139,144
1925-11-22,HBS (H),Vitesse (Haag),4,0,1667,1376,0.828,0.068,0.104,4,1,5.3,-5.9,142,155
1925-11-22,HKV,OSCR,1,4,1893,1916,0.448,0.128,0.424,3,2,-30.7,27.9,138,131
1925-11-22,Hercules,DEV,1,0,1890,1925,0.435,0.121,0.443,2,3,10.0,-9.9,130,130
1925-11-22,KVKV,DED,1,3,1803,1590,0.762,0.080,0.158,5,2,-71.4,69.7,182,180
1925-11-22,Keppel,WKC,0,4,1020,1275,0.174,0.090,0.736,1,4,-20.0,18.5,184,175
1925-11-22,NIVO,OKC,5,0,1434,1080,0.874,0.051,0.075,6,1,9.8,-9.4,195,188
1925-11-22,Naas²,Achilles (A),14,0,1691,1568,0.664,0.088,0.248,6,4,39.6,-54.6,172,206
1925-11-22,Noviomagum,ZKC (Zu),3,1,1585,1482,0.627,0.114,0.260,3,1,9.0,-9.4,166,171
1925-11-22,Olympiaan,Ambakor,1,2,1447,1570,0.316,0.114,0.570,2,3,-1.3,1.1,175,202
1925-11-22,Ons Eibernest,Zuiden (R),2,6,1721,1868,0.288,0.110,0.602,2,4,-23.7,24.5,146,149
1925-11-22,Oosterpark,DVD²,3,3,1847,1855,0.479,0.111,0.410,5,4,-3.2,3.5,153,160
1925-11-22,Osno,Hinde,0,3,1447,1573,0.313,0.113,0.574,2,4,-25.9,31.5,175,196
1925-11-22,RCU,Zwaluw²,2,3,1224,1418,0.236,0.097,0.667,3,5,15.8,-8.3,220,171
1925-11-22,Rozenkwartier,DVG,3,2,1772,1720,0.564,0.108,0.329,4,3,0.9,-0.9,175,175
1925-11-22,Swift,DDV,3,1,1926,1931,0.478,0.120,0.401,4,3,19.2,-22.1,149,161
1925-11-22,TDW,Rohda (A),2,1,1745,1467,0.819,0.068,0.113,5,1,-32.7,34.2,194,198
1925-11-22,Thor (Zu),Mercedes,0,12,1442,1548,0.336,0.121,0.544,2,3,-62.7,49.5,194,170
1925-11-22,Westerkwartier,Nausikaa,3,1,1982,1985,0.485,0.113,0.402,5,4,13.8,-14.9,128,133
1925-12-13,DIO (O),'t Overschotje,3,1,1326,1494,0.265,0.100,0.634,3,5,90.1,-66.4,266,227
1925-12-13,Fazanten,Tekca,2,11,1544,1539,0.493,0.118,0.389,4,3,-97.7,75.0,216,187
1925-12-13,Korf,Thor (Zu),2,2,1529,1374,0.697,0.092,0.210,5,2,-30.9,30.4,182,181
1925-12-13,PSV,Noviomagum,2,5,1519,1590,0.390,0.110,0.500,3,4,-27.8,28.4,159,161
1925-12-26,Osno,Zwaluw²,4,3,1416,1406,0.503,0.114,0.383,4,3,7.7,-7.6,173,171
1925-12-27,HBS (H),Ons Eibernest,2,2,1668,1693,0.450,0.119,0.431,4,3,-0.9,0.9,150,150
1925-12-27,Hinde,RCU,6,0,1600,1235,0.883,0.045,0.072,7,2,12.1,-13.6,187,206
1925-12-27,Olympia (B),Gooiers,1,7,1638,1940,0.143,0.068,0.789,3,7,-20.4,17.6,177,162
1925-12-27,Victoria (A),TOGO (A),0,1,1443,1660,0.212,0.094,0.694,2,5,14.5,-13.5,182,177
1926-01-03,DTV,Excelsior,2,5,1918,1944,0.454,0.110,0.436,5,4,-27.8,31.3,141,150
1926-01-03,De Tovers,RAP,4,4,1587,1583,0.498,0.109,0.393,5,4,-8.2,7.4,226,215
1926-01-03,Eendracht,Tekca,0,0,1604,1616,0.462,0.133,0.405,2,1,-4.1,3.1,202,178
1926-01-03,KVO,Swift,2,4,1690,1941,0.181,0.084,0.735,3,5,5.9,-3.8,178,155
1926-01-03,Korf,Onder Ons,4,1,1498,1265,0.786,0.067,0.147,7,4,-0.2,2.3,175,211
1926-01-03,OSCR,DKC (De),1,1,1940,1782,0.703,0.088,0.209,5,3,-21.0,26.1,141,156
1926-01-03,Osno,RCU,2,2,1424,1221,0.753,0.078,0.168,6,3,-29.5,45.3,161,197
1926-01-03,Ready (A),DEV,0,2,1663,1910,0.184,0.086,0.731,2,5,4.5,-3.4,154,140
1926-01-03,TOGO (A),AW,5,1,1645,1514,0.667,0.101,0.233,4,2,23.2,-23.2,167,167
1926-01-03,Velox,Fluks,2,2,1852,1904,0.415,0.113,0.472,3,4,2.5,-3.0,147,158
1926-01-10,ALO,HBS (H),4,2,1528,1667,0.297,0.109,0.593,3,4,40.7,-34.4,158,145
1926-01-10,AW,BEP,3,0,1490,1703,0.218,0.091,0.691,3,5,57.3,-68.0,158,172
1926-01-10,Achilles (H),GKV,4,1,1757,1633,0.655,0.106,0.239,3,2,24.4,-25.4,206,211
1926-01-10,Advendo,Swift,0,3,1680,1938,0.173,0.089,0.738,2,4,-7.7,6.4,174,149
1926-01-10,Ambakor,Graaf Willem 2,0,2,1567,1616,0.417,0.118,0.464,2,3,-30.5,37.9,195,221
1926-01-10,Amstelodamum,SSS (A),3,1,1511,1619,0.336,0.114,0.550,3,4,50.5,-59.2,205,223
1926-01-10,DIO,VIOS (Bu),1,6,1236,1838,0.026,0.023,0.951,0,7,2.1,-1.6,234,227
1926-01-10,DTV,Ready (A),3,1,1890,1666,0.773,0.075,0.151,6,2,-6.9,8.6,135,148
1926-01-10,DVD²,KVO,6,2,1855,1696,0.705,0.087,0.208,6,3,16.7,-17.3,164,168
1926-01-10,DVO (H),Olympiaan,2,7,1333,1441,0.336,0.114,0.550,3,4,-64.1,43.4,222,177
1926-01-10,De Tovers,SAMOS,3,4,1579,1560,0.518,0.109,0.373,5,4,-26.4,32.1,201,222
1926-01-10,Excelsior,KZ,8,6,1975,1798,0.724,0.086,0.190,5,3,-3.1,4.0,142,156
1926-01-10,Fluks,Vitesse (Leiden),5,2,1901,1877,0.522,0.115,0.363,4,3,24.0,-25.5,149,154
1926-01-10,HKV,Dordrecht,8,0,1858,1771,0.607,0.112,0.281,3,2,34.4,-40.4,148,162
1926-01-10,HSV,Zuiden (R),3,3,1673,1889,0.214,0.091,0.695,3,5,23.1,-25.2,151,157
1926-01-10,Hercules,Nausikaa,3,3,1896,1966,0.391,0.109,0.499,3,4,4.7,-4.8,143,145
1926-01-10,KVD,Victoria (A),6,0,1757,1457,0.838,0.062,0.100,5,1,14.6,-16.1,163,173
1926-01-10,KVR,Rood Wit (H),3,5,1578,1524,0.562,0.116,0.322,3,2,-50.0,45.8,191,182
1926-01-10,Olympia (B),Amersfoort,6,0,1617,1515,0.628,0.107,0.264,4,2,38.1,-40.1,171,176
1926-01-10,Onder Ons,Thor (Zu),2,0,1266,1405,0.305,0.097,0.598,4,6,52.0,-42.3,196,176
1926-01-10,Paars Wit,Quick (D),4,1,1401,1103,0.835,0.064,0.100,5,1,-4.8,0.7,225,173
1926-01-10,Phoenix (Z),Duno,0,1,1432,1212,0.768,0.080,0.153,5,2,-85.7,84.2,251,249
1926-01-10,Quick (A),Amstel,7,1,1566,1511,0.566,0.111,0.323,4,3,56.9,-53.9,200,194
1926-01-10,TOGO (A),Velocitas,5,1,1669,1351,0.851,0.058,0.091,5,1,4.5,-4.8,158,213
1926-01-10,Trekvogels (R),TOV (D),3,1,1592,1535,0.570,0.108,0.322,4,3,25.4,-17.8,254,200
1926-01-10,Velocitas (A),Oranje Nassau,12,1,1599,1491,0.675,0.032,0.293,31,25,22.0,-25.3,173,189
1926-01-10,Velox,DKC (De),3,2,1854,1808,0.558,0.104,0.338,5,4,0.6,-0.6,140,149
1926-01-10,Vitesse (Haag),Rozenburg,2,8,1366,1609,0.185,0.092,0.723,2,4,-27.2,27.7,166,168
1926-01-10,WKC,SGOC,2,2,1290,1149,0.681,0.096,0.223,4,2,-27.2,32.5,179,195
1926-01-31,Amersfoort,LUTO,2,1,1473,1757,0.151,0.084,0.765,1,4,52.1,-50.8,169,167
1926-01-31,Bilthoven,Gooiers,1,5,1708,1958,0.183,0.083,0.734,3,5,-14.9,14.3,169,166
1926-01-31,Concordia²,Oranje Nassau,1,9,1520,1464,0.555,0.136,0.309,1,0,-77.0,82.1,173,179
1926-01-31,DVD²,Swift,1,3,1871,1943,0.388,0.113,0.500,3,4,-19.0,16.6,161,150
1926-01-31,DVG,Rozenkwartier,1,8,1714,1768,0.414,0.109,0.477,4,5,-61.4,61.4,183,183
1926-01-31,DVO (H),Ambakor,0,5,1267,1535,0.165,0.085,0.750,2,4,-28.9,25.0,201,184
1926-01-31,Excelsa,Velocitas (A),3,1,1435,1622,0.275,0.031,0.694,25,31,40.0,-30.7,191,168
1926-01-31,Excelsior,Hercules,7,1,1972,1899,0.591,0.109,0.300,4,3,31.2,-30.6,144,142
1926-01-31,Fazanten,Eendracht,0,22,1445,1598,0.277,0.115,0.608,1,3,-59.4,51.7,204,189
1926-01-31,GKV,Rood Wit (H),5,2,1606,1569,0.538,0.117,0.345,3,2,36.8,-29.5,197,173
1926-01-31,HBS (H),Rozenburg,4,2,1631,1637,0.478,0.119,0.404,4,3,18.2,-22.9,145,164
1926-01-31,Hinde,Osno,4,1,1612,1393,0.767,0.080,0.153,5,2,4.4,-4.1,190,162
1926-01-31,Kadimah,Zuiderkwartier²,1,3,1260,1462,0.230,0.091,0.679,3,6,-0.8,0.8,175,175
1926-01-31,Mercedes,Onder Ons,3,1,1595,1317,0.825,0.060,0.115,7,3,-17.6,18.5,180,183
1926-01-31,NIVO,Rapid (Ap),1,1,1439,1012,0.913,0.037,0.050,6,1,-79.9,55.8,205,175
1926-01-31,Nausikaa,DEV,3,3,1959,1905,0.568,0.104,0.328,5,4,-10.6,10.6,144,144
1926-01-31,Noviomagum,EKCA,4,5,1618,1929,0.135,0.069,0.795,3,6,23.1,-32.1,166,192
1926-01-31,OSCA,ZKV (Za),7,5,1648,1509,0.673,0.104,0.223,3,1,9.9,-10.6,225,257
1926-01-31,Ons Eibernest,HSV,4,0,1693,1695,0.483,0.120,0.397,4,3,36.7,-35.6,153,150
1926-01-31,Paars Wit,Spartaan,1,5,1395,1645,0.180,0.090,0.731,2,4,-27.8,39.1,213,271
1926-01-31,Ready (A),DTV,2,5,1673,1882,0.221,0.094,0.685,3,5,-9.1,8.1,149,138
1926-01-31,VIOS (Bu),Actief,5,1,1836,1652,0.731,0.085,0.184,5,2,26.1,-21.4,224,196
1926-01-31,Velox,Vitesse (Leiden),5,6,1853,1849,0.495,0.113,0.392,4,3,-14.5,16.6,140,151
1926-01-31,Vitesse (Haag),Zuiden (R),0,5,1337,1862,0.041,0.032,0.927,1,6,0.3,-0.1,163,155
1926-01-31,Zwaluw²,RCU,4,2,1397,1265,0.671,0.094,0.234,5,3,2.6,-2.4,169,189
1926-02-07,ALO,Ons Eibernest,1,2,1572,1735,0.269,0.108,0.623,2,4,5.1,-4.2,157,145
1926-02-07,Amstel,KCN,4,0,1460,1352,0.637,0.105,0.258,4,2,30.9,-41.5,185,221
1926-02-07,DDV,Swift,1,1,1909,1964,0.409,0.116,0.475,3,4,4.0,-2.6,174,143
1926-02-07,DED,Sportief,3,3,1660,1555,0.634,0.104,0.263,4,3,-23.5,28.2,192,209
1926-02-07,DEV,Excelsior,3,5,1921,2009,0.365,0.111,0.524,3,4,-12.6,12.5,138,138
1926-02-07,DKC (De),Vitesse (Leiden),2,1,1811,1871,0.404,0.111,0.485,3,4,15.1,-13.8,150,143
1926-02-07,DTV,Westerkwartier,3,3,1895,1996,0.348,0.110,0.542,3,4,7.4,-9.5,134,151
1926-02-07,Deska,Velocitas (A),1,7,1648,1596,0.601,0.036,0.364,28,25,-45.1,34.6,182,159
1926-02-07,Dordrecht,OSCR,1,5,1733,1923,0.240,0.100,0.660,2,4,-21.7,18.7,160,147
1926-02-07,Emma,Die Haghe,0,1,1525,1624,0.346,0.121,0.533,2,3,-8.5,8.0,226,214
1926-02-07,Fluks,HKV,1,3,1929,1897,0.530,0.120,0.350,3,2,-31.9,32.1,150,150
1926-02-07,Graaf Willem 2,Olympiaan,3,5,1657,1490,0.711,0.093,0.197,4,2,-78.3,57.2,202,173
1926-02-07,KVD,AW,5,0,1776,1551,0.772,0.080,0.148,5,2,18.1,-16.8,166,159
1926-02-07,KVR,GKV,4,3,1532,1648,0.323,0.120,0.557,2,3,31.4,-30.5,181,179
1926-02-07,KZ,Ready (A),2,0,1806,1668,0.677,0.095,0.228,5,3,0.9,-1.0,157,143
1926-02-07,LUTO,Olympia (B),2,2,1710,1660,0.560,0.110,0.329,4,3,-11.6,12.8,160,168
1926-02-07,Mercedes,Korf,1,1,1582,1502,0.600,0.110,0.290,4,2,-17.5,18.4,172,177
1926-02-07,Naas²,DOS (E),4,1,1734,1631,0.632,0.101,0.267,5,3,20.2,-21.9,184,194
1926-02-07,ODI (H),Phoenix (Z),5,0,1528,1349,0.724,0.089,0.187,5,2,48.6,-41.6,257,232
1926-02-07,Oosterpark,Advendo,5,3,1844,1675,0.714,0.089,0.197,5,2,-2.1,2.2,169,171
1926-02-07,Oranje Nassau,Concordia²,11,2,1552,1448,0.621,0.127,0.252,1,0,40.2,-38.4,166,161
1926-02-07,RCU,Osno,1,5,1267,1393,0.316,0.106,0.578,3,5,-33.4,27.2,175,156
1926-02-07,Rapid (Ap),Wilhelmina²,2,3,1072,1195,0.317,0.112,0.571,3,4,-1.2,0.6,172,213
1926-02-07,Velox,Deetos,1,2,1844,1934,0.362,0.113,0.524,3,4,-3.4,4.4,135,158
1926-02-07,Victoria (A),BEP,1,3,1443,1638,0.237,0.095,0.669,3,5,-2.4,2.4,174,169
1926-02-07,Zuiden (R),Rozenburg,8,1,1867,1619,0.796,0.072,0.132,5,2,18.9,-18.6,155,153
1926-02-07,Zwaluwen (H),Gooiers,1,5,1440,1977,0.039,0.029,0.932,1,7,11.8,-6.9,192,158
1926-02-14,AKC (Al),HKC (He),0,3,1610,1789,0.251,0.102,0.646,2,4,-21.6,22.4,194,199
1926-02-14,Advendo,DVD²,4,2,1678,1856,0.251,0.103,0.646,2,4,47.9,-43.0,162,154
1926-02-14,BEP,Velocitas,6,0,1640,1349,0.832,0.061,0.107,6,2,14.6,-22.1,160,208
1926-02-14,Bilthoven,Olympia (B),3,3,1697,1672,0.522,0.116,0.362,4,3,-8.5,7.8,163,157
1926-02-14,DOTO,SGOC,2,1,1137,1186,0.419,0.116,0.465,3,4,18.8,-19.7,184,189
1926-02-14,Deetos,Vitesse (Leiden),4,3,1938,1857,0.599,0.111,0.290,4,2,-2.6,2.1,148,137
1926-02-14,Deska,Excelsa,5,2,1602,1480,0.643,0.125,0.233,1,0,22.0,-24.3,168,178
1926-02-14,Die Haghe,SDO (L),5,3,1631,1563,0.585,0.109,0.307,4,3,15.5,-20.1,194,232
1926-02-14,EKCA,Rapiditas,14,0,1902,1535,0.884,0.046,0.070,7,2,19.0,-23.0,183,207
1926-02-14,Excelsior,Westerkwartier,4,2,2022,1986,0.540,0.111,0.349,4,3,10.7,-12.4,133,144
1926-02-14,HKV,DKC (De),2,1,1929,1825,0.632,0.104,0.264,4,2,-5.2,5.1,143,142
1926-02-14,KVO,DDV,5,10,1682,1912,0.200,0.089,0.711,3,5,-24.0,22.2,169,161
1926-02-14,Nausikaa,DTV,2,2,1954,1902,0.566,0.103,0.332,5,4,-10.1,8.7,140,130
1926-02-14,ODO²,DWS,1,0,1176,1398,0.205,0.098,0.697,2,4,48.3,-70.8,192,232
1926-02-14,OKC,Wilhelmina²,3,0,1071,1196,0.316,0.109,0.575,3,4,69.0,-61.4,203,191
1926-02-14,OSCR,Velox,3,3,1942,1840,0.631,0.103,0.267,4,3,-16.2,13.6,142,130
1926-02-14,Olympiaan,DVO (H),5,0,1547,1242,0.841,0.061,0.098,5,1,11.0,-13.4,164,189
1926-02-14,Quick (A),Blauw Wit,0,2,1627,1720,0.361,0.108,0.531,4,5,-20.0,24.3,191,215
1926-02-14,Ready (A),KZ,1,4,1667,1807,0.297,0.108,0.596,3,4,-15.3,17.6,138,150
1926-02-14,Rozenburg,HBS (H),5,6,1599,1654,0.408,0.119,0.473,2,3,-9.0,8.1,149,141
1926-02-14,TOV (D),Trekvogels (R),1,5,1521,1622,0.348,0.112,0.541,3,4,-43.2,56.7,193,226
1926-02-14,Vitesse (Haag),HSV,5,10,1342,1664,0.124,0.074,0.801,1,4,-14.8,12.2,164,146
1926-02-21,Amstel,Blauw Wit,2,4,1491,1744,0.180,0.083,0.737,3,5,4.4,-6.1,175,192
1926-02-21,DEV,DTV,2,7,1908,1910,0.486,0.113,0.401,5,4,-40.3,35.2,136,126
1926-02-21,DKC (De),Velox,3,0,1830,1838,0.479,0.111,0.411,5,4,23.7,-18.7,137,121
1926-02-21,Dordrecht,Deetos,4,5,1711,1935,0.204,0.096,0.701,2,4,12.6,-10.4,154,142
1926-02-21,HBS (H),Zuiden (R),1,7,1663,1888,0.205,0.090,0.705,3,5,-19.6,24.2,136,153
1926-02-21,HE,VIOS (Bu),1,6,1367,1867,0.047,0.036,0.917,1,6,-6.2,6.7,263,208
1926-02-21,HERO,Progress,0,4,1294,1411,0.328,0.107,0.565,3,5,-47.2,60.4,216,251
1926-02-21,HKV,Velox,3,0,1923,1854,0.585,0.112,0.303,4,2,16.6,-14.4,137,127
1926-02-21,HSV,ALO,1,2,1677,1577,0.627,0.106,0.267,4,2,-26.5,29.9,142,151
1926-02-21,KVO,DVD²,1,6,1658,1813,0.282,0.101,0.618,3,5,-30.3,26.1,160,147
1926-02-21,KZ,Hercules,3,1,1824,1873,0.418,0.117,0.465,2,3,22.9,-22.7,143,142
1926-02-21,Nausikaa,Ready (A),2,4,1943,1651,0.834,0.061,0.106,6,2,-50.7,49.8,135,134
1926-02-21,Ons Eibernest,Vitesse (Haag),4,1,1730,1327,0.900,0.044,0.056,5,0,-8.1,10.6,142,158
1926-02-21,Oosterpark,DDV,3,2,1843,1936,0.360,0.107,0.533,4,5,21.9,-19.5,163,154
1926-02-21,Quick (A),KCN,6,0,1606,1310,0.835,0.063,0.102,5,1,18.0,-22.0,176,200
1926-02-21,Quick (D),DWS,1,2,1107,1327,0.206,0.100,0.694,1,4,11.8,-17.1,179,208
1926-02-21,Rapid (Ap),OKC,5,2,1071,1140,0.391,0.112,0.497,3,4,40.1,-49.9,164,185
1926-02-21,Sportief,KVKV,0,1,1583,1732,0.287,0.105,0.608,3,4,3.8,-4.2,192,197
1926-02-21,TOGO (A),KVD,2,3,1678,1795,0.325,0.112,0.563,3,4,-1.0,1.1,167,161
1926-02-21,Thor (Zu),Korf,4,13,1366,1520,0.278,0.109,0.613,2,4,-46.2,42.0,176,167
1926-02-21,Velocitas,Victoria (A),5,3,1326,1441,0.327,0.116,0.557,2,3,52.5,-38.1,196,166
1926-02-21,Vitesse (Leiden),OSCR,5,3,1859,1925,0.392,0.117,0.491,2,3,22.2,-23.5,132,136
1926-02-21,Zwaluw²,Osno,5,3,1405,1421,0.464,0.118,0.418,4,3,24.3,-20.7,165,151
1926-02-28,'t Overschotje,Zwart Wit,0,4,1431,1519,0.363,0.116,0.521,3,4,-58.3,65.4,224,240
1926-02-28,Ambakor,Olympiaan,1,2,1565,1559,0.498,0.115,0.387,4,3,-22.6,18.5,180,162
1926-02-28,Amersfoort,Gooiers,1,1,1530,1971,0.066,0.046,0.888,1,6,52.8,-48.4,168,162
1926-02-28,DKC (De),HKV,1,3,1853,1939,0.365,0.116,0.518,2,3,-12.5,12.7,131,132
1926-02-28,DTV,Hercules,3,1,1946,1849,0.623,0.105,0.272,4,3,4.1,-4.8,123,136
1926-02-28,DVD²,DDV,2,3,1839,1916,0.381,0.112,0.507,3,4,-5.0,5.3,141,146
1926-02-28,EKCA,ZKC (Zu),9,1,1923,1473,0.924,0.032,0.044,7,2,10.5,-11.2,180,189
1926-02-28,GKV,KVR,0,4,1618,1564,0.560,0.120,0.320,3,2,-63.1,64.3,171,173
1926-02-28,Groen Zwart,DOS (E),4,1,1672,1609,0.584,0.096,0.320,6,5,26.9,-22.7,202,183
1926-02-28,KCN,Amstel,5,2,1287,1495,0.219,0.099,0.682,2,4,81.4,-62.6,190,166
1926-02-28,KZ,Excelsior,2,3,1847,2033,0.246,0.097,0.657,3,5,7.3,-6.7,136,131
1926-02-28,LUTO,Bilthoven,1,2,1699,1688,0.499,0.121,0.379,3,2,-19.0,19.0,156,156
1926-02-28,NHM (A),Achilles (Am),1,8,843,1405,0.032,0.030,0.938,0,5,-32.0,27.4,332,288
1926-02-28,Oosterpark,Haarlem,2,4,1864,1679,0.732,0.085,0.182,5,2,-48.5,71.0,153,184
1926-02-28,Rapiditas,PSV,1,2,1511,1496,0.510,0.112,0.378,4,3,-27.6,21.1,200,174
1926-02-28,Rozenburg,HSV,3,1,1591,1650,0.402,0.119,0.479,2,3,25.1,-22.9,144,137
1926-02-28,SSS (A),Amstelodamum,2,0,1564,1566,0.483,0.119,0.398,4,3,32.5,-29.6,210,199
1926-02-28,Swift,KVO,7,0,1961,1627,0.862,0.054,0.084,6,1,10.8,-12.0,142,151
1926-02-28,Unitas (D),Thor (Zu),6,0,1520,1319,0.747,0.086,0.168,4,2,33.2,-24.4,197,164
1926-02-28,Vitesse (Haag),ALO,3,1,1337,1606,0.163,0.085,0.752,2,4,57.3,-49.0,156,144
1926-02-28,Vitesse (Leiden),Fluks,3,5,1881,1897,0.464,0.118,0.418,4,3,-18.9,24.8,128,148
1926-02-28,Wilhelmina²,Rapid (Ap),5,4,1133,1111,0.519,0.117,0.364,4,3,6.5,-5.2,178,155
1926-02-28,Zwaluwen (H),Olympia (B),0,3,1452,1680,0.201,0.092,0.707,2,4,-12.4,8.9,192,151
1926-03-07,AW,Velocitas,4,1,1533,1379,0.694,0.098,0.208,4,2,11.7,-13.9,160,180
1926-03-07,Advendo,KVO,3,2,1725,1613,0.642,0.104,0.254,4,2,-7.0,6.0,158,149
1926-03-07,Amersfoort,Zwaluwen (H),5,0,1582,1438,0.679,0.104,0.217,3,1,28.2,-32.2,165,178
1926-03-07,DDV,Haarlem,7,2,1920,1749,0.714,0.092,0.194,4,2,17.5,-25.5,139,173
1926-03-07,DKC (De),Dordrecht,7,2,1839,1723,0.650,0.099,0.251,5,3,18.4,-24.9,127,150
1926-03-07,DOTO,WKC,0,4,1155,1267,0.332,0.114,0.554,3,4,-36.6,40.2,174,184
1926-03-07,Fluks,OSCR,10,1,1921,1901,0.516,0.117,0.368,4,3,39.1,-36.0,140,134
1926-03-07,Gooiers,KVKV,4,2,1921,1726,0.745,0.079,0.176,6,3,-5.4,8.1,159,183
1926-03-07,HKC (He),Naas²,1,1,1810,1754,0.568,0.112,0.320,4,3,-15.9,14.3,187,178
1926-03-07,Hercules,Westerkwartier,1,3,1843,1973,0.308,0.114,0.578,2,3,-8.5,9.8,131,143
1926-03-07,KVR,Achilles (H),4,4,1627,1785,0.273,0.112,0.615,2,3,16.3,-26.3,161,203
1926-03-07,KZ,Nausikaa,4,0,1853,1891,0.436,0.110,0.454,3,4,30.8,-32.6,132,136
1926-03-07,Mercedes,Unitas (D),5,4,1564,1553,0.503,0.118,0.379,4,3,7.7,-8.9,168,183
1926-03-07,Onder Ons,Korf,4,3,1339,1564,0.209,0.083,0.708,4,6,48.8,-36.6,184,160
1926-03-07,PSV,ZKC (Zu),4,1,1516,1460,0.569,0.108,0.323,4,3,22.3,-27.9,162,185
1926-03-07,Rozenburg,Ons Eibernest,2,6,1615,1721,0.337,0.118,0.545,2,3,-26.0,28.4,138,144
1926-03-07,Swift,Oosterpark,4,2,1972,1814,0.701,0.090,0.209,5,3,-1.4,1.7,141,148
1926-03-07,TOGO (A),BEP,2,1,1676,1655,0.521,0.109,0.370,5,4,4.7,-4.8,159,161
1926-03-07,Zwart Wit,'t Overschotje,2,1,1584,1371,0.760,0.082,0.157,5,2,-27.3,24.4,211,202
1926-03-14,Amersfoort,Olympia (B),1,2,1608,1686,0.376,0.119,0.505,2,3,-6.6,6.0,157,148
1926-03-14,Bilthoven,Zwaluwen (H),2,1,1705,1403,0.837,0.066,0.098,4,1,-23.6,30.0,150,167
1926-03-14,DDV,KVO,3,3,1937,1617,0.853,0.056,0.091,6,2,-33.1,36.8,136,143
1926-03-14,DOS (E),Groen Zwart,8,2,1583,1696,0.337,0.099,0.564,5,6,67.3,-77.8,172,186
1926-03-14,DVD²,Oosterpark,1,1,1832,1814,0.517,0.107,0.376,5,4,-5.7,6.1,138,142
1926-03-14,DWS,Spartaan,1,3,1307,1688,0.091,0.061,0.848,1,5,15.2,-28.5,194,245
1926-03-14,Deetos,DKC (De),2,4,1923,1857,0.582,0.108,0.310,4,3,-33.3,25.5,143,125
1926-03-14,Duno,ODI (H),0,6,1298,1575,0.158,0.082,0.760,2,5,-44.3,43.4,239,235
1926-03-14,HKC (He),AKC (Al),6,0,1792,1585,0.754,0.084,0.162,4,2,25.8,-29.3,172,186
1926-03-14,KZ,Westerkwartier,3,2,1882,1980,0.350,0.113,0.536,3,4,15.6,-17.9,128,137
1926-03-14,Kinea (A),Voorwaarts (M),2,3,1468,1749,0.158,0.074,0.768,3,6,30.4,-25.0,212,195
1926-03-14,Nausikaa,Excelsior,3,5,1856,2023,0.267,0.098,0.634,3,5,-3.2,3.2,131,131
1926-03-14,Nic,KW,9,2,1618,1541,0.600,0.102,0.298,5,4,54.3,-53.8,199,198
1926-03-14,Olympiaan,Graaf Willem 2,2,2,1574,1577,0.483,0.118,0.399,4,3,-3.8,6.0,156,194
1926-03-14,Oranje Nassau,Excelsa,6,2,1593,1453,0.666,0.118,0.215,2,0,26.6,-28.8,166,173
1926-03-14,Rapid (Ap),NIVO,1,5,1104,1362,0.173,0.086,0.741,2,5,-13.1,21.8,150,208
1926-03-14,SSS (A),ASV,3,0,1593,1357,0.782,0.078,0.140,5,1,5.9,-5.8,191,225
1926-03-14,Swift,Haarlem,2,3,1969,1722,0.792,0.076,0.132,4,1,-37.9,54.6,137,163
1926-03-14,Unitas (D),Korf,3,5,1542,1525,0.513,0.114,0.373,4,3,-35.1,29.2,169,153
1926-03-14,Velocitas,BEP,7,1,1362,1647,0.153,0.077,0.770,2,5,97.5,-77.9,169,151
1926-03-14,Velox,OSCR,2,4,1816,1863,0.421,0.117,0.462,2,3,-15.1,16.2,125,129
1926-03-21,AKC (Al),Achilles (A),0,0,1555,1511,0.559,0.096,0.345,6,5,-11.1,17.5,175,218
1926-03-21,BEP,Quick (D),5,5,1569,1116,0.924,0.033,0.043,6,1,-43.7,64.9,147,176
1926-03-21,DDV,Advendo,5,1,1903,1716,0.731,0.091,0.178,4,2,11.4,-14.1,135,153
1926-03-21,DEV,KZ,2,3,1865,1897,0.442,0.115,0.442,3,4,-10.3,8.4,139,124
1926-03-21,Deetos,Fluks,5,3,1889,1960,0.385,0.119,0.496,2,3,24.3,-24.4,137,137
1926-03-21,Dubbel Zes²,Rood Zwart,0,8,1580,1682,0.351,0.102,0.546,4,5,-61.7,90.7,201,253
1926-03-21,Excelsa,Deska,2,2,1424,1622,0.220,0.121,0.659,0,1,23.5,-25.1,163,168
1926-03-21,KVD,Velocitas,4,1,1794,1461,0.861,0.055,0.084,5,1,-6.7,6.9,159,161
1926-03-21,KVKV,OSCA,6,1,1732,1661,0.585,0.116,0.300,3,2,39.8,-57.8,174,216
1926-03-21,KW,Kinea (A),3,4,1486,1498,0.474,0.111,0.415,5,4,-18.2,21.1,181,196
1926-03-21,LUTO,Zwaluwen (H),3,2,1677,1432,0.790,0.077,0.133,4,1,-20.1,22.9,152,162
1926-03-21,Naas²,HKC (He),2,2,1765,1818,0.412,0.118,0.470,2,3,3.2,-3.0,168,165
1926-03-21,Ready (A),Westerkwartier,0,4,1698,1962,0.168,0.086,0.746,2,4,-10.7,9.5,141,132
1926-03-21,Rood Wit (H),Achilles (H),3,3,1543,1757,0.213,0.098,0.690,2,4,28.1,-31.6,176,186
1926-03-21,Rozenburg,HSV,4,4,1587,1624,0.433,0.120,0.447,2,3,0.6,-0.6,135,138
1926-03-21,SSS (Z),WK,2,2,1763,1898,0.303,0.108,0.589,3,4,21.7,-17.7,211,192
1926-03-21,Spartaan,DWS,4,1,1659,1321,0.862,0.057,0.080,5,1,-8.3,3.7,227,187
1926-03-21,Thor (Zu),Onder Ons,7,3,1292,1387,0.359,0.104,0.536,4,5,50.1,-56.8,163,174
1926-03-21,Vitesse (Leiden),HKV,1,5,1860,1950,0.358,0.121,0.521,2,3,-25.5,26.9,130,134
1926-03-21,ZKC (Zu),PSV,4,1,1430,1537,0.340,0.110,0.549,3,4,51.5,-42.7,172,156
1926-03-28,AKC (Al),Naas²,2,9,1542,1767,0.201,0.099,0.700,1,4,-31.2,28.8,164,157
1926-03-28,Achilles (A),Groen Zwart,5,5,1526,1617,0.372,0.090,0.538,7,8,11.2,-8.9,194,173
1926-03-28,Deetos,HKV,1,5,1912,1976,0.393,0.125,0.482,2,3,-29.2,28.2,132,129
1926-03-28,Eendracht,Fazanten,16,0,1656,1387,0.811,0.073,0.116,4,1,29.0,-31.7,190,200
1926-03-28,HKC (He),DOS (E),2,6,1814,1651,0.709,0.087,0.204,5,3,-64.8,72.7,154,164
1926-03-28,Haarlem,DDV,1,4,1775,1914,0.298,0.111,0.592,2,4,-20.5,14.7,159,132
1926-03-28,KCN,Blauw Wit,2,2,1365,1734,0.099,0.059,0.843,2,6,50.7,-54.0,183,188
1926-03-28,KVD,KVKV,2,3,1786,1772,0.509,0.112,0.379,4,3,-18.4,20.3,156,164
1926-03-28,KVO,Oosterpark,2,0,1653,1818,0.270,0.098,0.632,3,5,36.4,-34.2,144,139
1926-03-28,OSCA,Gooiers,4,6,1602,1913,0.132,0.076,0.792,1,4,13.0,-7.6,193,158
1926-03-28,Olympia (B),Bilthoven,1,2,1691,1680,0.502,0.119,0.379,4,3,-16.6,17.9,144,150
1926-03-28,Oranje Nassau,Deska,3,4,1619,1596,0.508,0.139,0.353,2,1,-23.6,23.4,160,159
1926-03-28,Rapiditas,EKCA,1,12,1479,1932,0.063,0.041,0.896,2,7,-17.4,16.8,187,183
1926-03-28,Ready (A),Swift,1,6,1686,1929,0.185,0.091,0.724,2,4,-16.4,16.5,137,137
1926-03-28,SAMOS,De Tovers,0,1,1594,1554,0.547,0.108,0.345,5,4,-35.1,31.2,216,204
1926-03-28,Spartaan,Quick (D),11,1,1650,1180,0.930,0.032,0.039,6,1,15.3,-11.1,213,173
1926-03-28,Sportief,DED,7,4,1583,1633,0.415,0.118,0.467,2,3,47.1,-49.3,186,190
1926-03-28,WK,KW,5,4,1879,1467,0.906,0.040,0.054,6,1,-43.3,38.4,177,168
1926-04-05,Achilles (A),Naas²,1,6,1537,1796,0.178,0.073,0.749,4,7,-18.4,14.2,177,151
1926-04-11,Bilthoven,De Tovers,2,1,1696,1584,0.642,0.105,0.253,4,2,-4.9,9.4,145,188
1926-04-11,DES (V),WKC,0,1,1146,1304,0.274,0.107,0.619,2,4,6.2,-3.9,208,178
1926-04-11,Excelsa,Concordia²,1,4,1445,1406,0.532,0.137,0.332,1,0,-49.8,57.1,160,172
1926-04-11,HKC (He),Achilles (A),3,2,1748,1518,0.784,0.066,0.151,8,4,-20.3,25.4,151,167
1926-04-11,Haarlem,Oosterpark,9,1,1753,1782,0.446,0.116,0.438,4,3,51.5,-42.1,153,137
1926-04-11,Hercules,Westerkwartier,2,3,1831,1970,0.295,0.114,0.591,2,3,1.5,-1.4,139,135
1926-04-11,KVKV,Eendracht,3,0,1791,1688,0.631,0.106,0.263,4,2,16.3,-21.1,156,183
1926-04-11,KVO,Advendo,3,2,1688,1700,0.470,0.119,0.411,4,3,8.3,-9.6,141,152
1926-04-11,KZ,DDV,2,4,1904,1928,0.454,0.115,0.431,5,4,-17.8,18.8,127,131
1926-04-11,Kinea (A),WK,1,6,1518,1835,0.129,0.072,0.799,2,5,-18.1,17.1,183,176
1926-04-11,LUTO,Quick (A),5,2,1655,1621,0.534,0.116,0.350,4,3,24.0,-33.0,153,183
1926-04-11,Naas²,Groen Zwart,8,3,1811,1608,0.754,0.078,0.168,6,3,14.4,-17.7,146,164
1926-04-11,OSCA,KVD,6,1,1614,1766,0.278,0.117,0.606,1,3,87.1,-58.8,184,150
1926-04-11,Ons Eibernest,Vitesse (Leiden),1,1,1747,1832,0.366,0.119,0.515,2,3,7.1,-5.6,148,132
1926-04-11,Rapiditas,ZKC (Zu),2,3,1460,1480,0.455,0.126,0.419,3,2,-19.9,16.2,184,165
1926-04-11,SSS (Z),KW,9,2,1782,1505,0.822,0.063,0.115,6,2,24.6,-19.3,195,168
1926-04-11,Schiedam,TOV (D),1,15,1325,1474,0.288,0.104,0.608,3,4,-83.8,52.8,253,193
1926-04-11,Swift,Ready (A),2,2,1945,1668,0.819,0.069,0.112,5,1,-31.1,31.0,137,137
1926-04-11,VDB,Zeelandia,1,4,1381,1599,0.210,0.098,0.693,2,4,-42.8,41.2,323,313
1926-04-18,Advendo,DDV,4,6,1689,1946,0.173,0.089,0.738,1,4,3.9,-2.7,144,127
1926-04-18,DOS (E),Achilles (A),1,3,1723,1543,0.735,0.073,0.193,8,5,-50.8,50.5,160,160
1926-04-18,Deetos,Zuiden (R),6,4,1882,1909,0.449,0.115,0.436,4,3,17.3,-25.4,133,163
1926-04-18,Eendracht,OSCA,1,3,1665,1702,0.427,0.134,0.439,0,1,-30.0,30.2,169,170
1926-04-18,Excelsior,Fluks,3,1,2025,1934,0.617,0.104,0.279,4,3,5.6,-5.6,139,140
1926-04-18,GIOS,Rood Zwart,3,8,1532,1772,0.193,0.082,0.725,3,6,-34.5,35.1,221,223
1926-04-18,Gooiers,KVD,5,0,1905,1707,0.747,0.082,0.171,5,2,17.8,-15.2,158,144
1926-04-18,Groen Zwart,AKC (Al),9,2,1590,1509,0.604,0.103,0.294,5,3,36.9,-38.6,157,161
1926-04-18,Haarlem,DVD²,7,5,1806,1824,0.462,0.117,0.422,4,3,19.3,-19.2,144,144
1926-04-18,Naas²,EKCA,3,1,1826,1950,0.323,0.098,0.579,4,6,27.8,-45.6,142,183
1926-04-18,ODO²,Spartaan,2,2,1220,1666,0.064,0.045,0.891,1,6,63.8,-74.9,196,211
1926-04-18,Vitesse (Be),Dubbel Zes²,4,7,1742,1516,0.777,0.073,0.150,6,3,-115.4,85.7,222,192
1926-04-18,Voorwaarts (M),SSS (Z),7,1,1722,1808,0.371,0.106,0.523,4,5,76.9,-71.6,192,184
1926-04-18,Zeelandia,Volharding,1,3,1640,1358,0.822,0.069,0.110,5,1,-122.5,190.6,271,333
1926-04-25,EKCA,Naas²,7,5,1904,1854,0.564,0.100,0.335,5,4,11.9,-8.4,168,137
1926-04-25,Friso (A),HDT,1,3,1456,1452,0.492,0.118,0.390,4,3,-48.7,50.0,222,226
1926-04-25,Gooiers,Eendracht,5,1,1923,1635,0.828,0.065,0.107,5,1,4.7,-4.9,152,158
1926-04-25,Groen Zwart,Achilles (A),6,4,1628,1593,0.549,0.091,0.360,7,6,9.7,-10.1,149,153
1926-04-25,HKC (Hrd),Leeuwarden,4,2,1586,1368,0.769,0.075,0.156,6,3,-15.2,7.4,263,213
1926-04-25,Haarlem,Advendo,1,1,1826,1693,0.666,0.104,0.230,4,2,-18.3,18.9,138,140
1926-04-25,Rood Zwart,Dubbel Zes²,12,2,1808,1603,0.758,0.074,0.168,7,3,40.3,-33.1,204,182
1926-04-25,SDO (L),Emma,1,3,1539,1513,0.525,0.116,0.359,4,3,-53.3,52.6,221,219
1926-04-25,SSS (Z),Kinea (A),7,0,1736,1499,0.786,0.073,0.142,6,2,23.6,-25.0,170,176
1926-04-25,SVN,Ons Buiten,1,1,1387,1346,0.547,0.111,0.343,4,3,-9.2,22.9,175,270
1926-04-25,Sparta (Ze),MKC (Ma),2,4,1481,1418,0.579,0.107,0.315,4,3,-65.9,74.6,245,261
1926-04-25,Spartaan,ODO²,2,0,1591,1284,0.843,0.061,0.097,5,1,-21.3,18.1,202,190
1926-04-25,VZK,Bakkeveen,5,2,1284,1108,0.723,0.087,0.190,5,3,21.1,-11.6,313,175
1926-04-25,WIK (O),Kinea (K),2,2,1412,1328,0.608,0.104,0.288,5,3,-28.6,24.6,247,230
1926-04-25,Zuiderkwartier²,Kadimah,5,0,1464,1260,0.754,0.079,0.168,6,3,23.4,-23.4,188,188
1926-05-02,DIO (O),Zwart Wit,4,0,1417,1554,0.301,0.108,0.591,3,4,118.9,-79.3,260,209
1926-05-02,DOS (E),AKC (Al),4,4,1672,1471,0.749,0.083,0.168,5,2,-30.4,29.8,156,155
1926-05-02,DVD²,Haarlem,1,6,1805,1807,0.485,0.115,0.400,4,3,-42.5,38.9,140,134
1926-05-02,EKCA,Naas²,2,1,1917,1846,0.594,0.097,0.309,6,4,-3.4,2.2,156,132
1926-05-02,Gooiers,KVKV,7,3,1928,1807,0.658,0.093,0.248,6,4,17.6,-18.8,149,154
1926-05-02,KCN,Quick (A),1,2,1415,1588,0.258,0.103,0.639,2,4,7.8,-6.6,184,173
1926-05-02,Kinea (A),SSS (Z),2,5,1473,1760,0.152,0.075,0.773,3,6,-1.6,1.6,168,163
1926-05-02,Quick (D),ODO²,2,2,1168,1301,0.305,0.108,0.586,3,4,16.7,-17.2,180,182
1926-05-02,Rapiditas,Noviomagum,4,6,1440,1643,0.223,0.102,0.675,2,4,-4.1,4.2,173,186
1926-05-02,UDI (O),Friso (A),3,1,1536,1407,0.667,0.097,0.237,5,3,6.1,-5.8,231,199
1926-05-02,UNA (L),MKC (Ma),3,3,1104,1493,0.088,0.057,0.855,1,5,100.5,-63.3,278,228
1926-05-02,Volharding,Zeelandia,2,2,1549,1517,0.531,0.118,0.351,3,2,-19.1,14.0,290,251
1926-05-02,WK,Excelsior,2,3,1853,2031,0.253,0.102,0.645,3,4,9.1,-5.2,173,137
1926-05-09,DVO (H),ODI (H),0,13,1225,1617,0.086,0.057,0.858,1,5,-26.8,32.2,202,227
1926-05-09,EKCA,WK,2,2,1912,1861,0.566,0.100,0.333,5,4,-10.3,12.4,148,161
1926-05-09,Paars Wit,ODO²,3,0,1369,1283,0.605,0.112,0.284,3,2,34.2,-21.8,222,169
1926-05-09,Volharding,ELTO,1,2,1529,1271,0.800,0.076,0.124,4,1,-81.5,133.8,245,309
1926-05-09,Zeelandia,Volharding,0,4,1530,1447,0.602,0.113,0.285,3,2,-97.6,99.4,223,226
1926-05-09,Zuiden (R),Vitesse (Haag),9,1,1884,1391,0.938,0.028,0.034,7,1,6.5,-7.4,157,171
1926-05-16,DVD²,Advendo,5,2,1760,1710,0.557,0.114,0.329,4,3,18.3,-19.3,137,141
1926-05-16,DWS,ODO²,1,1,1321,1259,0.572,0.118,0.310,3,2,-18.6,12.4,194,160
1926-05-16,Excelsior,EKCA,1,0,2023,1900,0.664,0.088,0.248,6,4,-8.0,8.8,136,141
1926-05-16,KVO,KVKV,1,1,1695,1786,0.361,0.108,0.530,4,5,7.5,-7.9,146,150
1926-05-16,Rozenburg,Deetos,2,1,1584,1898,0.130,0.075,0.794,1,5,46.7,-39.3,149,137
1926-05-16,VIOS (Bu),De Tovers,3,1,1869,1591,0.821,0.067,0.113,5,2,-21.4,12.6,221,182
1926-05-22,Achilles (A),DOS (E),1,5,1581,1640,0.414,0.097,0.489,5,6,-31.5,32.4,152,155
1926-05-22,Vitesse (Leiden),Rozenburg,11,2,1824,1631,0.739,0.087,0.174,4,2,22.1,-23.1,142,145
1926-05-24,DTV,DDV,2,7,1945,1943,0.493,0.112,0.396,5,4,-48.6,40.3,151,137
1926-05-30,De Tovers,VIOS (Bu),3,2,1603,1848,0.185,0.089,0.726,2,5,46.2,-64.7,177,208
1926-05-30,ELTO,Zeelandia,1,6,1403,1430,0.446,0.123,0.431,4,3,-111.2,68.0,272,205
1926-05-30,Excelsior,WK,7,2,2014,1871,0.681,0.098,0.221,4,2,18.8,-24.7,135,157
1926-06-06,Achilles (A),HKC (He),2,0,1550,1726,0.260,0.089,0.651,4,6,36.8,-45.2,148,164
1926-06-06,Advendo,KVKV,5,2,1690,1778,0.363,0.116,0.521,2,3,35.1,-38.6,140,148
1926-06-06,Die Haghe,Spartaan,3,2,1642,1568,0.592,0.112,0.297,4,2,-1.4,1.1,209,201
1926-06-06,Frisia,Leeuwarden,8,1,1353,1374,0.467,0.100,0.434,7,6,139.4,-66.9,322,209
1926-06-06,Friso (L),KW,6,2,1749,1484,0.810,0.068,0.122,5,2,13.0,-10.1,228,178
1926-06-06,HDT,Friso (A),6,1,1501,1399,0.629,0.106,0.265,4,2,48.0,-41.4,210,193
1926-06-06,KVO,Gooiers,2,6,1702,1945,0.189,0.083,0.728,3,6,-11.3,12.3,145,153
1926-06-06,Moedig Voorwaarts (B),UDI (O),8,1,1506,1540,0.439,0.115,0.447,3,4,94.8,-82.1,232,214
1926-06-06,Nieuwe Kracht,VIOS (Ni),1,7,970,1122,0.283,0.104,0.613,3,4,-66.7,63.1,240,232
1926-06-06,WK,EKCA,1,2,1846,1908,0.405,0.106,0.489,4,5,-6.8,6.2,149,142
1926-06-06,Zeelandia,KKC,7,0,1499,1136,0.879,0.051,0.071,5,1,17.0,-15.1,189,175
1926-06-13,EKCA,Excelsior,6,6,1912,2033,0.327,0.099,0.574,4,6,10.0,-9.8,136,134
1926-06-13,Friso (A),UDI (O),4,5,1355,1456,0.347,0.112,0.541,3,4,-4.0,4.4,179,194
1926-06-13,KVO,Advendo,3,7,1688,1724,0.435,0.119,0.446,2,3,-34.7,32.2,140,135
1926-06-13,KW,Friso (L),2,5,1472,1761,0.150,0.077,0.774,2,5,-4.0,3.8,171,210
1926-06-13,Vitesse (Haag),Die Haghe,2,1,1380,1639,0.171,0.088,0.741,2,4,51.3,-58.4,178,190
1926-06-13,Volharding (H),Advendo (TI),1,0,1260,1484,0.205,0.094,0.702,2,4,62.0,-114.8,259,350
1926-06-13,WWMD,Forward,4,3,1660,1640,0.519,0.109,0.373,5,4,8.8,-9.0,220,222
1926-06-13,Westerkwartier,DDV,3,1,1966,1982,0.464,0.116,0.420,4,3,21.1,-17.5,152,137
1926-07-04,Advendo (TI),VZK,1,2,1368,1303,0.581,0.108,0.311,4,3,-57.4,51.1,289,272
1926-07-04,DOS (L),Kinea (K),1,5,1503,1349,0.698,0.089,0.213,5,3,-143.9,101.8,266,223
1926-07-04,HDT,Moedig Voorwaarts (B),1,3,1548,1600,0.413,0.115,0.471,3,4,-29.7,33.4,197,211
1926-07-04,Zeelandia,ELTO,3,2,1515,1290,0.771,0.081,0.148,4,1,-21.3,36.0,189,236
1926-07-18,Frisia,HKC (Hrd),4,1,1492,1569,0.385,0.105,0.511,4,5,78.4,-72.0,264,251
1926-07-18,Ready (R),KKC,4,2,1282,1119,0.706,0.093,0.201,4,2,-1.0,-4.1,317,181
1926-07-18,Volharding,Zeelandia,2,1,1543,1494,0.557,0.115,0.328,3,2,3.4,-3.1,219,182
1926-07-18,WIK (O),DOS (L),4,1,1381,1358,0.522,0.110,0.368,5,4,47.7,-47.2,236,235
1926-07-25,ELTO,Voltas,5,6,1325,1615,0.146,0.083,0.771,1,4,32.5,-19.5,218,175
1926-07-25,ELTO,Zeelandia,3,0,1358,1489,0.306,0.112,0.581,2,4,70.9,-52.5,198,170
1926-07-25,VDB,Voltas,0,4,1334,1596,0.169,0.088,0.742,1,4,-39.9,17.3,295,165
1926-07-25,VZK,Volharding (H),1,5,1353,1321,0.535,0.111,0.354,4,3,-91.6,93.2,242,244
1926-07-25,Voltas,Volharding,3,2,1613,1545,0.581,0.115,0.304,3,2,0.2,0.7,158,195
1926-08-01,UDI (O),HDT,4,4,1459,1516,0.410,0.111,0.479,3,4,4.4,-4.2,189,187
1926-08-01,Volharding (H),VZK,4,1,1414,1260,0.697,0.091,0.212,5,3,17.2,-17.1,215,214
1926-08-01,Wez Handich,Wit Zwart (L),3,3,1324,1185,0.682,0.088,0.230,6,4,-26.9,26.9,175,175
1926-08-15,Leeuwarden,Frisia,2,4,1305,1572,0.173,0.070,0.757,4,8,10.1,-13.7,211,234
1926-08-15,UDI (O),Moedig Voorwaarts (B),7,3,1466,1634,0.266,0.099,0.635,3,5,68.4,-87.0,176,199
1926-08-22,AKC (Al),Groen Zwart,1,4,1573,1660,0.369,0.107,0.525,4,5,-25.4,26.2,161,164
1926-08-22,AKC (Al),Naas²,0,0,1533,1846,0.131,0.076,0.793,1,4,40.4,-38.8,170,167
1926-08-22,DOS (M),VDB,2,0,1572,1295,0.820,0.066,0.114,5,2,-26.3,13.9,309,255
1926-08-22,Friso (L),Nic,3,1,1766,1671,0.624,0.101,0.275,5,3,11.6,-12.3,212,223
1926-08-22,Groen Zwart,HKC (He),2,0,1637,1645,0.480,0.107,0.414,5,4,23.9,-20.5,180,165
1926-08-22,HKC (He),AKC (Al),0,0,1680,1499,0.725,0.091,0.184,4,2,-33.0,35.5,177,183
1926-08-22,HKC (Hrd),Frisia,1,4,1497,1558,0.406,0.106,0.488,4,5,-49.0,43.2,229,212
1926-08-22,Naas²,Groen Zwart,2,0,1822,1686,0.677,0.090,0.232,6,3,0.1,-0.1,149,151
1926-08-22,Naas²,HKC (He),4,0,1806,1624,0.726,0.092,0.182,4,2,16.0,-15.1,158,153
1926-08-22,Rapide,LOV,1,0,1176,1412,0.194,0.090,0.717,2,5,122.3,-34.4,324,175
1926-08-22,Tijnje,Moedig Voorwaarts (B),2,0,1510,1547,0.433,0.119,0.448,2,3,55.2,-29.3,260,182
1926-08-22,Voltas,VIOS (M),2,1,1615,1549,0.579,0.113,0.308,3,2,-0.1,0.5,158,175
1926-08-29,Zeelandia,Voltas,4,2,1437,1614,0.252,0.105,0.642,2,4,51.8,-40.8,169,150
1926-09-05,WIK (O),Kinea (K),1,6,1429,1452,0.457,0.112,0.431,5,4,-77.7,77.4,220,219
1926-09-05,Zeelandia,ELTO,2,1,1489,1430,0.569,0.115,0.316,3,2,1.0,-0.7,159,191
1926-09-12,Friso (L),WK,0,2,1777,1838,0.398,0.122,0.480,2,3,-30.8,24.5,197,173
1926-09-19,BEP,Victoria (A),4,6,1522,1397,0.661,0.098,0.241,5,3,-63.5,73.0,201,216
1926-09-19,DDV,Advendo,11,2,1964,1757,0.754,0.084,0.162,5,2,27.7,-27.2,165,163
1926-09-19,Excelsior,DTV,7,3,2024,1895,0.667,0.095,0.238,5,3,20.8,-24.5,163,180
1926-09-19,Groen Zwart,AKC (Al),6,3,1684,1545,0.679,0.093,0.228,5,3,10.0,-10.7,153,159
1926-09-19,HKC (He),Naas²,0,14,1607,1820,0.212,0.102,0.686,1,3,-30.9,29.6,155,151
1926-09-19,Haarlem,KVO,4,3,1844,1654,0.737,0.085,0.178,5,2,-19.4,17.3,176,167
1926-09-19,KVKV,OSCA,3,4,1738,1729,0.497,0.120,0.382,3,2,-21.2,28.0,174,202
1926-09-19,KZ,Westerkwartier,4,2,1883,1987,0.344,0.113,0.543,3,4,41.6,-39.8,179,175
1926-09-19,Noviomagum,EKCA,1,2,1646,1923,0.162,0.073,0.765,3,6,32.7,-18.5,211,164
1926-09-19,ODO²,DWS,1,0,1270,1301,0.439,0.125,0.436,3,2,17.5,-21.0,190,210
1926-09-19,OSCR,Zuiden (R),2,4,1875,1889,0.471,0.111,0.418,5,4,-33.3,35.9,188,196
1926-09-19,Oosterpark,DED,1,1,1737,1581,0.700,0.090,0.210,5,3,-29.0,42.2,185,220
1926-09-19,Oranje Nassau,Concordia²,1,1,1592,1461,0.659,0.116,0.226,2,0,-30.7,31.8,202,206
1926-09-19,Rozenburg,Die Haghe,7,2,1606,1580,0.522,0.119,0.359,3,2,48.0,-60.5,179,204
1926-09-19,Spartaan,Zwaluwen (R),2,3,1567,1841,0.163,0.077,0.760,3,6,21.8,-41.8,211,276
1926-09-19,Sport,Blauw Wit,1,1,1595,1677,0.374,0.111,0.514,3,4,11.1,-10.6,229,225
1926-09-19,Swift,Hercules,7,3,1912,1829,0.601,0.113,0.286,3,2,36.6,-36.2,187,186
1926-09-19,Velox,Fluks,6,1,1797,1925,0.312,0.109,0.579,3,4,77.1,-76.6,185,184
1926-09-19,Vitesse (Haag),HBS (H),3,3,1431,1637,0.222,0.098,0.680,2,4,31.3,-32.3,196,199
1926-09-19,Zwaluwen (H),Amersfoort,0,1,1451,1597,0.285,0.115,0.599,2,3,1.9,-1.7,208,204
1926-09-26,AKC (Al),DOS (E),0,4,1535,1672,0.301,0.109,0.590,3,4,-25.4,36.4,151,185
1926-09-26,ALO,Rozenburg,3,2,1551,1655,0.342,0.115,0.543,3,4,34.8,-23.6,204,167
1926-09-26,Achilles (H),Rood Wit (H),3,1,1722,1567,0.696,0.096,0.209,4,2,3.3,-3.4,223,217
1926-09-26,Advendo,OSCA,3,3,1730,1757,0.442,0.128,0.429,3,2,-0.6,0.8,157,182
1926-09-26,Baerne,RCU,5,3,1385,1227,0.704,0.086,0.210,6,3,-0.4,3.5,175,226
1926-09-26,Blauw Wit,TOGO (A),2,3,1666,1675,0.476,0.114,0.410,5,4,-22.3,23.8,201,209
1926-09-26,Concordia²,Excelsa,3,2,1492,1393,0.616,0.124,0.260,2,0,-2.7,3.4,189,201
1926-09-26,DED,Gooiers,4,7,1623,1957,0.120,0.064,0.816,2,6,3.8,-2.3,199,182
1926-09-26,DKC (De),OSCR,7,2,1878,1841,0.543,0.110,0.347,4,3,49.1,-42.3,188,173
1926-09-26,Deska,Oranje Nassau,6,0,1616,1561,0.555,0.134,0.311,1,0,62.1,-53.2,204,186
1926-09-26,Eendracht,KVO,4,0,1627,1671,0.424,0.120,0.457,2,3,64.7,-43.1,199,159
1926-09-26,Fluks,Zuiden (R),1,2,1848,1925,0.382,0.109,0.509,3,4,-6.7,7.1,171,178
1926-09-26,GIOS,Rood Wit,0,6,1495,1574,0.382,0.105,0.514,4,5,-82.4,47.4,240,175
1926-09-26,Graaf Willem 2,Olympiaan,1,1,1579,1566,0.505,0.117,0.379,4,3,-10.2,8.4,227,206
1926-09-26,Groen Zwart,Naas²,2,4,1694,1852,0.279,0.098,0.623,4,5,-4.9,4.8,146,145
1926-09-26,HBS (H),HSV,5,3,1604,1620,0.465,0.118,0.417,4,3,28.0,-30.4,184,192
1926-09-26,HKV,Vitesse (Leiden),2,1,2001,1847,0.694,0.097,0.209,4,2,-14.6,13.2,186,178
1926-09-26,Hinde,Osno,4,2,1616,1394,0.770,0.079,0.151,5,2,-11.3,7.1,238,208
1926-09-26,Mercedes,EKCA,0,6,1567,1904,0.119,0.062,0.819,3,6,-24.3,15.1,215,158
1926-09-26,Moedig Voorwaarts (B),Tijnje,7,1,1516,1563,0.417,0.122,0.461,2,3,62.4,-94.9,180,227
1926-09-26,Olympia (B),VIOS (Bu),5,4,1671,1781,0.333,0.114,0.553,3,4,31.1,-39.5,195,221
1926-09-26,Ons Eibernest,Die Haghe,7,0,1751,1519,0.777,0.082,0.141,4,1,31.8,-29.3,193,184
1926-09-26,Phoenix,Spangen,2,4,1268,1474,0.226,0.090,0.684,3,6,-0.7,4.1,307,175
1926-09-26,Quick (D),ODO²,0,4,1182,1287,0.342,0.113,0.545,3,4,-49.8,37.0,208,175
1926-09-26,Sparta (B),SDL,0,4,900,904,0.487,0.107,0.406,5,4,-51.3,51.3,175,175
1926-09-26,Trekvogels (R),Spartaan,2,4,1673,1588,0.608,0.106,0.286,4,3,-82.4,51.7,252,198
1926-09-26,Westerkwartier,DEV,13,1,1946,1851,0.621,0.107,0.272,4,2,39.5,-53.2,163,193
1926-09-26,ZKC (Zu),Noviomagum,2,3,1494,1677,0.245,0.105,0.650,2,4,9.5,-8.4,204,194
1926-10-03,'t Overschotje,NIVO,4,6,1396,1387,0.498,0.122,0.380,3,2,-56.8,57.0,240,240
1926-10-03,Achilles (Am),Sparta (A)²,3,8,1434,1434,0.492,0.107,0.400,5,4,-137.7,49.6,312,175
1926-10-03,DES (V),WKC,4,1,1155,1303,0.285,0.112,0.603,2,3,90.9,-79.0,232,215
1926-10-03,DEV,DTV,2,3,1803,1876,0.383,0.117,0.500,2,3,-8.5,8.0,177,170
1926-10-03,DOS (M),VDB,2,0,1550,1314,0.782,0.080,0.138,4,1,-11.1,6.1,278,243
1926-10-03,DOS (M),Volharding,1,1,1499,1483,0.507,0.124,0.370,3,2,-10.3,7.3,207,176
1926-10-03,De Tovers,Amersfoort,4,2,1654,1601,0.560,0.119,0.322,3,2,21.3,-19.0,203,188
1926-10-03,ELTO,Volharding,3,0,1438,1553,0.324,0.123,0.553,1,2,49.8,-68.9,165,196
1926-10-03,Forward,WWMD,10,1,1637,1675,0.435,0.114,0.451,3,4,93.7,-92.5,226,224
1926-10-03,Gooiers,DVD²,2,3,1961,1784,0.725,0.086,0.190,5,3,-46.6,48.8,174,178
1926-10-03,HSV,Die Haghe,6,0,1595,1495,0.623,0.113,0.264,3,1,41.2,-40.7,176,175
1926-10-03,Haarlem,KVKV,4,2,1830,1722,0.637,0.105,0.258,4,2,6.7,-6.6,169,165
1926-10-03,Hercules,DEV,0,5,1799,1794,0.491,0.124,0.385,3,2,-63.7,55.2,174,161
1926-10-03,KVD,Bilthoven,1,5,1694,1695,0.481,0.128,0.391,3,2,-65.7,66.8,193,194
1926-10-03,KVO,Advendo,3,2,1633,1735,0.343,0.118,0.539,2,3,21.8,-21.1,151,149
1926-10-03,KZ,Excelsior,3,3,1931,2051,0.322,0.111,0.567,3,4,13.7,-12.0,168,158
1926-10-03,Korf,Onder Ons,4,0,1557,1332,0.776,0.072,0.152,6,3,15.1,-15.9,206,216
1926-10-03,LUTO,VIOS (Bu),5,9,1683,1748,0.391,0.126,0.484,1,2,-56.0,55.1,199,197
1926-10-03,Rapide,LOV,1,0,1303,1382,0.372,0.123,0.505,2,3,46.0,-21.2,272,180
1926-10-03,Rood Wit,Samen Een,6,0,1628,1434,0.744,0.080,0.176,6,3,23.4,-25.9,165,175
1926-10-03,Rozenburg,Ons Eibernest,2,6,1637,1790,0.278,0.113,0.608,2,3,-26.9,34.7,157,182
1926-10-03,SAMOS,Olympia (B),2,7,1561,1708,0.288,0.108,0.604,3,4,-62.7,38.5,240,180
1926-10-03,SVK,KCN,4,1,1469,1426,0.548,0.115,0.337,4,3,56.9,-38.3,271,212
1926-10-03,Schiedam,Phoenix,5,5,1245,1273,0.449,0.114,0.437,5,4,-1.1,1.0,257,252
1926-10-03,Vitesse (Haag),ALO,3,3,1468,1591,0.315,0.117,0.568,2,3,15.6,-15.6,183,184
1926-10-03,Vitesse (Leiden),Fluks,4,2,1866,1846,0.513,0.119,0.367,4,3,20.0,-18.2,168,159
1926-10-03,Voltas,DOS (M),2,0,1554,1539,0.506,0.123,0.372,3,2,13.7,-38.9,135,246
1926-10-03,Voltas,VIOS (M),2,1,1578,1554,0.516,0.126,0.358,3,2,5.9,-7.2,154,174
1926-10-03,WK,Nic,2,3,1868,1663,0.752,0.085,0.163,4,2,-44.6,72.5,166,210
1926-10-03,Westerkwartier,Swift,3,4,1994,1955,0.541,0.119,0.340,3,2,-22.0,28.1,155,175
1926-10-03,Zeelandia,ELTO,2,1,1530,1434,0.618,0.113,0.269,3,2,-2.9,5.3,146,181
1926-10-03,Zeelandia,Voltas,4,2,1495,1583,0.358,0.125,0.517,1,2,35.1,-29.2,158,144
1926-10-03,Zuiden (R),DKC (De),5,0,1937,1934,0.496,0.109,0.395,5,4,43.6,-47.3,165,172
1926-10-10,Amersfoort,SAMOS,3,2,1582,1499,0.602,0.115,0.283,3,2,-1.5,3.2,174,210
1926-10-10,Bilthoven,Gooiers,6,2,1763,1915,0.281,0.109,0.610,2,4,72.4,-62.6,178,165
1926-10-10,DDV,DEV,8,2,2001,1850,0.692,0.095,0.213,4,2,28.9,-25.6,163,152
1926-10-10,DED,Oosterpark,2,3,1634,1715,0.374,0.115,0.511,3,4,-8.1,7.3,190,178
1926-10-10,DTV,Westerkwartier,2,2,1885,1973,0.364,0.115,0.521,3,4,8.1,-6.9,159,147
1926-10-10,Eendracht,Haarlem,3,4,1698,1838,0.293,0.119,0.588,1,3,1.1,-0.4,181,159
1926-10-10,Excelsior,Hercules,11,0,2040,1735,0.840,0.064,0.097,5,1,16.0,-18.4,149,162
1926-10-10,Fluks,OSCR,3,0,1828,1805,0.517,0.121,0.361,3,2,25.7,-30.0,151,164
1926-10-10,HKV,Velox,0,2,1993,1881,0.640,0.109,0.251,3,2,-54.2,53.9,176,175
1926-10-10,Hinde,Actief,4,4,1612,1636,0.454,0.115,0.431,5,4,-1.6,2.0,218,246
1926-10-10,KVD,DVD²,1,4,1629,1833,0.224,0.099,0.677,2,4,-15.1,13.9,176,168
1926-10-10,KVR,Achilles (H),3,2,1646,1732,0.361,0.125,0.513,1,2,33.7,-30.7,215,205
1926-10-10,Olympiaan,Ambakor,3,1,1581,1543,0.540,0.117,0.343,4,3,20.7,-27.5,190,226
1926-10-10,Ons Eibernest,HBS (H),1,2,1826,1640,0.730,0.092,0.178,4,1,-47.1,49.1,168,172
1926-10-10,Rapid (Ap),Wilhelmina²,1,2,1093,1142,0.416,0.122,0.462,2,3,-16.7,19.1,208,225
1926-10-10,SDL,OKC,3,0,962,1091,0.313,0.106,0.580,3,4,45.8,-86.3,165,230
1926-10-10,SGOC,DES (V),4,0,1167,1247,0.373,0.118,0.509,2,3,89.5,-71.0,235,206
1926-10-10,Sport,Victoria (A),2,2,1613,1477,0.670,0.104,0.226,4,2,-33.4,30.6,208,200
1926-10-10,Swift,KZ,2,4,1984,1945,0.541,0.116,0.342,4,3,-36.8,34.6,162,157
1926-10-10,VIOS (Bu),De Tovers,2,7,1805,1676,0.663,0.102,0.235,4,2,-85.7,89.7,180,184
1926-10-10,Velocitas,TOGO (A),0,3,1470,1705,0.193,0.095,0.713,2,4,-16.8,14.4,215,190
1926-10-10,ZKC (Zu),EKCA,1,5,1510,1926,0.076,0.049,0.874,2,6,1.5,0.0,189,157
1926-10-10,Zwaluwen (H),LUTO,3,3,1459,1628,0.259,0.111,0.630,2,3,25.4,-22.1,193,181
1926-10-10,Zwart Wit,Groen Zwart,1,0,1478,1696,0.212,0.091,0.697,3,5,73.5,-27.3,232,143
1926-10-17,Amstelodamum,SVK,0,1,1536,1527,0.499,0.120,0.381,4,3,-34.4,32.3,240,232
1926-10-17,BEP,Blauw Wit,3,1,1465,1650,0.246,0.099,0.655,3,5,60.5,-58.0,192,188
1926-10-17,DEV,Excelsior,4,9,1824,2057,0.196,0.091,0.713,2,5,-18.8,18.9,146,147
1926-10-17,DTV,Swift,2,3,1892,1946,0.410,0.119,0.472,2,3,-9.0,9.4,149,153
1926-10-17,DWS,Quick (D),2,6,1286,1138,0.684,0.104,0.212,3,1,-95.5,91.7,195,191
1926-10-17,De Tovers,Zwaluwen (H),4,0,1767,1484,0.824,0.067,0.109,5,1,7.4,-7.7,172,178
1926-10-17,Deska,Concordia²,6,0,1686,1496,0.725,0.107,0.168,2,0,35.5,-32.6,189,179
1926-10-17,Eendracht,OSCA,6,2,1699,1765,0.385,0.135,0.480,0,1,55.2,-57.7,168,172
1926-10-17,Friso (L),Rood Zwart,1,2,1752,1855,0.344,0.112,0.544,3,4,-4.5,5.5,187,233
1926-10-17,Groen Zwart,DOS (E),0,1,1668,1715,0.424,0.109,0.467,3,4,-7.8,11.7,140,175
1926-10-17,HBS (H),ALO,2,2,1688,1576,0.640,0.108,0.252,3,2,-20.4,22.8,163,172
1926-10-17,HKV,Fluks,4,1,1938,1854,0.600,0.119,0.281,3,1,22.8,-17.8,165,143
1926-10-17,KCN,TDW,1,4,1388,1714,0.121,0.075,0.804,1,4,-6.1,4.8,197,263
1926-10-17,KVR,GKV,3,3,1679,1555,0.653,0.111,0.236,3,1,-26.1,35.5,193,223
1926-10-17,KZ,DDV,1,1,1980,2031,0.416,0.114,0.469,3,4,2.4,-2.6,149,155
1926-10-17,Kadimah,DVG,1,14,1241,1658,0.076,0.050,0.874,1,6,-29.4,32.1,223,236
1926-10-17,Korfeam,KVTO,1,1,1528,1344,0.733,0.084,0.183,5,3,-33.4,33.4,175,175
1926-10-17,LUTO,Olympia (B),3,6,1605,1748,0.293,0.110,0.597,2,4,-22.3,22.8,169,172
1926-10-17,NHM (A),Achilles (Am),1,5,812,1297,0.050,0.041,0.908,0,5,-3.2,8.6,345,249
1926-10-17,Naas²,Zwart Wit,5,4,1864,1551,0.845,0.064,0.091,4,0,-20.5,45.5,145,206
1926-10-17,Noviomagum,Be Quick,2,1,1676,1410,0.806,0.077,0.117,3,0,-19.7,59.3,184,290
1926-10-17,ODO²,Paars Wit,4,0,1331,1407,0.375,0.126,0.499,1,2,51.4,-95.2,169,236
1926-10-17,Ons Eibernest,HSV,2,3,1778,1638,0.676,0.103,0.221,4,2,-37.8,40.8,160,167
1926-10-17,Oosterpark,Bilthoven,3,4,1721,1835,0.327,0.117,0.555,2,3,-2.2,2.2,166,165
1926-10-17,Rapiditas,EKCA,1,4,1441,1926,0.052,0.038,0.910,1,6,22.7,-10.2,210,154
1926-10-17,SAMOS,VIOS (Bu),2,0,1501,1719,0.209,0.098,0.692,2,4,68.7,-54.4,189,168
1926-10-17,SSS (Z),WK,1,4,1767,1823,0.405,0.121,0.474,2,3,-49.0,32.1,205,162
1926-10-17,Schiedam,Spangen,3,4,1245,1485,0.191,0.087,0.722,2,5,26.4,-13.9,226,172
1926-10-17,Velocitas (A),AW,2,5,1633,1547,0.646,0.035,0.319,29,24,-46.4,44.1,222,216
1926-10-17,Velox,DKC (De),4,4,1935,1887,0.557,0.110,0.333,4,3,-11.9,11.7,164,163
1926-10-17,Vitesse (Haag),Die Haghe,1,4,1484,1454,0.526,0.123,0.351,3,2,-51.8,48.4,172,166
1926-10-17,Vitesse (Leiden),Zuiden (R),6,2,1886,1982,0.355,0.111,0.534,3,4,50.9,-49.8,159,157
1926-10-17,Voorwaarts (M),Sparta (Ze),6,2,1805,1419,0.894,0.042,0.064,7,2,-0.5,3.6,223,256
1926-10-24,AKC (Al),Naas²,0,2,1515,1844,0.118,0.077,0.804,0,3,9.2,-7.8,153,143
1926-10-24,ALO,Ons Eibernest,2,1,1599,1740,0.292,0.117,0.591,2,3,30.4,-27.3,161,153
1926-10-24,Achilles (H),GKV,2,2,1701,1590,0.635,0.114,0.251,3,1,-24.2,27.7,189,201
1926-10-24,Advendo,KVO,1,1,1714,1655,0.569,0.116,0.315,3,2,-11.5,11.8,147,149
1926-10-24,Amersfoort,LUTO,1,1,1581,1583,0.478,0.129,0.393,3,2,-4.6,4.2,166,159
1926-10-24,Bilthoven,DVD²,2,5,1838,1847,0.472,0.122,0.406,4,3,-37.6,40.3,155,161
1926-10-24,Blauw Wit,BEP,2,2,1591,1526,0.582,0.108,0.310,4,3,-15.6,16.2,175,177
1926-10-24,DDV,DTV,4,2,2027,1883,0.685,0.095,0.220,5,3,0.2,-0.2,146,142
1926-10-24,DOS (E),HKC (He),2,0,1726,1582,0.681,0.101,0.218,4,2,2.1,-2.1,161,158
1926-10-24,EKCA,Be Quick,7,1,1916,1469,0.921,0.035,0.044,6,1,6.5,-11.1,153,254
1926-10-24,Eskavee,Kadimah,1,2,1173,1211,0.435,0.115,0.450,3,4,-13.4,18.7,175,211
1926-10-24,Excelsior,Westerkwartier,8,2,2078,1965,0.644,0.102,0.254,4,3,26.2,-26.7,142,143
1926-10-24,Fluks,Deetos,3,2,1835,1864,0.442,0.126,0.432,3,2,10.2,-17.7,138,187
1926-10-24,HBS (H),Die Haghe,3,0,1667,1503,0.703,0.100,0.197,3,1,10.6,-10.8,155,156
1926-10-24,HKV,DKC (De),2,2,1961,1899,0.573,0.115,0.311,3,2,-12.9,12.6,155,153
1926-10-24,HSV,Vitesse (Haag),4,1,1679,1432,0.792,0.077,0.132,4,1,1.6,-1.6,158,160
1926-10-24,Haarlem,OSCA,4,4,1838,1707,0.661,0.111,0.229,3,1,-21.1,23.0,153,160
1926-10-24,Hercules,KZ,1,3,1716,1982,0.165,0.089,0.746,1,4,4.7,-3.3,160,141
1926-10-24,KVD,Gooiers,2,1,1613,1852,0.191,0.090,0.719,2,4,45.6,-40.3,168,158
1926-10-24,KVKV,Eendracht,0,5,1716,1755,0.429,0.123,0.448,2,3,-49.1,46.9,161,157
1926-10-24,Mercedes,ZKC (Zu),1,0,1549,1511,0.536,0.125,0.339,3,2,6.9,-6.0,206,184
1926-10-24,Nic,SSS (Z),2,2,1736,1717,0.517,0.111,0.372,4,3,-9.9,8.5,197,184
1926-10-24,OSCR,Vitesse (Leiden),6,5,1775,1938,0.267,0.109,0.624,2,4,31.3,-29.0,156,150
1926-10-24,Olympia (B),De Tovers,7,1,1772,1774,0.485,0.114,0.401,4,3,47.4,-50.1,161,166
1926-10-24,Paars Wit,DWS,5,2,1311,1191,0.647,0.116,0.238,2,1,27.6,-22.6,205,181
1926-10-24,Phoenix,Schiedam,3,1,1275,1271,0.495,0.113,0.392,5,4,32.7,-27.7,225,204
1926-10-24,Quick (D),TOV (D),0,8,1231,1534,0.138,0.075,0.787,2,5,-27.7,42.3,178,230
1926-10-24,Rood Wit,GIOS,3,3,1653,1419,0.784,0.072,0.144,6,3,-32.1,57.7,163,213
1926-10-24,Rood Zwart,WK,3,2,1860,1856,0.495,0.116,0.390,4,3,11.4,-7.1,204,154
1926-10-24,SVN,DVG,1,4,1382,1693,0.134,0.071,0.794,2,5,-3.0,2.7,216,222
1926-10-24,Sparta (A)²,Achilles (Am),5,2,1486,1306,0.729,0.082,0.189,6,3,8.1,-10.8,172,237
1926-10-24,Sparta (Ze),Voorwaarts (M),2,3,1423,1805,0.093,0.054,0.853,2,6,54.5,-41.1,240,213
1926-10-24,Swift,DEV,1,4,1956,1805,0.689,0.100,0.211,4,2,-53.7,51.3,144,141
1926-10-24,Unitas (D),Onder Ons,3,1,1511,1316,0.744,0.080,0.176,6,3,-7.8,6.0,220,203
1926-10-24,VIOS (Bu),Zwaluwen (H),2,4,1664,1475,0.730,0.096,0.175,3,1,-57.1,65.4,160,171
1926-10-24,Velocitas,Sport,3,4,1453,1579,0.311,0.117,0.572,2,3,-1.3,1.4,198,192
1926-10-24,Zuiden (R),Velox,3,0,1932,1923,0.503,0.112,0.385,5,4,25.0,-26.8,149,154
1926-10-31,ALO,HSV,0,3,1630,1681,0.411,0.123,0.466,2,3,-31.1,31.3,152,153
1926-10-31,Advendo,Haarlem,3,3,1703,1818,0.325,0.121,0.554,2,3,9.6,-10.5,140,147
1926-10-31,BEP,Velocitas,5,0,1542,1452,0.614,0.108,0.279,4,2,33.4,-39.3,165,181
1926-10-31,DED,Bilthoven,3,4,1626,1801,0.253,0.109,0.637,2,3,7.6,-4.7,178,147
1926-10-31,DEV,Hercules,2,3,1857,1721,0.670,0.105,0.225,3,1,-28.9,36.3,137,153
1926-10-31,DKC (De),Deetos,2,7,1912,1847,0.578,0.113,0.309,4,2,-52.8,70.9,146,170
1926-10-31,HERO,Progress,9,5,1248,1474,0.204,0.093,0.704,2,5,130.5,-147.8,256,273
1926-10-31,KVO,Eendracht,1,2,1668,1803,0.299,0.116,0.585,2,3,0.8,-1.0,142,148
1926-10-31,KZ,DTV,4,1,1979,1883,0.622,0.106,0.272,4,3,13.4,-13.3,138,137
1926-10-31,Kinea (A),Friso (L),0,5,1477,1748,0.161,0.087,0.752,1,4,-32.1,23.9,212,176
1926-10-31,LUTO,SAMOS,3,2,1588,1571,0.510,0.119,0.371,4,3,5.8,-7.6,150,178
1926-10-31,ODI (H),Phoenix (Z),3,1,1658,1310,0.871,0.053,0.077,5,1,-27.9,33.8,253,270
1926-10-31,OSCA,ReadyTekca,1,0,1731,1705,0.518,0.129,0.353,2,1,5.9,-8.9,152,198
1926-10-31,Ons Eibernest,Vitesse (Haag),7,1,1713,1431,0.821,0.071,0.108,4,1,13.8,-15.4,146,155
1926-10-31,Sparta (Ze),UNA (L),7,3,1478,1211,0.812,0.067,0.120,6,2,17.0,-21.4,223,288
1926-10-31,TDW,SVK,2,1,1720,1560,0.702,0.095,0.203,4,2,-20.8,15.0,238,209
1926-10-31,Velox,OSCR,4,2,1896,1807,0.610,0.111,0.279,3,2,7.6,-7.7,146,148
1926-10-31,Westerkwartier,DDV,3,3,1939,2029,0.361,0.116,0.523,2,3,6.6,-6.9,138,141
1926-10-31,Zwaluwen (H),Olympia (B),0,4,1542,1821,0.156,0.083,0.761,2,4,-12.7,11.3,162,151
1926-11-07,ALO,Die Haghe,0,1,1599,1493,0.629,0.114,0.257,3,1,-28.6,31.7,144,152
1926-11-07,Advendo,KVKV,5,0,1713,1668,0.550,0.118,0.333,3,2,28.6,-36.4,135,154
1926-11-07,Amersfoort,VIOS (Bu),3,4,1577,1608,0.436,0.133,0.431,3,2,-14.7,14.4,158,156
1926-11-07,Blauw Wit,Sport,1,1,1577,1582,0.479,0.120,0.401,4,3,-4.0,4.7,165,179
1926-11-07,De Tovers,LUTO,2,1,1725,1594,0.667,0.100,0.233,4,2,-9.6,7.7,157,143
1926-11-07,Excelsa,Oranje Nassau,1,8,1405,1516,0.321,0.138,0.540,0,1,-60.7,55.1,194,183
1926-11-07,Excelsior,DDV,8,5,2107,2022,0.609,0.102,0.288,5,3,13.8,-13.0,139,135
1926-11-07,HKV,OSCR,5,3,1949,1800,0.685,0.105,0.210,3,1,2.1,-2.1,149,142
1926-11-07,Hinde,Actief,1,10,1612,1640,0.449,0.115,0.436,5,4,-79.4,90.9,203,219
1926-11-07,KVD,DED,3,0,1660,1634,0.523,0.118,0.359,3,2,28.2,-29.4,162,166
1926-11-07,KVO,Eendracht,3,0,1668,1802,0.301,0.116,0.583,2,3,39.8,-42.7,136,141
1926-11-07,MKC (Ma),Sparta (Ze),1,8,1436,1496,0.402,0.116,0.482,3,4,-102.4,72.1,257,210
1926-11-07,NHM (A),Sparta (A)²,0,4,810,1496,0.016,0.017,0.968,-1,6,34.4,-5.0,313,166
1926-11-07,Rood Wit (H),KVR,2,2,1572,1655,0.368,0.122,0.510,2,3,10.6,-8.2,208,184
1926-11-07,SVK,Amstelodamum,3,4,1575,1503,0.586,0.114,0.300,3,2,-35.8,44.2,193,215
1926-11-07,Swift,DTV,2,0,1903,1870,0.534,0.117,0.349,4,3,13.4,-11.8,142,133
1926-11-07,Unitas (D),Korf,0,2,1504,1575,0.386,0.119,0.495,2,3,-29.2,28.5,203,200
1926-11-07,Velox,Zuiden (R),1,1,1904,1958,0.412,0.113,0.475,3,4,2.6,-2.8,140,144
1926-11-07,Vitesse (Haag),Rozenburg,4,4,1415,1613,0.230,0.103,0.667,2,4,20.8,-23.4,151,160
1926-11-07,Voorwaarts (M),Kinea (A),9,0,1765,1445,0.854,0.056,0.090,6,2,26.4,-24.6,204,195
1926-11-07,WK,Friso (L),5,0,1850,1773,0.591,0.120,0.289,3,1,31.3,-38.7,149,168
1926-11-07,Westerkwartier,Hercules,2,1,1946,1758,0.732,0.093,0.175,4,1,-11.5,14.3,133,146
1926-11-14,Be Quick,EKCA,0,2,1459,1925,0.057,0.042,0.901,1,6,50.1,-16.9,245,157
1926-11-14,DDV,Swift,3,1,2009,1916,0.618,0.108,0.274,4,2,5.4,-5.7,131,136
1926-11-14,Die Haghe,Ons Eibernest,0,6,1524,1728,0.220,0.107,0.673,1,3,-25.9,26.1,145,146
1926-11-14,Eendracht,KVKV,2,2,1759,1631,0.660,0.106,0.234,3,2,-17.3,19.9,136,145
1926-11-14,Kinea (A),Nic,1,1,1419,1727,0.135,0.073,0.791,2,5,45.3,-43.8,187,184
1926-11-14,Olympia (B),SAMOS,3,2,1833,1564,0.814,0.068,0.118,5,2,-21.8,27.7,149,166
1926-11-14,Oranje Nassau,Deska,2,0,1572,1724,0.271,0.130,0.599,0,1,50.4,-58.3,170,183
1926-11-14,Samen Een,Rood Wit,3,3,1410,1623,0.219,0.091,0.691,3,5,29.6,-24.5,177,162
1926-11-14,UNA (L),MKC (Ma),5,2,1190,1333,0.291,0.113,0.596,2,3,104.1,-78.4,257,221
1926-11-14,Victoria (A),Velocitas,3,0,1509,1413,0.620,0.111,0.269,3,2,25.7,-21.0,193,170
1926-11-14,Vitesse (Leiden),Velox,1,2,1911,1906,0.494,0.117,0.389,4,3,-16.8,13.8,149,134
1926-11-14,WK,Rood Zwart,2,1,1881,1873,0.499,0.115,0.385,4,3,5.9,-9.2,143,187
1926-11-14,Zeelandia,ELTO,1,1,1529,1491,0.538,0.122,0.340,3,2,-9.3,11.1,154,168
1926-11-14,Zwaluwen (H),De Tovers,3,1,1529,1715,0.242,0.104,0.654,2,4,47.5,-42.6,158,150
1926-11-21,Ambakor,Olympiaan,1,2,1517,1603,0.364,0.119,0.517,2,3,-9.1,7.7,209,187
1926-11-21,DED,DVD²,1,4,1604,1889,0.152,0.079,0.769,2,5,-2.9,2.9,158,159
1926-11-21,DKC (De),Zuiden (R),1,4,1859,1955,0.356,0.109,0.535,3,4,-21.2,20.0,145,140
1926-11-21,DTV,DEV,2,1,1857,1828,0.528,0.116,0.357,4,3,3.1,-3.4,131,139
1926-11-21,Die Haghe,Vitesse (Haag),1,0,1497,1436,0.570,0.120,0.310,3,2,0.5,-0.4,140,147
1926-11-21,Excelsior,KZ,6,1,2121,1993,0.666,0.096,0.238,5,3,19.8,-20.3,137,139
1926-11-21,Fluks,HKV,3,3,1847,1951,0.337,0.125,0.538,1,2,8.6,-9.2,142,146
1926-11-21,HSV,HBS (H),3,3,1713,1679,0.533,0.118,0.348,3,2,-8.5,9.2,150,156
1926-11-21,KVKV,ReadyTekca,2,2,1650,1695,0.421,0.122,0.457,2,3,1.4,-2.4,140,183
1926-11-21,OSCA,KVO,9,3,1737,1708,0.525,0.124,0.352,3,2,40.6,-33.1,150,135
1926-11-21,OSCR,Velox,2,4,1797,1919,0.318,0.115,0.567,2,3,-10.3,9.1,140,130
1926-11-21,Oosterpark,KVD,2,5,1721,1688,0.534,0.117,0.349,4,3,-48.1,42.6,165,155
1926-11-21,Rood Wit (H),GKV,2,1,1582,1619,0.431,0.125,0.445,1,2,18.8,-18.9,189,190
1926-11-21,SVK,TDW,1,1,1538,1699,0.271,0.109,0.621,2,4,19.6,-28.7,181,217
1926-11-21,SVN,Eskavee,4,1,1380,1161,0.767,0.080,0.153,5,2,5.6,-5.2,207,171
1926-11-21,Swift,Westerkwartier,1,2,1909,1934,0.448,0.125,0.427,3,2,-10.9,11.1,132,133
1926-11-21,UNA (L),Sparta (Ze),4,5,1294,1569,0.162,0.078,0.761,3,6,31.5,-22.6,223,194
1926-11-21,Velocitas,Blauw Wit,0,4,1390,1572,0.247,0.105,0.648,2,4,-23.7,22.9,161,158
1926-11-21,Victoria (A),Sport,0,5,1535,1586,0.411,0.124,0.465,2,3,-55.3,50.1,177,168
1926-11-28,AKC (Al),Achilles (A),3,0,1525,1594,0.395,0.108,0.497,3,4,36.0,-53.5,158,196
1926-11-28,Amersfoort,Olympia (B),1,3,1562,1811,0.180,0.094,0.726,1,4,2.2,-1.9,154,148
1926-11-28,Be Quick,Mercedes,3,0,1508,1557,0.411,0.132,0.457,1,2,72.4,-52.1,233,194
1926-11-28,Bilthoven,DED,4,0,1797,1600,0.741,0.090,0.169,4,1,13.4,-13.8,149,152
1926-11-28,DDV,KZ,1,3,2014,1972,0.549,0.113,0.339,4,3,-25.7,27.4,130,135
1926-11-28,DES (V),SGOC,0,3,1177,1258,0.371,0.119,0.510,2,3,-40.7,46.8,200,217
1926-11-28,De Tovers,SAMOS,2,3,1672,1591,0.602,0.108,0.290,4,3,-24.9,30.8,146,163
1926-11-28,ELTO,KKC,1,4,1501,1124,0.886,0.050,0.064,4,0,-80.7,146.5,159,210
1926-11-28,Eendracht,ReadyTekca,2,3,1741,1692,0.550,0.125,0.325,2,1,-19.1,29.1,135,167
1926-11-28,Eskavee,DVG,3,5,1155,1697,0.037,0.029,0.933,1,7,25.1,-47.0,164,213
1926-11-28,Gooiers,Oosterpark,10,1,1812,1672,0.680,0.095,0.225,5,3,33.7,-31.2,161,155
1926-11-28,Hercules,Excelsior,2,5,1771,2141,0.097,0.061,0.842,1,5,4.8,-3.6,147,133
1926-11-28,KCN,Amstelodamum,2,2,1383,1547,0.265,0.113,0.622,2,3,24.4,-24.4,197,197
1926-11-28,KVKV,KVO,5,0,1651,1674,0.454,0.117,0.429,4,3,35.9,-33.6,135,130
1926-11-28,KVTO,Korfeam,2,3,1378,1496,0.327,0.108,0.565,3,4,-0.9,0.9,177,177
1926-11-28,Noviomagum,ZKC (Zu),4,1,1658,1506,0.688,0.104,0.208,3,1,17.6,-16.4,188,179
1926-11-28,ODO²,Quick (D),7,0,1384,1204,0.724,0.092,0.184,4,2,30.9,-33.4,171,179
1926-11-28,OSCR,Deetos,3,3,1786,1919,0.303,0.117,0.581,2,3,10.4,-15.9,134,165
1926-11-28,Onder Ons,Unitas (D),3,8,1323,1474,0.287,0.101,0.612,3,5,-43.6,40.3,197,189
1926-11-28,Paars Wit,TOV (D),1,7,1341,1580,0.190,0.093,0.717,2,4,-36.8,44.1,195,217
1926-11-28,Sparta (A)²,NHM (A),3,0,1491,844,0.972,0.015,0.013,6,-1,-13.8,62.3,171,304
1926-11-28,Sparta (B),OKC,1,8,857,1005,0.288,0.106,0.607,3,4,-45.5,60.6,180,213
1926-11-28,Sparta (Ze),MKC (Ma),2,2,1547,1254,0.833,0.063,0.104,5,1,-47.8,60.2,183,203
1926-11-28,Voltas,Zeelandia,1,3,1570,1519,0.554,0.123,0.323,3,2,-35.9,34.9,151,149
1926-11-28,Voorwaarts (M),Nic,5,2,1793,1683,0.643,0.099,0.258,5,3,21.0,-17.6,198,177
1926-11-28,Wilhelmina²,Rapid (Ap),7,1,1162,1078,0.604,0.113,0.283,3,2,57.5,-52.8,211,201
1926-12-05,Achilles (H),KVR,1,1,1677,1645,0.531,0.119,0.350,3,2,-11.4,10.4,186,177
1926-12-05,DOS (E),AKC (Al),1,0,1729,1560,0.712,0.092,0.196,4,2,-15.2,12.3,165,150
1926-12-05,Emma,SDO (L),5,2,1571,1492,0.600,0.108,0.292,4,3,40.5,-40.7,250,251
1926-12-05,Excelsior,Swift,5,4,2137,1897,0.790,0.072,0.139,6,2,-17.2,16.7,132,130
1926-12-05,Groen Zwart,Achilles (A),3,3,1660,1539,0.665,0.083,0.252,8,5,-18.6,26.2,150,177
1926-12-05,Hercules,DTV,0,4,1775,1859,0.369,0.115,0.516,3,4,-30.3,25.0,144,130
1926-12-05,KVO,OSCA,0,5,1639,1778,0.297,0.112,0.591,2,4,-22.6,29.3,126,145
1926-12-05,Nic,Rood Zwart,3,3,1664,1863,0.234,0.090,0.676,4,6,24.0,-26.6,166,175
1926-12-05,OSCR,DKC (De),4,2,1796,1836,0.432,0.113,0.456,3,4,18.0,-21.0,130,141
1926-12-05,Olympiaan,Graaf Willem 2,1,0,1610,1576,0.535,0.116,0.349,4,3,4.9,-6.5,175,218
1926-12-05,Ons Eibernest,ALO,5,0,1754,1568,0.731,0.090,0.180,4,2,17.7,-18.0,146,147
1926-12-05,Oosterpark,DVD²,1,6,1640,1892,0.181,0.083,0.736,3,5,-16.6,18.0,148,155
1926-12-05,Quick (A),Rohda (A),2,2,1587,1504,0.606,0.104,0.290,5,3,-21.3,33.7,222,275
1926-12-05,ReadyTekca,Advendo,1,0,1720,1741,0.455,0.121,0.423,4,3,11.5,-9.3,156,139
1926-12-05,SAMOS,Zwaluwen (H),7,0,1621,1575,0.553,0.112,0.336,4,3,40.2,-41.2,153,155
1926-12-05,SDL,Sparta (B),3,0,1009,810,0.750,0.078,0.172,6,3,3.9,-3.9,173,169
1926-12-05,SSS (T),DES (V),0,6,900,1135,0.194,0.092,0.714,2,4,-30.5,33.0,175,183
1926-12-05,Swallows,Avanti²,4,1,1375,1494,0.321,0.117,0.562,2,3,118.8,-77.1,298,234
1926-12-05,TDW,Amstelodamum,2,4,1669,1522,0.686,0.099,0.215,4,2,-70.6,60.2,197,182
1926-12-05,ZKC (Zu),Rapiditas,2,2,1488,1464,0.518,0.122,0.360,3,2,-7.7,12.7,169,214
1926-12-12,AKC (Al),HKC (He),2,2,1574,1583,0.470,0.128,0.402,3,2,-2.9,3.7,145,165
1926-12-12,Achilles (Am),NHM (A),5,4,1299,907,0.895,0.044,0.060,5,1,-44.7,90.3,222,296
1926-12-12,Amersfoort,Zwaluwen (H),5,1,1566,1536,0.526,0.123,0.351,3,2,32.6,-31.3,150,147
1926-12-12,Avanti²,Swallows,0,2,1419,1497,0.374,0.122,0.503,2,3,-30.4,39.2,213,248
1926-12-12,DEV,Westerkwartier,2,6,1826,1946,0.322,0.111,0.567,3,4,-23.9,22.5,139,134
1926-12-12,DVG,SVN,1,1,1652,1388,0.811,0.066,0.123,6,2,-57.2,49.4,209,196
1926-12-12,Deetos,Velox,3,1,1905,1930,0.451,0.117,0.431,4,3,23.8,-17.1,157,132
1926-12-12,Gooiers,Bilthoven,3,2,1849,1812,0.543,0.111,0.347,4,3,2.5,-2.4,156,147
1926-12-12,Groen Zwart,Zwart Wit,12,1,1644,1600,0.553,0.107,0.340,5,4,36.8,-70.5,145,208
1926-12-12,Haarlem,Eendracht,1,3,1809,1723,0.607,0.111,0.282,3,2,-41.2,31.6,153,134
1926-12-12,KVD,Oosterpark,4,2,1733,1625,0.638,0.102,0.259,4,3,4.7,-4.4,152,143
1926-12-12,Kadimah,Eskavee,1,1,1233,1182,0.564,0.105,0.331,5,4,-17.2,11.4,200,165
1926-12-12,Korfeam,Amsterdam Zuid,2,0,1498,1585,0.368,0.108,0.523,4,5,33.3,-36.5,167,175
1926-12-12,LUTO,De Tovers,4,4,1603,1648,0.424,0.116,0.461,3,4,1.7,-1.6,149,143
1926-12-12,Naas²,DOS (E),3,2,1839,1715,0.659,0.099,0.242,4,3,-8.4,8.6,156,157
1926-12-12,RCU,Baerne,2,2,1242,1396,0.284,0.097,0.618,4,5,27.7,-19.7,221,188
1926-12-12,ReadyTekca,OSCA,3,2,1734,1810,0.376,0.123,0.501,2,3,17.9,-16.1,147,139
1926-12-12,Rozenburg,HSV,2,5,1591,1706,0.328,0.112,0.560,3,4,-23.7,20.3,161,148
1926-12-12,Spartaan,Dordrecht,3,2,1651,1704,0.413,0.116,0.471,3,4,22.0,-26.2,204,224
1926-12-12,Stormvogels,Zwaluw²,1,2,1086,1435,0.109,0.065,0.826,1,5,25.2,-49.8,175,234
1926-12-12,Swift,DDV,6,1,1916,1990,0.384,0.114,0.502,3,4,38.1,-38.4,129,129
1926-12-12,TDW,KCN,0,2,1600,1409,0.737,0.088,0.174,4,2,-68.4,70.0,182,184
1926-12-12,TOV (D),DWS,9,1,1626,1171,0.924,0.034,0.042,6,0,13.5,-11.7,200,182
1926-12-12,Trekvogels (R),Ons Zwaluwennest,0,3,1601,1809,0.223,0.090,0.687,3,5,-21.9,24.6,236,259
1926-12-12,VIOS (Bo),Wilskracht,0,1,1078,1223,0.293,0.103,0.604,3,5,8.3,-0.6,300,175
1926-12-12,Victoria (A),Blauw Wit,0,1,1480,1597,0.326,0.111,0.563,3,4,-0.9,1.0,168,155
1926-12-12,ZKC (Zu),Be Quick,2,1,1482,1582,0.343,0.123,0.533,2,3,22.0,-36.2,159,206
1926-12-12,ZKV (Za),Sportief,2,1,1509,1639,0.311,0.107,0.582,3,4,60.8,-41.3,291,238
1926-12-12,Zuiden (R),HKV,2,1,1977,1944,0.535,0.113,0.352,4,3,2.8,-2.9,140,145
1926-12-19,Actief,Hinde,7,1,1737,1537,0.751,0.079,0.170,6,3,33.8,-31.2,205,195
1926-12-19,Avanti²,SVB,16,0,1390,1310,0.603,0.102,0.294,5,3,56.3,-46.9,194,175
1926-12-19,DDV,Hercules,5,0,1953,1749,0.752,0.084,0.164,5,2,11.9,-14.5,125,140
1926-12-19,DVD²,KVD,5,1,1916,1740,0.721,0.088,0.191,5,2,13.9,-12.9,152,145
1926-12-19,EKCA,ZKC (Zu),5,1,1913,1506,0.904,0.040,0.056,6,1,-4.9,3.7,165,151
1926-12-19,ELTO,Voltas,0,2,1425,1538,0.326,0.121,0.553,2,3,-15.4,13.4,162,149
1926-12-19,GKV,KVR,6,2,1604,1660,0.405,0.124,0.472,2,3,58.2,-50.4,181,167
1926-12-19,HKV,Deetos,2,5,1943,1931,0.500,0.124,0.376,3,2,-34.0,38.5,138,148
1926-12-19,Korf,Unitas (D),2,0,1608,1520,0.611,0.106,0.282,4,3,11.5,-10.4,193,179
1926-12-19,Rapiditas,Mercedes,2,0,1482,1508,0.445,0.125,0.429,3,2,34.2,-31.3,192,183
1926-12-19,ReadyTekca,KVKV,5,2,1754,1692,0.576,0.111,0.313,4,3,17.3,-16.4,140,136
1926-12-19,VIOS (Bu),Olympia (B),0,7,1627,1813,0.243,0.101,0.656,2,4,-33.6,29.6,160,149
1926-12-19,Zwart Wit,DOS (E),0,7,1532,1726,0.235,0.098,0.667,2,4,-41.9,28.6,185,150
1926-12-26,Phoenix,Spangen,0,1,1316,1479,0.272,0.098,0.630,3,5,9.0,-5.9,215,184
1927-01-02,Amersfoort,De Tovers,1,2,1603,1650,0.417,0.121,0.462,2,3,-9.9,9.2,148,142
1927-01-02,Amstelodamum,KCN,6,2,1588,1482,0.633,0.107,0.259,4,2,29.7,-29.8,177,177
1927-01-02,DED,KVD,3,5,1591,1728,0.301,0.110,0.589,3,4,-10.1,8.7,157,143
1927-01-02,DEV,KZ,2,1,1806,2005,0.230,0.097,0.672,2,5,29.2,-30.2,139,141
1927-01-02,DTV,DDV,3,4,1890,1966,0.382,0.111,0.507,3,4,-4.6,4.1,135,127
1927-01-02,Die Haghe,Rozenburg,2,0,1503,1571,0.388,0.122,0.490,2,3,27.4,-30.6,148,157
1927-01-02,HBS (H),Ons Eibernest,2,3,1694,1779,0.368,0.117,0.515,2,3,-5.8,5.2,160,149
1927-01-02,Haarlem,ReadyTekca,2,4,1771,1773,0.484,0.119,0.397,4,3,-27.6,23.2,150,137
1927-01-02,Noviomagum,Rapiditas,3,0,1681,1517,0.705,0.097,0.198,4,1,13.9,-13.2,184,178
1927-01-02,OSCA,Advendo,4,2,1797,1738,0.568,0.120,0.312,3,2,10.8,-11.2,139,142
1927-01-02,Rohda (A),Quick (A),3,0,1544,1572,0.449,0.115,0.436,5,4,62.4,-48.9,239,208
1927-01-02,SDO (L),Emma,0,5,1457,1619,0.271,0.106,0.623,2,4,-54.3,54.1,227,226
1927-01-02,Sport,BEP,4,0,1642,1583,0.574,0.108,0.317,4,3,32.0,-33.9,169,174
1927-01-02,Velox,HKV,1,3,1916,1910,0.494,0.121,0.384,3,2,-23.7,24.5,134,136
1927-01-02,Vitesse (Leiden),DKC (De),2,1,1899,1822,0.600,0.104,0.296,5,3,-3.2,2.5,156,143
1927-01-02,Westerkwartier,Excelsior,1,4,1974,2127,0.284,0.101,0.616,3,5,-12.5,13.0,135,139
1927-01-02,Zuiden (R),Deetos,2,0,1983,1971,0.506,0.112,0.381,4,3,14.5,-15.0,140,143
1927-01-09,Actief,Osno,2,1,1773,1416,0.878,0.047,0.074,6,2,-41.0,55.1,194,221
1927-01-09,DEV,Swift,4,3,1835,1959,0.316,0.113,0.571,3,4,20.3,-20.0,135,134
1927-01-09,DVD²,Gooiers,7,2,1931,1856,0.598,0.102,0.301,5,4,29.0,-30.3,151,155
1927-01-09,EKCA,Noviomagum,2,2,1909,1695,0.764,0.077,0.158,6,2,-34.6,37.0,167,172
1927-01-09,Fluks,Velox,2,2,1861,1892,0.444,0.118,0.438,4,3,-0.3,0.2,152,129
1927-01-09,GKV,Achilles (H),3,1,1664,1672,0.474,0.124,0.403,3,2,25.1,-27.5,171,180
1927-01-09,Hercules,Westerkwartier,0,0,1734,1960,0.201,0.097,0.702,2,4,22.9,-19.3,142,131
1927-01-09,KCN,SVK,1,3,1452,1563,0.333,0.113,0.554,3,4,-14.8,17.3,166,182
1927-01-09,KVKV,Haarlem,2,3,1676,1743,0.393,0.115,0.492,3,4,-6.1,6.5,137,142
1927-01-09,Kadimah,SVN,0,2,1219,1441,0.208,0.092,0.700,2,5,-0.2,0.0,188,192
1927-01-09,LUTO,Zwaluwen (H),1,0,1609,1508,0.626,0.109,0.265,4,2,-4.8,4.7,149,148
1927-01-09,OKC,Sparta (B),6,2,1073,812,0.808,0.067,0.125,6,2,9.6,-8.1,201,170
1927-01-09,Rozenburg,ALO,3,0,1539,1556,0.462,0.121,0.417,4,3,29.6,-31.3,148,152
1927-01-09,SSS (T),SGOC,0,6,875,1311,0.068,0.048,0.884,1,5,-12.0,14.9,175,204
1927-01-09,Spangen,Schiedam,1,4,1473,1251,0.772,0.076,0.152,6,2,-74.8,105.2,174,206
1927-01-09,Victoria (A),TOGO (A),4,0,1482,1728,0.184,0.092,0.724,2,4,72.9,-110.8,164,203
1927-01-09,Vitesse (Haag),HSV,2,4,1441,1731,0.148,0.079,0.773,2,5,8.0,-7.1,156,149
1927-01-16,ALO,Vitesse (Haag),4,3,1523,1448,0.592,0.113,0.295,3,2,-1.6,1.8,144,151
1927-01-16,Ambakor,Graaf Willem 2,6,0,1513,1575,0.397,0.122,0.481,2,3,80.4,-81.2,202,203
1927-01-16,Concordia²,Deska,1,3,1470,1670,0.220,0.117,0.663,0,2,-9.8,9.4,195,187
1927-01-16,DTV,Excelsior,3,3,1885,2140,0.179,0.081,0.739,3,6,22.5,-23.9,133,136
1927-01-16,Deetos,Vitesse (Leiden),4,2,1955,1895,0.572,0.113,0.316,4,3,9.7,-11.0,139,150
1927-01-16,Die Haghe,HBS (H),1,3,1530,1688,0.272,0.112,0.616,2,3,-7.2,7.9,144,153
1927-01-16,GKV,Rood Wit (H),5,0,1689,1606,0.603,0.111,0.286,4,2,32.7,-43.7,160,188
1927-01-16,HSV,Rozenburg,5,3,1723,1568,0.696,0.095,0.209,4,2,-0.3,0.2,145,141
1927-01-16,KVTO,Amsterdam Zuid,0,3,1383,1552,0.265,0.099,0.636,3,5,-18.0,17.0,178,172
1927-01-16,OKC,SDL,4,2,1083,1020,0.581,0.105,0.314,5,4,13.8,-12.3,189,176
1927-01-16,OSCR,HKV,3,4,1820,1934,0.327,0.119,0.553,2,3,-1.6,1.5,140,134
1927-01-16,Onder Ons,Korf,1,3,1285,1620,0.120,0.063,0.817,3,7,18.5,-16.2,193,183
1927-01-16,Oosterpark,Gooiers,1,3,1624,1825,0.230,0.093,0.677,3,5,-0.6,0.6,149,147
1927-01-16,Sportief,ZKV (Za),1,2,1601,1573,0.528,0.113,0.359,4,3,-32.4,40.9,222,251
1927-01-16,Zwart Wit,Naas²,4,11,1490,1834,0.110,0.069,0.820,1,4,-22.2,18.1,178,158
1927-01-23,Deska,Excelsa,6,3,1679,1349,0.853,0.067,0.080,3,-1,0.2,1.0,174,198
1927-01-23,Fortuna,Baerne,2,2,1347,1380,0.445,0.110,0.445,5,4,-0.0,0.0,175,186
1927-01-23,Gooiers,KVD,3,1,1825,1736,0.614,0.104,0.282,4,3,6.0,-6.1,142,143
1927-01-23,HBS (H),Vitesse (Haag),2,2,1696,1449,0.793,0.075,0.133,5,2,-31.7,30.8,145,143
1927-01-23,HSV,ALO,6,1,1723,1522,0.748,0.087,0.166,4,2,15.2,-14.9,140,138
1927-01-23,Hercules,Swift,2,2,1756,1938,0.245,0.108,0.646,2,3,17.6,-15.6,140,132
1927-01-23,OSCA,Haarlem,5,2,1808,1749,0.568,0.118,0.314,3,2,18.9,-18.8,139,139
1927-01-23,Phoenix (Z),ODI (H),1,2,1349,1636,0.151,0.078,0.771,2,5,36.2,-32.0,266,253
1927-01-23,ReadyTekca,Eendracht,4,1,1796,1758,0.538,0.121,0.341,3,2,20.9,-22.6,138,144
1927-01-23,Velox,Deetos,1,4,1891,1965,0.383,0.119,0.499,2,3,-20.6,22.4,128,134
1927-01-23,WKC,SGOC,1,2,1232,1326,0.356,0.116,0.529,3,4,-8.1,6.9,223,198
1927-01-30,Amstelodamum,TDW,0,1,1619,1536,0.602,0.113,0.284,3,2,-33.1,37.8,172,184
1927-01-30,Bilthoven,KVD,1,1,1814,1730,0.602,0.114,0.284,3,2,-16.5,12.7,156,138
1927-01-30,Concordia²,Oranje Nassau,0,2,1460,1628,0.257,0.121,0.623,1,2,-12.6,12.6,182,182
1927-01-30,DDV,Excelsior,2,3,1971,2116,0.294,0.101,0.605,4,5,3.0,-3.2,132,136
1927-01-30,Die Haghe,HSV,1,2,1522,1740,0.210,0.099,0.691,2,4,10.0,-9.3,141,136
1927-01-30,Fluks,DKC (De),5,1,1861,1824,0.542,0.112,0.346,4,3,28.9,-28.0,148,146
1927-01-30,KVO,KVKV,3,2,1623,1670,0.421,0.115,0.464,3,4,12.7,-11.7,143,137
1927-01-30,OSCA,Eendracht,2,2,1828,1736,0.612,0.117,0.271,3,1,-13.6,14.3,134,138
1927-01-30,Ons Eibernest,Rozenburg,1,0,1784,1569,0.762,0.083,0.155,4,1,-17.9,15.2,150,139
1927-01-30,Stormvogels,Fraternitas,0,5,1115,1291,0.254,0.104,0.641,2,4,-36.6,34.1,182,175
1927-01-30,TOGO (A),Blauw Wit,3,3,1616,1602,0.507,0.117,0.375,4,3,-9.0,6.4,191,162
1927-01-30,Velox,Vitesse (Leiden),2,2,1870,1884,0.468,0.117,0.415,4,3,-1.8,2.4,125,146
1927-02-06,AW,Velocitas (A),1,2,1601,1595,0.535,0.038,0.427,26,25,-15.1,15.6,223,227
1927-02-06,DDV,Westerkwartier,4,0,1975,1941,0.535,0.113,0.351,4,3,23.0,-26.0,128,137
1927-02-06,DTV,KZ,2,8,1909,1975,0.395,0.114,0.491,3,4,-35.5,41.1,136,147
1927-02-06,EKCA,Rapiditas,7,1,1875,1504,0.885,0.047,0.068,6,1,9.7,-10.6,167,176
1927-02-06,Eendracht,Advendo,4,1,1750,1727,0.516,0.124,0.360,3,2,21.3,-25.6,133,147
1927-02-06,HBS (H),Rozenburg,1,2,1665,1584,0.600,0.111,0.289,4,2,-25.8,22.8,145,136
1927-02-06,NHM (R),Rohda (R),7,0,1568,1004,0.958,0.020,0.023,8,1,10.0,-6.8,321,175
1927-02-06,NIVO,'t Overschotje,1,5,1455,1350,0.633,0.106,0.261,4,2,-111.8,111.6,241,241
1927-02-06,Smos,Stormvogels,1,4,949,1079,0.309,0.113,0.579,2,4,-25.6,24.3,175,170
1927-02-06,TOGO (A),Velocitas,5,1,1608,1373,0.780,0.079,0.140,4,1,13.1,-13.2,174,176
1927-02-06,Vitesse (Haag),Ons Eibernest,2,6,1481,1766,0.151,0.081,0.767,2,4,-9.4,9.7,143,145
1927-02-06,Vitesse (Leiden),HKV,8,2,1887,1937,0.415,0.122,0.463,2,3,43.9,-41.9,138,135
1927-02-06,ZKC (Zu),Mercedes,3,1,1512,1479,0.531,0.123,0.346,3,2,18.2,-21.7,165,182
1927-02-12,Naas²,Achilles (A),9,2,1858,1575,0.829,0.058,0.113,7,3,16.2,-20.3,161,185
1927-02-13,Bilthoven,Oosterpark,7,0,1800,1627,0.716,0.093,0.190,4,2,25.2,-25.3,150,151
1927-02-13,DDV,Westerkwartier,1,0,2000,1917,0.605,0.108,0.287,4,3,-2.5,2.8,125,132
1927-02-13,DOS (E),Groen Zwart,5,0,1761,1691,0.592,0.100,0.308,5,4,32.6,-32.1,161,160
1927-02-13,DVD²,DED,6,3,1965,1585,0.890,0.045,0.065,6,1,-10.1,11.2,154,161
1927-02-13,De Tovers,Olympia (B),1,2,1663,1849,0.246,0.097,0.657,3,5,7.7,-9.0,150,160
1927-02-13,Die Haghe,ALO,4,2,1535,1510,0.518,0.125,0.357,3,2,14.9,-15.1,139,141
1927-02-13,Graaf Willem 2,Ambakor,0,1,1497,1598,0.344,0.119,0.537,2,3,-5.5,5.5,190,190
1927-02-13,KCN,District V,14,0,1440,1570,0.308,0.114,0.578,2,3,73.6,-81.7,166,175
1927-02-13,KVO,Haarlem,6,0,1638,1734,0.354,0.115,0.532,3,4,49.4,-49.2,140,139
1927-02-13,KVTO,Amstelodamum,0,4,1368,1588,0.208,0.094,0.698,2,4,-20.7,19.0,173,164
1927-02-13,KZ,DEV,3,2,2020,1859,0.705,0.092,0.203,5,2,-11.1,11.3,140,141
1927-02-13,LUTO,TDW,6,4,1607,1576,0.529,0.120,0.351,3,2,15.7,-19.5,153,173
1927-02-13,NHM (R),HERO,8,0,1581,1391,0.739,0.082,0.179,5,3,78.2,-58.4,305,252
1927-02-13,Naas²,AKC (Al),6,1,1876,1579,0.833,0.066,0.100,4,1,10.8,-11.4,154,159
1927-02-13,Ons Buiten,Rohda (A),4,6,1386,1610,0.205,0.091,0.704,3,5,-1.0,3.9,287,218
1927-02-13,Oranje Nassau,Excelsa,6,2,1643,1354,0.824,0.074,0.102,3,0,11.0,-12.8,172,193
1927-02-13,Paars Wit,ODO²,1,12,1313,1426,0.330,0.117,0.553,2,3,-65.5,55.9,202,185
1927-02-13,Rozenburg,Vitesse (Haag),1,4,1609,1474,0.672,0.100,0.228,4,2,-43.4,48.6,132,139
1927-02-13,SSS (T),WKC,1,6,866,1228,0.101,0.065,0.834,1,5,-14.9,17.8,179,202
1927-02-13,Sport,TOGO (A),3,3,1678,1624,0.564,0.115,0.321,3,2,-13.6,13.0,170,166
1927-02-13,Swallows,ASV,2,4,1543,1366,0.716,0.101,0.183,3,0,-86.7,129.4,229,280
1927-02-13,Victoria (A),BEP,0,1,1559,1552,0.499,0.115,0.386,4,3,-19.8,21.3,167,174
1927-02-13,Wilskracht,VIOS (Bo),2,1,1229,1093,0.676,0.095,0.229,5,3,-8.9,20.9,185,257
1927-02-13,Zwaluwen (H),SAMOS,2,0,1515,1672,0.277,0.107,0.616,2,4,39.2,-47.2,152,167
1927-02-13,Zwaluw²,Smos,9,0,1393,925,0.928,0.033,0.039,6,0,17.0,-10.1,230,163
1927-02-20,Achilles (A),AKC (Al),2,1,1554,1566,0.475,0.107,0.418,5,4,10.8,-8.6,177,155
1927-02-20,DEV,DDV,1,5,1869,1996,0.314,0.109,0.577,3,4,-22.6,18.3,137,122
1927-02-20,EKCA,Mercedes,5,1,1888,1458,0.914,0.037,0.049,6,1,-4.9,5.4,166,170
1927-02-20,Excelsa,Concordia²,3,0,1340,1449,0.327,0.130,0.542,1,2,62.2,-56.4,183,174
1927-02-20,KVO,ReadyTekca,0,5,1688,1820,0.306,0.111,0.584,3,4,-25.6,28.1,134,141
1927-02-20,Rapiditas,ZKC (Zu),2,3,1494,1532,0.429,0.127,0.444,1,2,-15.5,12.8,174,157
1927-02-20,Smos,Fraternitas,1,10,913,1328,0.076,0.053,0.872,1,5,-15.1,16.2,162,169
1927-02-27,Spangen,Phoenix,1,1,1400,1327,0.594,0.105,0.301,4,3,-16.5,22.4,180,209
1927-03-06,ALO,HBS (H),1,5,1493,1640,0.287,0.113,0.600,2,3,-22.6,24.5,140,147
1927-03-06,Advendo,Eendracht,1,2,1702,1773,0.384,0.125,0.492,1,2,-7.4,6.5,148,137
1927-03-06,Blauw Wit,ReadyTekca,4,2,1639,1826,0.243,0.101,0.656,2,4,44.5,-33.8,151,132
1927-03-06,Blauw Wit,Victoria (A),4,0,1610,1537,0.590,0.110,0.300,4,3,29.3,-28.9,163,161
1927-03-06,DKC (De),Velox,2,4,1797,1870,0.385,0.114,0.501,3,4,-16.9,13.7,150,133
1927-03-06,DVD²,Eskavee,13,2,1953,1199,0.985,0.008,0.007,8,0,2.2,-2.7,157,181
1927-03-06,Deetos,HKV,3,1,1990,1895,0.616,0.113,0.271,3,2,7.2,-6.8,143,139
1927-03-06,Eendracht,Sparta (A)²,1,1,1779,1486,0.832,0.065,0.104,5,1,-25.5,63.8,129,198
1927-03-06,Excelsior,DEV,3,3,2115,1845,0.816,0.065,0.119,6,2,-33.1,29.3,143,135
1927-03-06,Gooiers,Oosterpark,2,2,1834,1599,0.784,0.073,0.143,6,2,-31.8,32.1,150,150
1927-03-06,HSV,Ons Eibernest,1,3,1732,1777,0.422,0.118,0.460,2,3,-19.5,20.9,144,149
1927-03-06,KVO,Kadimah,3,0,1660,1220,0.918,0.035,0.046,6,1,-8.8,21.2,133,190
1927-03-06,OSCA,KVKV,7,4,1816,1660,0.696,0.097,0.207,4,2,8.5,-8.7,141,143
1927-03-06,Olympia (B),Zwaluwen (H),5,2,1838,1553,0.826,0.066,0.109,5,1,-3.0,2.6,157,151
1927-03-06,Osno,Hinde,7,3,1473,1509,0.436,0.118,0.446,2,3,71.5,-61.1,222,203
1927-03-06,Progress,HERO,2,4,1335,1330,0.498,0.110,0.392,5,4,-60.6,47.9,265,233
1927-03-06,ReadyTekca,Haarlem,3,3,1848,1682,0.708,0.095,0.198,4,2,-21.8,22.2,138,139
1927-03-06,Rood Wit (H),Achilles (H),2,4,1564,1646,0.370,0.119,0.510,2,3,-23.9,22.8,186,181
1927-03-06,SAMOS,LUTO,2,9,1622,1622,0.489,0.116,0.395,4,3,-60.6,52.9,162,151
1927-03-06,SVK,DDV,6,1,1583,2014,0.070,0.047,0.883,1,6,135.3,-58.0,183,123
1927-03-06,Spartaan,Trekvogels (R),3,1,1680,1585,0.620,0.106,0.274,4,3,12.9,-14.9,207,233
1927-03-06,TOV (D),Paars Wit,0,0,1648,1246,0.901,0.041,0.057,6,1,-82.2,59.9,216,187
1927-03-06,Velocitas,BEP,1,12,1360,1571,0.219,0.095,0.686,2,5,-38.2,35.1,174,166
1927-03-06,Westerkwartier,KZ,1,2,1917,2007,0.360,0.116,0.523,2,3,-3.5,3.9,134,141
1927-03-06,Zuiden (R),Vitesse (Leiden),7,0,1999,1933,0.585,0.105,0.311,5,3,38.3,-32.0,156,141
1927-03-06,Zwaluw²,Fraternitas,4,3,1410,1345,0.581,0.108,0.312,4,3,-1.5,-0.2,225,167
1927-03-13,ASV,Rohda (A),1,4,1493,1612,0.323,0.112,0.565,3,4,-46.2,34.7,248,208
1927-03-13,Amersfoort,Actief,0,8,1593,1733,0.297,0.109,0.594,3,4,-41.0,60.2,163,203
1927-03-13,DES (V),SSS (T),1,0,1176,848,0.857,0.058,0.085,5,1,-42.2,33.2,199,179
1927-03-13,DTV,ReadyTekca,1,3,1873,1790,0.604,0.109,0.288,4,2,-35.3,29.1,142,128
1927-03-13,DVD²,DDV,0,1,1957,1954,0.499,0.103,0.399,6,5,-17.1,10.6,159,124
1927-03-13,De Tovers,Olympia (B),1,6,1667,1834,0.267,0.101,0.631,3,5,-26.8,27.3,151,153
1927-03-13,Deetos,Fluks,1,1,1995,1891,0.632,0.107,0.262,4,2,-15.0,18.9,138,154
1927-03-13,Gooiers,KVO,4,0,1800,1650,0.692,0.094,0.215,5,2,15.2,-13.1,145,133
1927-03-13,HKV,Zuiden (R),1,2,1887,2037,0.284,0.108,0.609,2,4,2.8,-3.6,134,147
1927-03-13,KCN,KVD,5,0,1514,1757,0.187,0.091,0.722,2,4,84.6,-60.5,163,138
1927-03-13,KVD,Oosterpark,5,2,1743,1629,0.644,0.104,0.252,4,2,13.3,-13.2,147,146
1927-03-13,KVKV,Westerkwartier,2,1,1650,1912,0.170,0.086,0.744,2,4,36.4,-31.5,139,129
1927-03-13,KZ,Eendracht,5,0,2009,1751,0.802,0.075,0.124,4,1,10.4,-9.6,135,129
1927-03-13,OSCA,Swift,0,4,1824,1923,0.345,0.121,0.534,2,3,-26.8,30.0,137,145
1927-03-13,Ons Zwaluwennest,Spartaan,5,4,1839,1691,0.691,0.091,0.218,5,3,-22.7,11.7,248,190
1927-03-13,Quick (D),DWS,4,0,1177,1164,0.503,0.120,0.376,3,2,51.9,-54.4,198,203
1927-03-13,Rapiditas,Noviomagum,1,3,1476,1733,0.173,0.091,0.735,1,4,2.4,-3.4,166,182
1927-03-13,SSS (Z),Rood Zwart,1,1,1734,1844,0.340,0.104,0.556,4,5,15.9,-13.4,208,192
1927-03-13,Smos,Zwaluw²,0,5,895,1407,0.044,0.036,0.920,0,6,-2.6,2.3,163,199
1927-03-13,Sport,Quick (A),0,2,1662,1523,0.675,0.101,0.224,4,2,-49.4,77.0,166,207
1927-03-13,Sportief,SVB,6,1,1645,1265,0.889,0.046,0.064,6,1,7.2,-7.2,189,188
1927-03-13,Sportief,Zilvermeeuwen,10,1,1569,1534,0.535,0.119,0.346,3,2,74.1,-52.1,214,175
1927-03-13,TDW,AW,2,3,1554,1585,0.435,0.134,0.431,2,1,-15.5,22.9,167,207
1927-03-13,Ulyssus,Amstelodamum,0,3,1276,1605,0.120,0.074,0.807,1,4,-0.6,0.9,175,163
1927-03-13,Velocitas (A),Sport Vereent,2,1,1610,1617,0.522,0.028,0.450,49,48,-0.6,0.2,210,175
1927-03-13,Voorwaarts (M),Friso (L),2,0,1821,1740,0.603,0.105,0.291,4,3,14.1,-12.7,209,194
1927-03-13,WK,Kinea (A),2,0,1894,1471,0.910,0.040,0.050,5,0,-24.0,36.1,176,209
1927-03-13,Zwaluwen (H),SAMOS,4,0,1554,1560,0.477,0.119,0.404,4,3,34.6,-36.6,147,152
1927-03-20,Achilles (A),Naas²,1,5,1562,1836,0.165,0.074,0.762,3,6,-10.1,8.7,170,152
1927-03-20,Be Quick,ZKC (Zu),1,4,1551,1543,0.493,0.128,0.379,3,2,-68.2,39.6,210,156
1927-03-20,DKC (De),Fluks,4,5,1778,1909,0.308,0.110,0.581,3,4,0.9,-1.0,145,146
1927-03-20,Deetos,Zuiden (R),2,5,1980,2033,0.412,0.116,0.472,3,4,-23.5,26.0,133,141
1927-03-20,Fraternitas,Stormvogels,4,2,1344,1103,0.787,0.076,0.137,5,2,-9.0,10.5,161,171
1927-03-20,Gooiers,DED,3,1,1815,1593,0.771,0.077,0.152,5,2,-6.3,9.8,140,167
1927-03-20,Haarlem,Advendo,3,1,1703,1693,0.499,0.123,0.378,3,2,15.8,-16.8,138,143
1927-03-20,KVR,Rood Wit (H),4,1,1612,1538,0.588,0.115,0.297,3,2,27.4,-24.8,184,173
1927-03-20,KZ,Hercules,6,1,2020,1775,0.790,0.078,0.132,4,1,11.2,-14.3,133,154
1927-03-20,Kinea (A),WK,1,2,1506,1869,0.099,0.066,0.835,1,4,39.5,-27.8,201,173
1927-03-20,Naas²,Groen Zwart,0,1,1885,1655,0.780,0.073,0.147,6,3,-47.9,48.1,161,161
1927-03-20,Olympia (B),LUTO,7,4,1862,1675,0.734,0.086,0.180,5,2,5.0,-5.0,146,146
1927-03-20,Olympiaan,ODI (H),3,3,1622,1605,0.512,0.114,0.373,4,3,-8.1,12.7,194,241
1927-03-20,Ons Zwaluwennest,Trekvogels (R),2,2,1817,1568,0.797,0.071,0.133,6,2,-57.0,51.6,218,209
1927-03-20,Progress,NHM (R),2,2,1273,1658,0.091,0.055,0.854,2,6,65.5,-92.9,230,268
1927-03-20,RCU,Fortuna,6,3,1275,1349,0.386,0.109,0.505,3,4,65.8,-44.3,221,178
1927-03-20,ReadyTekca,KVO,5,0,1819,1636,0.727,0.092,0.181,4,1,13.9,-14.9,125,130
1927-03-20,Rood Zwart,Nic,1,2,1830,1696,0.674,0.093,0.233,5,3,-40.3,45.8,177,188
1927-03-20,SVB,Avanti²,0,5,1257,1452,0.236,0.094,0.670,3,5,-31.9,37.8,182,202
1927-03-20,Swift,Excelsior,4,3,1953,2080,0.314,0.109,0.577,3,4,21.2,-22.3,139,143
1927-03-20,TOGO (A),BEP,0,4,1634,1607,0.527,0.113,0.360,4,3,-54.3,50.9,166,160
1927-03-20,TOV (D),ODO²,3,1,1563,1481,0.605,0.105,0.290,4,3,13.6,-11.1,209,180
1927-03-20,Vitesse (Leiden),OSCR,6,1,1899,1820,0.599,0.109,0.292,4,3,25.8,-31.8,139,155
1927-03-20,Voorwaarts (M),SSS (Z),4,2,1835,1750,0.611,0.102,0.288,5,3,10.3,-10.3,189,188
1927-03-27,Actief,Baerne,8,2,1794,1381,0.908,0.038,0.055,7,2,7.9,-8.0,186,187
1927-03-27,Advendo,ReadyTekca,1,3,1675,1833,0.272,0.113,0.615,2,3,-6.6,5.6,137,124
1927-03-27,DKC (De),HKV,3,2,1780,1889,0.333,0.118,0.549,2,3,20.0,-18.4,139,133
1927-03-27,DTV,Hercules,2,1,1837,1760,0.594,0.114,0.292,3,2,-1.6,1.9,139,149
1927-03-27,DVD²,Bilthoven,7,1,1939,1823,0.652,0.094,0.254,5,3,27.7,-29.9,151,157
1927-03-27,DVG,Kadimah,4,0,1600,1240,0.879,0.048,0.072,6,1,0.1,-1.6,222,190
1927-03-27,DWS,Paars Wit,2,5,1109,1304,0.229,0.111,0.660,1,3,-21.6,21.7,186,187
1927-03-27,Dordrecht,Trekvogels (R),3,3,1683,1619,0.576,0.113,0.311,4,2,-21.9,16.5,224,196
1927-03-27,Fraternitas,Smos,11,0,1335,892,0.919,0.036,0.045,6,0,9.5,-10.4,155,164
1927-03-27,Gooiers,DDV,2,5,1809,1964,0.279,0.107,0.614,3,4,-13.8,11.5,137,124
1927-03-27,Haarlem,Swift,1,2,1719,1975,0.174,0.090,0.736,1,4,12.5,-12.6,133,134
1927-03-27,KZ,KVKV,2,2,2032,1686,0.870,0.052,0.078,6,1,-33.0,36.6,132,138
1927-03-27,Kinea (A),Rood Zwart,2,2,1545,1789,0.188,0.086,0.726,3,5,38.6,-28.8,191,166
1927-03-27,MKC (Ma),UNA (L),2,5,1321,1333,0.469,0.119,0.412,4,3,-60.8,67.1,221,234
1927-03-27,Nic,Voorwaarts (M),2,3,1741,1845,0.345,0.108,0.547,4,5,-2.7,2.7,175,175
1927-03-27,Ons Eibernest,HBS (H),3,2,1797,1663,0.668,0.104,0.228,4,2,-8.3,8.1,147,146
1927-03-27,SAMOS,Amersfoort,2,0,1523,1551,0.443,0.125,0.433,3,2,22.3,-25.5,147,157
1927-03-27,SDL,Wilskracht,0,2,1009,1218,0.221,0.094,0.685,3,5,-1.5,1.5,184,185
1927-03-27,SSS (Z),Friso (L),5,0,1739,1727,0.503,0.119,0.378,4,3,48.4,-52.1,174,181
1927-03-27,Sparta (A)²,Quick (A),1,1,1548,1600,0.413,0.117,0.470,2,3,3.6,-3.6,191,191
1927-03-27,TOGO (A),Sport,1,2,1579,1612,0.437,0.124,0.439,1,2,-13.0,13.8,155,161
1927-03-27,Vitesse (Leiden),Deetos,4,2,1925,1956,0.443,0.120,0.437,4,3,19.1,-17.7,134,129
1927-03-27,Zuiden (R),OSCR,4,2,2059,1788,0.816,0.067,0.117,5,2,-9.9,12.2,135,147
1927-04-03,Be Quick,Noviomagum,0,1,1482,1729,0.180,0.096,0.725,1,3,18.6,-15.6,189,175
1927-04-03,Blauw Wit,Sport,1,0,1683,1625,0.569,0.113,0.318,4,3,0.2,-0.2,152,151
1927-04-03,Deetos,OSCR,6,0,1937,1799,0.674,0.101,0.225,4,2,19.3,-25.0,125,144
1927-04-03,Excelsior,Zuiden (R),5,4,2058,2050,0.503,0.108,0.388,5,4,5.0,-4.6,139,133
1927-04-03,Friso (L),Kinea (A),3,0,1674,1583,0.612,0.111,0.277,3,2,20.8,-23.0,167,178
1927-04-03,KZ,Swift,2,3,1998,1962,0.538,0.117,0.345,4,3,-17.2,17.1,131,131
1927-04-03,Olympia (B),Amersfoort,5,0,1868,1525,0.866,0.055,0.079,5,1,6.1,-6.4,144,148
1927-04-03,Progress,HERO,2,3,1338,1377,0.435,0.112,0.453,3,4,-18.4,17.9,218,214
1927-04-03,Quick (D),Paars Wit,4,1,1229,1326,0.351,0.117,0.532,2,3,56.6,-50.3,185,174
1927-04-03,SAMOS,De Tovers,5,0,1545,1640,0.354,0.113,0.533,3,4,45.9,-52.3,140,150
1927-04-03,SGOC,Wilskracht,1,4,1334,1219,0.648,0.101,0.250,4,2,-80.4,60.7,200,173
1927-04-03,Sportief,Amstelodamum,4,0,1653,1606,0.553,0.117,0.330,3,2,42.6,-33.3,187,163
1927-04-03,TOV (D),DWS,3,0,1577,1087,0.936,0.030,0.034,6,0,-19.8,15.6,191,174
1927-04-09,OSCR,Velox,2,6,1773,1883,0.334,0.115,0.551,3,4,-25.4,25.9,138,140
1927-04-09,ReadyTekca,KVD,5,3,1839,1695,0.680,0.101,0.219,4,2,1.2,-1.2,124,143
1927-04-10,AKC (Al),Groen Zwart,2,4,1555,1703,0.288,0.108,0.604,3,4,-9.1,9.0,162,160
1927-04-10,Blauw Wit,AW,1,2,1683,1608,0.588,0.119,0.293,3,1,-23.5,41.0,144,192
1927-04-10,DVD²,Hercules,5,0,1967,1761,0.758,0.076,0.166,6,3,13.9,-13.5,147,145
1927-04-10,DVG,Eskavee,7,2,1600,1195,0.905,0.038,0.057,7,2,2.9,-3.4,212,190
1927-04-10,Dordrecht,Ons Zwaluwennest,1,5,1661,1760,0.351,0.111,0.539,3,4,-46.7,48.8,201,207
1927-04-10,EKCA,Naas²,3,7,1881,1845,0.542,0.109,0.349,4,3,-61.7,46.6,177,153
1927-04-10,Fortuna,RCU,4,1,1304,1341,0.438,0.110,0.452,3,4,36.7,-48.5,171,200
1927-04-10,Mercedes,Noviomagum,1,6,1461,1713,0.176,0.094,0.730,1,4,-27.2,23.7,181,166
1927-04-10,OSCR,Fluks,2,2,1747,1909,0.270,0.108,0.622,2,4,13.1,-16.4,131,145
1927-04-10,ReadyTekca,DDV,2,2,1840,1976,0.301,0.113,0.587,2,4,9.4,-10.3,119,125
1927-04-10,Rohda (A),KCN,3,2,1647,1599,0.558,0.109,0.333,4,3,1.8,-1.8,197,163
1927-04-10,Rood Zwart,Friso (L),4,3,1759,1694,0.580,0.111,0.309,4,3,-0.7,0.6,161,158
1927-04-10,SSS (Z),Nic,1,0,1788,1738,0.560,0.108,0.331,4,3,1.1,-1.1,164,165
1927-04-10,Sparta (A)²,TDW,1,2,1551,1538,0.505,0.117,0.378,4,3,-23.2,20.2,177,165
1927-04-10,Stormvogels,Smos,2,0,1113,881,0.779,0.079,0.142,4,1,-8.5,8.0,168,165
1927-04-10,Voorwaarts (M),WK,8,3,1848,1841,0.496,0.118,0.386,4,3,45.1,-48.5,165,172
1927-04-10,Zuiden (R),Excelsior,3,0,2045,2063,0.466,0.109,0.425,5,4,21.8,-23.4,129,134
1927-04-17,ELTO,Voltas,3,0,1409,1551,0.289,0.118,0.593,1,3,68.4,-63.0,188,180
1927-04-24,Amstelodamum,SVK,8,3,1569,1715,0.289,0.109,0.603,3,4,61.8,-87.4,159,190
1927-04-24,Be Quick,Rapiditas,4,1,1497,1476,0.511,0.128,0.361,3,2,37.2,-33.4,181,170
1927-04-24,DVD²,ReadyTekca,5,3,1979,1846,0.675,0.089,0.236,6,4,-0.5,0.0,145,121
1927-04-24,DWS,ODO²,1,6,1099,1467,0.097,0.065,0.838,1,4,-13.8,13.9,176,177
1927-04-24,Deetos,DKC (De),3,1,1955,1797,0.700,0.094,0.206,4,2,-0.6,1.0,129,142
1927-04-24,Friso (L),SSS (Z),1,4,1692,1786,0.355,0.118,0.527,2,3,-24.9,26.4,152,157
1927-04-24,Geel Zwart,Wit Zwart (L),1,0,1294,1228,0.584,0.105,0.312,5,3,-0.3,-3.0,350,235
1927-04-24,HKC (Hrd),Quick '21,0,2,1461,1434,0.525,0.120,0.356,3,2,-63.1,84.8,259,305
1927-04-24,Hercules,DEV,2,4,1744,1870,0.311,0.117,0.572,2,3,-10.7,11.4,143,149
1927-04-24,KVKV,Advendo,5,2,1720,1666,0.563,0.114,0.323,3,2,20.0,-18.8,145,140
1927-04-24,KZ,Swift,4,2,1978,1976,0.489,0.120,0.391,4,3,15.3,-15.2,133,133
1927-04-24,LUTO,Quick (A),1,3,1668,1593,0.592,0.111,0.297,4,2,-36.1,51.0,152,181
1927-04-24,WK,Voorwaarts (M),4,1,1790,1891,0.346,0.114,0.540,3,4,46.5,-43.9,162,157
1927-05-01,AKC (Al),Zwart Wit,9,1,1543,1467,0.591,0.116,0.293,3,2,38.9,-59.1,158,200
1927-05-01,BEP,TOGO (A),4,0,1655,1563,0.619,0.104,0.277,4,3,26.0,-24.3,163,157
1927-05-01,DKC (De),Vitesse (Leiden),1,6,1808,1942,0.306,0.105,0.588,3,5,-24.0,26.8,132,140
1927-05-01,DWS,TOV (D),5,9,1085,1554,0.055,0.043,0.901,0,5,0.7,-2.1,170,193
1927-05-01,Frisia,HKC (Hrd),5,3,1615,1397,0.768,0.075,0.156,6,3,-12.3,8.9,252,230
1927-05-01,Kinea (A),Voorwaarts (M),1,10,1557,1847,0.150,0.074,0.776,2,6,-27.5,21.2,172,149
1927-05-01,Leeuwarden,Wez Fluch,4,1,1329,1452,0.324,0.098,0.578,5,6,94.0,-45.7,257,175
1927-05-01,Mercedes,Rapiditas,3,3,1431,1442,0.467,0.126,0.407,3,2,-3.5,2.9,175,159
1927-05-01,Naas²,HKC (He),7,0,1890,1589,0.837,0.064,0.099,5,1,15.3,-23.6,150,195
1927-05-01,Nic,Friso (L),4,1,1734,1666,0.582,0.112,0.306,4,2,21.8,-18.2,160,144
1927-05-01,OSCR,HSV,4,7,1757,1708,0.558,0.113,0.330,4,3,-34.2,46.1,133,155
1927-05-01,Ons Zwaluwennest,Dordrecht,3,1,1806,1611,0.744,0.082,0.173,5,2,-6.3,5.9,191,188
1927-05-01,ReadyTekca,Hercules,2,4,1846,1733,0.642,0.109,0.250,3,2,-28.8,38.4,119,138
1927-05-01,SAMOS,Olympia (B),0,6,1588,1871,0.155,0.077,0.768,2,6,-16.3,17.8,143,150
1927-05-01,Sparta (A)²,ASV,2,2,1524,1444,0.601,0.108,0.291,4,3,-14.9,27.7,169,227
1927-05-01,Velocitas (A),Sportief,2,5,1607,1693,0.403,0.040,0.557,24,26,-8.4,7.1,199,178
1927-05-01,Velox,Ons Eibernest,4,2,1907,1786,0.654,0.102,0.244,4,2,3.3,-3.6,140,152
1927-05-01,Volharding (H),VZK,0,1,1447,1258,0.735,0.086,0.178,5,2,-81.5,81.0,260,260
1927-05-01,WK,SSS (Z),1,2,1837,1812,0.521,0.118,0.361,4,3,-20.2,19.2,153,148
1927-05-01,WWMD,Forward,5,3,1590,1741,0.287,0.101,0.613,3,5,73.8,-74.2,249,250
1927-05-01,Zuiden (R),DKC (De),5,3,2064,1797,0.813,0.065,0.121,6,2,-10.0,11.1,131,137
1927-05-08,Achilles (A),DOS (E),5,1,1549,1789,0.195,0.078,0.727,4,7,78.7,-80.7,175,178
1927-05-08,Actief,Sportief,3,3,1801,1700,0.629,0.103,0.268,4,3,-25.0,18.6,191,166
1927-05-08,DDV,KZ,5,3,1962,1993,0.442,0.119,0.439,4,3,18.1,-18.3,131,131
1927-05-08,Forward,Sparta (Ze),2,3,1666,1504,0.711,0.082,0.206,6,4,-60.4,58.5,221,218
1927-05-08,Friso (L),Voorwaarts (M),1,7,1647,1869,0.207,0.092,0.701,2,5,-20.9,22.6,139,145
1927-05-08,HKC (He),Groen Zwart,2,0,1565,1709,0.292,0.106,0.601,3,4,52.6,-38.7,186,159
1927-05-08,Leeuwarden,HKC (Hrd),2,2,1423,1406,0.515,0.111,0.374,4,3,-10.6,9.9,219,212
1927-05-08,Naas²,EKCA,3,0,1906,1817,0.616,0.101,0.284,5,3,14.6,-18.6,148,170
1927-05-08,Nic,Kinea (A),0,1,1755,1528,0.775,0.077,0.147,5,2,-42.7,51.1,151,164
1927-05-08,Olympia (B),BEP,2,2,1890,1681,0.759,0.077,0.164,6,3,-27.6,31.0,146,154
1927-05-08,ReadyTekca,DVD²,2,3,1817,1979,0.276,0.095,0.629,4,6,3.9,-6.1,117,142
1927-05-08,Rood Zwart,SSS (Z),2,3,1756,1831,0.385,0.110,0.505,3,4,-6.3,5.1,159,141
1927-05-08,Zwart Wit,AKC (Al),1,2,1407,1583,0.252,0.110,0.639,2,3,7.8,-4.9,181,150
1927-05-15,ASV,TDW,3,4,1471,1555,0.366,0.121,0.513,2,3,-9.2,6.7,202,164
1927-05-15,Dordrecht,Spartaan,4,6,1616,1701,0.367,0.117,0.516,2,3,-21.2,24.7,179,195
1927-05-15,HSV,OSCR,5,1,1755,1723,0.533,0.115,0.353,4,3,30.6,-24.4,149,132
1927-05-15,Hercules,DVD²,0,1,1771,1972,0.231,0.091,0.678,3,5,8.9,-9.1,136,137
1927-05-15,Ons Zwaluwennest,Emma,4,1,1800,1672,0.663,0.100,0.237,4,2,17.9,-26.2,181,235
1927-05-15,Sparta (Ze),Rood Wit,2,1,1562,1603,0.434,0.107,0.459,4,5,18.2,-19.5,200,207
1927-05-15,Voorwaarts (M),Rood Zwart,3,2,1893,1749,0.687,0.088,0.224,6,3,-9.9,11.5,140,150
1927-05-15,Wez Fluch,Quick '21,1,2,1406,1518,0.334,0.108,0.557,3,4,-2.6,2.8,168,258
1927-05-15,Zeelandia,DOS (M),0,0,1559,1496,0.576,0.113,0.311,4,2,-15.5,24.5,194,241
1927-05-15,Zuiden (R),Naas²,1,1,2054,1920,0.673,0.096,0.232,5,3,-17.2,19.8,132,142
1927-05-22,BEP,Olympia (B),0,3,1712,1862,0.288,0.102,0.611,3,5,-15.7,14.5,151,144
1927-05-22,DDV,Swift,6,7,1981,1961,0.515,0.119,0.366,4,3,-15.0,16.7,129,137
1927-05-22,DOS (M),Voltas,4,1,1520,1488,0.530,0.121,0.349,3,2,42.9,-31.5,211,176
1927-05-22,ELTO,Voltas,1,2,1529,1481,0.549,0.123,0.328,3,2,-28.0,23.7,168,154
1927-05-22,Frisia,Leeuwarden,3,4,1603,1412,0.743,0.076,0.181,7,4,-73.2,53.4,231,198
1927-05-22,HKC (He),Zwart Wit,3,1,1617,1415,0.747,0.090,0.164,4,1,-4.1,3.9,173,170
1927-05-22,Hercules,ReadyTekca,0,3,1779,1821,0.424,0.127,0.449,1,2,-26.6,21.9,132,119
1927-05-22,Naas²,Zuiden (R),3,3,1940,2037,0.353,0.112,0.535,3,4,7.6,-6.7,137,129
1927-05-22,Rapide,Voltas,0,3,1357,1455,0.346,0.121,0.533,2,3,-63.6,26.2,275,163
1927-05-22,Rood Wit,Forward,4,4,1583,1606,0.460,0.107,0.433,6,5,-1.6,2.0,187,204
1927-05-22,SSS (Z),Voorwaarts (M),1,5,1836,1883,0.424,0.110,0.467,3,4,-30.9,29.8,139,136
1927-05-22,VIOS (M),ELTO,0,3,1595,1500,0.617,0.114,0.269,3,2,-80.9,49.2,199,154
1927-05-22,VIOS (M),Olympia (K),4,0,1555,1423,0.664,0.106,0.230,3,1,40.2,-26.8,224,175
1927-05-22,VIOS (M),Voltas,1,0,1513,1504,0.495,0.127,0.379,3,2,10.1,-6.9,179,144
1927-05-22,Volharding,ELTO,0,3,1498,1477,0.512,0.125,0.363,3,2,-77.4,51.6,226,182
1927-05-24,DOS (E),Achilles (A),3,1,1709,1629,0.606,0.095,0.298,6,4,7.5,-7.4,170,169
1927-05-26,HKC (He),Achilles (A),2,1,1614,1621,0.481,0.109,0.411,5,4,8.9,-8.3,164,157
1927-05-26,Naas²,Voorwaarts (M),1,3,1948,1914,0.538,0.109,0.353,5,4,-24.3,24.0,131,130
1927-05-26,Zwart Wit,Achilles (A),0,4,1419,1612,0.240,0.091,0.670,4,6,-18.8,15.8,161,146
1927-05-29,Geel Zwart,DOS (L),1,3,1294,1326,0.442,0.115,0.443,3,4,-54.8,53.3,282,277
1927-05-29,KKC,DOS (M),0,7,1277,1564,0.150,0.080,0.770,2,5,-47.5,31.5,243,189
1927-05-29,Kinea (A),SSS (Z),1,3,1580,1805,0.204,0.093,0.703,2,4,1.6,-0.5,162,133
1927-05-29,Voorwaarts (M),Naas²,5,5,1938,1923,0.511,0.111,0.378,5,4,-4.7,4.7,124,125
1927-05-29,Wit Zwart (L),Kinea (K),1,4,1225,1545,0.128,0.068,0.804,2,6,-3.2,1.3,223,259
1927-06-01,Zwart Wit,HKC (He),2,1,1398,1621,0.202,0.100,0.698,1,3,37.9,-38.1,153,153
1927-06-05,Zuiden (R),Voorwaarts (M),8,1,2029,1932,0.628,0.097,0.275,5,4,24.4,-21.8,129,121
1927-06-12,Achilles (A),Groen Zwart,7,0,1627,1669,0.434,0.100,0.465,5,6,44.6,-54.6,144,161
1927-06-12,Blauw Wit,Achilles (Am),3,0,1701,1258,0.920,0.034,0.046,7,1,-9.7,36.4,153,254
1927-06-12,DOS (E),Zwart Wit,6,0,1715,1435,0.822,0.067,0.112,5,1,16.1,-13.6,164,148
1927-06-12,HDT,Moedig Voorwaarts (B),3,13,1528,1593,0.394,0.117,0.489,2,3,-100.0,90.0,251,236
1927-06-12,HKC (He),AKC (Al),1,5,1582,1578,0.486,0.130,0.384,3,2,-44.9,48.6,148,155
1927-06-12,HKC (Hrd),Frisia,0,2,1415,1529,0.332,0.106,0.562,3,5,-17.9,19.8,200,213
1927-06-12,KKC,VIOS (M),1,2,1227,1522,0.143,0.080,0.777,1,4,35.3,-18.9,221,169
1927-06-12,Kinea (K),DOS (L),4,3,1545,1378,0.712,0.088,0.199,5,3,-20.7,22.1,235,242
1927-06-12,Quick '21,Leeuwarden,1,2,1520,1465,0.568,0.106,0.325,5,3,-41.4,30.0,224,190
1927-06-12,Rood Zwart,Kinea (A),3,2,1760,1580,0.728,0.086,0.186,5,2,-14.6,15.7,152,157
1927-06-12,Swift,Blauw Wit,1,1,1978,1656,0.853,0.058,0.089,5,1,-32.9,45.5,137,160
1927-06-12,Voorwaarts (M),Zuiden (R),0,4,1909,2055,0.294,0.099,0.606,4,5,-14.8,16.3,119,125
1927-06-19,Quick '21,Frisia,3,1,1478,1549,0.390,0.110,0.500,3,4,40.8,-38.0,199,192
1927-06-19,Wez Fluch,HKC (Hrd),2,0,1403,1396,0.498,0.114,0.389,4,3,20.6,-23.7,169,183
1927-06-26,DOS (M),ELTO,3,3,1595,1548,0.551,0.116,0.333,3,2,-14.4,10.3,186,158
1927-06-26,Frisia,Wez Fluch,3,1,1510,1423,0.616,0.096,0.289,6,4,7.1,-6.2,176,159
1927-06-26,Leeuwarden,Quick '21,2,3,1495,1519,0.455,0.113,0.432,5,4,-16.1,16.6,178,181
1927-06-26,Voltas,VIOS (M),2,4,1496,1503,0.472,0.128,0.400,3,2,-26.9,32.8,149,165
1927-07-03,DOS (L),Geel Zwart,7,3,1400,1237,0.707,0.089,0.203,5,3,30.3,-35.9,221,248
1927-07-03,Quick '21,HKC (Hrd),3,1,1535,1371,0.704,0.097,0.199,4,1,0.5,-0.4,167,171
1927-07-03,Zeelandia,VIOS (M),1,1,1543,1536,0.494,0.121,0.384,3,2,-7.7,4.9,192,154
1927-07-17,TOP (Vl),DOS (M),11,1,1551,1580,0.447,0.115,0.438,5,4,63.8,-63.6,175,175
1927-07-17,Voltas,Zeelandia,7,2,1469,1534,0.391,0.123,0.486,2,3,46.1,-65.1,147,177
1927-07-24,ELTO,VIOS (M),8,1,1558,1540,0.511,0.122,0.367,3,2,46.3,-43.5,157,152
1927-07-24,Quick '21,Wez Fluch,6,1,1535,1416,0.654,0.098,0.248,5,3,28.3,-26.7,164,158
1927-07-24,Voltas,KKC,5,1,1516,1261,0.799,0.074,0.127,5,1,8.0,-13.8,141,212
1927-07-31,DOS (L),Kinea (K),0,6,1431,1524,0.359,0.109,0.533,3,4,-63.1,71.3,209,224
1927-07-31,Rapide,ELTO,2,3,1292,1606,0.130,0.075,0.795,1,5,47.8,-15.4,242,148
1927-07-31,TSC,Seolto (T),0,3,1281,1404,0.323,0.101,0.576,4,5,-23.1,23.1,175,175
1927-08-07,DOS (M),Zeelandia,0,1,1516,1469,0.554,0.113,0.333,4,3,-26.0,26.2,167,167
1927-08-07,ELTO,Voltas,10,6,1591,1524,0.579,0.115,0.306,3,2,26.0,-24.6,146,141
1927-08-14,Rapide,Seolto (T),1,0,1340,1393,0.413,0.113,0.474,3,4,26.5,-13.5,221,154
1927-08-14,TSC,Seolto (T),1,0,1257,1427,0.266,0.095,0.639,4,6,33.1,-33.1,165,165
1927-08-21,AKC (Al),ZKC (Zu),2,0,1592,1580,0.499,0.124,0.377,3,2,19.5,-28.3,158,195
1927-08-21,AKC (Al),Zwart Wit,0,0,1627,1421,0.751,0.087,0.162,4,1,-34.3,34.0,168,167
1927-08-21,Geel Zwart,Kinea (K),6,3,1201,1597,0.086,0.052,0.862,2,6,145.9,-110.3,231,203
1927-08-21,Groen Zwart,Korf,0,6,1615,1603,0.508,0.110,0.382,5,4,-54.0,103.6,162,231
1927-08-21,Groen Zwart,Naas²,2,5,1614,1927,0.134,0.069,0.797,2,6,1.7,-0.7,172,152
1927-08-21,HKC (Hrd),Wez Fluch,0,2,1371,1389,0.463,0.114,0.423,5,4,-30.9,25.5,175,158
1927-08-21,Korf,AKC (Al),3,0,1726,1611,0.644,0.107,0.249,4,2,19.9,-14.2,181,147
1927-08-21,Korf,Naas²,1,2,1707,1926,0.210,0.094,0.696,2,5,19.0,-9.1,199,145
1927-08-21,Laaresch,MKC (Markelo),2,0,1494,1362,0.674,0.090,0.236,6,4,1.1,-1.1,175,175
1927-08-21,Naas²,Zwart Wit,3,0,1917,1487,0.913,0.038,0.048,6,1,-9.8,11.2,138,147
1927-08-21,Ons Clubje,WKC,1,1,2000,1242,0.985,0.008,0.007,7,-1,-65.7,133.2,175,237
1927-08-21,Zwart Wit,ZKC (Zu),2,0,1454,1551,0.349,0.119,0.532,2,3,33.7,-41.1,157,175
1927-08-28,Nic,WK,0,4,1710,1814,0.340,0.117,0.543,2,3,-41.0,41.2,181,182
1927-09-04,ELTO,DOS (M),6,2,1616,1487,0.663,0.102,0.235,4,2,18.9,-22.7,147,164
1927-09-04,HKC (Hrd),Leeuwarden,4,3,1337,1476,0.298,0.107,0.596,3,4,28.4,-35.8,164,185
1927-09-04,MKC (Ma),UNA (L),1,5,1256,1397,0.296,0.108,0.597,3,4,-51.7,54.1,237,244
1927-09-04,Samen Een,UDI (H),2,2,1443,1399,0.554,0.105,0.340,5,4,-13.6,29.8,242,350
1927-09-04,WK,Friso (L),7,0,1855,1624,0.774,0.086,0.141,3,1,25.3,-26.9,168,174
1927-09-04,WWMD,Forward,2,6,1662,1606,0.571,0.105,0.324,5,4,-104.0,76.9,248,211
1927-09-11,Rood Wit,Samen Een,2,3,1579,1429,0.694,0.088,0.217,6,3,-50.4,60.5,203,222
1927-09-11,Sparta (Ze),Kinea (A),3,3,1578,1593,0.468,0.111,0.421,5,4,-3.7,2.5,213,178
1927-09-18,DTV,DDV,2,3,1831,1964,0.305,0.109,0.587,3,4,1.8,-1.0,189,167
1927-09-18,De Tovers,Actief,1,6,1582,1773,0.240,0.094,0.666,3,5,-35.7,41.0,194,211
1927-09-18,Excelsior (K),VOP,3,3,942,973,0.446,0.108,0.446,5,4,-0.0,0.0,175,175
1927-09-18,Frisia,Quick '21,3,1,1514,1562,0.422,0.112,0.466,3,4,33.9,-28.6,188,171
1927-09-18,Hinde,Zwaluw²,8,0,1442,1405,0.539,0.114,0.347,4,3,81.0,-84.0,234,239
1927-09-18,Kinea (A),Sparta (Ze),2,1,1595,1574,0.520,0.110,0.370,5,4,5.4,-6.6,166,190
1927-09-18,Noviomagum,EKCA,2,4,1732,1795,0.400,0.113,0.488,3,4,-29.1,27.3,205,197
1927-09-18,OSCA,Bilthoven,2,4,1792,1788,0.487,0.125,0.388,3,2,-41.3,45.1,192,202
1927-09-18,OSCR,Die Haghe,2,0,1696,1543,0.691,0.100,0.209,4,2,2.8,-2.4,170,202
1927-09-18,Olympia (B),Oosterpark,5,2,1874,1611,0.808,0.068,0.124,6,2,-0.3,1.6,177,198
1927-09-18,Ons Eibernest,ALO,2,0,1780,1464,0.847,0.061,0.091,5,1,-17.8,19.8,188,196
1927-09-18,Quick (A),Blauw Wit,3,0,1642,1688,0.419,0.120,0.461,2,3,57.2,-44.9,208,182
1927-09-18,Rood Zwart,Friso (L),0,2,1743,1596,0.686,0.097,0.216,4,2,-59.6,54.2,177,168
1927-09-18,SAMOS,Zwaluwen (H),8,2,1569,1584,0.464,0.119,0.417,4,3,60.9,-69.9,184,199
1927-09-18,Sparta (A)²,Velocitas (A),3,4,1507,1596,0.398,0.040,0.562,24,26,4.2,-5.2,200,217
1927-09-18,Sport,TOGO (A),4,4,1619,1535,0.602,0.113,0.284,3,2,-21.4,20.6,195,191
1927-09-18,Volharding (A),ASVA,3,0,1560,1459,0.625,0.109,0.266,3,2,25.1,-29.8,193,215
1927-09-18,Voorwaarts (M),WK,4,1,1891,1881,0.502,0.115,0.383,4,3,26.8,-30.2,153,164
1927-09-25,AKC (Al),Zwart Wit,5,2,1597,1499,0.618,0.116,0.266,3,1,18.3,-19.0,152,156
1927-09-25,ASVA,AW,1,2,1433,1648,0.207,0.108,0.685,1,3,11.1,-15.1,194,219
1927-09-25,Achilles (H),ODI (H),5,0,1668,1618,0.557,0.114,0.329,4,3,61.3,-75.7,222,252
1927-09-25,Actief,SAMOS,2,6,1820,1635,0.733,0.082,0.185,6,3,-97.6,76.2,192,170
1927-09-25,Amersfoort,Sparta (A)²,5,0,1518,1515,0.485,0.127,0.388,3,2,63.9,-55.3,199,183
1927-09-25,BEP,KVKV,4,2,1698,1742,0.426,0.111,0.463,3,4,31.5,-32.8,183,188
1927-09-25,Baerne,Osno,1,10,1373,1544,0.260,0.100,0.639,3,5,-65.2,73.1,229,245
1927-09-25,Be Quick,Noviomagum,0,5,1537,1707,0.256,0.113,0.632,1,3,-48.9,39.8,209,185
1927-09-25,Bilthoven,Olympia (B),1,5,1838,1878,0.428,0.119,0.453,2,3,-52.0,45.5,183,170
1927-09-25,Blauw Wit,Volharding (A),0,1,1647,1589,0.566,0.117,0.317,3,2,-28.3,31.6,169,179
1927-09-25,DDV,DVD²,6,5,1967,1965,0.496,0.105,0.399,6,5,6.7,-8.1,157,176
1927-09-25,DEV,DTV,1,3,1884,1836,0.556,0.112,0.333,4,3,-47.3,40.2,189,174
1927-09-25,DKC (De),HSV,0,2,1786,1788,0.485,0.113,0.402,5,4,-33.2,35.2,178,183
1927-09-25,DOS (M),VIOS (M),6,1,1468,1498,0.441,0.123,0.436,4,3,48.8,-51.4,160,164
1927-09-25,Deetos,Zuiden (R),0,8,1956,2073,0.325,0.112,0.563,3,4,-52.1,42.8,178,160
1927-09-25,Die Haghe,Rozenburg,3,1,1544,1563,0.456,0.125,0.419,3,2,30.5,-34.9,185,200
1927-09-25,District V,Amsterdam Zuid,3,1,1486,1571,0.367,0.116,0.518,3,4,52.6,-55.0,224,229
1927-09-25,EKCA,Hellas,3,0,1827,1747,0.601,0.104,0.294,5,3,22.8,-22.1,180,177
1927-09-25,Excelsior,Swift,5,5,2039,1947,0.616,0.106,0.278,4,3,-21.7,18.5,184,171
1927-09-25,Friso (L),SSS (Z),4,2,1654,1805,0.280,0.112,0.608,2,3,42.5,-48.4,160,171
1927-09-25,Graaf Willem 2,Ambakor,3,0,1488,1601,0.328,0.119,0.553,2,3,81.8,-81.5,233,232
1927-09-25,HBS (H),ALO,2,1,1671,1488,0.726,0.093,0.181,4,1,-19.7,17.6,196,187
1927-09-25,HKC (He),DOS (E),0,3,1539,1734,0.231,0.104,0.665,2,3,-17.2,19.4,175,189
1927-09-25,HKV,Fluks,1,3,1870,1892,0.452,0.125,0.423,3,2,-35.6,36.7,188,191
1927-09-25,Haarlem,ZKV (Za),4,2,1731,1616,0.647,0.101,0.252,4,3,8.8,-12.1,189,273
1927-09-25,Kinea (A),Voorwaarts (M),1,9,1605,1923,0.129,0.070,0.802,2,5,-20.0,17.6,156,146
1927-09-25,NHM (R),Kweekschool,4,1,1565,1321,0.792,0.072,0.136,5,2,1.1,-4.6,282,175
1927-09-25,Naas²,Achilles (A),7,1,1909,1674,0.785,0.070,0.145,6,3,15.9,-20.3,149,172
1927-09-25,Ons Zwaluwennest,Trekvogels (R),2,5,1820,1636,0.731,0.086,0.183,5,2,-91.1,109.7,207,227
1927-09-25,Oosterpark,OSCA,4,1,1617,1755,0.297,0.113,0.590,2,3,65.7,-58.8,187,177
1927-09-25,Quick (D),Paars Wit,3,0,1286,1275,0.501,0.119,0.380,4,3,47.6,-45.3,217,211
1927-09-25,Rapiditas,ZKC (Zu),3,5,1447,1511,0.391,0.127,0.483,1,2,-30.7,24.5,194,171
1927-09-25,ReadyTekca,KVO,4,0,1844,1620,0.770,0.082,0.148,4,1,13.0,-16.3,163,190
1927-09-25,Sportief,Sport Vereent,5,3,1721,1617,0.668,0.036,0.296,27,22,-11.5,14.5,198,218
1927-09-25,Stormvogels,RCU,1,3,1104,1292,0.242,0.098,0.660,3,5,-7.1,7.4,208,224
1927-09-25,TOV (D),ODO²,2,1,1556,1484,0.591,0.106,0.303,4,3,-1.7,1.2,224,212
1927-09-25,UNA (L),Sparta (Ze),1,8,1455,1571,0.330,0.105,0.565,4,5,-69.3,45.9,219,173
1927-09-25,Vitesse (Haag),SDO (L),2,2,1520,1403,0.650,0.099,0.251,5,3,-24.5,42.7,204,264
1927-09-25,Vitesse (Leiden),Velox,4,1,1972,1913,0.572,0.110,0.319,4,3,27.2,-27.3,182,183
1927-09-25,WK,Rood Zwart,4,0,1854,1687,0.708,0.095,0.197,4,2,16.6,-19.0,153,166
1927-09-25,Westerkwartier,KZ,3,2,1880,1977,0.348,0.118,0.534,2,3,30.4,-25.5,191,174
1927-09-25,Wez Fluch,Leeuwarden,0,3,1416,1444,0.451,0.107,0.442,6,5,-32.4,38.6,159,175
1927-10-02,ALO,Rozenburg,2,1,1506,1529,0.449,0.127,0.423,3,2,14.8,-15.6,176,181
1927-10-02,Achilles (H),Rood Wit (H),5,0,1730,1514,0.760,0.087,0.153,4,1,29.5,-33.0,201,216
1927-10-02,Avanti²,Rohda (A),0,5,1492,1650,0.276,0.102,0.622,3,5,-56.1,52.1,234,224
1927-10-02,Bilthoven,Oosterpark,6,0,1787,1684,0.627,0.111,0.262,3,2,37.6,-39.4,168,173
1927-10-02,DED,Haarlem,1,6,1604,1740,0.298,0.113,0.589,2,3,-55.6,40.5,214,178
1927-10-02,DKC (De),HKV,3,3,1754,1835,0.367,0.124,0.509,2,3,7.4,-8.2,165,173
1927-10-02,DOS (E),Naas²,1,3,1754,1926,0.257,0.108,0.634,2,3,-7.7,6.0,175,145
1927-10-02,DOS (M),KKC,15,1,1518,1250,0.809,0.072,0.119,4,1,19.3,-35.2,150,214
1927-10-02,DVD²,DEV,3,4,1958,1838,0.657,0.094,0.250,5,3,-33.8,38.4,163,174
1927-10-02,Excelsior,DTV,3,3,2018,1878,0.679,0.096,0.225,5,2,-26.5,24.0,170,162
1927-10-02,Fluks,Deetos,2,2,1930,1905,0.517,0.123,0.360,3,2,-9.2,8.2,175,165
1927-10-02,GKV,Emma,7,0,1725,1649,0.588,0.120,0.292,3,1,68.0,-76.2,225,240
1927-10-02,HKC (He),Zwart Wit,1,4,1523,1481,0.538,0.128,0.334,2,1,-52.3,42.8,165,148
1927-10-02,HSV,Velox,1,1,1825,1886,0.397,0.119,0.483,2,3,4.7,-4.7,169,169
1927-10-02,Hellas,Be Quick,8,1,1726,1489,0.780,0.084,0.136,3,0,24.0,-30.5,165,190
1927-10-02,Nic,Friso (L),2,3,1673,1698,0.447,0.127,0.426,3,2,-18.0,13.5,177,151
1927-10-02,OKC,Excelsior (K),3,4,1085,947,0.677,0.095,0.228,5,3,-57.3,35.2,210,165
1927-10-02,OSCA,Hercules,1,3,1697,1755,0.396,0.134,0.471,1,2,-25.4,27.6,165,173
1927-10-02,OSCR,HBS (H),2,2,1704,1652,0.556,0.119,0.324,3,2,-11.8,14.8,164,183
1927-10-02,Olympia (B),Eendracht,3,2,1925,1742,0.725,0.094,0.181,4,1,-13.1,20.8,159,194
1927-10-02,Onder Ons,'t Overschotje,6,2,1306,1463,0.279,0.100,0.621,3,5,104.8,-121.7,246,267
1927-10-02,SAMOS,De Tovers,6,0,1713,1552,0.703,0.094,0.203,4,2,27.8,-34.1,162,182
1927-10-02,SDL,OKC,1,1,1007,1100,0.358,0.112,0.530,3,4,12.5,-14.7,222,240
1927-10-02,SSS (Z),Voorwaarts (M),1,4,1758,1941,0.247,0.098,0.654,3,5,-13.4,11.1,160,142
1927-10-02,Sparta (A)²,Actief,2,3,1461,1723,0.170,0.085,0.745,2,5,18.3,-20.8,170,179
1927-10-02,Spodato,RCU,1,1,1288,1301,0.471,0.112,0.416,5,4,-2.9,3.9,175,202
1927-10-02,Swift,Westerkwartier,4,2,1966,1911,0.560,0.122,0.319,3,2,14.9,-17.2,160,175
1927-10-02,TOGO (A),ASVA,6,0,1561,1445,0.643,0.111,0.246,3,1,40.2,-41.1,179,181
1927-10-02,Ulyssus,LUTO,0,3,1276,1634,0.102,0.067,0.831,1,4,1.2,0.5,222,194
1927-10-02,VIOS (Bo),Zwanenberg²,5,4,1112,1112,0.487,0.116,0.397,4,3,19.4,-9.5,272,175
1927-10-02,Velocitas (A),Amersfoort,2,0,1597,1583,0.544,0.042,0.414,23,22,4.3,-3.9,196,180
1927-10-02,Volharding (A),Sport,4,4,1622,1604,0.508,0.125,0.366,3,2,-7.3,8.8,166,181
1927-10-09,Achilles (A),AKC (Al),1,7,1657,1619,0.544,0.110,0.347,4,3,-67.0,53.4,167,148
1927-10-09,Achilles (Am),Oranje Nassau,2,4,1299,1656,0.103,0.066,0.831,1,5,23.9,-15.5,265,229
1927-10-09,Actief,Zwaluwen (H),3,3,1704,1521,0.728,0.089,0.183,4,2,-30.7,36.7,170,184
1927-10-09,Ambakor,Phoenix (Z),3,4,1522,1389,0.665,0.105,0.230,3,2,-45.7,88.3,209,290
1927-10-09,Amersfoort,SAMOS,2,6,1581,1742,0.266,0.115,0.619,1,3,-29.7,25.9,168,155
1927-10-09,Avanti²,KCN,1,1,1437,1600,0.270,0.103,0.626,3,4,26.1,-25.4,209,207
1927-10-09,Be Quick,ZKC (Zu),3,4,1460,1538,0.369,0.131,0.500,1,2,-9.8,8.4,179,163
1927-10-09,Bilthoven,Hercules,7,0,1826,1784,0.539,0.128,0.333,2,1,44.1,-45.0,159,160
1927-10-09,Blauw Wit,AW,3,6,1622,1636,0.457,0.135,0.408,2,1,-40.3,60.3,161,201
1927-10-09,DEV,Excelsior,0,3,1878,1993,0.328,0.112,0.560,3,4,-24.1,23.6,163,161
1927-10-09,DKC (De),Fluks,2,4,1763,1922,0.272,0.109,0.620,2,4,-7.5,8.1,155,163
1927-10-09,De Tovers,Velocitas (A),3,2,1519,1603,0.405,0.042,0.553,22,24,13.3,-14.5,171,179
1927-10-09,Deetos,HKV,3,1,1915,1829,0.601,0.121,0.278,2,1,10.9,-11.5,155,161
1927-10-09,Eendracht,OSCA,8,0,1764,1673,0.606,0.123,0.271,2,1,48.0,-36.6,180,155
1927-10-09,Emma,SDO (L),0,1,1574,1449,0.657,0.105,0.238,3,2,-51.4,60.1,213,230
1927-10-09,Fraternitas,Stormvogels,2,0,1349,1100,0.795,0.074,0.132,5,2,-13.9,10.9,211,193
1927-10-09,Haarlem,BEP,3,2,1783,1732,0.559,0.113,0.328,4,3,1.7,-1.7,167,171
1927-10-09,Hinde,Baerne,3,1,1531,1310,0.768,0.080,0.152,5,2,-8.9,8.4,212,209
1927-10-09,KVKV,ZKV (Za),3,2,1712,1607,0.635,0.103,0.262,4,3,-4.8,11.0,174,234
1927-10-09,KVO,DED,3,2,1607,1550,0.565,0.116,0.318,3,2,1.8,-1.8,181,192
1927-10-09,NHM (R),HERO,2,3,1569,1398,0.715,0.091,0.195,5,2,-74.5,68.7,249,239
1927-10-09,Naas²,HKC (He),6,0,1933,1472,0.923,0.038,0.039,4,-1,4.9,-5.7,140,154
1927-10-09,Noviomagum,Rapiditas,10,0,1750,1419,0.856,0.061,0.083,4,0,19.6,-20.3,175,179
1927-10-09,ODO²,Trekvogels (R),1,3,1488,1748,0.170,0.087,0.742,2,4,3.5,-4.7,195,209
1927-10-09,Olympiaan,ODI (H),1,1,1617,1545,0.588,0.111,0.301,4,2,-23.6,21.5,231,222
1927-10-09,Ons Eibernest,Die Haghe,3,0,1769,1578,0.732,0.096,0.172,3,1,12.3,-11.3,185,173
1927-10-09,Oosterpark,KVD,6,2,1646,1697,0.412,0.123,0.465,2,3,46.0,-64.9,162,195
1927-10-09,SGOC,DES (V),3,2,1256,1137,0.649,0.107,0.244,3,2,-8.6,9.9,230,241
1927-10-09,Schiedam,Spartaan,2,7,1361,1731,0.097,0.060,0.843,1,5,-24.8,20.1,256,216
1927-10-09,Sport,ASVA,2,3,1614,1406,0.751,0.089,0.159,4,1,-49.9,50.9,167,169
1927-10-09,Sportief,Victoria (A),3,1,1713,1509,0.743,0.097,0.160,3,0,-0.1,1.9,185,214
1927-10-09,Swift,KZ,3,2,1983,1955,0.523,0.121,0.355,3,2,4.8,-5.5,152,165
1927-10-09,VIOS (M),Zeelandia,3,4,1449,1499,0.409,0.131,0.461,1,2,-11.3,13.9,156,175
1927-10-09,Velox,Zuiden (R),3,5,1883,2119,0.193,0.091,0.716,2,4,2.1,-1.9,158,154
1927-10-09,Vitesse (Haag),GKV,3,2,1499,1795,0.142,0.081,0.777,1,4,62.5,-70.6,191,203
1927-10-09,Vitesse (Leiden),HSV,3,4,2002,1831,0.714,0.092,0.194,4,2,-46.7,39.5,171,158
1927-10-09,Volharding (A),TOGO (A),2,0,1616,1603,0.500,0.126,0.374,3,2,19.5,-22.2,156,167
1927-10-09,WKC,SSS (T),14,0,1379,883,0.938,0.029,0.033,6,0,20.2,-18.3,246,228
1927-10-09,Westerkwartier,DVD²,2,2,1896,1926,0.446,0.112,0.442,5,4,-0.2,0.2,163,155
1927-10-16,AKC (Al),DOS (E),2,3,1673,1748,0.375,0.125,0.500,1,2,-6.2,8.2,141,166
1927-10-16,AW,Sport,4,4,1697,1564,0.661,0.114,0.225,2,0,-28.3,21.9,180,160
1927-10-16,BEP,DED,6,0,1730,1548,0.728,0.088,0.184,5,2,24.7,-29.1,160,176
1927-10-16,DDV,Swift,5,2,1977,1987,0.468,0.124,0.408,3,2,31.8,-28.2,154,144
1927-10-16,DES (V),WKC,1,2,1146,1402,0.176,0.084,0.740,2,5,22.2,-27.9,215,236
1927-10-16,DTV,Westerkwartier,4,4,1903,1895,0.495,0.124,0.382,3,2,-5.7,5.3,157,152
1927-10-16,Die Haghe,HBS (H),2,1,1565,1669,0.336,0.126,0.538,1,2,25.7,-27.6,165,171
1927-10-16,EKCA,Be Quick,4,1,1853,1450,0.900,0.044,0.056,5,0,-11.4,10.3,172,165
1927-10-16,Excelsa,Deska,4,6,1403,1685,0.147,0.096,0.756,0,2,-0.2,-0.2,232,238
1927-10-16,Fluks,Vitesse (Leiden),4,2,1930,1955,0.449,0.121,0.430,4,3,23.0,-25.3,154,162
1927-10-16,Gooiers,Hinde,1,5,1797,1522,0.817,0.069,0.114,5,1,-116.7,116.9,197,197
1927-10-16,HKV,HSV,1,0,1817,1870,0.405,0.127,0.468,1,2,16.0,-15.9,152,151
1927-10-16,KVR,Achilles (H),1,1,1642,1761,0.317,0.122,0.560,1,2,20.5,-14.4,226,191
1927-10-16,KZ,DVD²,3,1,1949,1926,0.523,0.108,0.369,5,4,14.9,-13.5,155,146
1927-10-16,Kweekschool,NHM (R),3,7,1319,1493,0.255,0.104,0.641,2,4,-27.2,41.1,173,223
1927-10-16,LUTO,Advendo,6,2,1636,1652,0.460,0.127,0.413,3,2,54.1,-55.6,187,190
1927-10-16,Mercedes,Onder Ons,0,5,1432,1413,0.516,0.112,0.372,4,3,-80.1,89.5,209,222
1927-10-16,Nic,Voorwaarts (M),4,3,1657,1954,0.143,0.075,0.782,2,5,53.3,-37.9,165,140
1927-10-16,OSCR,Ons Eibernest,2,4,1694,1781,0.360,0.124,0.516,2,3,-18.3,21.8,157,174
1927-10-16,Oosterpark,Eendracht,0,4,1693,1813,0.317,0.119,0.564,2,3,-29.7,34.7,153,167
1927-10-16,Osno,Zwaluw²,11,0,1620,1328,0.831,0.065,0.104,5,1,35.2,-34.2,221,217
1927-10-16,Quick (A),Amstelodamum,1,3,1706,1637,0.580,0.118,0.302,3,2,-53.2,58.6,193,203
1927-10-16,RCU,Fraternitas,1,0,1306,1334,0.448,0.114,0.438,5,4,14.9,-16.8,184,196
1927-10-16,ReadyTekca,KVKV,5,1,1860,1707,0.692,0.099,0.210,4,2,20.0,-20.7,162,165
1927-10-16,Rood Wit (H),ODI (H),3,2,1483,1566,0.368,0.119,0.513,2,3,29.0,-28.6,202,200
1927-10-16,Rood Wit,UDI (H),3,1,1535,1435,0.628,0.104,0.268,4,3,11.8,-17.7,196,283
1927-10-16,Rood Zwart,Kinea (A),8,0,1671,1587,0.603,0.111,0.286,4,2,40.8,-38.2,162,157
1927-10-16,SDO (L),GKV,2,2,1508,1723,0.212,0.098,0.691,2,4,36.7,-30.7,206,190
1927-10-16,SSS (T),SGOC,1,2,864,1247,0.089,0.061,0.850,1,4,45.3,-39.3,221,208
1927-10-16,SSS (Z),WK,1,1,1746,1874,0.307,0.120,0.573,2,3,13.0,-12.8,154,153
1927-10-16,SVK,KCN,3,3,1633,1573,0.571,0.111,0.317,4,3,-20.8,15.0,221,189
1927-10-16,Spangen,Spartaan,2,3,1384,1752,0.098,0.062,0.840,1,5,47.2,-35.9,229,205
1927-10-16,Sparta (A)²,De Tovers,2,3,1481,1532,0.407,0.130,0.463,1,2,-12.2,11.5,164,160
1927-10-16,TOGO (A),Blauw Wit,2,4,1580,1581,0.480,0.127,0.393,3,2,-30.4,29.1,156,153
1927-10-16,TOV (D),Ons Zwaluwennest,4,4,1557,1732,0.256,0.101,0.642,3,4,28.1,-25.7,205,196
1927-10-16,VOP,Excelsior (K),5,6,980,984,0.484,0.112,0.404,5,4,-18.2,16.3,169,160
1927-10-16,Velocitas (A),Actief,1,4,1588,1673,0.402,0.043,0.555,22,24,-7.1,6.9,165,162
1927-10-16,Velox,Deetos,3,1,1885,1926,0.424,0.125,0.450,1,2,25.6,-24.4,151,148
1927-10-16,ZKC (Zu),Hellas,2,2,1547,1752,0.219,0.104,0.676,1,3,22.3,-24.8,153,161
1927-10-16,ZKV (Za),KVO,0,2,1617,1608,0.498,0.119,0.383,4,3,-47.4,32.3,206,168
1927-10-16,Zuiden (R),DKC (De),7,1,2117,1755,0.880,0.049,0.072,6,1,7.8,-7.8,148,148
1927-10-16,Zwaluwen (H),Amersfoort,4,1,1557,1550,0.487,0.134,0.378,2,1,38.4,-32.3,173,157
1927-10-16,Zwart Wit,Naas²,3,12,1526,1939,0.075,0.056,0.869,0,4,-12.1,11.5,144,140
1927-10-23,ALO,OSCR,2,0,1523,1675,0.276,0.117,0.607,1,3,49.2,-38.8,168,149
1927-10-23,Achilles (Am),Excelsa,1,2,1322,1403,0.371,0.120,0.510,2,3,-13.0,10.7,242,213
1927-10-23,Amersfoort,De Tovers,3,1,1518,1544,0.440,0.138,0.423,2,1,24.9,-25.4,149,150
1927-10-23,DED,ZKV (Za),2,3,1518,1569,0.413,0.118,0.468,2,3,-10.9,13.2,166,185
1927-10-23,DEV,Swift,4,3,1853,1959,0.336,0.120,0.544,2,3,24.2,-19.1,156,138
1927-10-23,DOS (E),Achilles (A),4,3,1756,1589,0.714,0.085,0.201,6,3,-14.0,14.8,155,158
1927-10-23,Eendracht,Bilthoven,3,2,1848,1871,0.447,0.130,0.422,3,2,12.7,-12.1,156,152
1927-10-23,Excelsior,DVD²,1,2,2016,1912,0.637,0.095,0.267,6,4,-30.4,24.9,154,140
1927-10-23,Fraternitas,Spodato,2,4,1318,1287,0.532,0.112,0.356,4,3,-40.2,35.7,179,168
1927-10-23,HKC (He),AKC (Al),0,5,1465,1666,0.220,0.115,0.666,0,2,-28.0,21.9,156,136
1927-10-23,HSV,Fluks,2,0,1854,1953,0.347,0.119,0.535,2,3,30.0,-30.8,143,145
1927-10-23,Hercules,Olympia (B),1,5,1738,1913,0.252,0.110,0.638,1,3,-23.5,24.7,154,158
1927-10-23,KVD,OSCA,11,0,1631,1635,0.474,0.130,0.396,3,2,63.5,-46.1,179,150
1927-10-23,KVKV,BEP,2,1,1686,1754,0.391,0.115,0.494,3,4,17.6,-16.9,157,154
1927-10-23,KVTO,Kadimah,3,2,1347,1240,0.635,0.105,0.260,4,2,-7.3,7.8,231,236
1927-10-23,Olympiaan,KVR,0,4,1593,1663,0.383,0.125,0.491,1,2,-59.2,55.2,208,200
1927-10-23,Ons Eibernest,HBS (H),0,2,1803,1641,0.699,0.101,0.200,3,1,-55.1,53.9,161,159
1927-10-23,Phoenix (Z),Duno,6,0,1478,1268,0.753,0.088,0.159,4,1,50.2,-77.7,247,332
1927-10-23,SSS (Z),Nic,3,1,1759,1710,0.555,0.116,0.329,3,2,12.3,-14.1,146,159
1927-10-23,Samen Een,Rood Wit,2,0,1496,1547,0.415,0.114,0.470,3,4,41.8,-32.6,210,184
1927-10-23,Sparta (Ze),UNA (L),5,2,1619,1388,0.780,0.075,0.145,5,2,2.8,-2.2,170,201
1927-10-23,TOGO (A),AW,1,2,1550,1668,0.315,0.130,0.556,1,2,-2.5,2.9,147,168
1927-10-23,Velocitas (A),Zwaluwen (H),0,0,1580,1596,0.501,0.045,0.454,22,21,-2.2,2.4,155,161
1927-10-23,Wilskracht,Rapid (Ap),5,0,1282,1035,0.792,0.076,0.132,5,1,29.2,-37.8,219,263
1927-10-30,'t Overschotje,Wilhelmina²,8,1,1343,1231,0.638,0.110,0.252,3,2,66.2,-80.9,237,269
1927-10-30,ALO,Die Haghe,1,1,1572,1591,0.452,0.133,0.415,3,2,-1.8,1.8,157,157
1927-10-30,AW,Volharding (A),2,3,1671,1635,0.528,0.133,0.339,2,1,-24.4,23.0,157,153
1927-10-30,Actief,Amersfoort,9,6,1680,1543,0.668,0.109,0.223,3,1,14.3,-12.3,155,142
1927-10-30,Blauw Wit,ASVA,4,0,1610,1457,0.690,0.103,0.208,3,1,17.8,-21.9,147,166
1927-10-30,DED,ReadyTekca,0,14,1507,1880,0.094,0.064,0.842,1,4,-17.1,17.2,156,156
1927-10-30,DEV,KZ,3,3,1877,1963,0.362,0.121,0.517,2,3,6.9,-7.1,147,149
1927-10-30,DOS (E),Zwart Wit,8,1,1742,1514,0.774,0.082,0.144,4,1,19.8,-19.1,148,146
1927-10-30,DVD²,DTV,2,4,1937,1898,0.546,0.107,0.347,5,4,-25.5,31.5,135,150
1927-10-30,Duno,Graaf Willem 2,1,4,1191,1573,0.088,0.064,0.847,0,4,1.5,3.0,280,215
1927-10-30,Emma,Vitesse (Haag),4,3,1522,1561,0.426,0.128,0.446,1,2,21.4,-18.7,199,185
1927-10-30,Fluks,Zuiden (R),2,4,1922,2125,0.225,0.099,0.676,2,4,-1.5,1.4,139,149
1927-10-30,Forward,WWMD,4,2,1690,1565,0.660,0.099,0.241,4,2,7.3,-7.8,206,228
1927-10-30,Friso (L),Voorwaarts (M),2,4,1713,1916,0.223,0.100,0.677,2,4,-1.7,1.7,152,140
1927-10-30,HBS (H),Rozenburg,3,0,1695,1515,0.721,0.097,0.182,3,1,9.2,-11.1,152,174
1927-10-30,HKV,DKC (De),3,2,1833,1747,0.603,0.117,0.280,3,1,-2.2,2.3,147,149
1927-10-30,HSV,Deetos,3,1,1884,1901,0.458,0.125,0.416,3,2,18.9,-20.5,137,143
1927-10-30,KVO,Haarlem,0,1,1640,1784,0.288,0.116,0.595,2,3,1.7,-1.7,161,162
1927-10-30,KVR,Rood Wit (H),5,4,1718,1512,0.749,0.090,0.161,4,1,-20.2,20.9,183,185
1927-10-30,Moedig Voorwaarts (B),Quick '21,1,2,1691,1540,0.688,0.101,0.211,4,1,-76.9,38.0,242,171
1927-10-30,NHM (R),Progress,4,0,1534,1322,0.760,0.082,0.159,5,2,20.5,-26.9,201,245
1927-10-30,Naas²,AKC (Al),5,3,1950,1688,0.803,0.076,0.121,4,1,-8.8,7.5,142,132
1927-10-30,Noviomagum,ZKC (Zu),1,2,1771,1569,0.745,0.090,0.164,4,1,-54.5,39.7,174,149
1927-10-30,Olympia (B),KVD,5,2,1938,1695,0.789,0.077,0.135,4,1,1.6,-1.4,150,165
1927-10-30,Oosterpark,Hercules,3,2,1663,1715,0.408,0.128,0.465,1,2,15.2,-14.9,148,147
1927-10-30,Oranje Nassau,Nausikaa,7,0,1640,1868,0.198,0.097,0.705,1,4,118.2,-194.6,218,282
1927-10-30,Rapiditas,Hellas,1,9,1398,1727,0.118,0.076,0.806,1,4,-24.9,19.9,177,156
1927-10-30,Rohda (A),SVK,2,2,1704,1612,0.616,0.105,0.279,4,3,-24.9,22.6,208,199
1927-10-30,Rood Zwart,SSS (Z),4,2,1712,1772,0.401,0.118,0.481,2,3,28.6,-23.4,156,140
1927-10-30,Sparta (A)²,Zwaluwen (H),2,5,1469,1598,0.302,0.125,0.573,1,2,-24.0,22.5,156,151
1927-10-30,Sport Vereent,Victoria (A),1,4,1634,1510,0.692,0.036,0.272,26,21,-50.6,49.1,204,201
1927-10-30,UDI (H),Rood Wit,5,0,1417,1514,0.350,0.115,0.535,3,4,110.3,-58.7,240,171
1927-10-30,WK,Kinea (A),12,1,1861,1549,0.842,0.067,0.091,3,0,15.2,-15.8,148,151
1927-10-30,WKC,SGOC,0,1,1374,1208,0.710,0.090,0.200,5,2,-62.5,53.4,216,200
1927-10-30,Westerkwartier,Excelsior,4,5,1900,1986,0.363,0.121,0.516,2,3,-5.1,5.1,147,147
1927-11-06,Be Quick,Rapiditas,3,0,1462,1374,0.603,0.120,0.277,2,1,23.6,-24.2,167,170
1927-11-06,DES (V),SSS (T),9,0,1169,911,0.801,0.076,0.123,4,1,33.7,-36.2,203,212
1927-11-06,Excelsior (K),SDL,4,1,1002,1023,0.459,0.113,0.429,5,4,29.6,-50.0,156,208
1927-11-06,HKV,Vitesse (Leiden),1,3,1832,1931,0.344,0.122,0.533,2,3,-13.7,16.6,141,157
1927-11-06,KVD,Hercules,6,0,1695,1701,0.472,0.128,0.400,3,2,49.5,-39.3,158,140
1927-11-06,Quick '21,Moedig Voorwaarts (B),1,1,1579,1615,0.432,0.123,0.445,2,3,0.6,-1.0,164,214
1927-11-06,ZKC (Zu),EKCA,0,3,1610,1843,0.196,0.092,0.712,2,4,-7.7,9.9,145,173
1927-11-13,'t Overschotje,Onder Ons,2,2,1410,1504,0.361,0.106,0.533,4,5,13.1,-11.6,216,204
1927-11-13,ALO,HBS (H),3,1,1572,1706,0.299,0.119,0.582,2,3,38.3,-37.6,151,150
1927-11-13,AW,ASVA,7,1,1648,1436,0.752,0.094,0.154,3,0,21.3,-23.5,151,160
1927-11-13,Achilles (A),Naas²,1,2,1605,1943,0.118,0.062,0.820,3,7,26.5,-21.4,156,142
1927-11-13,Actief,Velocitas (A),3,1,1696,1580,0.681,0.039,0.280,24,20,-9.7,9.9,150,152
1927-11-13,Ambakor,Duno,6,1,1477,1194,0.822,0.069,0.108,4,1,22.2,-30.5,203,254
1927-11-13,BEP,KVO,5,1,1739,1644,0.619,0.108,0.273,4,2,23.4,-24.5,151,154
1927-11-13,Bilthoven,OSCA,4,0,1860,1591,0.809,0.076,0.115,3,0,8.3,-8.2,150,148
1927-11-13,DDV,KZ,3,1,2010,1958,0.559,0.116,0.325,3,2,12.8,-11.6,153,144
1927-11-13,DOS (E),HKC (He),10,1,1764,1439,0.853,0.061,0.086,4,0,14.0,-15.1,147,154
1927-11-13,DTV,Swift,3,4,1931,1941,0.469,0.121,0.409,4,3,-14.4,13.2,145,139
1927-11-13,Deetos,Velox,2,5,1882,1912,0.441,0.125,0.434,3,2,-29.4,34.2,139,151
1927-11-13,Fluks,HSV,4,1,1922,1905,0.510,0.120,0.371,3,2,22.7,-21.9,138,135
1927-11-13,Gooiers,Zwaluw²,9,2,1682,1295,0.893,0.046,0.061,5,1,16.5,-18.7,193,210
1927-11-13,HKV,Zuiden (R),1,2,1818,2128,0.132,0.077,0.791,1,4,16.8,-19.8,135,146
1927-11-13,KVD,Eendracht,2,0,1745,1862,0.321,0.120,0.560,2,3,34.7,-36.4,149,153
1927-11-13,KVKV,DED,8,0,1706,1492,0.760,0.083,0.157,5,2,23.1,-23.6,153,155
1927-11-13,KVR,ODI (H),5,0,1699,1539,0.701,0.097,0.202,4,2,28.5,-32.4,175,189
1927-11-13,LUTO,Concordia²,3,1,1692,1395,0.831,0.070,0.099,4,0,-10.4,21.9,179,233
1927-11-13,OKC,VOP,1,6,1031,964,0.585,0.107,0.308,4,3,-90.0,62.3,200,165
1927-11-13,Olympiaan,Achilles (H),1,10,1535,1748,0.212,0.102,0.686,1,3,-44.2,40.8,192,183
1927-11-13,Rohda (A),KCN,1,1,1680,1590,0.614,0.107,0.279,4,2,-22.4,20.1,191,182
1927-11-13,SGOC,WKC,1,1,1263,1313,0.417,0.115,0.468,3,4,3.1,-3.5,188,199
1927-11-13,SVK,Avanti²,1,5,1636,1464,0.718,0.088,0.194,5,3,-86.6,99.7,185,198
1927-11-13,Sport,Volharding (A),4,3,1587,1660,0.380,0.124,0.496,2,3,20.2,-17.3,160,148
1927-11-13,Stormvogels,Fraternitas,0,6,1111,1279,0.263,0.107,0.630,2,4,-46.0,37.3,191,170
1927-11-13,Trekvogels (R),Ons Zwaluwennest,5,0,1745,1707,0.541,0.114,0.346,4,3,55.4,-49.3,201,188
1927-11-13,UNA (L),Wees Kwiek,2,0,1388,1389,0.487,0.115,0.399,4,3,27.0,-23.0,192,175
1927-11-13,Victoria (A),Sportief,1,3,1561,1714,0.271,0.128,0.601,0,2,-16.6,16.1,187,183
1927-11-13,Voorwaarts (M),Nic,9,2,1920,1697,0.771,0.078,0.152,5,2,17.4,-21.1,139,155
1927-11-13,Westerkwartier,DEV,1,1,1897,1886,0.499,0.123,0.378,3,2,-5.3,5.2,143,143
1927-11-13,Wilhelmina²,Mercedes,2,1,1152,1353,0.222,0.108,0.670,1,3,68.4,-47.0,235,196
1927-11-13,Zwanenberg²,VIOS (Bo),0,3,1106,1135,0.446,0.117,0.437,4,3,-38.9,64.6,177,235
1927-11-20,ASVA,Sport,1,2,1413,1607,0.231,0.106,0.663,1,3,8.2,-7.8,153,150
1927-11-20,Actief,De Tovers,3,0,1686,1520,0.705,0.100,0.195,3,1,9.2,-9.9,144,150
1927-11-20,Amsterdam Zuid,District V,3,2,1520,1543,0.453,0.122,0.425,4,3,19.3,-18.8,217,214
1927-11-20,BEP,ZKV (Za),2,1,1763,1585,0.724,0.088,0.188,5,2,-12.1,19.1,144,176
1927-11-20,Bilthoven,KVD,1,4,1869,1780,0.610,0.113,0.278,3,2,-47.3,44.7,146,142
1927-11-20,DEV,DDV,3,2,1891,2023,0.305,0.114,0.582,2,3,21.6,-24.3,137,145
1927-11-20,DVD²,DTV,2,1,1913,1917,0.486,0.109,0.405,5,4,6.2,-6.3,136,138
1927-11-20,Eendracht,Hercules,4,0,1826,1661,0.700,0.106,0.194,2,0,17.4,-15.8,145,137
1927-11-20,Excelsior (K),SDO (K)²,14,2,1032,1032,0.491,0.110,0.399,5,4,46.0,-60.4,151,175
1927-11-20,Excelsior,Westerkwartier,3,5,1993,1892,0.627,0.109,0.265,4,2,-39.2,34.8,145,137
1927-11-20,GKV,SDO (L),4,1,1695,1547,0.686,0.099,0.215,4,2,16.1,-17.6,186,197
1927-11-20,HSV,Zuiden (R),3,2,1883,2109,0.204,0.093,0.704,2,5,28.4,-34.0,130,142
1927-11-20,Hellas,Noviomagum,4,0,1749,1718,0.530,0.117,0.353,4,3,33.2,-38.4,157,170
1927-11-20,KVO,KVKV,0,2,1620,1729,0.333,0.117,0.550,2,3,-12.8,13.0,147,148
1927-11-20,KZ,Swift,1,1,1947,1955,0.472,0.124,0.404,3,2,-2.8,2.6,138,133
1927-11-20,ODI (H),Achilles (H),0,1,1507,1790,0.152,0.083,0.764,1,4,22.0,-20.8,176,172
1927-11-20,ODO²,Ons Zwaluwennest,2,3,1492,1658,0.266,0.105,0.629,2,4,7.2,-5.4,193,173
1927-11-20,Onder Ons,Wilhelmina²,11,0,1492,1220,0.817,0.065,0.118,6,2,27.7,-33.9,186,210
1927-11-20,Ons Eibernest,OSCR,3,1,1749,1639,0.636,0.112,0.251,3,1,7.3,-6.6,161,150
1927-11-20,Oosterpark,Olympia (B),3,4,1680,1942,0.171,0.085,0.744,2,5,15.2,-16.4,146,151
1927-11-20,Osno,Hinde,2,5,1657,1641,0.511,0.115,0.374,4,3,-65.3,54.8,214,195
1927-11-20,Phoenix (Z),Graaf Willem 2,1,0,1530,1578,0.414,0.126,0.459,1,2,28.6,-23.3,233,208
1927-11-20,Rapiditas,EKCA,1,0,1350,1853,0.046,0.037,0.917,0,5,67.9,-71.5,162,165
1927-11-20,Rood Wit (H),Olympiaan,1,0,1535,1491,0.547,0.118,0.335,3,2,3.7,-3.6,179,178
1927-11-20,SGOC,SSS (T),4,0,1266,874,0.894,0.047,0.059,5,0,1.3,-0.4,173,200
1927-11-20,TOV (D),Trekvogels (R),1,3,1587,1800,0.215,0.096,0.689,2,4,-1.8,2.0,195,182
1927-11-20,Velox,DKC (De),11,0,1947,1751,0.742,0.087,0.171,4,2,22.6,-23.8,143,147
1927-11-20,Vitesse (Leiden),Deetos,1,3,1948,1853,0.616,0.111,0.272,3,2,-41.2,32.8,150,134
1927-11-20,Volharding (A),Blauw Wit,1,0,1643,1630,0.502,0.124,0.374,3,2,6.0,-6.5,141,147
1927-11-20,WKC,DES (V),8,1,1310,1205,0.634,0.103,0.263,4,3,43.2,-48.5,181,193
1927-11-20,ZKC (Zu),Be Quick,1,2,1602,1485,0.642,0.115,0.244,2,1,-29.4,36.6,143,160
1927-11-20,Zwaluwen (H),SAMOS,1,2,1623,1770,0.284,0.113,0.602,2,3,2.3,-2.8,149,160
1927-11-27,Advendo,Concordia²,2,1,1597,1417,0.718,0.104,0.178,2,0,-13.8,20.7,185,218
1927-11-27,Baerne,Zwaluw²,16,0,1319,1276,0.549,0.114,0.337,4,3,67.8,-66.1,206,203
1927-11-27,Blauw Wit,TOGO (A),2,1,1622,1549,0.586,0.119,0.295,3,2,-0.7,1.0,140,152
1927-11-27,DED,KVO,2,4,1468,1605,0.297,0.117,0.586,2,3,-10.7,9.4,152,140
1927-11-27,DTV,KZ,2,3,1909,1943,0.437,0.122,0.441,2,3,-9.9,9.9,133,133
1927-11-27,DWS,Quick (D),0,3,1092,1337,0.183,0.094,0.723,1,4,-17.7,16.4,223,210
1927-11-27,Deetos,Fluks,7,0,1886,1945,0.399,0.126,0.475,1,2,41.9,-45.0,130,135
1927-11-27,Die Haghe,Ons Eibernest,2,5,1594,1756,0.265,0.118,0.617,1,2,-19.6,18.8,156,152
1927-11-27,EKCA,ZKC (Zu),1,1,1780,1571,0.754,0.087,0.159,4,1,-35.1,24.7,164,138
1927-11-27,Excelsior,DEV,5,0,1953,1912,0.545,0.114,0.340,4,3,30.6,-27.6,139,132
1927-11-27,HKV,Velox,2,2,1834,1971,0.297,0.118,0.585,2,3,11.6,-12.2,136,139
1927-11-27,HSV,DKC (De),3,0,1911,1726,0.731,0.089,0.180,4,2,4.6,-5.3,128,143
1927-11-27,Haarlem,ReadyTekca,5,2,1784,1899,0.327,0.116,0.557,2,3,47.9,-48.2,160,160
1927-11-27,Kadimah,KVTO,4,2,1249,1341,0.358,0.115,0.526,3,4,52.7,-51.2,218,215
1927-11-27,Nausikaa,Deska,0,9,1676,1686,0.468,0.125,0.407,3,2,-112.8,95.5,248,226
1927-11-27,Noviomagum,Be Quick,6,2,1679,1521,0.694,0.103,0.203,3,1,20.0,-18.5,158,151
1927-11-27,ODI (H),Olympiaan,2,0,1527,1486,0.544,0.118,0.338,3,2,16.8,-16.5,167,166
1927-11-27,OKC,SDL,3,3,941,972,0.443,0.118,0.439,4,3,-0.2,0.2,184,189
1927-11-27,OSCR,Rozenburg,1,1,1631,1505,0.656,0.109,0.235,3,1,-17.9,25.6,144,171
1927-11-27,Olympia (B),Bilthoven,5,0,1925,1821,0.631,0.108,0.261,4,2,26.3,-24.3,146,140
1927-11-27,SDO (L),Vitesse (Haag),3,4,1528,1543,0.465,0.118,0.417,4,3,-19.0,18.0,182,177
1927-11-27,Swift,DVD²,2,4,1956,1918,0.544,0.110,0.347,4,3,-24.3,25.2,129,131
1927-11-27,Velocitas (A),SAMOS,0,3,1590,1767,0.283,0.040,0.677,19,24,4.5,-4.8,148,151
1927-11-27,Vitesse (Leiden),Zuiden (R),4,6,1905,2074,0.263,0.104,0.633,3,4,-4.8,4.5,143,138
1927-11-27,Volharding (A),AW,2,2,1648,1670,0.447,0.136,0.417,2,1,-1.2,1.4,135,149
1927-12-04,DDV,Excelsior,4,4,1997,1982,0.510,0.112,0.378,4,3,-5.7,5.1,141,134
1927-12-04,DEV,Westerkwartier,1,1,1883,1925,0.426,0.120,0.454,2,3,1.0,-1.1,128,135
1927-12-04,De Tovers,SAMOS,1,5,1508,1761,0.176,0.091,0.733,1,4,-13.4,12.9,147,145
1927-12-04,Deetos,HSV,2,2,1926,1915,0.504,0.117,0.379,4,3,-4.5,4.4,126,126
1927-12-04,Duno,Phoenix (Z),0,2,1162,1556,0.085,0.057,0.858,1,5,28.7,-20.5,235,207
1927-12-04,Excelsa,Achilles (Am),8,1,1414,1309,0.634,0.104,0.262,4,2,52.3,-60.2,203,221
1927-12-04,Fraternitas,RCU,2,0,1315,1321,0.482,0.110,0.408,5,4,20.8,-25.0,165,183
1927-12-04,KCN,Rohda (A),1,5,1609,1657,0.420,0.115,0.465,3,4,-45.4,48.6,174,180
1927-12-04,KVD,Oosterpark,4,1,1823,1694,0.667,0.097,0.236,5,3,9.8,-10.4,139,145
1927-12-04,KVKV,Haarlem,1,2,1740,1831,0.361,0.113,0.526,3,4,-3.7,4.0,144,151
1927-12-04,Mercedes,'t Overschotje,1,1,1305,1422,0.323,0.117,0.560,2,3,14.4,-16.3,187,198
1927-12-04,NHM (A),SMN,13,0,1006,900,0.628,0.118,0.254,2,1,114.7,-39.9,334,175
1927-12-04,ODI (H),Rood Wit (H),1,0,1543,1536,0.498,0.116,0.386,4,3,7.1,-8.1,157,169
1927-12-04,Oranje Nassau,Deska,2,1,1758,1780,0.450,0.129,0.421,3,2,19.4,-18.3,210,203
1927-12-04,Schiedam,Spangen,3,1,1335,1432,0.355,0.109,0.536,3,4,61.7,-52.2,246,224
1927-12-04,Velocitas (A),Sparta (A)²,1,0,1593,1445,0.719,0.038,0.243,23,18,-15.8,20.0,142,158
1927-12-04,Velox,Vitesse (Leiden),4,1,1957,1899,0.572,0.108,0.320,4,3,15.9,-16.7,134,138
1927-12-04,Zwart Wit,DOS (E),0,2,1495,1777,0.155,0.078,0.766,2,5,7.4,-7.1,152,150
1927-12-11,AKC (Al),Achilles (A),7,4,1698,1633,0.584,0.103,0.313,5,4,16.5,-19.5,145,159
1927-12-11,Advendo,Ulyssus,5,0,1585,1281,0.838,0.066,0.097,4,1,15.3,-21.4,177,224
1927-12-11,Ambakor,Graaf Willem 2,5,3,1501,1554,0.408,0.123,0.469,2,3,40.5,-38.6,198,193
1927-12-11,Baerne,Gooiers,3,2,1388,1700,0.135,0.069,0.796,3,6,62.4,-65.0,189,193
1927-12-11,Be Quick,Hellas,1,0,1504,1783,0.155,0.084,0.761,1,4,41.5,-44.5,148,153
1927-12-11,Bilthoven,Eendracht,1,1,1797,1844,0.416,0.126,0.458,1,2,1.7,-1.9,138,145
1927-12-11,DES (V),SGOC,1,2,1156,1268,0.331,0.116,0.553,2,3,-2.8,2.7,182,174
1927-12-11,Emma,GKV,0,3,1546,1711,0.263,0.112,0.625,2,3,-25.4,22.7,191,178
1927-12-11,Excelsa,Nausikaa,8,2,1468,1564,0.353,0.116,0.531,2,3,74.6,-99.2,187,218
1927-12-11,Excelsior,KZ,2,2,1990,1954,0.540,0.112,0.348,4,3,-7.2,7.4,129,131
1927-12-11,HBS (H),OSCR,3,0,1669,1614,0.564,0.117,0.319,3,2,21.8,-19.6,151,142
1927-12-11,HSV,Vitesse (Leiden),2,2,1921,1885,0.540,0.113,0.347,4,3,-6.5,7.7,122,133
1927-12-11,Haarlem,DED,3,0,1837,1458,0.888,0.047,0.065,5,1,-8.1,8.7,143,147
1927-12-11,Hercules,KVD,1,6,1645,1835,0.237,0.106,0.657,2,3,-22.4,21.2,139,135
1927-12-11,Olympia (B),OSCA,10,0,1952,1584,0.882,0.049,0.068,5,1,11.0,-12.4,143,153
1927-12-11,ReadyTekca,BEP,4,1,1852,1751,0.631,0.101,0.268,5,3,14.7,-13.4,154,145
1927-12-11,Rood Wit (H),Achilles (H),1,9,1530,1769,0.190,0.093,0.717,2,4,-28.2,32.0,157,169
1927-12-11,SVK,Rohda (A),3,1,1551,1708,0.278,0.103,0.619,3,5,51.3,-43.9,180,167
1927-12-11,Sparta (A)²,Amersfoort,1,3,1467,1533,0.385,0.135,0.480,0,1,-21.5,21.4,151,150
1927-12-11,Swift,DTV,0,3,1933,1900,0.533,0.116,0.350,4,3,-31.5,33.0,128,131
1927-12-11,Ter Gouw,Sperwers,1,7,1512,1621,0.340,0.104,0.556,4,5,-45.9,45.9,175,175
1927-12-11,Westerkwartier,DDV,0,3,1926,1993,0.391,0.120,0.489,2,3,-21.9,23.6,130,135
1927-12-26,Achilles (A),Zwart Wit,3,1,1613,1504,0.644,0.095,0.261,5,4,3.3,-3.3,153,153
1928-01-08,Amstelodamum,Quick (A),1,2,1698,1655,0.547,0.117,0.336,3,2,-34.9,32.9,206,200
1928-01-08,DED,BEP,1,7,1467,1737,0.164,0.082,0.754,2,5,-20.3,19.0,153,148
1928-01-08,Die Haghe,ALO,0,3,1575,1611,0.432,0.127,0.441,1,2,-37.0,37.2,161,161
1928-01-08,EKCA,Rapiditas,5,0,1745,1417,0.857,0.058,0.085,5,1,9.9,-10.3,168,174
1928-01-08,HKV,Deetos,3,1,1847,1924,0.374,0.126,0.500,1,2,29.1,-25.1,145,134
1928-01-08,Sport,AW,2,1,1599,1672,0.380,0.128,0.492,1,2,20.1,-18.8,159,154
1928-01-08,Velox,HSV,2,5,1975,1914,0.575,0.110,0.315,4,3,-40.1,33.8,141,129
1928-01-15,ASVA,Swift,5,0,1421,1901,0.052,0.042,0.906,0,5,114.4,-77.1,164,136
1928-01-15,Avanti²,ReadyTekca,7,0,1564,1866,0.141,0.073,0.786,2,6,136.5,-82.5,200,156
1928-01-15,Baerne,Hinde,3,2,1450,1696,0.187,0.084,0.730,3,5,51.9,-55.3,187,193
1928-01-15,DDV,Westerkwartier,2,2,2016,1904,0.642,0.107,0.252,4,2,-17.2,16.2,141,138
1928-01-15,DVD²,Excelsior,6,1,1944,1982,0.439,0.106,0.455,4,5,39.5,-36.1,144,137
1928-01-15,DVD²,TOGO (A),5,0,1984,1582,0.903,0.040,0.058,7,2,1.0,-0.9,134,147
1928-01-15,Deska,Excelsa,2,2,1764,1543,0.765,0.087,0.148,3,1,-45.5,39.3,195,182
1928-01-15,Eskavee,AW,0,4,1196,1653,0.060,0.044,0.896,1,6,6.1,0.9,252,146
1928-01-15,HBS (H),Die Haghe,0,3,1691,1538,0.690,0.102,0.208,3,1,-59.9,58.1,153,151
1928-01-15,Hercules,Bilthoven,0,3,1622,1799,0.250,0.113,0.637,1,3,-15.2,14.9,145,144
1928-01-15,KVD,Olympia (B),1,1,1856,1963,0.341,0.108,0.551,3,4,8.9,-10.2,142,152
1928-01-15,Naas²,DOS (E),2,2,1922,1771,0.693,0.092,0.215,5,3,-25.3,24.7,160,158
1928-01-15,Noviomagum,Hellas,5,1,1699,1738,0.432,0.118,0.450,2,3,46.5,-42.7,165,158
1928-01-15,OKC,SDO (K)²,1,7,942,971,0.449,0.112,0.440,5,4,-63.2,60.1,182,177
1928-01-15,Oranje Nassau,Achilles (Am),6,0,1780,1251,0.948,0.025,0.027,6,0,4.5,-4.5,199,208
1928-01-15,Osno,Gooiers,9,1,1592,1634,0.429,0.113,0.458,3,4,82.9,-72.2,205,190
1928-01-15,Rapiditas,Be Quick,1,3,1406,1545,0.294,0.119,0.586,1,3,-13.3,11.5,168,154
1928-01-15,Rohda (A),SVB,10,1,1663,1229,0.916,0.036,0.048,6,1,12.3,-22.3,167,247
1928-01-15,SMN,NHM (A),1,5,862,1123,0.167,0.095,0.738,1,3,-22.1,40.7,179,270
1928-01-15,Sparta (A)²,LUTO,0,2,1445,1682,0.190,0.096,0.714,1,4,-0.2,-1.2,153,189
1928-01-15,Stormvogels,Spodato,0,3,1066,1325,0.174,0.085,0.741,2,5,-8.7,8.2,193,182
1928-01-15,TOGO (A),Sport,2,0,1550,1619,0.387,0.121,0.491,2,3,31.4,-28.0,159,150
1928-01-15,Volharding (A),Victoria (A),3,0,1647,1545,0.626,0.113,0.261,3,1,16.3,-25.1,147,190
1928-01-15,WKC,Olympia '22,8,0,1354,1146,0.760,0.074,0.166,7,3,31.5,-28.9,184,175
1928-01-15,Zwanenberg²,EMM,12,1,1067,943,0.660,0.099,0.241,5,3,44.6,-41.0,184,175
1928-01-22,ASVA,TOGO (A),3,5,1536,1581,0.421,0.121,0.458,2,3,-24.5,20.4,162,146
1928-01-22,Achilles (Am),Deska,1,4,1247,1719,0.055,0.042,0.903,1,5,15.9,-11.6,204,183
1928-01-22,DVD²,KZ,2,4,1985,1961,0.527,0.108,0.366,5,4,-24.0,26.3,134,141
1928-01-22,DVD²,TOGO (A),6,1,1961,1602,0.879,0.048,0.073,6,2,2.6,-2.8,127,137
1928-01-22,De Tovers,Sparta (A)²,2,1,1497,1446,0.554,0.125,0.321,2,1,2.4,-2.2,158,148
1928-01-22,ELTO,TOP (Vl),4,0,1645,1625,0.517,0.116,0.368,4,3,44.0,-56.7,186,215
1928-01-22,Eendracht,Olympia (B),5,5,1843,1953,0.334,0.113,0.552,3,4,10.5,-9.5,152,144
1928-01-22,GKV,Vitesse (Haag),3,4,1734,1563,0.715,0.092,0.192,4,2,-48.4,49.5,178,180
1928-01-22,KVD,Bilthoven,4,4,1865,1814,0.559,0.116,0.325,3,2,-9.5,9.8,137,138
1928-01-22,KVR,Olympiaan,6,0,1729,1471,0.802,0.074,0.124,4,1,23.6,-20.9,185,172
1928-01-22,Naas²,Zwart Wit,5,0,1897,1501,0.897,0.044,0.058,5,1,3.7,-3.8,152,153
1928-01-22,Olympia '22,SGOC,1,1,1118,1271,0.283,0.104,0.613,3,4,17.7,-19.3,167,174
1928-01-22,Quick (D),BKC²,8,0,1355,1355,0.489,0.114,0.397,4,3,76.5,-56.4,208,175
1928-01-22,SDO (K)²,VOP,1,2,1032,1027,0.499,0.107,0.394,5,4,-17.8,20.4,165,177
1928-01-22,SVK,KVO,5,0,1602,1616,0.467,0.118,0.414,4,3,55.5,-42.0,178,153
1928-01-22,Spartaan,Spangen,4,2,1719,1382,0.864,0.054,0.082,5,1,-26.3,24.8,218,213
1928-01-22,Spartaan,Spangen,6,2,1692,1407,0.827,0.065,0.108,5,1,10.1,-9.9,205,201
1928-01-22,Swift,DDV,2,6,1825,2000,0.253,0.110,0.637,2,3,-18.9,19.0,136,136
1928-01-22,Westerkwartier,DTV,1,3,1921,1933,0.468,0.121,0.411,4,3,-21.2,23.6,133,141
1928-01-22,Wilhelmina²,Onder Ons,1,7,1186,1523,0.119,0.063,0.818,3,6,-24.9,21.8,211,194
1928-01-22,ZKC (Zu),Noviomagum,0,6,1597,1746,0.284,0.112,0.604,2,3,-34.3,34.6,154,155
1928-01-29,ALO,Ons Eibernest,0,1,1649,1777,0.309,0.118,0.573,2,3,-0.5,0.4,156,165
1928-01-29,Amersfoort,Actief,2,1,1555,1696,0.290,0.120,0.589,1,2,29.2,-30.7,158,162
1928-01-29,Amstelodamum,DVD²,4,2,1664,1964,0.142,0.073,0.785,2,6,86.9,-37.5,191,127
1928-01-29,DES (V),Olympia '22,4,1,1154,1136,0.515,0.112,0.373,4,3,33.5,-25.9,181,157
1928-01-29,DOS (E),AKC (Al),5,3,1797,1715,0.603,0.109,0.288,4,2,8.6,-8.6,153,154
1928-01-29,DVG,Quick (A),2,9,1610,1689,0.377,0.115,0.508,3,4,-105.9,56.3,270,187
1928-01-29,Eendracht,KVD,2,3,1854,1856,0.482,0.121,0.397,4,3,-15.4,13.0,144,132
1928-01-29,Graaf Willem 2,Duno,3,0,1516,1194,0.852,0.061,0.087,4,0,-1.6,5.6,189,231
1928-01-29,KVO,ReadyTekca,2,0,1574,1784,0.217,0.101,0.682,2,4,43.9,-49.0,146,154
1928-01-29,Kweekschool,HERO,1,4,1295,1469,0.259,0.100,0.641,3,5,-21.5,29.8,194,241
1928-01-29,Oranje Nassau,Excelsa,2,2,1785,1583,0.746,0.091,0.163,3,1,-44.3,34.1,198,175
1928-01-29,SDO (K)²,SDL,2,0,1014,974,0.549,0.108,0.344,5,4,12.8,-18.0,155,190
1928-01-29,Sparta (A)²,SAMOS,4,3,1444,1777,0.117,0.075,0.809,1,4,42.8,-54.2,141,158
1928-01-29,Sport,District V,0,5,1593,1525,0.582,0.115,0.303,3,2,-50.6,101.9,145,210
1928-01-29,Swift,Excelsior,0,1,1806,1947,0.294,0.113,0.593,2,3,1.6,-1.7,132,135
1928-01-29,Velox,Fluks,5,1,1936,1902,0.537,0.115,0.348,4,3,27.0,-31.0,140,151
1928-01-29,Wilhelmina²,'t Overschotje,1,2,1162,1409,0.183,0.091,0.726,2,4,19.6,-18.8,198,195
1928-01-29,ZKC (Zu),Rapiditas,4,0,1563,1394,0.709,0.099,0.192,3,1,16.1,-18.8,146,160
1928-02-05,DOS (M),TOP (Vl),6,1,1540,1567,0.453,0.113,0.434,5,4,58.2,-62.9,186,194
1928-02-05,LOV,VIOS (M),4,3,1375,1439,0.393,0.124,0.482,2,3,43.9,-19.8,285,185
1928-02-05,OSCR,ALO,3,1,1594,1647,0.409,0.124,0.467,2,3,28.0,-25.9,154,148
1928-02-05,Oosterpark,Bilthoven,3,4,1685,1823,0.299,0.111,0.590,2,4,2.1,-1.2,160,136
1928-02-05,ReadyTekca,DED,4,0,1734,1446,0.828,0.066,0.106,5,1,4.8,-5.1,147,156
1928-02-05,Swift,DEV,4,3,1806,1886,0.373,0.123,0.504,2,3,14.2,-18.4,128,146
1928-02-05,VIOS (Bo),EMM,11,0,1199,902,0.837,0.061,0.102,6,2,34.0,-21.4,224,169
1928-02-05,Zuiden (R),Velox,7,2,2078,1961,0.652,0.098,0.250,5,3,26.4,-20.2,157,135
1928-02-12,'t Overschotje,Mercedes,3,1,1388,1321,0.581,0.116,0.303,3,2,15.7,-16.7,184,191
1928-02-12,ASVA,Amstelodamum,1,6,1510,1749,0.191,0.091,0.718,2,4,-21.4,27.5,156,181
1928-02-12,Achilles (H),KVR,0,1,1800,1751,0.556,0.116,0.329,3,2,-29.2,29.9,178,180
1928-02-12,Actief,Sparta (A)²,6,3,1664,1485,0.721,0.096,0.183,3,1,8.6,-7.5,155,142
1928-02-12,BKC²,Paars Wit,9,0,1298,1234,0.577,0.114,0.308,3,2,44.5,-74.3,168,226
1928-02-12,DED,Avanti²,2,12,1441,1700,0.175,0.082,0.743,3,5,-25.1,38.2,152,193
1928-02-12,DOS (M),VIOS (M),1,2,1599,1419,0.725,0.090,0.185,4,2,-46.9,48.3,171,174
1928-02-12,DVD²,DDV,2,4,1925,2018,0.362,0.107,0.530,4,5,-10.4,11.7,129,138
1928-02-12,Excelsa,Oranje Nassau,2,4,1615,1739,0.314,0.120,0.566,2,3,-15.3,18.0,169,186
1928-02-12,HBS (H),Ons Eibernest,1,4,1630,1775,0.288,0.115,0.597,2,3,-19.9,20.5,155,157
1928-02-12,Haarlem,KVO,6,3,1828,1617,0.757,0.086,0.157,4,1,5.2,-4.6,162,143
1928-02-12,Hercules,OSCA,1,0,1607,1570,0.533,0.128,0.339,2,1,4.2,-5.2,148,169
1928-02-12,KVD,KVTO,10,0,1868,1290,0.960,0.019,0.021,7,0,3.9,-8.1,131,213
1928-02-12,Nausikaa,Achilles (Am),6,1,1464,1262,0.753,0.079,0.168,6,3,28.4,-26.7,209,201
1928-02-12,SGOC,Olympia '22,3,3,1251,1109,0.682,0.095,0.223,5,2,-26.6,21.7,167,151
1928-02-12,Spodato,Fraternitas,1,1,1332,1337,0.485,0.110,0.405,5,4,-4.7,4.6,179,176
1928-02-12,TOGO (A),Volharding (A),3,4,1598,1663,0.393,0.123,0.484,2,3,-7.4,8.2,142,149
1928-02-12,Velocitas (A),De Tovers,4,0,1578,1498,0.635,0.044,0.321,21,18,4.8,-4.6,160,154
1928-02-12,Velox,HKV,4,1,1941,1875,0.580,0.115,0.305,3,2,15.9,-19.9,131,149
1928-02-12,Westerkwartier,Swift,2,2,1898,1820,0.593,0.119,0.288,3,1,-12.5,10.7,134,125
1928-02-19,ASVA,Blauw Wit,1,8,1488,1621,0.306,0.113,0.582,2,4,-36.4,42.2,150,163
1928-02-19,DKC (De),Zuiden (R),0,3,1720,2104,0.091,0.056,0.853,2,6,7.7,-5.9,166,151
1928-02-19,DTV,Excelsior,5,1,1955,1943,0.507,0.114,0.379,4,3,30.0,-27.4,143,136
1928-02-19,Deetos,Vitesse (Leiden),2,2,1897,1891,0.497,0.119,0.385,4,3,-4.8,5.4,143,152
1928-02-19,Deska,Oranje Nassau,2,2,1706,1757,0.409,0.132,0.460,1,2,3.2,-2.8,185,171
1928-02-19,District V,SVK,1,2,1624,1656,0.444,0.117,0.439,4,3,-17.7,14.4,191,171
1928-02-19,Eendracht,Oosterpark,6,1,1836,1686,0.690,0.098,0.212,4,2,20.5,-23.2,143,153
1928-02-19,Fluks,Velox,2,2,1868,1956,0.364,0.116,0.520,2,3,7.5,-5.4,149,128
1928-02-19,Graaf Willem 2,Phoenix (Z),1,4,1512,1536,0.450,0.126,0.424,3,2,-46.9,61.0,187,216
1928-02-19,HSV,HKV,1,2,1947,1855,0.615,0.113,0.273,3,2,-25.7,26.5,139,142
1928-02-19,Hinde,Osno,2,3,1640,1673,0.442,0.113,0.444,3,4,-16.0,16.8,189,193
1928-02-19,KCN,Avanti²,2,4,1564,1738,0.261,0.097,0.642,3,5,-5.9,5.8,184,180
1928-02-19,KVKV,KVO,2,0,1737,1612,0.660,0.102,0.238,4,2,3.4,-3.0,163,140
1928-02-19,KZ,DDV,3,2,1986,2029,0.426,0.119,0.455,2,3,12.5,-10.7,143,132
1928-02-19,Olympia '22,DES (V),0,0,1130,1185,0.411,0.114,0.475,3,4,2.7,-3.7,146,171
1928-02-19,Quick (D),DWS,5,0,1430,1074,0.875,0.052,0.073,5,1,11.5,-13.6,192,223
1928-02-19,RCU,Stormvogels,3,0,1297,1056,0.788,0.076,0.136,5,2,3.1,-3.1,189,188
1928-02-19,ReadyTekca,ZKV (Za),9,1,1738,1602,0.674,0.098,0.228,4,2,28.3,-45.0,147,191
1928-02-19,Rozenburg,HBS (H),8,2,1530,1610,0.373,0.122,0.504,2,3,76.6,-50.0,184,147
1928-02-19,SAMOS,Sparta (A)²,3,0,1720,1477,0.788,0.079,0.133,4,1,1.9,-1.9,158,138
1928-02-19,Trekvogels (R),TOV (D),4,4,1801,1584,0.767,0.079,0.154,5,2,-43.3,47.4,196,204
1928-02-19,Vitesse (Haag),Emma,4,2,1610,1519,0.615,0.111,0.274,3,2,10.7,-12.4,176,194
1928-02-19,Zwaluwen (H),Velocitas (A),3,0,1623,1582,0.581,0.047,0.372,20,18,6.2,-5.2,172,152
1928-02-19,Zwart Wit,HKC (He),5,1,1496,1423,0.586,0.119,0.295,3,1,29.9,-37.5,159,180
1928-02-26,AW,TOGO (A),4,1,1652,1590,0.570,0.126,0.305,2,1,24.7,-19.7,158,139
1928-02-26,Achilles (H),Olympiaan,5,3,1770,1448,0.852,0.060,0.088,5,1,-16.4,18.0,168,174
1928-02-26,Amersfoort,Zwaluwen (H),1,2,1582,1629,0.410,0.139,0.451,0,1,-13.0,13.4,157,160
1928-02-26,BKC²,Quick (D),0,1,1341,1441,0.351,0.110,0.539,3,4,-3.4,4.0,162,186
1928-02-26,DDV,DEV,9,0,2018,1866,0.692,0.096,0.211,4,2,21.4,-26.7,128,144
1928-02-26,DKC (De),Deetos,1,6,1727,1893,0.266,0.108,0.625,2,4,-31.7,23.8,161,137
1928-02-26,DVD²,Swift,2,3,1914,1830,0.608,0.106,0.286,4,3,-21.2,20.1,128,125
1928-02-26,EMM,Zwanenberg²,1,6,879,1111,0.199,0.090,0.711,2,5,-24.4,27.7,169,182
1928-02-26,HERO,Progress,4,1,1497,1296,0.750,0.081,0.169,5,2,11.1,-12.0,218,247
1928-02-26,HKC (He),Naas²,2,11,1386,1899,0.043,0.037,0.920,0,5,-10.3,9.7,167,160
1928-02-26,Hellas,ZKC (Zu),6,2,1694,1577,0.648,0.106,0.246,4,2,24.2,-21.1,161,149
1928-02-26,Hinde,Gooiers,6,0,1624,1561,0.578,0.110,0.312,4,3,43.6,-49.2,173,186
1928-02-26,KZ,DTV,4,1,1998,1985,0.506,0.117,0.376,4,3,22.3,-22.2,137,136
1928-02-26,LUTO,Quick (A),0,3,1680,1743,0.398,0.118,0.484,2,3,-39.7,37.8,187,182
1928-02-26,Nausikaa,Excelsa,5,1,1491,1599,0.338,0.113,0.549,3,4,75.4,-52.1,196,161
1928-02-26,OSCA,KVD,2,15,1564,1871,0.136,0.077,0.787,1,4,-23.3,17.2,160,135
1928-02-26,Olympia (B),Hercules,8,0,1942,1610,0.860,0.057,0.084,5,1,13.2,-12.4,149,144
1928-02-26,Onder Ons,Mercedes,10,2,1543,1303,0.790,0.071,0.140,6,2,30.6,-26.9,192,178
1928-02-26,Osno,Baerne,3,1,1690,1501,0.740,0.080,0.180,6,3,-5.8,6.9,177,187
1928-02-26,Phoenix (Z),Ambakor,2,1,1597,1539,0.570,0.113,0.317,4,2,1.4,-1.4,192,200
1928-02-26,Rapiditas,Noviomagum,0,6,1373,1779,0.080,0.056,0.865,1,5,-11.7,11.3,160,157
1928-02-26,SAMOS,Actief,6,0,1722,1672,0.558,0.116,0.327,3,2,38.0,-37.4,153,152
1928-02-26,Sperwers,Ter Gouw,4,5,1666,1464,0.753,0.078,0.169,6,3,-54.4,54.4,185,185
1928-02-26,Vitesse (Leiden),HKV,5,0,1896,1881,0.507,0.122,0.371,3,2,36.3,-32.7,144,136
1928-02-26,Volharding (A),KVD,0,3,1670,1888,0.213,0.092,0.695,3,5,-7.6,6.5,145,130
1928-02-26,Voorwaarts (M),Kinea (A),16,1,1936,1534,0.902,0.040,0.057,6,1,14.0,-15.9,171,185
1928-02-26,ZKV (Za),ReadyTekca,2,1,1557,1766,0.220,0.096,0.683,2,4,46.1,-29.8,176,142
1928-02-26,Zuiden (R),Fluks,6,1,2098,1876,0.771,0.079,0.150,5,2,14.5,-13.2,149,141
1928-02-26,Zwart Wit,AKC (Al),3,5,1526,1704,0.250,0.109,0.641,2,3,-5.7,5.8,151,154
1928-03-04,AKC (Al),Naas²,1,10,1709,1907,0.231,0.099,0.670,2,4,-29.3,33.8,147,159
1928-03-04,AW,Sparta (A)²,4,1,1675,1473,0.742,0.098,0.160,2,0,7.8,-7.0,149,138
1928-03-04,Advendo,LUTO,5,5,1596,1638,0.426,0.124,0.451,2,3,1.7,-1.3,194,172
1928-03-04,DTV,DVD²,3,3,1961,1891,0.591,0.104,0.305,5,3,-11.1,10.0,131,125
1928-03-04,DWS,BKC²,2,4,1059,1336,0.157,0.085,0.758,1,4,9.8,-3.3,213,153
1928-03-04,De Tovers,Amersfoort,3,1,1491,1567,0.370,0.137,0.492,0,1,32.6,-31.2,152,148
1928-03-04,Deska,Westerkwartier,5,0,1707,1881,0.252,0.116,0.632,1,2,83.9,-47.9,172,129
1928-03-04,EKCA,Noviomagum,4,2,1752,1789,0.437,0.116,0.446,2,3,30.7,-23.3,179,154
1928-03-04,EMM,VIOS (Bo),1,15,853,1231,0.094,0.058,0.848,2,6,-18.5,29.8,161,214
1928-03-04,Excelsa,Meeuwen,2,1,1546,1479,0.579,0.118,0.303,3,2,0.2,0.2,153,175
1928-03-04,Excelsior (K),OKC,4,2,1078,875,0.753,0.079,0.168,6,3,-7.2,7.7,177,181
1928-03-04,Fluks,DKC (De),5,0,1861,1694,0.710,0.094,0.196,4,2,17.8,-21.1,138,152
1928-03-04,Friso (L),Rood Zwart,3,2,1710,1740,0.445,0.120,0.435,4,3,15.9,-16.1,184,186
1928-03-04,Hercules,Eendracht,1,5,1596,1855,0.169,0.097,0.734,0,3,-13.7,13.5,142,141
1928-03-04,KVKV,ReadyTekca,1,4,1739,1735,0.494,0.117,0.389,4,3,-40.1,31.6,156,138
1928-03-04,KZ,Westerkwartier,3,1,2019,1884,0.670,0.104,0.225,3,1,2.2,-2.2,132,136
1928-03-04,ODI (H),KVR,0,6,1549,1779,0.199,0.095,0.707,2,4,-32.0,30.5,176,171
1928-03-04,Ons Zwaluwennest,ODO²,7,6,1650,1496,0.697,0.093,0.210,5,2,-14.8,17.2,193,205
1928-03-04,Oranje Nassau,Blauw Wit,2,4,1752,1661,0.612,0.114,0.274,3,2,-45.9,42.3,162,156
1928-03-04,Quick (A),KCN,3,2,1779,1556,0.770,0.081,0.149,4,2,-21.0,22.5,168,173
1928-03-04,RCU,Spodato,2,1,1298,1325,0.452,0.114,0.434,5,4,14.4,-12.8,181,170
1928-03-04,Rohda (A),Avanti²,2,0,1673,1742,0.395,0.107,0.498,4,5,33.7,-31.0,178,170
1928-03-04,Rozenburg,Ons Eibernest,2,5,1605,1794,0.239,0.106,0.654,2,3,-17.3,14.6,171,154
1928-03-04,Trekvogels (R),SDO (L),3,2,1756,1507,0.797,0.072,0.131,5,2,-27.7,30.9,186,195
1928-03-04,Victoria (A),Amstelodamum,1,4,1517,1774,0.172,0.094,0.735,1,3,-11.5,10.5,187,174
1928-03-04,WK,Voorwaarts (M),1,2,1875,1949,0.389,0.108,0.503,4,5,-8.1,7.0,184,167
1928-03-04,ZKV (Za),Haarlem,0,2,1601,1831,0.200,0.093,0.707,2,4,0.9,-0.7,165,160
1928-03-04,Zuiden (R),Vitesse (Leiden),9,2,2111,1931,0.728,0.086,0.186,5,2,22.2,-20.3,144,138
1928-03-04,Zwaluwen (H),Sportief,2,3,1641,1727,0.356,0.137,0.506,0,1,-7.1,11.4,150,201
1928-03-11,DEV,DVD²,3,1,1835,1898,0.401,0.112,0.487,3,4,24.1,-18.1,142,122
1928-03-11,Nic,Kinea (A),6,0,1671,1513,0.699,0.096,0.205,4,2,35.8,-34.7,186,182
1928-03-11,Sport Vereent,Sportief,0,8,1580,1736,0.311,0.039,0.650,20,25,-29.6,21.5,221,181
1928-03-18,AKC (Al),HKC (He),6,2,1676,1370,0.839,0.067,0.094,4,0,5.4,-6.6,144,170
1928-03-18,AW,Blauw Wit,0,2,1680,1700,0.453,0.130,0.417,3,2,-25.4,26.8,147,151
1928-03-18,Be Quick,EKCA,0,2,1550,1780,0.198,0.097,0.705,1,4,-0.1,0.1,166,167
1928-03-18,Deetos,DKC (De),7,2,1912,1670,0.788,0.078,0.134,4,1,12.1,-13.6,139,149
1928-03-18,HERO,Kweekschool,5,1,1503,1266,0.786,0.074,0.140,5,2,15.3,-14.1,206,193
1928-03-18,Hellas,Rapiditas,7,0,1713,1357,0.875,0.053,0.072,5,0,12.5,-13.0,158,162
1928-03-18,KVO,BEP,4,1,1604,1750,0.290,0.110,0.601,2,4,42.7,-56.1,144,165
1928-03-18,KZ,DEV,2,0,2018,1859,0.700,0.097,0.203,4,2,-0.3,0.4,131,135
1928-03-18,Kinea (A),Friso (L),0,2,1479,1723,0.183,0.096,0.720,1,3,0.8,-0.8,171,172
1928-03-18,Nausikaa,Oranje Nassau,1,5,1562,1703,0.295,0.112,0.593,2,4,-35.7,27.2,182,156
1928-03-18,Nic,Rood Zwart,2,2,1707,1720,0.470,0.115,0.415,4,3,-3.1,3.1,174,173
1928-03-18,ODO²,TOV (D),6,1,1511,1626,0.330,0.109,0.561,3,4,77.2,-81.4,191,196
1928-03-18,OSCA,Oosterpark,1,5,1536,1658,0.318,0.118,0.564,2,3,-31.9,30.0,159,154
1928-03-18,Olympiaan,Rood Wit (H),0,6,1461,1496,0.438,0.121,0.441,2,3,-58.7,63.4,173,181
1928-03-18,Ons Eibernest,Rozenburg,0,4,1805,1585,0.767,0.084,0.150,4,1,-71.1,84.0,150,163
1928-03-18,Paars Wit,Quick (D),2,4,1154,1441,0.150,0.083,0.767,1,4,9.3,-5.4,207,175
1928-03-18,Sparta (Ze),Wees Kwiek,7,5,1618,1361,0.806,0.067,0.126,6,2,-16.3,15.1,205,199
1928-03-18,Spodato,Stormvogels,3,0,1309,1048,0.806,0.072,0.122,5,1,0.7,0.2,161,185
1928-03-18,VOP,SDL,7,2,1041,949,0.620,0.102,0.278,5,3,36.6,-39.2,179,186
1928-03-18,Vitesse (Leiden),Fluks,5,3,1907,1876,0.533,0.117,0.350,4,3,12.5,-12.6,137,137
1928-03-18,Volharding (A),Concordia²,5,0,1658,1432,0.769,0.088,0.143,3,0,16.3,-33.8,145,226
1928-03-18,ZKV (Za),KVKV,0,0,1599,1695,0.354,0.114,0.532,3,4,9.2,-8.1,159,150
1928-03-18,Zuiden (R),HSV,4,2,2130,1917,0.763,0.079,0.158,5,2,-6.5,6.5,143,143
1928-03-25,Amersfoort,Velocitas (A),0,2,1531,1570,0.466,0.050,0.484,17,18,-8.8,9.7,146,155
1928-03-25,Amstelodamum,SVK,0,2,1779,1663,0.649,0.103,0.248,4,2,-51.2,50.7,170,169
1928-03-25,BEP,ReadyTekca,5,8,1691,1761,0.390,0.116,0.494,3,4,-28.7,23.3,155,139
1928-03-25,Concordia²,Advendo,2,6,1396,1593,0.227,0.112,0.661,1,2,-37.1,29.8,206,180
1928-03-25,DTV,DEV,5,5,1945,1857,0.610,0.110,0.280,4,2,-13.1,12.9,133,132
1928-03-25,Gooiers,Osno,0,2,1504,1677,0.260,0.102,0.638,3,4,-6.7,6.6,178,174
1928-03-25,Hellas,EKCA,3,1,1723,1778,0.411,0.117,0.472,2,3,26.7,-27.8,155,159
1928-03-25,KZ,Excelsior,6,0,2015,1908,0.636,0.105,0.259,4,2,22.7,-27.3,128,142
1928-03-25,OSCA,Olympia (B),0,10,1502,1948,0.064,0.047,0.889,1,5,-11.5,12.0,150,154
1928-03-25,Olympia '22,WKC,0,10,1125,1377,0.183,0.081,0.736,3,6,-25.2,38.9,150,192
1928-03-25,Ons Zwaluwennest,TOV (D),3,3,1630,1542,0.614,0.103,0.283,5,3,-20.8,19.7,184,180
1928-03-25,Progress,HERO,2,4,1277,1516,0.192,0.089,0.719,2,5,3.0,-0.7,227,192
1928-03-25,Quick (A),KVD,2,1,1752,1887,0.306,0.107,0.588,3,4,30.0,-20.3,166,136
1928-03-25,Rood Zwart,Voorwaarts (M),4,4,1721,1950,0.205,0.083,0.712,4,6,27.1,-27.5,161,162
1928-03-25,SDL,Excelsior (K),0,8,907,1065,0.279,0.101,0.620,3,5,-42.9,43.0,172,172
1928-03-25,Sport,Blauw Wit,2,1,1532,1725,0.235,0.105,0.660,2,4,36.5,-29.8,158,143
1928-03-25,Trekvogels (R),ODO²,3,3,1723,1585,0.676,0.098,0.225,4,2,-28.5,26.7,181,176
1928-03-25,WK,Nic,8,1,1862,1701,0.702,0.097,0.201,4,2,34.1,-30.0,174,161
1928-03-25,ZKV (Za),DED,4,0,1606,1408,0.745,0.086,0.169,4,2,12.4,-13.7,150,159
1928-03-25,Zwaluwen (H),Actief,4,2,1628,1627,0.483,0.130,0.387,3,2,20.2,-20.9,149,152
1928-04-01,AW,Sport,2,3,1652,1569,0.599,0.121,0.280,2,1,-25.9,28.8,142,150
1928-04-01,Amstelodamum,Volharding (A),2,2,1728,1672,0.565,0.117,0.318,3,2,-13.2,10.6,160,145
1928-04-01,Concordia²,Ulyssus,4,1,1358,1251,0.632,0.115,0.253,3,1,25.2,-35.7,188,235
1928-04-01,DKC (De),Vitesse (Leiden),3,1,1654,1917,0.170,0.084,0.746,2,5,51.2,-42.6,147,135
1928-04-01,DVD²,Westerkwartier,2,2,1878,1828,0.561,0.111,0.329,4,3,-8.2,9.5,126,135
1928-04-01,De Tovers,Zwaluwen (H),0,3,1518,1648,0.301,0.128,0.571,1,2,-23.5,20.8,152,142
1928-04-01,Deska,Achilles (Am),4,1,1785,1227,0.955,0.022,0.023,6,0,-17.2,26.5,167,200
1928-04-01,Excelsior,DDV,1,4,1881,2032,0.285,0.106,0.609,3,4,-13.9,14.0,137,137
1928-04-01,Hercules,Oosterpark,2,3,1577,1685,0.335,0.119,0.546,2,3,-2.5,2.5,146,149
1928-04-01,Kinea (A),Nic,1,5,1477,1671,0.234,0.102,0.663,2,4,-23.1,20.6,165,154
1928-04-01,Progress,NHM (R),2,2,1280,1549,0.166,0.082,0.752,2,5,42.1,-52.5,206,227
1928-04-01,ReadyTekca,Haarlem,2,1,1784,1824,0.429,0.121,0.450,2,3,10.5,-14.9,133,160
1928-04-01,Rozenburg,Die Haghe,2,2,1666,1588,0.596,0.115,0.289,3,2,-15.3,17.5,159,169
1928-04-01,SAMOS,Amersfoort,1,0,1753,1522,0.774,0.086,0.140,3,0,-19.7,15.5,155,140
1928-04-01,SDO (K)²,Excelsior (K),0,2,1017,1108,0.366,0.105,0.529,4,5,-16.0,15.1,167,162
1928-04-01,Sportief,Actief,4,4,1755,1607,0.683,0.107,0.210,3,1,-29.9,20.1,174,144
1928-04-01,Voorwaarts (M),Rood Zwart,4,0,1922,1748,0.725,0.081,0.194,6,4,12.1,-12.0,154,154
1928-04-01,Wees Kwiek,UNA (L),0,0,1373,1407,0.443,0.113,0.445,3,4,0.1,-0.2,190,212
1928-04-01,ZKV (Za),BEP,2,2,1618,1663,0.427,0.114,0.459,3,4,1.4,-1.4,145,146
1928-04-01,Zuiden (R),Deetos,3,7,2121,1921,0.748,0.083,0.169,5,2,-62.7,60.2,142,139
1928-04-08,DOS (M),Rust Roest (Z),10,1,1557,1457,0.630,0.102,0.268,5,3,39.2,-44.0,164,175
1928-04-08,VOP,SDO (K)²,4,2,1075,1002,0.596,0.102,0.302,5,4,9.7,-8.4,172,156
1928-04-08,VVC,DOS (M),0,1,1499,1544,0.423,0.119,0.458,2,3,-17.8,13.3,210,178
1928-04-09,Achilles (A),HKC (He),7,2,1608,1362,0.796,0.070,0.134,6,2,16.3,-14.9,179,169
1928-04-15,ASVA,Volharding (A),2,5,1445,1683,0.191,0.094,0.716,2,4,-8.9,7.4,161,141
1928-04-15,Achilles (A),DOS (E),4,2,1624,1796,0.265,0.093,0.642,4,6,46.7,-46.5,170,170
1928-04-15,BEP,Haarlem,4,1,1661,1810,0.287,0.108,0.604,2,4,42.7,-49.0,142,152
1928-04-15,Blauw Wit,Sport,2,0,1695,1598,0.621,0.111,0.268,3,2,6.6,-6.7,144,146
1928-04-15,Concordia²,LUTO,1,2,1384,1632,0.180,0.096,0.724,1,3,16.9,-15.6,178,172
1928-04-15,DED,KVKV,2,4,1394,1685,0.147,0.080,0.772,2,4,7.6,-6.8,158,151
1928-04-15,DEV,Olympia (B),2,1,1870,1960,0.365,0.109,0.526,3,4,15.1,-20.7,134,157
1928-04-15,DKC (De),Velox,3,0,1705,1944,0.192,0.090,0.718,2,5,55.5,-54.3,145,144
1928-04-15,Die Haghe,OSCR,1,3,1606,1614,0.472,0.127,0.402,3,2,-30.5,32.8,161,167
1928-04-15,ELTO,TOP (Vl),3,1,1680,1487,0.739,0.089,0.172,4,2,-4.2,3.3,195,184
1928-04-15,ELTO,VVC,1,0,1676,1518,0.697,0.100,0.203,3,1,-14.7,10.6,180,157
1928-04-15,KCN,SVK,1,3,1574,1714,0.297,0.109,0.594,3,4,-11.8,10.6,176,164
1928-04-15,KZ,Zuiden (R),1,3,2038,2058,0.460,0.116,0.424,4,3,-19.2,21.9,131,141
1928-04-15,OSCA,Eendracht,1,7,1491,1863,0.094,0.067,0.839,0,4,-13.8,13.3,154,150
1928-04-15,Quick (A),Rohda (A),1,2,1783,1701,0.604,0.108,0.288,4,3,-28.7,34.7,160,176
1928-04-15,Rozenburg,ALO,1,0,1651,1613,0.540,0.120,0.341,3,2,3.4,-3.7,153,163
1928-04-15,SAMOS,Velocitas (A),0,0,1733,1580,0.724,0.040,0.235,21,16,-24.2,23.6,153,151
1928-04-15,SDO (K)²,OKC,5,1,993,878,0.650,0.100,0.250,4,3,19.6,-27.8,148,182
1928-04-15,SDO (L),Emma,2,1,1532,1499,0.533,0.118,0.348,3,2,6.1,-6.0,194,193
1928-04-15,TOP (Vl),VDB,1,0,1496,1326,0.713,0.095,0.192,4,1,-9.4,38.5,195,332
1928-04-15,TOP (Vl),VIOS (M),1,0,1490,1466,0.520,0.122,0.358,3,2,6.4,-5.6,171,158
1928-04-15,Ter Gouw,Progress,1,1,1512,1322,0.739,0.083,0.178,5,3,-36.8,39.7,187,194
1928-04-15,VIOS (M),HBS (G),2,1,1460,1454,0.496,0.119,0.386,4,3,9.3,-24.5,182,350
1928-04-15,VVC,DOS (M),3,2,1481,1596,0.327,0.115,0.558,2,3,33.3,-22.9,188,155
1928-04-15,VVC,VIOS (M),2,1,1514,1469,0.547,0.125,0.329,2,1,3.8,-3.8,170,172
1928-04-15,Victoria (A),Sport Vereent,0,4,1500,1548,0.457,0.043,0.500,21,22,-20.8,24.7,186,205
1928-04-15,Zwaluwen (H),Sparta (A)²,4,0,1670,1461,0.750,0.094,0.156,3,0,12.3,-13.8,139,149
1928-04-22,DOS (M),LOV,5,3,1571,1408,0.706,0.094,0.200,4,2,1.7,2.3,148,250
1928-04-22,Gooiers,Baerne,1,4,1495,1498,0.486,0.113,0.400,4,3,-42.7,50.8,173,190
1928-04-22,HKC (He),Rigtersbleek,4,2,1344,1625,0.151,0.090,0.759,1,3,63.4,-72.1,164,175
1928-04-22,Moedig Voorwaarts (B),Geel Zwart,8,2,1603,1343,0.806,0.070,0.124,5,2,35.4,-44.4,231,270
1928-04-22,Naas²,EKCA,0,2,1933,1747,0.733,0.085,0.181,5,2,-58.8,52.6,166,157
1928-04-22,Olympia (B),DEV,3,1,1937,1882,0.568,0.108,0.325,4,3,10.3,-8.2,148,130
1928-04-22,Paars Wit,BKC²,4,1,1158,1325,0.264,0.110,0.627,2,3,80.6,-54.6,200,163
1928-04-22,Quick (D),Vitesse (Haag),2,2,1430,1611,0.250,0.101,0.649,3,4,23.3,-25.1,176,182
1928-04-22,Rapiditas,Onder Ons,2,8,1339,1563,0.207,0.087,0.706,3,5,-28.1,36.5,168,195
1928-04-22,Rood Zwart,Nic,3,2,1734,1689,0.552,0.113,0.335,4,3,1.8,-1.8,153,153
1928-04-22,SDL,SDO (K)²,0,0,862,1010,0.288,0.107,0.605,3,4,18.5,-13.2,168,143
1928-04-22,SVK,KVD,2,0,1722,1864,0.297,0.104,0.599,3,5,38.9,-31.9,155,140
1928-04-22,VIOS (M),VVC,6,6,1457,1526,0.384,0.130,0.486,1,2,4.7,-4.7,150,150
1928-04-22,Victoria (A),Sport Vereent,4,0,1476,1570,0.392,0.043,0.565,20,22,30.6,-35.2,172,185
1928-04-22,Voorwaarts (M),Friso (L),8,1,1932,1717,0.765,0.078,0.157,5,2,21.5,-26.3,153,172
1928-04-22,Wees Kwiek,Sparta (Ze),0,3,1371,1597,0.205,0.088,0.706,3,5,-10.9,12.5,179,200
1928-04-22,Zuiden (R),KZ,3,0,2077,2016,0.576,0.111,0.313,4,3,16.4,-14.7,135,127
1928-04-22,Zwaluwen (H),De Tovers,6,1,1679,1492,0.725,0.103,0.172,2,0,17.7,-20.9,136,149
1928-04-29,BKC²,DWS,3,0,1269,1060,0.755,0.087,0.158,4,1,6.6,-8.9,155,209
1928-04-29,Deska,Excelsa,5,0,1765,1537,0.770,0.089,0.141,3,0,22.1,-19.9,174,163
1928-04-29,EKCA,Naas²,5,2,1799,1872,0.385,0.115,0.500,3,4,36.8,-40.1,151,158
1928-04-29,Friso (L),Nic,5,1,1689,1686,0.489,0.125,0.386,3,2,41.6,-33.1,164,145
1928-04-29,Geel Zwart,Moedig Voorwaarts (B),2,1,1298,1639,0.115,0.066,0.819,2,5,99.1,-76.4,243,215
1928-04-29,Kinea (K),Tijnje,4,2,1481,1478,0.491,0.122,0.387,3,2,40.2,-57.9,254,319
1928-04-29,Kweekschool,HERO,4,8,1246,1512,0.169,0.084,0.748,2,5,-18.9,18.3,193,189
1928-04-29,Ona (R),Progress,3,6,1045,1359,0.132,0.073,0.795,2,5,-1.4,1.1,175,183
1928-04-29,Onder Ons,Rapiditas,3,1,1600,1309,0.834,0.060,0.107,6,2,-19.8,14.7,181,160
1928-04-29,Ons Eibernest,DKC (De),4,1,1728,1757,0.444,0.124,0.432,4,3,35.7,-29.7,158,143
1928-04-29,Quick (D),Trekvogels (R),0,0,1452,1691,0.191,0.092,0.717,2,4,28.6,-33.7,165,178
1928-04-29,Rigtersbleek,HKC (He),2,0,1552,1407,0.681,0.106,0.213,3,1,3.5,-3.4,166,158
1928-04-29,Rohda (A),Sport,0,4,1732,1588,0.684,0.099,0.218,4,2,-75.6,56.0,166,143
1928-04-29,Rood Zwart,WK,2,4,1734,1893,0.275,0.109,0.616,2,4,-7.2,9.3,145,173
1928-04-29,Rozenburg,OSCR,5,6,1651,1643,0.497,0.123,0.380,3,2,-17.3,19.8,148,159
1928-04-29,SAMOS,OSCA,9,0,1706,1474,0.774,0.089,0.138,3,0,21.1,-22.1,149,153
1928-04-29,SVK,Quick (A),2,2,1759,1751,0.500,0.119,0.381,4,3,-5.3,5.8,147,154
1928-04-29,Samen Een,Forward,2,3,1528,1688,0.278,0.098,0.624,4,5,6.9,-6.8,235,235
1928-04-29,Sportief,TOGO (A),6,1,1722,1560,0.698,0.107,0.195,2,0,29.0,-24.6,170,155
1928-04-29,Ulyssus,Concordia²,1,1,1212,1397,0.239,0.115,0.646,1,2,33.8,-21.0,213,170
1928-04-29,VIOS (Bo),Sparta (B),4,1,1252,798,0.925,0.032,0.043,7,1,-17.1,36.8,214,279
1928-04-29,VVC,LOV,2,1,1521,1410,0.639,0.111,0.250,3,1,-3.5,11.0,143,219
1928-04-29,Voorwaarts (M),Zuiden (R),1,5,1954,2093,0.304,0.099,0.597,4,5,-22.6,17.8,149,130
1928-04-29,Zeelandia,ELTO,1,1,1504,1658,0.277,0.115,0.608,2,3,27.9,-16.7,218,171
1928-05-06,ELTO,DOS (M),3,2,1643,1574,0.586,0.110,0.304,4,3,-1.6,1.1,162,147
1928-05-06,Haarlem,KVKV,1,3,1759,1677,0.603,0.111,0.286,4,2,-38.5,39.0,150,151
1928-05-06,Kinea (A),WK,1,9,1453,1904,0.062,0.048,0.891,0,5,-12.9,12.4,165,161
1928-05-06,Olympia (K),WKC (We),3,1,1393,1310,0.603,0.112,0.285,3,2,24.6,-36.3,254,350
1928-05-06,Ons Clubje,Laaresch,8,1,1930,1492,0.916,0.038,0.045,5,0,21.1,-20.1,241,233
1928-05-06,Rohda (A),Quick (A),2,0,1658,1758,0.349,0.115,0.536,3,4,34.3,-29.7,157,146
1928-05-06,VIOS (Bo),WKC,1,3,1237,1415,0.258,0.092,0.649,4,6,-5.2,5.0,208,189
1928-05-06,VVC,Zeelandia,0,3,1519,1533,0.465,0.125,0.410,3,2,-29.8,56.0,139,195
1928-05-06,Volharding (A),DED,2,0,1689,1400,0.828,0.067,0.105,5,1,-10.8,13.4,143,157
1928-05-06,Voorwaarts (M),EKCA,5,1,1933,1837,0.628,0.097,0.276,5,4,18.5,-18.8,142,143
1928-05-13,DEV,ReadyTekca,2,2,1873,1792,0.602,0.111,0.287,4,2,-12.0,14.2,132,143
1928-05-13,DKC (De),Ons Eibernest,2,4,1728,1765,0.434,0.122,0.444,2,3,-20.2,23.4,140,151
1928-05-13,DOS (M),ELTO,3,2,1574,1640,0.395,0.117,0.488,2,3,14.4,-16.8,141,152
1928-05-13,DOS (M),LOV,5,0,1604,1418,0.734,0.087,0.179,5,2,13.4,-20.3,127,161
1928-05-13,DOS (M),VDB,5,1,1588,1472,0.649,0.103,0.248,4,2,16.3,-41.0,132,228
1928-05-13,EKCA,Voorwaarts (M),2,5,1817,1950,0.310,0.101,0.588,4,5,-14.6,14.3,138,136
1928-05-13,Geel Zwart,VIOS (Ni),2,5,1397,1196,0.751,0.082,0.167,5,2,-87.9,208.9,225,346
1928-05-13,KVO,ZKV (Za),0,2,1641,1617,0.522,0.118,0.360,4,3,-33.0,31.2,156,152
1928-05-13,LOV,VDB,1,1,1398,1431,0.437,0.125,0.437,1,2,0.0,-0.0,152,199
1928-05-13,LOV,VVC,2,2,1410,1488,0.374,0.123,0.503,2,3,8.3,-4.6,178,134
1928-05-13,LOV,Zeelandia,2,4,1421,1588,0.263,0.110,0.626,2,3,-11.3,9.7,197,175
1928-05-13,Quick (D),Zilvermeeuwen,4,1,1481,1475,0.496,0.118,0.386,4,3,27.3,-67.4,160,269
1928-05-13,Rohda (A),ASVA,3,0,1666,1433,0.781,0.076,0.142,5,2,1.4,-1.1,141,161
1928-05-13,Seolto (T),TOP (Vl),0,3,1374,1494,0.324,0.111,0.565,3,4,-39.5,23.8,225,167
1928-05-13,Sparta (A)²,Rohda (A),2,2,1444,1691,0.183,0.092,0.725,1,4,27.2,-25.8,152,148
1928-05-13,Sportief,DED,2,1,1751,1413,0.861,0.061,0.078,3,0,-31.0,26.7,163,153
1928-05-13,Trekvogels (R),SDO (L),5,2,1658,1535,0.658,0.101,0.241,4,2,15.9,-18.1,170,184
1928-05-13,Ulyssus,Advendo,0,7,1246,1620,0.094,0.064,0.841,1,4,-23.6,21.3,194,182
1928-05-13,VIOS (M),VDB,1,3,1462,1362,0.624,0.114,0.262,3,1,-32.9,110.2,147,275
1928-05-20,DED,Volharding (A),2,3,1439,1676,0.191,0.095,0.714,1,4,13.0,-11.7,150,143
1928-05-20,Excelsior (K),Ons Clubje,3,9,1120,1950,0.007,0.008,0.985,-1,7,1.2,-4.5,167,232
1928-05-20,Forward,Sparta (Ze),3,2,1681,1609,0.596,0.099,0.305,5,4,-3.8,2.5,214,191
1928-05-20,HERO,NHM (R),0,5,1530,1493,0.543,0.111,0.346,4,3,-67.2,94.4,182,218
1928-05-20,LOV,ELTO,3,5,1397,1622,0.202,0.099,0.699,1,4,-0.2,0.2,145,144
1928-05-20,Spangen,Schiedam,2,0,1385,1387,0.487,0.113,0.400,5,4,31.8,-40.1,220,253
1928-05-20,Trekvogels (R),Vitesse (Haag),1,8,1674,1585,0.612,0.108,0.279,4,2,-71.2,85.0,161,176
1928-05-20,WKC,Sparta (B),14,3,1418,835,0.962,0.018,0.020,8,1,8.2,-13.9,178,265
1928-05-20,Zeelandia,VIOS (M),5,2,1597,1429,0.709,0.099,0.192,3,1,11.1,-9.0,165,144
1928-05-26,Ona (R),NHM (R),0,12,1041,1584,0.037,0.030,0.933,1,6,-10.6,12.6,174,194
1928-05-26,Progress,Kweekschool,1,11,1357,1225,0.671,0.096,0.233,5,3,-95.3,101.7,180,186
1928-05-30,Progress,Kweekschool,1,11,1261,1326,0.398,0.113,0.489,3,4,-55.3,58.1,168,173
1928-06-03,ASVA,Osno,1,3,1428,1677,0.183,0.086,0.731,2,5,3.2,-5.1,160,183
1928-06-03,DED,Sportief,1,7,1448,1716,0.162,0.093,0.745,1,3,-20.9,25.3,147,164
1928-06-03,Friso (L),WK,2,6,1728,1911,0.245,0.106,0.649,2,4,-24.5,25.3,163,166
1928-06-03,HERO,Ona (R),2,2,1459,1030,0.915,0.036,0.049,6,1,-57.9,58.2,172,172
1928-06-03,Kinea (A),Rood Zwart,0,15,1434,1724,0.149,0.079,0.772,2,5,-27.5,22.3,169,150
1928-06-03,Moedig Voorwaarts (B),VIOS (Ni),3,4,1559,1400,0.703,0.092,0.206,5,2,-49.1,93.5,210,287
1928-06-03,Paars Wit,DWS,5,4,1235,1048,0.730,0.094,0.176,3,1,-18.3,20.3,192,200
1928-06-03,Progress,NHM (R),2,1,1206,1596,0.088,0.054,0.858,2,6,51.9,-79.7,156,191
1928-06-03,Quick (A),Ulyssus,10,0,1723,1219,0.940,0.029,0.031,5,0,6.7,-10.0,147,190
1928-06-03,ReadyTekca,Olympia (B),1,4,1802,1942,0.300,0.102,0.597,4,5,-15.1,17.2,143,154
1928-06-03,Rigtersbleek,HKC (He),1,1,1552,1400,0.690,0.102,0.207,3,1,-27.6,25.4,167,161
1928-06-03,Rohda (A),Hinde,2,3,1663,1653,0.503,0.114,0.383,4,3,-15.0,25.9,143,190
1928-06-03,Sportief,Volharding (A),1,1,1741,1661,0.595,0.121,0.284,2,1,-15.8,13.2,155,142
1928-06-03,Zuiden (R),EKCA,10,0,2107,1799,0.846,0.058,0.096,6,2,13.2,-13.2,138,138
1928-06-05,Zwart Wit,Achilles (A),3,5,1503,1661,0.280,0.097,0.623,4,5,-7.0,6.9,176,174
1928-06-10,DOS (M),Zeelandia,5,0,1611,1602,0.501,0.115,0.385,4,3,31.0,-43.6,134,161
1928-06-10,Deska,Quick (A),0,1,1781,1727,0.562,0.118,0.321,3,2,-31.5,22.2,177,148
1928-06-10,EKCA,Zuiden (R),0,5,1782,2117,0.119,0.066,0.815,2,6,-8.4,8.4,137,137
1928-06-10,ELTO,VIOS (M),7,1,1627,1413,0.759,0.087,0.155,4,1,16.8,-18.6,137,145
1928-06-10,ELTO,VVC,4,1,1616,1477,0.674,0.104,0.222,3,1,11.4,-10.6,145,139
1928-06-10,Excelsior (K),Ons Clubje,3,9,1114,1948,0.007,0.007,0.986,0,9,4.8,-8.8,172,214
1928-06-10,Friso (L),Kinea (A),7,2,1700,1404,0.833,0.067,0.100,4,1,11.2,-12.0,154,162
1928-06-10,Laaresch,Ons Clubje,1,5,1448,1954,0.046,0.035,0.919,1,6,5.3,-5.7,221,224
1928-06-10,Olympia (B),ReadyTekca,1,1,1957,1784,0.721,0.085,0.194,5,3,-25.0,22.0,146,137
1928-06-10,Ons Clubje,Excelsior (K),1,4,1940,1119,0.990,0.005,0.005,10,1,-170.4,104.7,212,171
1928-06-10,Ons Clubje,Laaresch,8,1,1939,1463,0.932,0.031,0.037,6,1,15.4,-15.1,234,230
1928-06-10,RODA (W),Osno,3,4,1474,1669,0.237,0.096,0.667,3,5,30.2,-4.0,350,172
1928-06-10,Rapide,TSC,1,0,1354,1278,0.595,0.107,0.298,4,3,-1.6,0.4,264,237
1928-06-10,Rohda (A),Oranje Nassau,6,0,1645,1718,0.383,0.120,0.497,2,3,44.3,-68.9,138,174
1928-06-10,Sparta (A)²,Hinde,1,4,1464,1676,0.216,0.100,0.685,2,4,-11.6,13.9,154,173
1928-06-10,VIOS (Ni),Geel Zwart,0,1,1491,1302,0.736,0.084,0.180,5,2,-79.7,61.2,245,216
1928-06-10,Vitesse (Leiden),DKC (De),3,0,1865,1701,0.708,0.092,0.200,5,2,8.2,-7.2,155,143
1928-06-10,Volharding (A),Sport,0,1,1684,1637,0.553,0.117,0.330,3,2,-17.3,23.8,129,151
1928-06-10,Volharding (A),Sportief,3,2,1671,1723,0.407,0.132,0.461,1,2,13.4,-15.4,137,147
1928-06-10,Volharding (A),VZK,5,3,1667,1328,0.864,0.055,0.081,5,1,-5.6,62.0,122,312
1928-06-13,Sperwers,HERO,8,1,1594,1398,0.744,0.082,0.174,5,2,38.0,-28.1,203,170
1928-06-17,DOS (M),VVC,6,2,1641,1465,0.720,0.090,0.190,4,2,10.8,-11.5,130,135
1928-06-17,WKC (We),Olympia (K),0,1,1264,1408,0.290,0.112,0.598,2,3,1.4,0.7,287,239
1928-06-24,DOS (M),ELTO,2,3,1650,1642,0.500,0.114,0.387,4,3,-12.8,14.7,127,137
1928-06-24,DOS (Ni),Moedig Voorwaarts,3,1,1352,1509,0.278,0.101,0.621,3,5,132.0,-35.2,350,175
1928-06-24,DOS (Ni),Vitesse (Be),4,1,1484,1554,0.390,0.112,0.497,3,4,76.8,-105.3,268,323
1928-06-24,Rood Wit,Samen Een,0,0,1437,1526,0.365,0.109,0.526,3,4,12.6,-12.2,226,223
1928-06-24,Rood Zwart,Rood Wit,2,1,1749,1450,0.838,0.060,0.102,6,2,-21.1,43.8,145,200
1928-06-24,Rust Roest (Z),HDS (O),1,3,1401,1619,0.211,0.092,0.698,3,5,0.4,-0.0,185,175
1928-06-24,UDI (H),Rood Zwart,1,4,1509,1741,0.199,0.087,0.715,3,5,-15.6,8.4,261,151
1928-06-24,VIOS (D),VIOS (Gi),3,1,1349,1211,0.680,0.090,0.230,6,3,0.7,-0.7,175,175
1928-06-24,VIOS (M),LOV,3,7,1392,1388,0.489,0.124,0.387,3,2,-41.7,45.5,144,150
1928-06-24,Vitesse (Be),KIOS (R),4,2,1626,1114,0.944,0.025,0.031,7,1,-71.8,71.8,350,350
1928-07-01,DOS (M),VIOS (M),4,3,1637,1343,0.833,0.063,0.104,5,1,-18.2,20.1,124,130
1928-07-01,LOV,VIOS (M),3,1,1433,1350,0.602,0.112,0.286,3,2,7.9,-7.4,143,137
1928-07-01,VVC,ELTO,1,0,1452,1656,0.222,0.101,0.677,2,4,29.1,-27.9,134,132
1928-07-01,VZK,Volharding (A),0,1,1387,1659,0.162,0.082,0.755,2,5,49.9,-8.3,278,129
1928-07-08,ELTO,LOV,6,0,1628,1441,0.732,0.089,0.179,4,2,16.4,-18.5,128,137
1928-07-08,ELTO,Zeelandia,5,2,1645,1555,0.611,0.110,0.279,4,2,12.0,-18.7,123,158
1928-07-08,VIOS (M),DOS (M),2,2,1363,1618,0.176,0.086,0.739,2,5,22.1,-20.2,129,124
1928-07-08,Wez Fluch,Leeuwarden,1,4,1367,1467,0.353,0.104,0.544,4,5,-40.6,42.8,230,238
1928-07-15,LOV,DOS (M),2,0,1423,1598,0.255,0.101,0.644,3,4,34.8,-29.1,134,122
1928-07-15,VIOS (M),ELTO,1,4,1385,1657,0.160,0.086,0.753,1,4,-3.0,2.9,127,121
1928-07-15,VVC,VIOS (M),4,1,1463,1382,0.598,0.116,0.287,3,2,14.1,-13.2,127,122
1928-07-15,Zeelandia,LOV,4,3,1558,1457,0.626,0.108,0.266,4,2,-4.7,3.8,139,127
1928-07-15,Zeelandia,VVC,5,2,1536,1481,0.563,0.118,0.319,3,2,21.7,-17.8,149,134
1928-07-22,Leeuwarden,Wez Fluch,6,1,1509,1326,0.732,0.081,0.187,6,3,31.4,-30.4,212,208
1928-07-22,Zeelandia,DOS (M),2,2,1553,1569,0.465,0.116,0.419,4,3,-1.9,1.5,134,120
1928-08-12,Leeuwarden,Kinea (K),6,1,1541,1512,0.533,0.105,0.362,5,4,51.6,-75.7,200,250
1928-08-19,AKC (Al),DOS (E),4,2,1684,1718,0.440,0.116,0.444,2,3,28.2,-29.5,173,177
1928-08-19,AKC (Al),Rigtersbleek,5,1,1713,1600,0.640,0.109,0.252,3,2,24.5,-24.9,159,160
1928-08-19,DOS (E),AKC (Al),1,1,1737,1666,0.588,0.108,0.304,4,3,-19.2,18.0,196,190
1928-08-19,HKC (He),Naas²,0,5,1419,1771,0.107,0.064,0.828,1,5,-13.4,13.1,176,173
1928-08-19,Naas²,DOS (E),2,1,1784,1688,0.624,0.101,0.275,5,3,-5.7,5.4,165,162
1928-08-19,Naas²,Rigtersbleek,1,1,1823,1519,0.841,0.061,0.098,5,1,-51.5,50.2,183,181
1928-08-19,Rigtersbleek,HKC (He),6,0,1569,1406,0.702,0.100,0.198,3,1,31.5,-30.1,172,167
1928-08-26,BKC (Be),Dubbel Zes²,2,0,1726,1594,0.674,0.089,0.238,6,4,3.2,-1.0,165,273
1928-08-26,Bilthoven,DDV,7,3,1779,1989,0.216,0.099,0.685,2,4,70.8,-65.7,161,155
1928-08-26,Bilthoven,KVD,1,2,1801,1859,0.407,0.114,0.480,3,4,-12.6,9.4,196,166
1928-08-26,Bilthoven,Olympia (B),0,2,1788,1934,0.292,0.104,0.604,3,5,-9.7,7.8,176,153
1928-08-26,DDV,KVD,1,1,2034,1821,0.763,0.077,0.161,6,3,-39.1,37.3,180,177
1928-08-26,Driemaal Vier,BKC (Be),0,4,1408,1719,0.137,0.066,0.797,3,7,-6.4,6.7,167,175
1928-08-26,Dubbel Zes²,Driemaal Vier,3,0,1568,1421,0.693,0.084,0.223,7,4,26.1,-12.3,349,175
1928-08-26,KVD,Olympia (B),0,1,1868,1942,0.388,0.106,0.506,4,5,-5.5,4.9,154,143
1928-08-26,Moedig Voorwaarts,Vitesse (Be),0,1,1474,1448,0.525,0.111,0.363,4,3,-22.5,47.5,186,276
1928-08-26,ODI (W),DDK (A),0,1,1150,1266,0.332,0.102,0.566,4,5,-0.3,0.3,175,175
1928-08-26,Olympia (B),DDV,2,2,1929,1995,0.397,0.109,0.494,3,4,5.1,-5.3,166,169
1928-08-26,Rood Wit,UDI (H),3,1,1493,1551,0.406,0.113,0.481,3,4,40.2,-41.3,205,208
1928-08-26,Samen Een,Rood Wit,2,3,1465,1533,0.392,0.112,0.496,3,4,-9.9,9.2,192,184
1928-08-26,Sparta (H),KIA,0,2,1343,1328,0.514,0.105,0.381,5,4,-34.1,34.1,175,175
1928-08-26,UDI (H),Samen Een,5,2,1493,1514,0.460,0.111,0.429,5,4,58.8,-48.7,239,214
1928-09-02,Kinea (A),Rood Zwart,0,7,1391,1729,0.115,0.067,0.818,2,5,-23.0,19.5,182,165
1928-09-02,Seolto (T),Rapide,0,1,1362,1414,0.413,0.118,0.469,2,3,-14.5,16.2,200,213
1928-09-02,TSC,Rapide,0,4,1240,1351,0.332,0.113,0.555,3,4,-45.8,62.9,204,246
1928-09-02,TSC,Seolto (T),0,2,1278,1326,0.420,0.113,0.467,3,4,-38.1,36.1,232,225
1928-09-09,DTV,DDV,3,0,1920,1925,0.480,0.118,0.402,4,3,39.9,-27.9,184,151
1928-09-09,District V,Oosten,1,1,1588,1431,0.696,0.098,0.206,4,2,-45.5,26.0,227,175
1928-09-09,ELTO,Zeelandia,1,1,1661,1547,0.642,0.108,0.250,3,2,-17.1,16.6,141,139
1928-09-09,OSCA,Sparta (A)²,2,0,1443,1451,0.468,0.131,0.401,3,2,31.5,-27.9,188,176
1928-09-09,Olympia (B),ReadyTekca,3,0,1948,1804,0.684,0.094,0.222,5,3,8.7,-11.1,140,164
1928-09-09,Oosterpark,Blauw Wit,1,1,1676,1690,0.467,0.118,0.415,4,3,-3.4,3.1,192,185
1928-09-09,Oosterpark,LUTO,3,5,1673,1604,0.584,0.110,0.306,4,3,-42.5,58.5,173,204
1928-09-09,Rapid (A),Vesta,0,4,1494,1627,0.309,0.102,0.589,4,5,-31.1,31.1,175,175
1928-09-09,SVB,SVK,0,0,1187,1746,0.034,0.028,0.938,1,7,153.6,-55.0,283,183
1928-09-09,Sport,Kwiek,1,1,1659,1747,0.362,0.117,0.521,2,3,8.9,-8.8,172,171
1928-09-09,VVC,VDB,1,2,1478,1436,0.542,0.124,0.335,3,2,-19.7,33.2,143,188
1928-09-09,Westerkwartier,DVD²,6,2,1826,1858,0.441,0.116,0.443,2,3,52.7,-49.7,183,177
1928-09-09,Westerkwartier,Hercules,3,1,1878,1563,0.845,0.066,0.089,4,0,-12.8,17.9,166,190
1928-09-09,Zeelandia,VDB,1,0,1552,1422,0.663,0.106,0.231,3,1,-5.7,14.0,146,210
1928-09-16,'t Overschotje,NIVO,7,2,1384,1326,0.567,0.114,0.318,3,2,59.7,-107.9,228,331
1928-09-16,AW,Rohda (A),2,2,1614,1686,0.379,0.127,0.494,1,2,7.7,-5.8,190,166
1928-09-16,Amstelodamum,DED,1,2,1683,1376,0.840,0.066,0.094,4,0,-72.8,56.7,182,162
1928-09-16,Amstelodamum,Velocitas (A),2,1,1702,1591,0.673,0.045,0.283,20,16,-19.2,17.5,201,192
1928-09-16,Concordia²,DED,3,0,1367,1422,0.404,0.128,0.468,1,2,58.7,-46.0,201,176
1928-09-16,Concordia²,Velocitas (A),2,3,1426,1608,0.274,0.045,0.681,15,19,17.7,-16.9,180,176
1928-09-16,DDV,ReadyTekca,1,2,1896,1792,0.629,0.109,0.262,3,2,-27.6,32.1,144,155
1928-09-16,DEV,Sparta (A)²,2,1,1852,1422,0.911,0.041,0.047,4,0,-40.2,36.7,171,164
1928-09-16,DKC (De),ALO,1,4,1691,1597,0.616,0.112,0.272,3,2,-57.7,77.4,170,198
1928-09-16,DOS (E),Zwart Wit,2,1,1694,1493,0.747,0.086,0.167,4,2,-15.9,24.4,160,193
1928-09-16,DOS (M),TOP (Vl),1,0,1571,1508,0.577,0.111,0.312,4,3,0.1,1.1,139,195
1928-09-16,DOS (M),VIOS (M),3,0,1571,1369,0.747,0.087,0.165,4,1,4.0,-4.5,132,143
1928-09-16,DTV,Swift,0,6,1959,1831,0.660,0.106,0.234,3,2,-79.8,101.3,168,190
1928-09-16,DVD²,Hercules,1,1,1808,1681,0.661,0.101,0.238,4,2,-22.7,24.8,165,172
1928-09-16,De Tovers,SAMOS,2,1,1461,1717,0.170,0.097,0.734,1,3,58.4,-57.5,190,188
1928-09-16,Deetos,HSV,4,3,1969,1908,0.573,0.113,0.315,4,3,0.9,-0.8,189,195
1928-09-16,Eendracht,KVO,4,1,1864,1599,0.806,0.075,0.119,4,1,2.4,-2.6,194,186
1928-09-16,Eskavee,Wester,0,4,1181,1606,0.074,0.044,0.882,3,8,9.0,1.2,286,175
1928-09-16,Excelsior,KZ,3,2,1855,1990,0.301,0.112,0.587,2,4,35.7,-31.3,186,174
1928-09-16,Fluks,Ons Eibernest,3,2,1848,1778,0.583,0.116,0.301,3,2,-0.2,0.1,190,183
1928-09-16,HBS (H),Die Haghe,3,2,1540,1562,0.450,0.128,0.422,3,2,18.7,-17.6,204,197
1928-09-16,Haarlem,KVKV,0,6,1710,1705,0.492,0.121,0.387,4,3,-71.7,72.4,185,186
1928-09-16,Hellas,EKCA,1,4,1738,1771,0.438,0.119,0.443,2,3,-50.3,36.6,199,167
1928-09-16,Hinde,Amersfoort,7,2,1687,1525,0.700,0.102,0.198,3,1,34.2,-34.0,191,190
1928-09-16,KVD,Hercules,0,3,1863,1580,0.822,0.069,0.109,4,1,-67.7,100.7,150,182
1928-09-16,Naas²,AKC (Al),11,5,1779,1737,0.545,0.116,0.339,4,3,43.3,-41.2,163,158
1928-09-16,Ons Zwaluwennest,TOV (D),11,1,1597,1550,0.556,0.109,0.335,4,3,72.5,-70.9,218,215
1928-09-16,Osno,Actief,2,3,1662,1614,0.555,0.112,0.332,4,3,-32.1,31.6,194,192
1928-09-16,Paars Wit,BKC²,6,2,1210,1266,0.406,0.121,0.473,2,3,70.4,-61.5,207,193
1928-09-16,Rapiditas,Mercedes,2,4,1315,1257,0.563,0.125,0.312,2,1,-52.7,67.5,196,224
1928-09-16,SVB,ASVA,0,4,1340,1425,0.366,0.116,0.518,2,3,-78.9,41.8,268,185
1928-09-16,Sport Vereent,Advendo,0,4,1524,1631,0.372,0.043,0.585,21,23,-14.1,14.0,210,209
1928-09-16,Swift,ReadyTekca,3,2,1932,1824,0.633,0.111,0.256,3,2,-6.8,4.3,174,145
1928-09-16,VIOS (M),TOP (Vl),3,1,1364,1509,0.288,0.115,0.597,2,3,31.5,-51.0,136,174
1928-09-16,Velox,HKV,1,1,1877,1829,0.552,0.120,0.328,3,2,-13.8,15.2,187,196
1928-09-16,Victoria (A),AW,1,1,1497,1622,0.303,0.137,0.560,0,1,19.1,-13.5,202,171
1928-09-16,Volharding (A),KVO,1,0,1650,1596,0.559,0.122,0.319,3,2,2.0,-2.2,155,175
1928-09-16,Voorwaarts (M),Nic,2,2,1955,1644,0.848,0.055,0.097,7,2,-47.5,53.4,174,183
1928-09-16,ZKV (Za),Bilthoven,3,2,1639,1850,0.216,0.099,0.685,2,4,49.1,-36.3,183,158
1928-09-16,Zuiden (R),Vitesse (Leiden),6,2,2123,1871,0.800,0.070,0.130,5,2,8.5,-9.2,167,179
1928-09-23,AKC (Al),HKC (He),8,2,1695,1375,0.849,0.063,0.088,4,0,12.3,-14.9,150,168
1928-09-23,ALO,OSCR,2,1,1673,1653,0.512,0.124,0.364,3,2,8.1,-9.0,181,193
1928-09-23,Actief,Hinde,3,5,1645,1721,0.380,0.117,0.503,2,3,-22.2,22.5,177,178
1928-09-23,Amersfoort,Osno,2,3,1490,1629,0.293,0.119,0.588,1,3,0.7,-0.7,177,178
1928-09-23,BKC²,DWS,0,0,1204,1061,0.679,0.101,0.220,4,2,-25.4,38.4,177,215
1928-09-23,Be Quick,ZKC (Zu),2,3,1534,1535,0.479,0.129,0.392,3,2,-28.2,27.0,211,206
1928-09-23,DOS (M),VIOS (M),8,2,1574,1395,0.721,0.094,0.185,4,1,17.6,-18.3,129,132
1928-09-23,De Kweek,Phoenix (Z),2,2,1547,1578,0.439,0.122,0.439,4,3,-0.0,0.0,175,231
1928-09-23,Graaf Willem 2,Ambakor,1,2,1445,1518,0.380,0.125,0.496,2,3,-14.7,15.3,229,235
1928-09-23,HSV,Fluks,1,3,1907,1847,0.569,0.115,0.315,3,2,-46.2,44.4,179,175
1928-09-23,KVKV,BEP,7,1,1776,1691,0.608,0.105,0.286,4,3,39.4,-46.6,171,188
1928-09-23,ODI (H),Achilles (H),2,6,1498,1733,0.193,0.094,0.713,2,4,-31.6,31.4,221,221
1928-09-23,Onder Ons,Noviomagum,3,7,1571,1747,0.259,0.092,0.649,4,6,-33.2,31.7,212,206
1928-09-23,Ons Eibernest,Zuiden (R),4,3,1778,2131,0.106,0.064,0.829,1,5,60.9,-54.6,170,161
1928-09-23,Quick (D),ODO²,0,3,1498,1599,0.347,0.112,0.541,3,4,-33.4,40.3,193,215
1928-09-23,RCU,Gooiers,7,0,1294,1441,0.287,0.108,0.604,3,4,115.8,-99.6,222,205
1928-09-23,SAMOS,Zwaluwen (H),5,1,1659,1687,0.440,0.133,0.427,3,2,52.7,-56.2,177,183
1928-09-23,SDO (L),Ready (H),1,6,1507,1791,0.152,0.081,0.767,2,5,-28.5,30.8,207,218
1928-09-23,Sperwers,Ter Gouw,1,3,1629,1462,0.713,0.086,0.200,5,3,-77.0,80.3,214,218
1928-09-23,TOV (D),Emma,1,5,1478,1480,0.481,0.122,0.397,3,2,-62.9,78.2,194,219
1928-09-23,Velox,Deetos,3,6,1862,1969,0.337,0.116,0.547,2,3,-28.6,29.0,173,174
1928-09-23,Vitesse (Leiden),HKV,4,1,1861,1843,0.507,0.125,0.368,3,2,33.2,-36.3,170,179
1928-09-23,WKC,Rapid (Ap),6,5,1416,978,0.919,0.033,0.048,8,2,-46.0,110.9,211,302
1928-09-23,Wilskracht,Rapiditas,1,1,1292,1261,0.527,0.121,0.352,3,2,-20.2,8.2,279,181
1928-09-30,AKC (Al),DOS (E),2,3,1707,1677,0.529,0.117,0.354,4,3,-19.4,21.9,147,157
1928-09-30,ASVA,SVK,0,3,1466,1689,0.203,0.098,0.699,1,4,-13.7,14.7,176,184
1928-09-30,Achilles (A),Naas²,1,5,1664,1821,0.280,0.096,0.623,4,6,-32.5,21.8,196,155
1928-09-30,Ambakor,Phoenix (Z),2,0,1532,1578,0.419,0.123,0.458,2,3,41.7,-39.2,209,202
1928-09-30,BEP,Eendracht,3,5,1643,1865,0.206,0.095,0.699,2,4,-0.8,0.4,173,186
1928-09-30,Baerne,Fortuna,5,0,1537,1324,0.763,0.077,0.160,6,3,30.7,-46.3,216,289
1928-09-30,Bilthoven,DEV,2,3,1812,1810,0.485,0.126,0.389,3,2,-17.5,21.2,154,170
1928-09-30,Blauw Wit,Actief,6,1,1691,1622,0.581,0.115,0.304,3,2,41.2,-36.7,175,164
1928-09-30,Blauw Wit,LUTO,4,3,1732,1661,0.585,0.114,0.301,3,2,-0.4,1.3,161,189
1928-09-30,Concordia²,Amstelodamum,1,1,1442,1582,0.286,0.131,0.582,0,1,16.9,-15.3,170,162
1928-09-30,DDV,Swift,0,0,1867,1924,0.401,0.126,0.473,1,2,2.9,-4.0,141,164
1928-09-30,DDV,Swift,4,1,1870,1920,0.409,0.128,0.462,1,2,29.4,-37.4,133,151
1928-09-30,DED,Velocitas (A),1,3,1440,1577,0.328,0.050,0.621,15,18,2.6,-2.9,150,155
1928-09-30,DEV,OSCA,3,1,1831,1472,0.873,0.056,0.070,4,0,-14.9,20.2,156,177
1928-09-30,DTV,DVD²,8,4,1878,1783,0.620,0.103,0.276,4,3,25.4,-24.5,162,158
1928-09-30,DTV,ReadyTekca,2,1,1903,1850,0.561,0.115,0.324,3,2,0.9,-0.9,150,136
1928-09-30,DVD²,KVD,3,2,1759,1794,0.439,0.113,0.448,3,4,11.4,-11.7,148,150
1928-09-30,De Tovers,Amstelodamum,3,2,1518,1609,0.349,0.133,0.517,1,2,28.3,-27.4,180,177
1928-09-30,Deetos,Vitesse (Leiden),4,3,1997,1893,0.631,0.106,0.263,4,2,-5.9,5.6,162,159
1928-09-30,Deska,NHM (A),6,0,1745,1141,0.963,0.020,0.017,4,-1,6.6,-8.2,195,288
1928-09-30,EKCA,Be Quick,4,1,1806,1506,0.835,0.067,0.098,4,0,-0.6,2.4,160,190
1928-09-30,ELTO,VDB,3,1,1641,1467,0.714,0.098,0.188,3,1,0.1,1.2,141,176
1928-09-30,Eendracht,Volharding (A),3,2,1865,1651,0.757,0.089,0.154,3,1,-20.9,15.5,171,150
1928-09-30,Fluks,Velox,3,3,1891,1833,0.567,0.115,0.318,3,2,-13.2,12.9,163,161
1928-09-30,Friso (L),Voorwaarts (M),1,6,1707,1906,0.230,0.096,0.674,3,5,-32.8,28.6,185,170
1928-09-30,HBS (H),ALO,3,3,1557,1681,0.312,0.121,0.568,2,3,16.8,-13.4,187,168
1928-09-30,HKC (He),Rigtersbleek,0,1,1360,1574,0.208,0.106,0.686,1,3,10.7,-10.8,163,164
1928-09-30,Hinde,Osno,4,4,1743,1628,0.647,0.101,0.252,4,3,-21.4,21.6,165,166
1928-09-30,KZ,Westerkwartier,3,3,1958,1864,0.614,0.115,0.271,3,1,-18.6,18.8,165,167
1928-09-30,Kadimah,Amsterdam Zuid,0,4,1280,1517,0.192,0.091,0.718,2,4,-41.4,41.5,267,267
1928-09-30,NIVO,Wilskracht,1,5,1217,1271,0.408,0.120,0.472,2,3,-86.3,67.8,267,231
1928-09-30,Olympia (B),Excelsior,2,5,1954,1889,0.580,0.108,0.312,4,3,-38.3,57.1,142,174
1928-09-30,Ons Clubje,Oranje Zwart,5,2,1765,1394,0.877,0.060,0.064,2,-1,-4.8,0.0,237,175
1928-09-30,Ons Eibernest,HKV,2,2,1838,1806,0.526,0.127,0.348,2,1,-9.4,9.6,164,166
1928-09-30,Oranje Nassau,Excelsa,4,0,1645,1507,0.670,0.109,0.221,3,1,32.1,-34.4,193,201
1928-09-30,ReadyTekca,Haarlem,9,0,1827,1636,0.733,0.093,0.174,4,1,22.8,-32.0,143,172
1928-09-30,Rohda (A),Victoria (A),0,1,1679,1530,0.683,0.106,0.211,3,1,-38.7,43.3,159,168
1928-09-30,Rood Zwart,WK,2,2,1746,1929,0.246,0.100,0.653,3,4,21.2,-28.5,167,191
1928-09-30,Rozenburg,Die Haghe,1,2,1623,1543,0.595,0.116,0.289,3,2,-38.4,35.7,189,182
1928-09-30,Seolto (T),TSC,3,1,1345,1191,0.695,0.094,0.211,4,2,1.2,-1.1,189,194
1928-09-30,Sparta (A)²,KCN,2,7,1458,1548,0.356,0.124,0.521,2,3,-41.9,65.4,164,211
1928-09-30,Sport Vereent,DED,1,0,1508,1431,0.631,0.042,0.327,23,20,-14.1,9.4,192,160
1928-09-30,Sport,SAMOS,1,4,1666,1711,0.417,0.127,0.456,1,2,-37.1,36.7,165,164
1928-09-30,Sportief,TOGO (A),2,1,1704,1524,0.717,0.103,0.180,2,0,-11.8,18.6,161,195
1928-09-30,Sportief,Zwaluwen (H),2,1,1703,1630,0.579,0.130,0.290,1,0,1.0,-1.1,176,169
1928-09-30,Sprotje,MKC (Markelo),1,5,1122,1344,0.208,0.090,0.703,3,5,-20.6,38.5,175,265
1928-09-30,Swift (W)²,WKC,4,1,1369,1369,0.496,0.098,0.406,7,6,29.4,-38.7,175,204
1928-09-30,TOGO (A),Advendo,5,0,1543,1644,0.340,0.126,0.534,1,2,70.8,-80.2,179,191
1928-09-30,Victoria (A),Velocitas (A),1,0,1515,1590,0.411,0.053,0.536,16,17,15.6,-12.8,185,167
1928-09-30,Vitesse (Haag),GKV,2,4,1659,1663,0.480,0.120,0.400,4,3,-40.0,52.6,201,234
1928-09-30,WKC (Wi),GKC,3,3,1393,1120,0.818,0.064,0.118,6,2,-44.6,44.6,175,175
1928-09-30,ZKV (Za),Hercules,1,3,1686,1704,0.457,0.125,0.418,3,2,-32.5,29.3,173,164
1928-09-30,Zeelandia,VVC,3,0,1561,1456,0.628,0.114,0.258,3,1,14.9,-15.6,140,144
1928-09-30,Zuiden (R),HSV,5,3,2076,1860,0.764,0.080,0.157,5,2,-6.7,7.8,157,166
1928-10-07,AW,Sport Vereent,4,0,1611,1499,0.675,0.041,0.284,22,17,1.0,-0.8,166,176
1928-10-07,Advendo,DED,3,0,1568,1448,0.643,0.120,0.237,2,0,22.2,-15.7,175,143
1928-10-07,Amstelodamum,Sport,5,3,1571,1633,0.389,0.133,0.478,1,2,30.4,-31.0,153,155
1928-10-07,Avanti²,SVK,3,2,1696,1708,0.470,0.117,0.414,4,3,16.9,-11.1,219,172
1928-10-07,BEP,Volharding (A),3,3,1647,1671,0.449,0.123,0.428,4,3,-1.2,0.9,164,146
1928-10-07,Concordia²,Zwaluwen (H),2,2,1464,1633,0.251,0.125,0.623,0,2,19.3,-19.2,159,159
1928-10-07,DOS (M),Rapide,0,0,1596,1457,0.674,0.102,0.224,4,2,-15.7,30.1,130,178
1928-10-07,DVD²,DDV,2,5,1775,1904,0.310,0.111,0.580,3,4,-17.3,14.8,141,129
1928-10-07,De Tovers,Sportief,1,0,1550,1697,0.278,0.130,0.593,0,1,34.8,-30.0,167,155
1928-10-07,Deska,Achilles (Am),5,3,1756,1244,0.942,0.028,0.030,5,0,-31.1,54.1,193,242
1928-10-07,Die Haghe,OSCR,2,2,1584,1648,0.389,0.129,0.482,1,2,5.0,-5.6,169,178
1928-10-07,Excelsior,Swift,3,2,1951,1887,0.573,0.119,0.309,3,2,0.2,-0.4,161,143
1928-10-07,Fluks,Vitesse (Leiden),1,3,1882,1903,0.453,0.123,0.424,4,3,-26.0,25.2,154,151
1928-10-07,Friso (L),Rood Zwart,0,4,1679,1772,0.354,0.119,0.527,2,3,-40.0,34.3,172,158
1928-10-07,GKC,Sprotje,11,1,1169,1106,0.578,0.107,0.316,4,3,46.6,-46.2,168,167
1928-10-07,HSV,HKV,0,0,1872,1820,0.554,0.124,0.322,2,1,-11.9,11.4,159,155
1928-10-07,Haarlem,Eendracht,1,6,1609,1849,0.185,0.099,0.716,1,3,-24.6,24.6,163,163
1928-10-07,Hinde,LUTO,3,3,1726,1666,0.570,0.113,0.317,4,2,-12.0,15.0,156,173
1928-10-07,KVKV,ReadyTekca,2,2,1820,1854,0.436,0.120,0.443,2,3,0.4,-0.3,163,132
1928-10-07,KVO,DEV,1,4,1597,1821,0.199,0.104,0.697,1,3,-13.5,11.8,167,153
1928-10-07,KVTO,Amsterdam Zuid,0,1,1265,1563,0.141,0.077,0.782,2,5,39.8,-31.0,263,237
1928-10-07,KZ,Olympia (B),2,2,1944,1920,0.519,0.118,0.364,4,3,-7.9,6.0,156,137
1928-10-07,Mercedes,NIVO,0,0,1328,1135,0.733,0.096,0.171,3,1,-39.3,50.7,203,229
1928-10-07,Naas²,HKC (He),9,2,1847,1375,0.929,0.033,0.038,5,0,5.9,-6.4,149,155
1928-10-07,Nic,Voorwaarts (M),2,0,1701,1939,0.192,0.086,0.722,3,5,65.6,-52.1,181,161
1928-10-07,ODO²,Paars Wit,4,1,1643,1284,0.875,0.053,0.072,5,0,-8.3,7.8,195,191
1928-10-07,Olympiaan,Achilles (H),1,5,1391,1768,0.092,0.063,0.845,1,4,-10.8,10.2,217,204
1928-10-07,Ons Eibernest,Deetos,0,1,1833,1996,0.265,0.111,0.623,2,3,4.5,-4.4,154,154
1928-10-07,Oosterpark,Bilthoven,1,6,1633,1799,0.262,0.111,0.628,2,3,-34.8,26.6,170,146
1928-10-07,Quick (D),DWS,1,2,1469,1104,0.878,0.053,0.069,4,0,-72.7,88.1,180,197
1928-10-07,Rapide,Zeelandia,1,1,1432,1581,0.281,0.118,0.602,1,3,25.1,-11.2,199,135
1928-10-07,Rigtersbleek,Zwart Wit,2,1,1568,1521,0.547,0.126,0.327,2,1,3.4,-4.2,156,185
1928-10-07,Rozenburg,ALO,1,4,1589,1672,0.365,0.125,0.510,1,2,-34.8,29.1,174,158
1928-10-07,SGOC,DES (V),0,7,1207,1165,0.541,0.123,0.336,3,2,-106.2,105.3,224,223
1928-10-07,Trekvogels (R),TOV (D),6,2,1596,1419,0.720,0.093,0.187,4,2,24.1,-21.5,194,181
1928-10-07,UNA (L),Wees Kwiek,3,2,1397,1352,0.551,0.114,0.336,4,3,5.4,-5.0,236,215
1928-10-07,Velox,Zuiden (R),3,5,1850,2073,0.205,0.093,0.702,2,4,0.8,-0.8,152,151
1928-10-07,Vitesse (Haag),Ready (H),2,4,1624,1825,0.225,0.101,0.674,2,4,-4.8,4.9,184,203
1928-10-07,ZKC (Zu),EKCA,3,0,1566,1810,0.182,0.097,0.721,1,3,91.1,-61.7,189,156
1928-10-07,ZKV (Za),KVD,2,3,1658,1786,0.310,0.113,0.578,2,4,0.7,-0.3,161,142
1928-10-07,Zeelandia,DOS (M),1,0,1569,1580,0.468,0.124,0.408,3,2,7.5,-7.1,129,125
1928-10-14,Achilles (Am),Oranje Nassau,3,3,1298,1681,0.090,0.058,0.852,1,5,82.1,-46.6,234,182
1928-10-14,Be Quick,Noviomagum,1,4,1512,1782,0.161,0.089,0.750,1,4,-9.5,10.0,184,193
1928-10-14,Blauw Wit,LUTO,0,3,1736,1681,0.561,0.117,0.321,3,2,-46.2,49.9,155,161
1928-10-14,DTV,Excelsior,3,3,1908,1951,0.424,0.120,0.455,2,3,1.4,-1.5,145,152
1928-10-14,DVD²,KZ,4,5,1757,1935,0.251,0.104,0.645,2,4,5.6,-6.8,135,147
1928-10-14,Gooiers,Baerne,1,2,1345,1572,0.201,0.092,0.707,2,4,15.9,-18.5,192,204
1928-10-14,HBS (H),Rozenburg,0,4,1578,1554,0.516,0.124,0.360,3,2,-61.0,53.0,174,162
1928-10-14,HKC (He),DOS (E),0,1,1368,1703,0.115,0.072,0.813,1,4,23.5,-22.1,155,151
1928-10-14,HSV,Velox,0,2,1860,1851,0.497,0.121,0.382,3,2,-28.9,27.5,150,146
1928-10-14,KVD,Hercules,2,3,1786,1737,0.550,0.122,0.328,3,2,-19.6,25.4,137,156
1928-10-14,Kadimah,KVTO,2,3,1243,1304,0.399,0.119,0.482,2,3,-17.0,16.7,239,236
1928-10-14,Kinea (K),Leeuwarden,4,3,1439,1595,0.278,0.103,0.619,3,4,51.8,-39.5,230,200
1928-10-14,MKC (Markelo),GKC,7,1,1387,1215,0.718,0.086,0.196,5,3,46.1,-24.4,231,158
1928-10-14,ODI (H),Rood Wit (H),0,3,1470,1547,0.376,0.121,0.504,2,3,-43.6,50.0,206,223
1928-10-14,Olympia '22,EGC,1,0,1090,1029,0.575,0.108,0.317,4,3,-0.4,-0.3,206,175
1928-10-14,Olympia (B),Westerkwartier,4,1,1926,1886,0.540,0.118,0.341,3,2,18.6,-26.3,132,159
1928-10-14,Onder Ons,EKCA,3,2,1541,1748,0.223,0.090,0.686,3,5,53.7,-30.8,197,150
1928-10-14,Ons Eibernest,Vitesse (Leiden),3,6,1837,1928,0.355,0.121,0.523,2,3,-24.5,23.5,147,143
1928-10-14,Paars Wit,Quick (D),1,4,1291,1396,0.337,0.122,0.541,2,3,-33.7,30.8,184,175
1928-10-14,Princes Juliana,SGOC,4,2,1060,1100,0.423,0.130,0.447,1,2,32.0,-41.0,175,200
1928-10-14,Rigtersbleek,Achilles (A),0,4,1571,1635,0.396,0.114,0.490,3,4,-32.4,46.7,148,181
1928-10-14,SDO (L),GKV,0,4,1482,1720,0.189,0.093,0.717,2,4,-25.4,27.4,197,207
1928-10-14,SVK,Sparta (A)²,3,0,1696,1420,0.814,0.075,0.111,3,0,1.1,-1.2,162,158
1928-10-14,Sparta (Ze),UNA (L),2,2,1605,1402,0.750,0.082,0.168,5,2,-47.3,44.1,215,209
1928-10-14,Sport,Concordia²,3,0,1602,1483,0.643,0.118,0.240,2,1,15.9,-16.8,146,151
1928-10-14,Sportief,SAMOS,4,1,1666,1752,0.356,0.135,0.509,0,1,41.2,-46.2,147,156
1928-10-14,Sprotje,WKC (Wi),5,8,1059,1352,0.146,0.076,0.778,2,5,-1.8,1.6,157,170
1928-10-14,TOGO (A),AW,0,6,1618,1612,0.486,0.134,0.380,2,1,-65.1,56.8,169,157
1928-10-14,TOV (D),Spartaan,7,1,1397,1684,0.149,0.080,0.770,2,5,84.8,-193.2,171,256
1928-10-14,Victoria (A),OSCA,5,3,1578,1497,0.590,0.129,0.281,1,0,13.9,-15.7,161,174
1928-10-14,Volharding (A),KVKV,3,3,1672,1820,0.283,0.114,0.603,2,3,13.2,-15.8,139,152
1928-10-14,WK,Friso (L),2,2,1905,1638,0.806,0.076,0.118,4,1,-46.9,37.0,179,160
1928-10-14,Wilskracht (B),Deska,1,5,1454,1725,0.156,0.098,0.745,0,2,-20.6,23.5,175,190
1928-10-14,Wilskracht,'t Overschotje,2,6,1343,1446,0.341,0.116,0.543,2,3,-50.8,53.1,210,215
1928-10-14,ZKV (Za),Oosterpark,2,3,1658,1598,0.571,0.114,0.314,3,2,-24.3,26.7,151,159
1928-10-14,Zuiden (R),HKV,4,1,2072,1831,0.785,0.080,0.135,4,1,2.1,-2.1,146,147
1928-10-14,Zwaluwen (H),De Tovers,2,3,1614,1585,0.517,0.134,0.348,2,1,-21.7,23.4,151,157
1928-10-21,Achilles (H),Rood Wit (H),2,3,1782,1601,0.723,0.094,0.183,4,1,-57.2,58.9,196,199
1928-10-21,Actief,Osno,2,1,1594,1658,0.394,0.120,0.486,2,3,17.9,-18.3,160,161
1928-10-21,Ambakor,De Kweek,5,1,1582,1554,0.523,0.122,0.355,3,2,48.6,-39.6,192,171
1928-10-21,Amersfoort,LUTO,1,6,1498,1735,0.187,0.101,0.711,1,3,-27.7,22.3,172,152
1928-10-21,Amstelodamum,Zwaluwen (H),2,3,1605,1596,0.489,0.136,0.375,2,1,-18.8,17.7,148,143
1928-10-21,Amsterdam Zuid,Kadimah,4,0,1536,1230,0.840,0.063,0.097,5,1,10.9,-10.6,220,211
1928-10-21,BEP,Haarlem,7,3,1650,1588,0.571,0.116,0.313,3,2,29.8,-30.6,156,158
1928-10-21,BKC²,ODO²,1,5,1186,1638,0.061,0.046,0.893,1,5,0.1,-0.9,174,190
1928-10-21,DDV,DTV,4,1,1922,1914,0.495,0.122,0.382,3,2,21.2,-24.6,128,139
1928-10-21,DED,Sport Vereent,0,0,1435,1502,0.426,0.047,0.526,19,20,4.0,-5.6,141,167
1928-10-21,DES (V),Princes Juliana,7,2,1274,1096,0.718,0.097,0.185,3,1,34.7,-24.3,202,163
1928-10-21,EKCA,Hellas,2,2,1721,1694,0.522,0.121,0.356,3,2,-6.7,11.4,145,188
1928-10-21,Excelsior,Olympia (B),2,1,1953,1949,0.493,0.115,0.391,4,3,6.5,-5.3,144,128
1928-10-21,Fluks,Zuiden (R),2,1,1860,2078,0.208,0.096,0.696,2,4,35.5,-32.7,148,142
1928-10-21,Fortuna,Gooiers,6,4,1285,1365,0.373,0.119,0.508,2,3,66.4,-34.9,254,179
1928-10-21,GKV,Ready (H),3,0,1751,1834,0.365,0.124,0.511,2,3,58.2,-56.7,191,189
1928-10-21,HKV,Deetos,2,3,1833,1995,0.264,0.117,0.619,1,2,3.3,-3.7,144,149
1928-10-21,Hercules,Bilthoven,7,0,1767,1829,0.390,0.131,0.478,1,2,52.7,-49.9,147,143
1928-10-21,KCN,Avanti²,2,5,1621,1717,0.354,0.111,0.534,3,4,-33.9,35.0,192,196
1928-10-21,KVD,DEV,3,2,1770,1836,0.389,0.123,0.488,2,3,13.7,-17.4,132,150
1928-10-21,KZ,Swift,1,1,1933,1890,0.540,0.126,0.334,2,1,-8.8,8.7,141,140
1928-10-21,Korf²,SGOC,1,4,1063,1063,0.480,0.130,0.390,3,2,-48.5,51.7,175,181
1928-10-21,Kwiek,Victoria (A),2,0,1744,1596,0.681,0.108,0.211,3,1,3.8,-3.5,171,153
1928-10-21,Mercedes,Wilskracht,5,2,1292,1296,0.475,0.127,0.398,3,2,44.2,-43.7,192,190
1928-10-21,Noviomagum,ZKC (Zu),5,2,1796,1661,0.668,0.104,0.228,3,2,18.0,-17.6,181,178
1928-10-21,OSCR,HBS (H),4,0,1646,1521,0.653,0.110,0.237,3,1,26.2,-24.8,167,162
1928-10-21,Ons Zwaluwennest,Emma,3,1,1676,1566,0.637,0.108,0.255,3,2,11.0,-10.8,204,201
1928-10-21,Oosterpark,KVO,3,1,1628,1587,0.541,0.121,0.338,3,2,14.5,-16.4,150,161
1928-10-21,ReadyTekca,Volharding (A),5,1,1857,1689,0.706,0.100,0.194,3,1,13.1,-13.8,131,135
1928-10-21,Rood Zwart,Nic,4,0,1809,1770,0.543,0.114,0.343,4,3,30.0,-37.5,152,172
1928-10-21,SAMOS,Concordia²,2,0,1710,1470,0.779,0.089,0.132,2,0,-5.2,4.9,148,145
1928-10-21,Sport,Sportief,0,3,1622,1712,0.352,0.132,0.516,1,2,-24.9,24.9,141,141
1928-10-21,Velox,Vitesse (Leiden),1,3,1882,1956,0.381,0.119,0.500,2,3,-15.7,15.2,140,137
1928-10-21,Voorwaarts (M),WK,6,4,1891,1862,0.529,0.112,0.359,4,3,15.4,-17.8,157,171
1928-10-21,WKC (Wi),Sprotje,4,0,1358,1062,0.836,0.061,0.104,6,2,3.4,-3.3,163,152
1928-10-21,Wees Kwiek,Sparta (Ze),2,1,1351,1561,0.217,0.095,0.688,2,5,50.8,-51.7,197,199
1928-10-21,Westerkwartier,DVD²,1,4,1864,1767,0.621,0.108,0.270,4,2,-50.3,38.8,150,131
1928-10-21,Zwart Wit,HKC (He),0,2,1520,1396,0.653,0.110,0.237,3,1,-56.8,43.7,172,151
1928-10-28,ALO,Die Haghe,0,4,1707,1594,0.636,0.116,0.248,2,1,-62.7,70.0,154,163
1928-10-28,Achilles (A),HKC (He),1,6,1688,1441,0.795,0.071,0.134,5,2,-97.4,71.2,169,145
1928-10-28,BKC²,ELTO,7,1,1188,1651,0.057,0.045,0.898,0,5,124.2,-89.1,170,146
1928-10-28,KVKV,Eendracht,2,4,1810,1879,0.387,0.121,0.492,2,3,-17.9,20.9,147,161
1928-11-04,'t Overschotje,Mercedes,9,3,1505,1338,0.707,0.098,0.195,3,1,39.5,-32.9,198,178
1928-11-04,AKC (Al),Zwart Wit,10,4,1698,1465,0.776,0.082,0.141,4,1,18.7,-21.5,151,164
1928-11-04,Actief,Amersfoort,11,0,1613,1472,0.672,0.110,0.218,2,1,31.0,-35.6,153,165
1928-11-04,Blauw Wit,Hinde,8,1,1695,1719,0.451,0.121,0.429,4,3,49.0,-51.1,152,156
1928-11-04,DTV,Westerkwartier,2,1,1891,1816,0.588,0.118,0.294,3,2,-0.9,1.2,136,145
1928-11-04,Excelsa,Deska,3,5,1482,1754,0.157,0.093,0.750,0,3,3.4,-2.6,193,183
1928-11-04,Excelsior,DDV,3,6,1961,1945,0.508,0.120,0.373,4,3,-35.2,29.5,140,128
1928-11-04,Fluks,Deetos,2,2,1897,1993,0.349,0.120,0.531,2,3,8.1,-8.1,145,145
1928-11-04,Fortuna,RCU,8,8,1353,1419,0.396,0.113,0.491,3,4,7.3,-6.6,218,208
1928-11-04,HBS (H),DKC (De),5,5,1498,1642,0.288,0.116,0.596,2,3,14.8,-18.5,156,174
1928-11-04,HSV,Zuiden (R),3,2,1837,2047,0.217,0.097,0.687,2,4,34.4,-31.0,148,140
1928-11-04,Hellas,Be Quick,7,1,1707,1508,0.742,0.090,0.168,4,1,27.8,-29.1,174,178
1928-11-04,KVTO,Algemeene,6,3,1326,1240,0.608,0.107,0.285,4,3,30.3,-22.0,213,175
1928-11-04,MKC (Markelo),WKC (Wi),4,3,1438,1363,0.596,0.104,0.300,5,3,-4.2,1.6,210,161
1928-11-04,NHM (A),Oranje Nassau,1,4,1143,1640,0.046,0.041,0.913,0,4,25.9,-5.7,284,180
1928-11-04,Noviomagum,EKCA,6,0,1815,1716,0.623,0.109,0.268,3,2,39.5,-28.2,172,142
1928-11-04,ODI (H),Olympiaan,4,1,1432,1386,0.551,0.118,0.331,3,2,33.6,-39.3,192,210
1928-11-04,OSCA,Kwiek,1,6,1487,1750,0.166,0.091,0.743,1,4,-22.4,21.6,167,163
1928-11-04,Ons Zwaluwennest,Spartaan,16,2,1688,1496,0.739,0.086,0.175,5,2,37.6,-52.6,189,231
1928-11-04,Oosterpark,ZKV (Za),0,5,1644,1640,0.492,0.119,0.389,4,3,-46.5,48.7,146,149
1928-11-04,Osno,LUTO,2,3,1641,1759,0.323,0.112,0.565,3,4,-0.6,0.6,154,149
1928-11-04,Rigtersbleek,DOS (E),1,1,1544,1686,0.289,0.118,0.593,2,3,13.8,-14.7,147,152
1928-11-04,Rood Zwart,Voorwaarts (M),2,3,1841,1908,0.397,0.108,0.496,4,5,-6.2,6.4,147,151
1928-11-04,SAMOS,De Tovers,3,1,1706,1614,0.609,0.120,0.271,2,1,9.1,-9.7,146,153
1928-11-04,Spangen,Ter Gouw,2,1,1416,1551,0.302,0.108,0.590,3,4,49.5,-38.1,239,209
1928-11-04,Sportief,Concordia²,3,0,1738,1476,0.796,0.088,0.116,2,-1,3.8,-4.0,138,144
1928-11-04,Swift,Olympia (B),3,3,1901,1945,0.421,0.122,0.457,2,3,1.5,-1.3,137,128
1928-11-04,Trekvogels (R),Emma,2,3,1626,1556,0.579,0.121,0.300,3,1,-35.9,35.8,187,187
1928-11-04,UNA (L),Sparta (Ze),2,4,1452,1511,0.404,0.114,0.482,3,4,-28.8,25.9,198,186
1928-11-04,Velox,Ons Eibernest,3,4,1868,1818,0.555,0.119,0.327,3,2,-19.8,22.3,137,145
1928-11-04,Wilskracht,NIVO,2,0,1254,1191,0.574,0.114,0.312,3,2,15.0,-20.1,177,213
1928-11-04,ZKC (Zu),Onder Ons,5,0,1645,1600,0.555,0.105,0.340,5,4,39.3,-45.9,170,185
1928-11-04,Zwaluwen (H),Sport,2,1,1615,1599,0.503,0.129,0.368,3,2,6.0,-5.8,140,138
1928-11-11,'t Overschotje,Rapiditas,6,1,1545,1280,0.807,0.074,0.119,4,1,18.7,-18.8,183,184
1928-11-11,ALO,Rozenburg,0,2,1645,1614,0.527,0.123,0.350,3,2,-31.9,36.1,150,160
1928-11-11,Achilles (Am),Wilskracht (B),3,7,1387,1440,0.411,0.116,0.473,2,3,-67.2,42.9,223,173
1928-11-11,Amstelodamum,Sportief,0,6,1589,1743,0.269,0.128,0.603,0,2,-32.4,28.3,146,136
1928-11-11,DED,AW,2,8,1442,1675,0.186,0.113,0.701,0,1,-23.0,27.5,141,156
1928-11-11,DVD²,KZ,6,5,1808,1926,0.324,0.111,0.565,3,4,19.0,-21.1,133,141
1928-11-11,De Tovers,Zwaluwen (H),1,3,1605,1622,0.453,0.134,0.412,2,1,-26.4,22.6,146,134
1928-11-11,District V,TCNH,7,2,1551,1275,0.815,0.073,0.112,4,1,24.4,-17.4,219,175
1928-11-11,EGC,Olympia '22,0,6,1035,1097,0.401,0.113,0.486,3,4,-51.4,63.3,171,192
1928-11-11,EKCA,ZKC (Zu),3,1,1689,1685,0.487,0.126,0.386,3,2,16.7,-21.9,137,159
1928-11-11,Eendracht,ReadyTekca,0,3,1900,1873,0.524,0.120,0.356,3,2,-42.9,33.0,153,134
1928-11-11,GKV,Vitesse (Haag),6,1,1812,1625,0.731,0.090,0.180,4,2,26.1,-26.5,180,181
1928-11-11,Hinde,Actief,4,4,1669,1645,0.520,0.116,0.364,4,3,-7.0,7.0,147,147
1928-11-11,KVKV,Volharding (A),6,0,1793,1678,0.644,0.107,0.249,3,2,27.4,-25.2,143,137
1928-11-11,KVO,Hercules,0,4,1573,1822,0.177,0.098,0.725,1,3,-17.0,15.1,156,146
1928-11-11,LUTO,Blauw Wit,2,3,1761,1745,0.507,0.119,0.374,4,3,-16.8,17.3,142,144
1928-11-11,Naas²,Rigtersbleek,4,0,1859,1559,0.836,0.064,0.100,5,1,4.4,-3.9,158,141
1928-11-11,Olympia (B),DVD²,3,2,1945,1827,0.653,0.096,0.251,5,3,-6.0,6.3,124,126
1928-11-11,Onder Ons,Hellas,3,2,1555,1736,0.253,0.092,0.654,4,6,36.4,-34.1,170,165
1928-11-11,Ons Eibernest,HSV,3,0,1842,1872,0.440,0.124,0.436,4,3,28.8,-30.1,139,142
1928-11-11,Phoenix (Z),De Kweek,1,5,1549,1517,0.529,0.121,0.350,3,2,-73.3,54.4,194,165
1928-11-11,SGOC,Korf²,4,2,1117,1017,0.622,0.114,0.264,3,1,10.0,-9.7,172,167
1928-11-11,Spangen,Sperwers,3,1,1466,1562,0.354,0.112,0.534,3,4,50.3,-49.1,211,208
1928-11-11,Sparta (A)²,Avanti²,0,5,1425,1754,0.121,0.070,0.809,1,5,-13.6,16.6,161,183
1928-11-11,Sparta (Ze),Wees Kwiek,6,0,1538,1404,0.672,0.097,0.232,5,3,33.4,-38.6,172,187
1928-11-11,Spartaan,Trekvogels (R),0,17,1444,1591,0.286,0.113,0.601,2,3,-63.0,45.2,209,173
1928-11-11,Swift (W)²,Rapid (Ap),13,1,1410,1099,0.849,0.054,0.097,7,3,22.6,-49.4,175,288
1928-11-11,Swift,DTV,1,2,1903,1891,0.500,0.125,0.375,3,2,-15.1,15.0,132,131
1928-11-11,Vitesse (Leiden),Velox,5,4,1973,1850,0.657,0.102,0.241,4,2,-7.0,6.4,138,132
1928-11-11,WK,Nic,5,0,1847,1735,0.640,0.107,0.253,4,2,31.0,-31.3,164,165
1928-11-11,Zuiden (R),Fluks,6,0,2017,1906,0.641,0.105,0.255,4,2,25.0,-25.8,136,139
1928-11-18,AW,Advendo,5,1,1702,1596,0.625,0.123,0.252,2,0,25.1,-33.2,149,175
1928-11-18,BKC²,Paars Wit,2,5,1312,1263,0.555,0.115,0.330,3,2,-52.2,56.4,172,179
1928-11-18,Baerne,RCU,1,0,1560,1412,0.689,0.092,0.219,5,3,-15.3,14.3,196,191
1928-11-18,Be Quick,Onder Ons,1,3,1479,1591,0.335,0.107,0.558,3,4,-14.2,12.8,171,160
1928-11-18,Concordia²,SAMOS,2,1,1473,1716,0.180,0.103,0.716,0,2,37.7,-37.5,144,143
1928-11-18,DKC (De),Die Haghe,3,1,1623,1664,0.425,0.125,0.450,1,2,29.2,-27.5,165,159
1928-11-18,DOS (E),HKC (He),4,1,1672,1512,0.699,0.098,0.203,4,2,9.4,-9.3,147,147
1928-11-18,Eendracht,KVKV,3,2,1857,1819,0.539,0.116,0.345,4,3,2.8,-2.6,145,138
1928-11-18,Excelsa,Achilles (Am),1,0,1486,1319,0.711,0.089,0.199,5,2,-15.9,18.7,183,196
1928-11-18,Excelsior,DVD²,3,1,1926,1833,0.620,0.102,0.278,5,3,4.7,-4.0,137,124
1928-11-18,HSV,Deetos,1,1,1841,1985,0.289,0.113,0.599,2,3,12.5,-13.5,136,141
1928-11-18,Hercules,DEV,4,2,1836,1821,0.503,0.128,0.369,3,2,16.6,-18.5,141,150
1928-11-18,KVD,Oosterpark,3,1,1786,1598,0.733,0.088,0.179,4,2,-3.2,3.5,137,142
1928-11-18,KZ,DTV,1,0,1904,1905,0.483,0.122,0.395,3,2,6.9,-6.2,135,127
1928-11-18,LUTO,Amersfoort,8,1,1743,1437,0.838,0.067,0.095,4,0,12.4,-16.2,136,159
1928-11-18,NIVO,'t Overschotje,1,5,1171,1563,0.086,0.057,0.857,1,5,-4.5,4.4,193,175
1928-11-18,OSCR,ALO,4,0,1674,1612,0.570,0.121,0.310,3,2,33.9,-26.2,165,143
1928-11-18,Ons Eibernest,Fluks,2,4,1870,1879,0.469,0.125,0.406,3,2,-22.2,22.4,133,134
1928-11-18,Oranje Nassau,Wilskracht (B),4,0,1635,1482,0.685,0.109,0.206,2,0,26.9,-23.0,179,163
1928-11-18,Osno,Blauw Wit,2,1,1640,1762,0.319,0.113,0.568,3,4,23.8,-20.5,149,138
1928-11-18,Spartaan,TOV (D),1,3,1381,1488,0.338,0.113,0.549,3,4,-19.0,16.5,188,173
1928-11-18,Sport Vereent,TOGO (A),0,1,1498,1559,0.435,0.048,0.517,19,20,-1.3,1.4,162,167
1928-11-18,Sportief,De Tovers,3,0,1770,1578,0.730,0.102,0.168,2,0,7.2,-7.9,131,139
1928-11-18,Swift,DDV,6,1,1887,1975,0.359,0.125,0.516,1,2,40.5,-40.2,128,127
1928-11-18,Volharding (A),ReadyTekca,0,6,1652,1905,0.175,0.093,0.732,1,4,-17.8,16.9,133,130
1928-11-18,WKC,Swift (W)²,1,5,1341,1431,0.369,0.096,0.535,6,7,-41.4,32.3,196,170
1928-11-18,Wester,SVB,8,3,1616,1269,0.871,0.050,0.079,6,2,10.5,-13.3,188,239
1928-11-18,Westerkwartier,Olympia (B),5,2,1817,1938,0.318,0.116,0.566,2,3,41.6,-30.9,142,122
1928-12-02,AW,TOGO (A),8,2,1726,1559,0.702,0.107,0.191,2,0,24.1,-27.9,146,158
1928-12-02,Achilles (A),AKC (Al),3,2,1589,1715,0.318,0.102,0.580,4,5,28.7,-23.5,171,154
1928-12-02,Actief,Blauw Wit,5,3,1650,1740,0.361,0.115,0.524,3,4,29.2,-25.6,145,136
1928-12-02,Avanti²,KCN,3,3,1769,1588,0.729,0.084,0.188,6,3,-33.2,36.5,179,187
1928-12-02,Be Quick,Hellas,2,1,1464,1700,0.192,0.094,0.714,2,4,42.6,-42.3,162,161
1928-12-02,Concordia²,De Tovers,2,1,1509,1569,0.393,0.134,0.472,1,2,15.8,-15.0,142,138
1928-12-02,DES (V),Korf²,4,1,1309,1005,0.839,0.063,0.098,5,1,-4.8,2.1,196,163
1928-12-02,DVD²,DTV,1,4,1827,1897,0.390,0.111,0.499,3,4,-18.6,19.2,124,127
1928-12-02,Eendracht,Haarlem,3,1,1858,1558,0.835,0.066,0.099,4,1,-10.7,14.8,141,162
1928-12-02,Emma,Ons Zwaluwennest,3,2,1591,1725,0.305,0.107,0.588,3,4,31.9,-33.8,179,184
1928-12-02,Fluks,HKV,3,3,1900,1837,0.572,0.120,0.308,3,2,-9.9,13.1,132,151
1928-12-02,GKC,WKC (Wi),3,5,1195,1363,0.267,0.096,0.637,4,5,-4.7,4.5,167,160
1928-12-02,HSV,Vitesse (Leiden),1,0,1852,1964,0.331,0.113,0.556,3,4,18.7,-20.0,134,139
1928-12-02,Hercules,ZKV (Za),4,2,1852,1687,0.705,0.096,0.199,4,2,-0.5,0.8,138,150
1928-12-02,KVO,Oosterpark,2,0,1554,1600,0.419,0.121,0.460,2,3,26.9,-22.4,155,141
1928-12-02,KVTO,Kadimah,0,4,1355,1220,0.673,0.097,0.230,5,3,-89.1,99.5,197,209
1928-12-02,Noviomagum,Onder Ons,2,6,1854,1602,0.802,0.065,0.133,7,3,-86.3,72.8,167,154
1928-12-02,Osno,Hinde,3,1,1663,1660,0.493,0.113,0.394,4,3,16.4,-16.6,144,145
1928-12-02,Ready (H),Vitesse (Haag),2,1,1778,1597,0.726,0.089,0.185,5,2,-18.9,16.9,184,175
1928-12-02,SAMOS,Amstelodamum,2,3,1677,1554,0.651,0.111,0.238,3,1,-30.0,31.5,142,145
1928-12-02,Volharding (A),BEP,2,3,1632,1680,0.419,0.118,0.463,2,3,-7.9,11.1,133,160
1928-12-02,Westerkwartier,Swift,3,3,1857,1926,0.384,0.127,0.490,1,2,4.5,-3.7,138,127
1928-12-02,Wilskracht,Mercedes,4,0,1268,1304,0.434,0.122,0.445,2,3,49.8,-50.9,173,175
1928-12-02,Zuiden (R),Deetos,5,0,2040,1970,0.587,0.107,0.306,4,3,26.2,-26.5,138,139
1928-12-02,Zwart Wit,Rigtersbleek,1,2,1443,1553,0.329,0.122,0.549,2,3,-2.8,2.5,164,144
1928-12-09,'t Overschotje,Wilskracht,4,1,1566,1318,0.796,0.071,0.133,5,2,-0.4,-0.1,174,161
1928-12-09,ALO,DKC (De),4,4,1584,1651,0.390,0.122,0.488,2,3,4.1,-5.1,143,159
1928-12-09,Amstelodamum,SAMOS,1,1,1585,1647,0.394,0.129,0.477,1,2,3.5,-3.4,140,137
1928-12-09,Blauw Wit,Amersfoort,2,0,1714,1419,0.829,0.071,0.100,3,0,-8.1,12.9,131,159
1928-12-09,Excelsa,Wilskracht (B),4,1,1468,1458,0.495,0.127,0.377,3,2,37.5,-31.4,177,160
1928-12-09,Excelsior,Westerkwartier,3,3,1930,1862,0.581,0.114,0.305,3,2,-11.5,10.7,138,133
1928-12-09,HKV,Ons Eibernest,0,0,1850,1846,0.487,0.126,0.386,3,2,-4.5,3.9,144,134
1928-12-09,Haarlem,Volharding (A),1,0,1573,1625,0.408,0.127,0.465,1,2,17.1,-11.7,157,129
1928-12-09,Naas²,DOS (E),8,0,1861,1680,0.729,0.086,0.186,5,2,28.3,-24.1,161,147
1928-12-09,Oosterpark,KVD,0,9,1578,1781,0.225,0.097,0.677,2,4,-24.7,26.1,135,139
1928-12-09,Oranje Nassau,NHM (A),3,1,1660,1168,0.936,0.031,0.033,5,0,-21.2,65.4,172,270
1928-12-09,Phoenix (Z),Graaf Willem 2,1,3,1473,1438,0.532,0.123,0.344,3,2,-42.0,61.0,183,223
1928-12-09,Princes Juliana,DES (V),0,8,1072,1304,0.196,0.095,0.710,2,4,-33.3,38.8,171,186
1928-12-09,Rood Wit (H),Olympiaan,2,1,1660,1345,0.848,0.060,0.092,5,1,-38.1,38.4,197,197
1928-12-09,SDL,Blauw Wit (K)²,1,4,877,900,0.453,0.118,0.429,4,3,-61.0,39.8,222,175
1928-12-09,Sport,Zwaluwen (H),3,1,1592,1643,0.410,0.126,0.464,1,2,25.0,-23.3,144,138
1928-12-09,TOGO (A),Sport Vereent,5,2,1531,1495,0.572,0.047,0.381,20,18,5.9,-6.3,151,158
1928-12-09,ZKC (Zu),Noviomagum,0,3,1661,1767,0.338,0.116,0.546,2,3,-24.4,25.5,157,161
1928-12-16,Achilles (H),Olympiaan,5,0,1726,1384,0.865,0.055,0.079,5,1,12.5,-11.9,197,188
1928-12-16,Amsterdam Zuid,KVTO,5,1,1547,1267,0.823,0.066,0.111,5,2,11.1,-9.5,220,185
1928-12-16,DED,TOGO (A),2,1,1417,1537,0.311,0.134,0.555,0,1,25.2,-23.9,148,144
1928-12-16,DVD²,Swift,1,2,1809,1923,0.329,0.112,0.559,3,4,-0.6,0.6,124,127
1928-12-16,De Kweek,Ambakor,0,1,1570,1631,0.398,0.119,0.483,2,3,-9.4,11.9,165,190
1928-12-16,KVKV,Haarlem,3,2,1815,1590,0.771,0.081,0.148,4,1,-16.6,18.2,141,148
1928-12-16,KVO,KVD,1,3,1581,1807,0.201,0.095,0.704,2,4,0.9,-0.5,149,135
1928-12-16,KZ,DDV,2,1,1910,1933,0.451,0.122,0.427,4,3,9.8,-9.0,138,132
1928-12-16,Olympia (B),DTV,2,2,1906,1917,0.472,0.115,0.413,4,3,-2.2,2.1,129,126
1928-12-16,Spartaan,Emma,2,7,1360,1623,0.167,0.090,0.743,1,4,-25.4,22.9,179,169
1928-12-16,Sportief,Sport,2,0,1777,1617,0.696,0.104,0.200,3,1,1.1,-1.1,138,137
1928-12-16,UDI (NK),Moordrecht,2,1,1158,1316,0.278,0.098,0.623,4,5,34.3,-34.3,175,175
1928-12-16,Victoria (A),Kwiek,4,0,1593,1770,0.248,0.112,0.640,1,3,68.5,-72.2,164,168
1928-12-16,Vitesse (Leiden),Deetos,1,1,1944,1944,0.486,0.118,0.395,4,3,-3.7,3.7,136,136
1928-12-16,Volharding (A),Eendracht,3,3,1613,1848,0.191,0.098,0.711,1,3,18.6,-24.0,125,142
1928-12-23,Algemeene,KVTO,1,5,1220,1259,0.431,0.116,0.453,3,4,-48.9,48.5,178,177
1928-12-23,Avanti²,Sparta (A)²,4,0,1738,1412,0.856,0.057,0.087,5,1,2.8,-2.8,173,168
1928-12-23,DTV,KZ,5,2,1921,1922,0.483,0.122,0.396,4,3,20.3,-23.6,122,133
1928-12-23,KVO,Bilthoven,1,1,1584,1782,0.227,0.106,0.667,1,3,19.1,-23.4,143,158
1928-12-23,OSCA,Velocitas (A),2,0,1465,1585,0.350,0.052,0.598,15,17,27.8,-27.8,173,173
1928-12-23,Oosterpark,DEV,1,6,1556,1803,0.181,0.092,0.727,1,4,-15.8,19.8,134,152
1928-12-23,SDO (L),Vitesse (Haag),2,7,1463,1616,0.282,0.105,0.613,3,4,-46.1,34.5,202,171
1928-12-23,Zwaluwen (H),Amstelodamum,2,2,1622,1591,0.523,0.129,0.348,2,1,-7.0,7.1,136,137
1928-12-30,AKC (Al),Rigtersbleek,5,3,1694,1558,0.669,0.106,0.225,3,1,3.4,-3.2,154,147
1928-12-30,ASVA,Rohda (A),1,1,1463,1652,0.240,0.102,0.658,2,4,28.6,-24.8,191,179
1928-12-30,Algemeene,Amsterdam Zuid,0,7,1171,1561,0.087,0.057,0.856,1,5,-16.0,22.9,165,207
1928-12-30,Concordia²,Sportief,0,2,1527,1780,0.171,0.104,0.725,0,2,0.3,-0.1,144,137
1928-12-30,DEV,Bilthoven,5,3,1823,1759,0.574,0.118,0.308,3,2,11.2,-11.7,146,150
1928-12-30,DVD²,Excelsior,5,2,1811,1920,0.336,0.108,0.555,3,4,29.8,-36.7,124,138
1928-12-30,LUTO,Actief,4,1,1756,1682,0.594,0.107,0.299,4,3,17.3,-16.9,148,146
1928-12-30,Olympia (B),Swift,5,1,1906,1926,0.457,0.121,0.423,4,3,29.0,-28.4,128,126
1928-12-30,Onder Ons,Be Quick,8,1,1677,1509,0.715,0.086,0.199,5,3,26.6,-28.0,157,162
1928-12-30,ReadyTekca,Eendracht,2,2,1923,1826,0.621,0.109,0.270,4,2,-15.3,15.0,141,140
1928-12-30,Velocitas (A),Kwiek,1,0,1558,1700,0.320,0.051,0.629,15,18,22.4,-22.2,162,161
1928-12-30,WKC (Wi),MKC (Markelo),2,3,1370,1435,0.398,0.110,0.492,3,4,-7.4,11.1,159,202
1929-01-06,SVK,Avanti²,1,2,1704,1741,0.436,0.114,0.449,3,4,-14.8,13.2,182,170
1929-01-06,Sportief,Amstelodamum,5,2,1780,1599,0.719,0.103,0.179,2,0,7.9,-8.0,134,135
1929-03-10,Amersfoort,Actief,1,7,1435,1665,0.194,0.101,0.705,1,3,-34.8,28.6,182,163
1929-03-10,Amstelodamum,De Tovers,1,2,1591,1556,0.529,0.129,0.342,2,1,-22.3,26.0,153,166
1929-03-10,DOS (E),Naas²,1,7,1658,1892,0.196,0.088,0.716,2,5,-28.8,31.6,171,181
1929-03-10,Emma,Trekvogels (R),3,0,1648,1636,0.502,0.121,0.377,3,2,37.4,-41.5,185,197
1929-03-10,HKV,Vitesse (Leiden),1,2,1848,1943,0.349,0.123,0.528,2,3,-5.3,5.0,167,159
1929-03-10,MKC (Markelo),Sprotje,2,3,1447,1061,0.893,0.043,0.064,7,2,-88.8,80.7,200,191
1929-03-10,Oosterpark,Hercules,1,9,1540,1854,0.129,0.078,0.793,1,4,-21.4,23.7,158,167
1929-03-10,Rozenburg,HBS (H),1,1,1650,1514,0.670,0.103,0.226,4,2,-28.6,28.8,186,187
1929-03-10,Sperwers,Spangen,0,0,1513,1517,0.483,0.114,0.403,4,3,-5.9,6.0,218,220
1929-03-10,Zwaluwen (H),Concordia²,1,1,1615,1527,0.601,0.125,0.275,2,1,-16.3,17.4,157,162
1929-03-17,Amsterdam Zuid,Algemeene,16,1,1584,1155,0.913,0.038,0.049,6,1,19.2,-15.0,215,183
1929-03-17,Baerne,Gooiers,10,0,1545,1333,0.761,0.081,0.159,5,2,42.8,-41.6,213,209
1929-03-17,Bilthoven,Hercules,2,5,1747,1877,0.305,0.118,0.577,2,3,-25.2,23.4,167,161
1929-03-17,DDV,Olympia (B),4,5,1927,1935,0.475,0.117,0.408,4,3,-16.5,14.9,159,151
1929-03-17,De Tovers,Sport,1,3,1582,1618,0.430,0.129,0.442,1,2,-25.0,27.8,155,164
1929-03-17,Deetos,Ons Eibernest,5,0,1950,1852,0.620,0.111,0.268,3,2,32.6,-33.1,162,163
1929-03-17,Emma,Spartaan,12,1,1686,1337,0.869,0.055,0.076,4,0,17.8,-22.0,171,195
1929-03-17,Graaf Willem 2,Phoenix (Z),5,1,1502,1434,0.578,0.120,0.302,3,2,52.6,-43.4,221,197
1929-03-17,HBS (H),OSCR,6,0,1543,1709,0.263,0.111,0.627,2,3,80.8,-94.7,174,189
1929-03-17,HKV,Zuiden (R),0,1,1842,2069,0.200,0.097,0.703,2,4,11.9,-14.1,156,168
1929-03-17,Haarlem,ReadyTekca,2,4,1610,1908,0.141,0.081,0.778,1,4,8.5,-7.1,172,161
1929-03-17,Korf²,DES (V),0,9,1010,1345,0.116,0.071,0.813,1,4,-28.2,31.1,189,201
1929-03-17,LUTO,Osno,5,0,1774,1682,0.617,0.104,0.278,4,3,33.1,-35.2,166,172
1929-03-17,ODO²,DWS,6,1,1640,1198,0.918,0.037,0.045,5,0,7.2,-7.2,221,229
1929-03-17,Olympiaan,ODI (H),1,1,1374,1467,0.355,0.118,0.527,2,3,11.8,-12.6,205,212
1929-03-17,Oranje Nassau,Achilles (Am),1,2,1641,1339,0.840,0.061,0.099,5,1,-73.7,87.1,197,213
1929-03-17,Quick (D),Paars Wit,7,0,1433,1321,0.641,0.107,0.252,4,2,53.5,-50.2,206,199
1929-03-17,Rapid (Ap),WKC,3,8,1050,1300,0.183,0.080,0.737,3,6,-47.6,31.0,281,209
1929-03-17,Ready (H),SDO (L),8,0,1761,1417,0.867,0.054,0.079,5,1,23.2,-23.8,201,205
1929-03-17,Rigtersbleek,Naas²,2,3,1555,1924,0.097,0.061,0.841,1,5,29.4,-31.1,166,170
1929-03-17,Rozenburg,DKC (De),6,4,1622,1648,0.447,0.121,0.433,4,3,28.1,-29.8,174,179
1929-03-17,SVB,Wester,0,2,1257,1628,0.098,0.057,0.845,2,6,30.9,-20.2,249,213
1929-03-17,Swift,KZ,2,1,1897,1899,0.479,0.127,0.393,3,2,8.9,-9.6,150,157
1929-03-17,Velox,HSV,1,3,1856,1873,0.461,0.120,0.419,4,3,-30.9,29.0,171,165
1929-03-17,Westerkwartier,DTV,4,1,1875,1941,0.389,0.123,0.488,2,3,43.2,-37.1,162,150
1929-03-17,ZKC (Zu),Be Quick,5,0,1639,1481,0.695,0.103,0.202,3,1,31.1,-30.7,178,177
1929-03-17,Zwaluwen (H),SAMOS,0,0,1599,1646,0.413,0.131,0.457,1,2,2.0,-2.4,149,165
1929-03-20,Blauw Wit (K)²,SDL,11,1,942,818,0.658,0.102,0.241,4,2,47.9,-60.0,193,220
1929-03-24,AW,DED,6,2,1750,1442,0.836,0.073,0.091,2,-1,10.8,-10.5,177,172
1929-03-24,Achilles (H),ODI (H),6,0,1738,1452,0.825,0.067,0.107,5,1,26.9,-22.7,213,191
1929-03-24,Amersfoort,Blauw Wit,0,2,1397,1706,0.130,0.084,0.785,0,3,7.5,-6.7,173,166
1929-03-24,Bilthoven,KVD,0,4,1719,1806,0.364,0.118,0.519,2,3,-34.4,37.6,157,165
1929-03-24,Concordia²,Amstelodamum,3,1,1542,1566,0.444,0.136,0.420,2,1,26.3,-23.9,156,148
1929-03-24,DKC (De),HBS (H),5,1,1616,1621,0.478,0.120,0.402,4,3,42.0,-41.1,166,164
1929-03-24,DTV,DDV,5,3,1901,1907,0.477,0.120,0.403,4,3,18.1,-19.8,143,150
1929-03-24,DWS,Quick (D),0,2,1188,1484,0.143,0.080,0.778,1,4,11.4,-7.0,220,189
1929-03-24,Deetos,Zuiden (R),3,1,1980,2052,0.385,0.116,0.499,3,4,28.5,-30.7,153,159
1929-03-24,Deska,Excelsa,6,0,1750,1505,0.787,0.082,0.132,3,1,33.2,-28.9,210,193
1929-03-24,Die Haghe,ALO,1,1,1635,1588,0.548,0.124,0.328,3,2,-14.4,11.8,188,171
1929-03-24,EKCA,Noviomagum,1,2,1703,1793,0.360,0.119,0.521,2,3,-6.4,6.8,176,183
1929-03-24,HKV,Fluks,3,1,1852,1890,0.426,0.130,0.445,1,2,25.1,-30.6,150,166
1929-03-24,Haarlem,BEP,3,1,1616,1691,0.381,0.117,0.502,2,3,31.9,-39.4,164,184
1929-03-24,Hercules,Oosterpark,14,0,1898,1516,0.889,0.048,0.063,5,0,11.8,-12.3,152,155
1929-03-24,Kadimah,Algemeene,5,0,1319,1137,0.727,0.089,0.184,5,2,36.2,-26.2,219,179
1929-03-24,Leeuwarden,Kinea (K),3,2,1560,1495,0.582,0.105,0.313,5,3,0.3,0.3,226,242
1929-03-24,Naas²,Achilles (A),12,1,1890,1618,0.820,0.061,0.120,7,3,22.0,-28.5,165,192
1929-03-24,Olympia (B),KZ,4,1,1947,1886,0.573,0.112,0.315,4,3,18.6,-19.6,144,148
1929-03-24,Olympiaan,Rood Wit (H),0,0,1383,1622,0.189,0.094,0.717,2,4,32.7,-43.9,187,214
1929-03-24,Onder Ons,ZKC (Zu),1,2,1701,1668,0.540,0.105,0.355,5,4,-25.0,22.8,176,168
1929-03-24,Rapid (Ap),Swift (W)²,3,7,999,1462,0.060,0.038,0.902,2,8,9.9,-3.9,243,196
1929-03-24,Rozenburg,OSCR,6,2,1647,1611,0.536,0.119,0.346,3,2,34.7,-39.9,162,175
1929-03-24,SAMOS,Sport,0,3,1641,1643,0.479,0.126,0.395,3,2,-39.2,38.9,154,153
1929-03-24,SVK,KCN,5,3,1687,1624,0.574,0.115,0.311,3,2,17.0,-19.3,189,205
1929-03-24,Swift,DVD²,5,3,1903,1838,0.580,0.111,0.309,4,3,9.4,-10.3,143,152
1929-03-24,Ter Gouw,Spangen,2,2,1512,1520,0.476,0.115,0.409,4,3,-5.5,4.2,226,199
1929-03-24,Vitesse (Leiden),Ons Eibernest,3,3,1945,1816,0.662,0.103,0.234,4,2,-21.0,21.4,153,154
1929-03-24,Westerkwartier,Excelsior,2,1,1915,1881,0.533,0.119,0.347,3,2,3.8,-4.2,152,161
1929-03-24,Wilskracht (B),Achilles (Am),2,3,1426,1423,0.493,0.114,0.392,4,3,-21.4,25.4,183,201
1929-04-01,ALO,HBS (H),2,3,1600,1580,0.511,0.126,0.363,3,2,-22.0,20.3,160,154
1929-04-01,Achilles (Am),Deska,0,8,1448,1783,0.118,0.067,0.814,2,5,-25.4,28.8,182,197
1929-04-01,Amstelodamum,Concordia²,1,1,1542,1568,0.439,0.137,0.424,2,1,-0.7,0.7,141,147
1929-04-01,DEV,Hercules,1,3,1832,1910,0.375,0.119,0.506,2,3,-21.0,17.0,169,150
1929-04-01,DOS (E),Rigtersbleek,1,3,1627,1581,0.547,0.123,0.330,3,2,-41.2,39.4,168,164
1929-04-01,DVD²,Olympia (B),1,2,1827,1966,0.302,0.103,0.595,3,5,2.6,-2.3,144,138
1929-04-01,Deetos,Fluks,1,1,2008,1860,0.686,0.101,0.213,4,1,-21.4,24.5,146,156
1929-04-01,HKC (He),Naas²,0,5,1501,1912,0.078,0.051,0.871,1,6,-7.8,6.6,184,160
1929-04-01,KVD,KVO,10,0,1844,1601,0.788,0.078,0.134,4,1,21.8,-25.9,155,171
1929-04-01,Ons Eibernest,Velox,2,1,1838,1823,0.507,0.121,0.372,3,2,5.9,-6.9,148,162
1929-04-01,Paars Wit,DWS,1,1,1268,1200,0.580,0.119,0.302,3,2,-16.7,20.2,186,203
1929-04-01,Rapiditas,'t Overschotje,0,4,1258,1566,0.134,0.078,0.787,1,4,-18.7,17.0,213,198
1929-04-01,Vitesse (Leiden),Zuiden (R),3,0,1924,2021,0.352,0.114,0.534,3,4,38.6,-40.4,147,150
1929-04-01,Voorwaarts (M),Friso (L),2,0,1913,1679,0.781,0.076,0.143,5,2,-9.7,12.0,189,204
1929-04-01,Wilskracht (B),Oranje Nassau,4,3,1405,1565,0.264,0.124,0.612,1,2,35.3,-44.2,170,190
1929-04-07,AKC (Al),Naas²,1,2,1695,1919,0.206,0.090,0.704,3,5,16.4,-12.3,178,157
1929-04-07,Achilles (Am),Excelsa,1,5,1423,1477,0.412,0.115,0.473,3,4,-44.4,49.6,174,185
1929-04-07,Actief,LUTO,2,5,1691,1804,0.331,0.110,0.558,3,4,-23.9,23.6,163,162
1929-04-07,Be Quick,EKCA,2,0,1448,1697,0.177,0.098,0.725,1,3,64.9,-61.1,171,166
1929-04-07,Bilthoven,KVO,10,0,1685,1575,0.635,0.114,0.251,3,1,33.5,-38.5,151,163
1929-04-07,DDV,DVD²,5,4,1888,1830,0.570,0.110,0.320,4,3,-0.2,0.1,145,138
1929-04-07,De Tovers,Concordia²,2,1,1554,1569,0.456,0.137,0.407,2,1,11.8,-10.1,152,140
1929-04-07,Deetos,HKV,5,1,1987,1877,0.634,0.115,0.251,3,1,20.9,-22.3,140,145
1929-04-07,Die Haghe,HBS (H),0,3,1621,1600,0.511,0.125,0.363,3,2,-53.1,37.5,175,146
1929-04-07,Excelsior,DTV,2,2,1877,1920,0.425,0.120,0.455,2,3,1.5,-1.2,154,139
1929-04-07,Hinde,Blauw Wit,2,2,1643,1699,0.405,0.120,0.474,2,3,4.2,-3.4,179,162
1929-04-07,KCN,SVK,6,3,1605,1704,0.347,0.119,0.534,2,3,59.2,-52.8,188,177
1929-04-07,KVD,ZKV (Za),4,0,1866,1688,0.724,0.088,0.188,5,2,13.9,-19.2,150,183
1929-04-07,Kadimah,Amsterdam Zuid,3,8,1355,1600,0.187,0.085,0.728,3,5,-30.8,33.1,201,211
1929-04-07,Mercedes,'t Overschotje,0,5,1253,1583,0.119,0.073,0.808,1,4,-21.3,19.4,198,186
1929-04-07,Moordrecht,UDI (NK),4,1,1281,1192,0.616,0.101,0.283,5,3,23.9,-23.9,195,195
1929-04-07,NHM (A),Wilskracht (B),0,4,1233,1440,0.217,0.105,0.678,1,3,-53.1,21.8,280,160
1929-04-07,Nic,Rood Zwart,5,1,1701,1833,0.306,0.110,0.584,3,4,79.6,-72.5,198,189
1929-04-07,Noviomagum,Hellas,5,0,1800,1657,0.681,0.098,0.221,4,2,28.8,-34.8,171,191
1929-04-07,OSCA,Victoria (A),2,2,1491,1661,0.251,0.126,0.624,0,1,24.8,-24.0,191,188
1929-04-07,OSCR,DKC (De),5,2,1572,1658,0.364,0.119,0.517,2,3,46.2,-42.5,164,157
1929-04-07,Oranje Nassau,Deska,1,5,1521,1812,0.143,0.090,0.768,0,3,-17.3,18.9,175,186
1929-04-07,Paars Wit,ODO²,0,5,1251,1645,0.085,0.058,0.857,1,5,-11.5,15.7,172,217
1929-04-07,Phoenix (Z),Ambakor,0,2,1388,1643,0.174,0.091,0.734,1,4,1.9,-3.1,186,203
1929-04-07,RCU,Baerne,2,2,1425,1586,0.275,0.101,0.624,3,5,27.0,-23.5,215,201
1929-04-07,Rigtersbleek,HKC (He),5,1,1621,1494,0.657,0.110,0.233,3,1,22.4,-28.7,154,177
1929-04-07,Spartaan,Ons Zwaluwennest,2,3,1313,1691,0.094,0.057,0.849,2,6,36.2,-42.6,191,205
1929-04-07,Sport Vereent,AW,0,6,1489,1760,0.184,0.035,0.781,15,22,-0.5,0.9,185,173
1929-04-07,Sprotje,GKC,4,1,1139,1190,0.419,0.110,0.472,3,4,47.1,-48.2,191,194
1929-04-07,Swift,Westerkwartier,2,2,1913,1919,0.472,0.130,0.399,3,2,-3.0,3.3,140,147
1929-04-07,TOV (D),Trekvogels (R),2,5,1503,1592,0.363,0.113,0.524,3,4,-38.7,33.4,202,185
1929-04-07,Velox,Fluks,6,2,1816,1884,0.387,0.122,0.491,2,3,45.4,-43.7,151,148
1929-04-07,Vitesse (Haag),SDO (L),10,4,1648,1391,0.803,0.071,0.126,5,2,24.4,-26.2,191,200
1929-04-07,Vitesse (Leiden),HSV,4,1,1963,1900,0.575,0.115,0.310,3,2,17.9,-22.7,140,160
1929-04-07,WK,Voorwaarts (M),1,0,1875,1903,0.450,0.113,0.437,5,4,16.7,-14.0,198,179
1929-04-07,Zuiden (R),Ons Eibernest,0,1,1981,1844,0.673,0.101,0.226,4,2,-31.3,30.5,142,141
1929-04-07,Zwaluwen (H),Sportief,1,5,1598,1785,0.235,0.118,0.647,0,2,-22.6,26.6,147,162
1929-04-07,Zwart Wit,DOS (E),1,3,1439,1586,0.287,0.114,0.599,2,3,-14.1,10.3,191,157
1929-04-14,Achilles (A),Rigtersbleek,3,5,1589,1643,0.411,0.116,0.473,2,3,-28.0,18.4,186,147
1929-04-14,Advendo,Sport Vereent,2,0,1561,1488,0.623,0.047,0.330,19,17,-4.8,3.0,204,175
1929-04-14,Concordia²,Sport,1,9,1559,1682,0.311,0.126,0.563,1,2,-31.9,39.5,134,150
1929-04-14,DES (V),SGOC,8,0,1373,1125,0.794,0.076,0.130,4,1,31.7,-34.3,195,205
1929-04-14,DOS (E),AKC (Al),4,2,1595,1711,0.326,0.117,0.558,2,3,33.4,-41.3,149,167
1929-04-14,DTV,Olympia (B),1,0,1918,1963,0.423,0.118,0.459,2,3,11.2,-11.5,134,136
1929-04-14,Deetos,Velox,7,1,2008,1861,0.685,0.099,0.215,4,2,21.6,-24.0,135,143
1929-04-14,Die Haghe,Rozenburg,2,3,1567,1681,0.325,0.121,0.554,2,3,-2.4,2.3,162,157
1929-04-14,Eendracht,Volharding (A),7,4,1838,1631,0.750,0.091,0.159,3,1,8.0,-7.8,170,166
1929-04-14,Excelsa,Oranje Nassau,3,1,1526,1503,0.512,0.131,0.357,2,1,22.4,-21.7,170,167
1929-04-14,GKC,MKC (Markelo),2,4,1141,1355,0.217,0.092,0.691,3,5,-1.1,0.4,177,200
1929-04-14,Gooiers,RCU,2,6,1288,1452,0.268,0.107,0.625,2,4,-37.0,35.2,200,194
1929-04-14,HSV,Ons Eibernest,0,1,1876,1874,0.487,0.125,0.389,3,2,-17.6,14.5,150,136
1929-04-14,Hellas,Noviomagum,1,5,1622,1828,0.221,0.099,0.679,2,4,-24.3,20.9,177,162
1929-04-14,KVD,Bilthoven,8,2,1879,1718,0.703,0.094,0.202,4,2,22.8,-22.6,145,145
1929-04-14,Osno,Amersfoort,1,3,1643,1404,0.782,0.083,0.135,3,0,-69.4,70.9,168,170
1929-04-14,Rohda (A),ASVA,5,0,1624,1489,0.670,0.102,0.227,4,2,38.6,-41.2,197,205
1929-04-14,Velocitas (A),Victoria (A),0,2,1577,1637,0.432,0.057,0.511,14,15,-11.1,10.1,184,175
1929-04-14,Vitesse (Leiden),Fluks,5,4,1980,1840,0.676,0.102,0.222,4,2,-7.9,8.7,135,141
1929-04-14,WK,Rood Zwart,3,1,1892,1761,0.667,0.100,0.233,4,2,4.1,-4.1,179,175
1929-04-14,Wees Kwiek,UNA (L),1,6,1363,1421,0.403,0.117,0.479,2,3,-69.2,73.0,215,221
1929-04-14,Westerkwartier,DDV,2,1,1922,1887,0.534,0.122,0.344,3,2,3.3,-3.3,140,138
1929-04-14,Zwart Wit,Naas²,0,10,1425,1906,0.053,0.040,0.908,1,6,-13.0,10.1,175,150
1929-04-21,Advendo,TOGO (A),3,1,1556,1512,0.537,0.137,0.325,1,0,24.0,-22.6,185,179
1929-04-21,Algemeene,Kadimah,1,2,1111,1324,0.214,0.097,0.688,2,4,12.2,-14.4,177,189
1929-04-21,BEP,ReadyTekca,1,3,1651,1898,0.184,0.088,0.728,2,5,3.6,-2.9,175,165
1929-04-21,Bilthoven,Oosterpark,6,2,1696,1503,0.736,0.091,0.172,4,1,12.3,-15.5,140,160
1929-04-21,DKC (De),Rozenburg,1,5,1615,1684,0.389,0.120,0.492,2,3,-35.2,34.1,151,149
1929-04-21,DTV,Swift,2,0,1929,1909,0.511,0.125,0.364,3,2,13.5,-15.1,129,137
1929-04-21,DVD²,Westerkwartier,0,4,1830,1926,0.353,0.116,0.531,2,3,-26.1,25.6,136,134
1929-04-21,DWS,ODO²,1,3,1220,1660,0.065,0.049,0.886,0,5,23.0,-28.9,188,207
1929-04-21,Deska,Oranje Nassau,13,4,1830,1482,0.867,0.059,0.074,3,0,18.2,-14.7,178,156
1929-04-21,EKCA,Onder Ons,3,5,1636,1676,0.433,0.111,0.456,3,4,-22.6,25.1,161,170
1929-04-21,Excelsa,NHM (A),5,2,1548,1179,0.881,0.051,0.067,5,0,-3.9,15.2,159,238
1929-04-21,Fluks,HSV,2,1,1849,1859,0.469,0.125,0.406,3,2,8.2,-8.9,136,143
1929-04-21,Gooiers,Fortuna,1,1,1251,1359,0.338,0.113,0.549,3,4,11.4,-19.3,183,236
1929-04-21,HKC (He),AKC (Al),0,4,1465,1669,0.221,0.102,0.676,2,4,-23.1,20.4,168,156
1929-04-21,HKV,Velox,2,3,1854,1837,0.507,0.127,0.367,3,2,-18.0,17.1,142,139
1929-04-21,Hercules,KVD,0,0,1927,1902,0.524,0.112,0.364,4,3,-7.4,6.6,148,140
1929-04-21,KZ,Excelsior,1,1,1866,1878,0.467,0.124,0.409,3,2,-2.7,2.6,149,148
1929-04-21,LUTO,Hinde,6,0,1827,1647,0.726,0.088,0.185,5,2,23.3,-26.9,155,168
1929-04-21,Mercedes,Rapiditas,0,6,1231,1240,0.466,0.134,0.399,2,1,-72.7,81.8,189,202
1929-04-21,Naas²,Zwart Wit,10,0,1916,1412,0.941,0.027,0.032,7,1,6.6,-8.2,149,172
1929-04-21,Nic,WK,1,4,1780,1896,0.326,0.117,0.557,2,3,-30.9,26.5,183,168
1929-04-21,Noviomagum,Be Quick,9,1,1849,1512,0.861,0.058,0.080,4,0,14.3,-16.1,154,165
1929-04-21,OSCR,Die Haghe,4,3,1617,1565,0.557,0.123,0.320,3,2,2.1,-2.0,156,152
1929-04-21,Olympia (B),DDV,2,1,1952,1884,0.583,0.112,0.305,4,2,-0.9,1.0,131,133
1929-04-21,Ready (H),GKV,2,1,1781,1835,0.408,0.123,0.469,2,3,23.1,-25.8,200,213
1929-04-21,Rood Wit (H),Achilles (H),1,3,1578,1764,0.241,0.106,0.653,2,3,-8.9,9.1,202,206
1929-04-21,Rood Zwart,Friso (L),8,1,1757,1691,0.578,0.115,0.307,3,2,42.1,-56.8,164,194
1929-04-21,Sport,De Tovers,2,1,1721,1566,0.692,0.103,0.205,3,1,-9.6,10.1,143,146
1929-04-21,TOV (D),Ons Zwaluwennest,0,2,1464,1648,0.248,0.097,0.656,3,5,-5.0,5.2,185,197
1929-04-21,Volharding (A),Haarlem,3,3,1623,1648,0.446,0.130,0.425,3,2,-1.1,1.1,159,162
1929-04-28,Advendo,AW,1,2,1580,1761,0.239,0.125,0.637,0,1,5.0,-4.9,170,169
1929-04-28,Amersfoort,Hinde,4,1,1475,1620,0.286,0.120,0.594,1,2,57.4,-53.6,165,159
1929-04-28,Amsterdam Zuid,District V,4,5,1633,1573,0.575,0.108,0.317,4,3,-32.5,48.4,198,243
1929-04-28,Bilthoven,ZKV (Za),2,2,1708,1669,0.541,0.118,0.340,3,2,-7.5,12.7,137,176
1929-04-28,Blauw Wit,Osno,14,0,1696,1574,0.652,0.106,0.242,4,2,34.9,-37.4,158,164
1929-04-28,Concordia²,Volharding (A),0,1,1527,1622,0.346,0.132,0.522,1,2,-4.3,5.2,133,149
1929-04-28,DTV,Deetos,2,2,1943,2029,0.364,0.121,0.516,2,3,5.3,-6.2,125,135
1929-04-28,DWS,Paars Wit,5,4,1243,1240,0.486,0.127,0.386,3,2,11.4,-10.3,183,172
1929-04-28,Eendracht,BEP,4,3,1846,1655,0.737,0.088,0.175,4,2,-17.1,17.4,164,166
1929-04-28,Emma,TOV (D),8,1,1701,1459,0.788,0.076,0.136,5,1,25.8,-24.5,178,173
1929-04-28,Eskavee,DVG,5,1,1197,1489,0.149,0.074,0.777,3,6,175.2,-191.8,302,316
1929-04-28,Friso (L),WK,0,5,1635,1922,0.147,0.086,0.767,1,4,-22.3,18.4,177,158
1929-04-28,HKC (He),Zwart Wit,2,0,1442,1404,0.536,0.123,0.340,3,2,16.7,-19.0,159,170
1929-04-28,HKV,HSV,2,3,1836,1850,0.460,0.132,0.408,3,2,-13.4,13.4,136,136
1929-04-28,Hellas,Onder Ons,1,1,1598,1701,0.348,0.104,0.548,4,5,11.2,-9.9,168,158
1929-04-28,KCN,Sparta (A)²,2,2,1664,1406,0.800,0.077,0.123,4,1,-41.5,53.5,177,199
1929-04-28,KZ,DVD²,4,0,1864,1804,0.572,0.113,0.315,4,2,24.8,-21.5,142,131
1929-04-28,Kwiek,Velocitas (A),4,0,1675,1566,0.667,0.051,0.282,17,13,7.0,-6.3,188,172
1929-04-28,NHM (A),Excelsa,2,7,1195,1544,0.107,0.069,0.824,1,4,-22.6,13.2,224,156
1929-04-28,Naas²,Noviomagum,9,2,1923,1864,0.577,0.102,0.321,5,4,35.8,-36.9,149,152
1929-04-28,ODO²,Quick (D),3,0,1631,1477,0.695,0.096,0.209,4,2,16.4,-15.2,198,187
1929-04-28,OSCR,Rozenburg,1,2,1620,1718,0.348,0.119,0.533,2,3,-3.5,3.3,148,142
1929-04-28,Oranje Zwart,Ons Clubje,4,3,1403,1768,0.094,0.077,0.830,-1,2,88.8,-128.7,226,268
1929-04-28,Rapiditas,Wilskracht,2,1,1322,1317,0.490,0.124,0.386,3,2,10.7,-12.1,183,196
1929-04-28,ReadyTekca,KVKV,4,1,1895,1798,0.622,0.107,0.271,4,2,17.5,-22.0,158,181
1929-04-28,Rigtersbleek,AKC (Al),2,0,1662,1690,0.442,0.126,0.431,3,2,22.0,-23.5,144,149
1929-04-28,SAMOS,Sportief,1,1,1601,1811,0.212,0.112,0.677,0,2,23.6,-24.3,156,158
1929-04-28,TOGO (A),DED,1,5,1490,1431,0.558,0.135,0.307,1,0,-63.8,70.8,166,175
1929-04-28,Ter Gouw,Sperwers,4,4,1506,1504,0.492,0.114,0.395,4,3,-6.8,6.8,208,208
1929-04-28,Trekvogels (R),Ons Zwaluwennest,1,2,1625,1653,0.449,0.115,0.437,5,4,-15.4,16.2,176,181
1929-04-28,Zuiden (R),Velox,2,2,1949,1854,0.620,0.107,0.272,4,2,-15.7,13.5,143,133
1929-04-29,NHM (A),Achilles (Am),5,0,1172,1379,0.224,0.093,0.683,3,5,110.6,-73.3,206,167
1929-05-05,DDV,Excelsior,4,6,1881,1877,0.492,0.119,0.389,4,3,-22.3,26.2,132,143
1929-05-05,DEV,KVD,1,1,1807,1905,0.350,0.113,0.536,3,4,10.6,-7.2,166,138
1929-05-05,Deetos,DTV,4,1,2020,1945,0.592,0.112,0.296,4,2,14.4,-12.9,130,122
1929-05-05,Die Haghe,DKC (De),6,3,1559,1576,0.460,0.123,0.417,4,3,30.0,-29.5,147,146
1929-05-05,Fortuna,Baerne,3,9,1336,1558,0.210,0.088,0.703,3,6,-41.0,35.5,208,191
1929-05-05,Friso (L),Nic,1,2,1609,1746,0.297,0.115,0.587,2,3,0.9,-1.0,168,171
1929-05-05,HDS (O),Excelsior (Z),3,0,1622,1556,0.584,0.108,0.309,4,3,41.5,-23.7,247,175
1929-05-05,HKC (He),Achilles (A),6,0,1455,1557,0.347,0.108,0.545,3,4,53.9,-71.5,150,174
1929-05-05,KCN,KVD,3,2,1619,1898,0.157,0.079,0.764,2,5,54.2,-31.1,170,130
1929-05-05,KVTO,DVD²,1,3,1301,1779,0.054,0.039,0.907,1,7,40.0,-13.8,202,127
1929-05-05,LUTO,Kwiek,3,0,1847,1679,0.711,0.094,0.195,4,2,8.8,-10.7,151,174
1929-05-05,Noviomagum,Naas²,3,2,1823,1955,0.312,0.098,0.589,4,6,22.3,-21.7,144,142
1929-05-05,ONA,Volt,3,7,1318,1679,0.106,0.053,0.840,4,8,-0.8,6.7,350,175
1929-05-05,Ons Zwaluwennest,Trekvogels (R),2,0,1666,1606,0.575,0.107,0.318,4,3,12.0,-11.6,167,163
1929-05-05,Oranje Nassau,Excelsa,1,7,1463,1554,0.356,0.124,0.520,2,3,-43.3,41.6,156,153
1929-05-05,ReadyTekca,BEP,2,3,1909,1668,0.788,0.074,0.138,5,2,-44.1,49.2,150,158
1929-05-05,SVK,DDV,7,0,1647,1859,0.215,0.100,0.685,2,4,95.3,-50.7,171,125
1929-05-05,Sportief,AW,2,2,1783,1753,0.520,0.137,0.343,2,1,-8.2,9.2,151,159
1929-05-05,Westerkwartier,KZ,1,3,1948,1885,0.572,0.119,0.308,3,2,-30.1,31.5,133,136
1929-05-05,Wez Fluch,Leeuwarden,1,4,1299,1557,0.177,0.081,0.742,3,6,-13.0,11.3,260,213
1929-05-05,ZKC (Zu),Hellas,3,1,1687,1605,0.600,0.112,0.287,3,2,11.0,-9.9,169,157
1929-05-05,Zwart Wit,AKC (Al),0,2,1381,1663,0.154,0.084,0.763,1,4,6.7,-4.9,159,142
1929-05-12,AW,Vesta,3,1,1760,1659,0.627,0.110,0.263,3,2,7.7,-13.5,150,229
1929-05-12,Hellas,ZKC (Zu),6,3,1594,1696,0.343,0.119,0.538,2,3,41.4,-46.2,149,158
1929-05-12,Kinea (K),Volharding (A),12,0,1490,1622,0.306,0.113,0.581,2,3,124.5,-54.3,224,145
1929-05-12,Leeuwarden,KDO (W),6,0,1567,1063,0.942,0.025,0.032,8,1,2.3,-2.5,198,175
1929-05-12,Olympia (Z),HDS (O),0,4,1475,1662,0.244,0.100,0.657,3,4,-25.5,35.3,175,213
1929-05-12,SSS (H),Rust Roest (Z),1,1,1370,1403,0.443,0.115,0.442,5,4,-0.0,0.1,175,253
1929-05-12,Sparta (W),Wez Fluch,2,1,1396,1285,0.644,0.100,0.256,5,3,-6.0,12.4,175,230
1929-05-12,TCNH,SVB,1,1,1250,1280,0.444,0.120,0.437,4,3,-0.5,0.6,218,241
1929-05-12,TDK,Akkrum,1,4,932,1435,0.049,0.030,0.921,3,9,10.0,-71.6,175,350
1929-05-12,TSC,Seolto (T),0,4,1193,1349,0.278,0.105,0.616,3,4,-48.5,47.5,236,234
1929-05-12,WK,Naas²,1,1,1936,1932,0.498,0.107,0.395,5,4,-5.2,4.0,155,137
1929-05-12,Wilskracht (B),Excelsa,2,2,1457,1594,0.297,0.117,0.586,2,3,16.1,-12.4,164,145
1929-05-12,Zwart Wit,Achilles (A),3,3,1387,1485,0.353,0.110,0.537,3,4,8.6,-9.6,153,161
1929-05-19,AKC (Al),Achilles (A),4,5,1660,1478,0.730,0.084,0.186,5,3,-34.1,39.5,141,152
1929-05-19,AW,Volharding (A),3,5,1771,1571,0.740,0.098,0.162,2,0,-52.9,49.2,145,140
1929-05-19,BEP,KVKV,4,6,1720,1774,0.412,0.113,0.475,3,4,-19.9,23.9,155,172
1929-05-19,DDV,Westerkwartier,3,9,1810,1919,0.332,0.121,0.547,2,3,-28.2,30.6,126,131
1929-05-19,DED,Advendo,3,1,1500,1583,0.361,0.136,0.503,0,1,38.9,-37.7,168,165
1929-05-19,DEV,Oosterpark,7,1,1818,1486,0.859,0.058,0.083,5,1,10.5,-12.2,147,161
1929-05-19,DKC (De),OSCR,6,3,1549,1614,0.394,0.119,0.487,2,3,33.4,-35.2,142,146
1929-05-19,Deetos,WK,9,0,2036,1934,0.629,0.108,0.263,4,2,25.9,-32.6,129,146
1929-05-19,Eendracht,Hercules,4,4,1827,1938,0.333,0.114,0.553,3,4,12.0,-8.9,162,140
1929-05-19,Excelsior (Z),SSS (H),2,0,1534,1373,0.704,0.092,0.204,5,2,-0.9,0.8,168,165
1929-05-19,Hercules,DVD²,6,1,1917,1767,0.693,0.093,0.214,5,2,20.8,-16.6,149,131
1929-05-19,Naas²,Deetos,5,8,1939,2062,0.323,0.103,0.574,4,5,-14.5,12.8,132,123
1929-05-19,Rozenburg,HKV,4,4,1719,1821,0.342,0.123,0.535,2,3,8.4,-7.8,141,137
1929-05-19,Rust Roest (Z),Olympia (Z),1,2,1406,1453,0.422,0.116,0.462,2,3,-17.6,11.0,215,165
1929-05-19,Swift,Excelsior,3,1,1893,1905,0.467,0.123,0.410,3,2,18.8,-18.6,140,139
1929-05-19,Velocitas (A),LUTO,0,2,1558,1858,0.159,0.037,0.804,13,19,24.1,-18.8,166,149
1929-05-19,Volharding (A),Sportief,0,0,1620,1777,0.272,0.119,0.610,1,2,13.2,-15.8,134,146
1929-05-19,ZKV (Za),DEV,3,4,1680,1819,0.296,0.113,0.591,2,3,1.8,-1.4,167,158
1929-05-19,Zeelandia,Trekvogels (R),0,3,1579,1596,0.460,0.123,0.417,4,3,-54.7,35.6,197,156
1929-05-26,Be Quick,'t Overschotje,0,1,1494,1600,0.340,0.117,0.544,2,3,-3.8,4.2,170,190
1929-05-26,DOS (M),Zeelandia,4,5,1575,1524,0.558,0.117,0.325,3,2,-35.4,29.0,197,178
1929-05-26,DVD²,Eendracht,3,1,1750,1839,0.363,0.115,0.522,3,4,22.6,-31.5,128,152
1929-05-26,Excelsior (Z),Rust Roest (Z),2,0,1533,1388,0.685,0.096,0.219,4,2,1.9,-1.5,159,191
1929-05-26,KZ,KVKV,5,2,1918,1798,0.653,0.104,0.244,4,2,11.4,-14.8,137,160
1929-05-26,Rapide,TSC,1,0,1489,1148,0.866,0.055,0.079,5,1,-51.0,43.6,227,213
1929-05-26,Ready (H),ODO²,8,1,1803,1646,0.699,0.095,0.206,4,2,40.2,-39.6,191,189
1929-05-26,Seolto (T),VIOS (M),1,3,1400,1383,0.511,0.120,0.369,3,2,-49.8,47.7,211,206
1929-05-26,Sparta (Ze),UDI (H),7,1,1567,1515,0.564,0.108,0.328,4,3,62.0,-80.7,216,253
1929-05-26,WK,Deetos,0,3,1901,2075,0.257,0.105,0.637,2,4,-12.7,9.8,140,120
1929-06-02,'t Overschotje,Be Quick,1,2,1604,1491,0.644,0.105,0.251,4,2,-39.6,33.2,174,160
1929-06-02,AW,Blauw Wit,4,4,1686,1729,0.422,0.129,0.450,1,2,1.0,-1.5,134,160
1929-06-02,AW,Sportief,2,5,1719,1761,0.416,0.140,0.444,0,1,-32.4,32.0,144,143
1929-06-02,Achilles (A),DOS (E),1,4,1518,1627,0.339,0.106,0.555,4,5,-19.9,22.1,149,158
1929-06-02,Amsterdam Zuid,SVB,5,0,1599,1284,0.851,0.055,0.094,6,2,12.0,-13.7,191,215
1929-06-02,Avanti²,Eskavee,5,0,1793,1371,0.913,0.035,0.052,8,2,3.6,0.2,182,273
1929-06-02,Blauw Wit,Rohda (A),4,2,1727,1735,0.477,0.116,0.407,4,3,18.3,-24.8,147,174
1929-06-02,DEV,ZKV (Za),6,3,1829,1682,0.687,0.097,0.216,4,2,10.0,-11.3,148,159
1929-06-02,Deska,Avanti²,3,4,1847,1749,0.628,0.100,0.272,5,3,-36.2,43.9,183,201
1929-06-02,Deska,Westerkwartier,2,4,1811,1950,0.297,0.112,0.591,2,4,-11.4,7.5,169,130
1929-06-02,Gooiers,NSF,7,0,1261,1795,0.038,0.033,0.928,0,5,143.7,-131.6,182,175
1929-06-02,Naas²,WK,1,5,1925,1889,0.544,0.105,0.350,5,4,-36.7,39.0,131,135
1929-06-02,OSCR,Rozenburg,4,2,1652,1720,0.390,0.119,0.491,2,3,22.6,-20.5,132,125
1929-06-02,OSCR,Zuiden (R),1,1,1625,1926,0.139,0.077,0.783,2,5,27.7,-29.4,137,141
1929-06-02,Ons Zwaluwennest,Trekvogels (R),0,2,1681,1632,0.560,0.109,0.331,4,3,-34.2,33.1,154,151
1929-06-02,Ready (H),Ons Zwaluwennest,3,1,1843,1680,0.709,0.089,0.202,5,3,-2.2,1.5,178,164
1929-06-02,Rozenburg,Velox,1,3,1733,1822,0.363,0.116,0.521,2,3,-12.5,13.1,132,136
1929-06-02,SVK,Rohda (A),0,5,1661,1661,0.488,0.119,0.394,4,3,-50.9,74.3,159,195
1929-06-02,Spangen,Sperwers,0,1,1522,1510,0.508,0.113,0.379,4,3,-26.9,25.7,201,196
1929-06-02,Sparta (A)²,SVK,6,2,1458,1744,0.149,0.085,0.766,1,4,112.7,-82.9,195,168
1929-06-02,Sperwers,Ter Gouw,1,3,1535,1491,0.554,0.108,0.338,4,3,-41.0,40.5,177,176
1929-06-02,Ter Gouw,Spangen,0,0,1498,1496,0.492,0.115,0.393,4,3,-6.7,5.6,196,180
1929-06-02,UDI (H),UNA (L),6,3,1435,1493,0.407,0.114,0.479,3,4,61.2,-55.8,220,209
1929-06-02,VIOS (M),VVC,6,0,1431,1447,0.459,0.128,0.413,3,2,63.5,-79.0,187,212
1929-06-02,Velox,OSCR,1,2,1866,1579,0.827,0.066,0.107,5,1,-44.4,45.4,140,142
1929-06-02,Velox,Zuiden (R),3,2,1835,1897,0.399,0.119,0.483,2,3,12.2,-13.6,128,135
1929-06-02,Volharding (A),KCN,3,2,1634,1675,0.428,0.120,0.452,2,3,10.4,-16.3,133,168
1929-06-02,Volharding (H),Kinea (K),2,2,1356,1618,0.171,0.084,0.745,2,5,97.8,-28.6,350,201
1929-06-02,Wester,DVD²,3,4,1603,1773,0.265,0.097,0.638,3,5,13.4,-3.3,220,125
1929-06-02,Zuiden (R),Rozenburg,2,0,1932,1728,0.752,0.083,0.165,5,2,-5.9,4.9,148,138
1929-06-09,Akkrum,TDK,4,1,1366,944,0.914,0.033,0.053,9,3,-54.5,10.6,319,179
1929-06-09,Be Quick,'t Overschotje,0,2,1522,1563,0.428,0.122,0.450,2,3,-22.6,25.7,152,163
1929-06-09,DOS (E),Achilles (A),1,0,1648,1496,0.696,0.090,0.214,5,3,-11.9,10.7,149,142
1929-06-09,Deetos,Naas²,5,2,2083,1887,0.748,0.078,0.174,6,3,1.4,-1.4,122,127
1929-06-09,HKV,Rozenburg,2,0,1812,1698,0.642,0.110,0.248,3,1,4.6,-3.8,137,122
1929-06-09,Hercules,Eendracht,5,2,1928,1806,0.656,0.102,0.242,4,2,11.3,-12.1,141,146
1929-06-09,Kwiek,OSCA,2,2,1668,1512,0.692,0.107,0.201,3,1,-27.8,35.1,173,193
1929-06-09,Mei Elkoar,Leeuwarden,0,4,1346,1571,0.207,0.088,0.706,3,5,-19.3,23.8,175,200
1929-06-09,Ons Clubje,Zwart Wit,8,3,1637,1397,0.781,0.087,0.133,3,0,39.2,-17.7,252,153
1929-06-09,Ons Zwaluwennest,ODO²,7,0,1645,1605,0.548,0.110,0.342,4,3,36.5,-52.9,146,179
1929-06-09,PSV,ONA,2,2,1494,1318,0.728,0.079,0.193,7,4,-72.6,51.7,350,300
1929-06-09,Tekace,Volt,2,3,1444,1686,0.194,0.076,0.729,4,7,18.8,-19.9,175,179
1929-06-09,Trekvogels (R),Spartaan,4,0,1664,1345,0.851,0.059,0.090,5,1,3.5,-3.9,144,199
1929-06-09,Volharding (A),AW,0,1,1643,1686,0.419,0.133,0.448,1,2,-9.3,9.5,129,130
1929-06-09,Wees Kwiek,UDI (H),2,2,1290,1494,0.226,0.097,0.678,2,5,34.0,-30.5,207,197
1929-06-16,Avanti²,DVD²,9,0,1881,1769,0.647,0.097,0.256,5,3,38.2,-23.6,164,126
1929-06-16,Avanti²,Westerkwartier,8,3,1796,1957,0.273,0.105,0.622,3,4,85.0,-45.0,180,130
1929-06-16,Baerne,Excelsa,1,1,1595,1585,0.506,0.112,0.382,4,3,-8.4,5.2,189,150
1929-06-16,Blauw Wit,Rohda (A),4,2,1745,1710,0.539,0.114,0.347,4,3,12.7,-16.0,144,163
1929-06-16,Blauw Wit,Volharding (A),6,0,1758,1651,0.635,0.108,0.257,4,2,25.3,-20.1,135,119
1929-06-16,DOS (M),VVC,7,0,1539,1368,0.714,0.095,0.191,4,1,36.2,-38.9,184,192
1929-06-16,Excelsior (Z),HDS (O),2,0,1534,1700,0.267,0.105,0.628,3,4,40.2,-64.7,157,200
1929-06-16,Haarlem,RODA (W),1,3,1647,1506,0.679,0.100,0.222,4,2,-39.7,156.1,168,337
1929-06-16,SSS (H),Olympia (Z),1,3,1374,1464,0.363,0.115,0.523,3,4,-17.6,17.5,164,163
1929-06-16,Sportief,Volharding (A),4,2,1793,1631,0.700,0.104,0.197,3,1,0.4,-0.6,139,115
1929-06-16,Volharding (A),Amsterdam Zuid,4,1,1634,1610,0.524,0.112,0.364,4,3,16.7,-34.3,125,186
1929-06-23,BKC²,NEO,4,6,1299,1566,0.170,0.076,0.753,3,6,10.3,-6.7,193,165
1929-06-23,BKC²,Quick (T),3,1,1255,1305,0.420,0.112,0.468,3,4,43.8,-28.8,220,175
1929-06-23,ELTO,VIOS (M),4,1,1558,1493,0.576,0.119,0.305,3,2,38.1,-27.8,214,178
1929-06-23,Excelsa,Baerne,5,0,1589,1586,0.494,0.114,0.392,4,3,34.9,-48.8,143,172
1929-06-23,Leeuwarden,Sparta (W),3,0,1595,1392,0.753,0.081,0.167,5,2,5.7,-5.5,187,177
1929-06-23,NEO,ONA,5,0,1544,1370,0.727,0.077,0.196,7,4,22.1,-42.1,175,268
1929-06-23,Olympia (Z),Rust Roest (Z),2,3,1481,1386,0.621,0.106,0.273,4,2,-28.0,39.8,154,183
1929-06-23,Rapide,Seolto (T),2,2,1437,1327,0.639,0.109,0.252,3,2,-32.8,21.3,220,179
1929-06-23,Rapiditas,Mercedes,6,2,1330,1156,0.714,0.101,0.186,3,1,24.7,-26.1,184,191
1929-06-23,SSS (H),Excelsior (Z),0,2,1356,1574,0.211,0.096,0.694,2,4,-0.1,0.2,154,150
1929-06-23,TSC,Seolto (T),0,0,1190,1349,0.275,0.106,0.619,3,4,25.5,-22.6,208,196
1929-06-23,UDI (H),Sparta (Ze),1,5,1464,1628,0.271,0.101,0.628,3,5,-30.5,35.7,184,203
1929-06-30,BKC²,NEO,2,6,1310,1560,0.185,0.080,0.735,3,6,-15.1,12.4,180,159
1929-06-30,HDS (O),Olympia (Z),3,0,1636,1453,0.729,0.089,0.182,4,2,8.9,-6.7,184,147
1929-06-30,Mei Elkoar,Sparta (W),2,2,1327,1387,0.405,0.114,0.481,3,4,4.3,-4.1,170,168
1929-06-30,ONA,PSV,0,5,1328,1423,0.362,0.103,0.535,4,5,-63.1,93.5,232,295
1929-06-30,Quick (T),Tekace,4,0,1266,1464,0.236,0.090,0.674,4,6,61.8,-71.9,158,170
1929-06-30,Quick (T),Volt,1,7,1277,1667,0.090,0.052,0.858,2,7,-11.1,12.1,164,174
1929-06-30,Rust Roest (Z),SSS (H),0,1,1426,1356,0.588,0.111,0.302,4,3,-31.4,24.0,169,148
1929-06-30,Seolto (T),AKC (Aa),2,0,1349,1483,0.302,0.115,0.583,2,3,32.6,-127.8,169,350
1929-06-30,TSC,Rapide,1,1,1217,1405,0.240,0.106,0.654,2,3,26.7,-29.0,189,197
1929-06-30,UNA (L),UDI (H),2,1,1437,1435,0.492,0.115,0.392,4,3,11.0,-8.9,195,172
1929-06-30,VIOS (M),Zeelandia,5,2,1466,1553,0.362,0.124,0.514,1,2,47.4,-52.1,167,175
1929-06-30,Volt,ONA,5,2,1679,1265,0.910,0.035,0.055,8,2,-14.2,25.5,166,209
1929-07-07,ELTO,VVC,4,6,1597,1329,0.810,0.074,0.116,4,1,-91.2,80.5,194,183
1929-07-07,Leeuwarden,Wez Fluch,3,1,1602,1301,0.841,0.058,0.101,6,2,-16.0,26.5,178,217
1929-07-07,Rapide,TSC,1,0,1376,1244,0.668,0.102,0.229,4,2,-10.8,10.0,182,176
1929-07-07,Sparta (W),Leeuwarden,1,3,1384,1586,0.229,0.095,0.676,3,5,-1.5,1.4,157,169
1929-07-07,WWMD,Sparta (Ze),1,3,1543,1665,0.323,0.107,0.570,3,4,-34.8,15.6,329,187
1929-07-14,ELTO,Zeelandia,2,3,1506,1501,0.492,0.123,0.385,3,2,-24.1,19.6,184,165
1929-07-14,Excelsior (Z),Olympia (Z),1,2,1575,1447,0.665,0.099,0.235,4,2,-32.8,30.8,150,145
1929-07-14,HDS (O),Rust Roest (Z),1,2,1645,1395,0.797,0.072,0.131,5,2,-59.2,49.5,175,161
1929-07-14,NEO,Volt,3,6,1573,1666,0.366,0.099,0.535,5,6,-21.4,24.2,155,166
1929-07-14,PSV,Quick (T),6,4,1516,1328,0.739,0.081,0.181,6,3,-12.2,2.2,248,153
1929-07-14,TSC,Seolto (T),2,2,1254,1382,0.313,0.110,0.577,3,4,14.2,-14.1,166,165
1929-07-14,Tekace,BKC²,4,3,1393,1295,0.630,0.095,0.275,6,4,-6.3,7.2,163,172
1929-07-14,VVC,DOS (M),1,3,1410,1576,0.267,0.106,0.628,2,4,-8.3,8.6,175,179
1929-07-21,DOS (M),ELTO,3,1,1584,1482,0.631,0.106,0.263,4,2,7.2,-7.3,167,169
1929-07-21,Quick (T),ONA,5,0,1331,1291,0.550,0.103,0.347,5,4,30.7,-54.5,149,205
1929-07-21,Rust Roest (Z),Excelsior (Z),1,3,1445,1542,0.352,0.115,0.534,3,4,-15.2,13.2,155,144
1929-07-21,TSC,Rapide,0,4,1268,1365,0.349,0.120,0.531,2,3,-33.1,39.6,156,172
1929-07-21,VVC,VIOS (M),1,3,1402,1514,0.330,0.119,0.551,2,3,-15.7,15.2,164,161
1929-07-21,Volt,Tekace,10,1,1690,1386,0.845,0.053,0.101,8,3,16.0,-15.8,155,154
1929-07-21,Zwaluwen (E),Roda (B),1,0,1310,1382,0.392,0.106,0.503,4,5,20.0,-20.0,175,175
1929-07-28,BKC²,Tekace,3,0,1304,1371,0.397,0.106,0.497,4,5,39.3,-33.8,163,151
1929-07-28,DOS (M),VIOS (M),5,2,1592,1530,0.577,0.111,0.311,4,3,21.4,-20.0,158,152
1929-07-28,Leeuwarden,Mei Elkoar,6,1,1588,1333,0.803,0.068,0.128,6,2,13.4,-13.6,165,166
1929-07-28,Quick (T),NEO,1,4,1362,1553,0.244,0.090,0.665,4,6,-8.9,9.5,143,150
1929-07-28,VZK,Hermes (B),2,1,1443,1314,0.665,0.100,0.235,4,2,-9.7,14.5,314,350
1929-07-28,Volt,PSV,10,3,1707,1505,0.755,0.074,0.171,7,4,21.3,-40.0,152,221
1929-07-28,Zwaluwen (E),Roda (B),1,1,1331,1363,0.447,0.108,0.444,5,4,-0.2,0.2,163,163
1929-08-04,BKC²,ONA,1,3,1343,1238,0.640,0.095,0.265,6,4,-38.1,56.0,153,186
1929-08-04,PSV,Volt,6,1,1465,1728,0.175,0.075,0.750,4,7,118.0,-63.4,201,148
1929-08-04,Tekace,Quick (T),2,2,1338,1353,0.471,0.108,0.421,5,4,-2.2,2.0,143,138
1929-08-11,ONA,NEO,6,2,1294,1562,0.170,0.073,0.756,4,7,84.0,-60.4,172,146
1929-08-11,Seolto (T),Rapide,2,3,1368,1406,0.432,0.123,0.445,2,3,-13.4,13.7,163,165
1929-08-11,Sparta (W),Mei Elkoar,5,0,1383,1319,0.581,0.107,0.312,4,3,34.1,-35.0,160,162
1929-08-11,VIOS (M),ELTO,6,4,1509,1475,0.535,0.121,0.345,3,2,14.5,-17.4,147,164
1929-08-11,Volharding (H),Kinea (K),5,2,1455,1590,0.304,0.107,0.588,3,4,121.7,-63.7,295,208
1929-08-11,Zeelandia,DOS (M),2,0,1521,1614,0.359,0.116,0.525,2,3,35.0,-30.7,162,152
1929-08-18,ELTO,DOS (M),5,3,1456,1582,0.315,0.113,0.572,2,4,36.8,-32.6,153,144
1929-08-18,Seolto (T),Rapide,2,3,1354,1418,0.394,0.122,0.483,2,3,-8.5,8.6,153,154
1929-08-18,Zeelandia,VIOS (M),2,2,1555,1523,0.532,0.120,0.348,3,2,-9.0,7.7,152,141
1929-08-25,Quick (T),PSV,10,1,1354,1582,0.205,0.087,0.709,3,6,61.9,-115.8,138,190
1929-08-25,Rapide,Seolto (T),1,1,1427,1345,0.601,0.113,0.286,3,2,-14.3,14.1,146,145
1929-08-25,Volt,NEO,8,3,1663,1500,0.713,0.081,0.206,7,4,17.2,-16.3,149,145
1929-09-01,PSV,BKC²,3,2,1466,1304,0.708,0.090,0.202,5,3,-16.6,12.3,176,154
1929-09-15,AKC (Al),Ons Clubje,8,4,1625,1677,0.408,0.132,0.460,1,2,52.0,-95.0,176,246
1929-09-15,Achilles (A),DOS (E),1,8,1508,1637,0.313,0.108,0.579,3,4,-44.5,46.6,170,174
1929-09-15,Amersfoort,Actief,5,3,1531,1665,0.301,0.120,0.579,1,3,55.5,-57.8,196,200
1929-09-15,Baerne,Zwaluwen (H),4,0,1538,1573,0.437,0.121,0.442,2,3,53.8,-58.2,184,192
1929-09-15,Concordia²,De Tovers,2,2,1521,1574,0.403,0.137,0.460,0,1,3.2,-3.7,176,187
1929-09-15,DKC (De),HBS (H),1,0,1582,1636,0.411,0.121,0.469,2,3,18.4,-21.5,175,190
1929-09-15,Deetos,HSV,7,1,2085,1862,0.771,0.082,0.147,4,1,20.2,-25.2,156,177
1929-09-15,EKCA,ZKC (Zu),3,2,1611,1653,0.423,0.129,0.448,1,2,21.0,-19.6,195,187
1929-09-15,Excelsior,DDV,3,10,1886,1782,0.633,0.108,0.259,4,2,-85.0,77.2,173,165
1929-09-15,HKC (He),Rigtersbleek,1,0,1510,1681,0.257,0.113,0.630,1,3,41.7,-40.7,185,183
1929-09-15,Haarlem,BEP,5,3,1607,1699,0.358,0.117,0.524,2,3,43.6,-41.6,189,184
1929-09-15,Hellas,Onder Ons,2,2,1638,1690,0.421,0.107,0.472,4,5,3.0,-3.3,182,192
1929-09-15,Hercules,Olympia (B),3,1,1941,1949,0.478,0.116,0.407,4,3,22.8,-25.0,168,177
1929-09-15,KZ,Swift,4,3,1929,1911,0.509,0.127,0.364,3,2,7.8,-8.1,170,174
1929-09-15,LUTO,KVD,2,5,1839,1869,0.445,0.119,0.436,4,3,-44.2,40.5,182,173
1929-09-15,Ons Eibernest,Fluks,4,1,1887,1855,0.529,0.122,0.348,3,2,34.3,-33.5,182,180
1929-09-15,RODA (W),TOGO (A),11,1,1663,1424,0.784,0.081,0.135,4,1,62.3,-34.9,284,197
1929-09-15,ReadyTekca,Sportief,4,0,1866,1793,0.586,0.120,0.294,3,1,39.9,-32.1,187,165
1929-09-15,SGOC,DES (V),1,2,1089,1403,0.131,0.075,0.795,1,5,35.6,-33.4,230,224
1929-09-15,Vitesse (Leiden),Zuiden (R),1,4,1971,1883,0.611,0.110,0.279,4,2,-65.6,55.1,181,166
1929-09-15,Westerkwartier,DTV,1,2,1912,1933,0.455,0.125,0.420,3,2,-15.3,16.7,159,166
1929-09-15,ZKV (Za),DVD²,1,6,1670,1746,0.381,0.117,0.502,2,3,-53.4,39.8,183,156
1929-09-15,Zilvermeeuwen,Advendo,2,2,1403,1545,0.289,0.123,0.588,1,2,42.0,-13.8,320,190
1929-09-22,BEP,KVKV,1,4,1658,1783,0.318,0.108,0.574,3,4,-23.7,27.9,170,187
1929-09-22,Baerne,Amstelodamum,2,2,1592,1539,0.563,0.115,0.322,3,2,-12.7,16.2,170,191
1929-09-22,Be Quick,Rapiditas,1,2,1501,1355,0.681,0.108,0.211,3,1,-44.5,55.7,177,198
1929-09-22,DOS (E),AKC (Al),3,3,1684,1677,0.496,0.120,0.384,4,3,-5.8,6.0,162,166
1929-09-22,DTV,DDV,5,2,1950,1859,0.615,0.110,0.275,4,2,18.0,-18.0,155,156
1929-09-22,De Tovers,Avanti²,1,3,1570,1920,0.109,0.066,0.825,1,5,13.7,-16.3,172,184
1929-09-22,Die Haghe,HBS (H),0,2,1591,1614,0.451,0.127,0.422,3,2,-35.6,31.8,185,174
1929-09-22,District V,Wester,1,2,1619,1616,0.495,0.114,0.392,4,3,-33.2,27.6,245,222
1929-09-22,Duno,TOP (Hg),0,2,1182,1361,0.250,0.108,0.642,2,3,-19.8,10.1,334,175
1929-09-22,Fluks,Deetos,2,5,1822,2106,0.153,0.083,0.765,1,4,-4.3,4.0,167,151
1929-09-22,HKV,Vitesse (Leiden),2,1,1818,1905,0.361,0.125,0.514,1,2,23.6,-23.7,168,168
1929-09-22,HSV,Velox,3,1,1836,1846,0.472,0.123,0.405,3,2,24.8,-23.4,168,163
1929-09-22,KVD,Oosterpark,3,1,1909,1474,0.917,0.037,0.047,6,1,-22.6,34.7,162,194
1929-09-22,KVTO,Vesta,8,3,1343,1649,0.138,0.073,0.789,2,5,143.3,-148.5,229,233
1929-09-22,KZ,Hercules,2,4,1937,1963,0.450,0.121,0.429,4,3,-26.5,26.0,159,157
1929-09-22,Olympia (B),Westerkwartier,2,2,1924,1897,0.525,0.119,0.356,3,2,-9.2,7.6,164,150
1929-09-22,Onder Ons,EKCA,0,3,1686,1632,0.569,0.106,0.325,4,3,-52.9,54.4,175,178
1929-09-22,Ons Clubje,Naas²,0,10,1582,1886,0.138,0.076,0.786,1,5,-38.1,24.2,211,162
1929-09-22,Osno,SAMOS,1,3,1535,1623,0.361,0.123,0.516,2,3,-26.4,25.4,198,193
1929-09-22,Quick (D),Spangen,0,0,1460,1501,0.428,0.122,0.450,2,3,1.7,-1.4,214,198
1929-09-22,Ready (H),OSCR,1,2,1841,1675,0.709,0.096,0.196,4,2,-59.4,40.8,198,165
1929-09-22,Rigtersbleek,HKC (He),9,2,1641,1552,0.608,0.117,0.275,3,1,42.5,-43.1,170,172
1929-09-22,Sparta (Ze),Friso (L),1,2,1680,1611,0.585,0.113,0.302,3,2,-37.8,37.9,198,198
1929-09-22,Sperwers,TOV (D),0,2,1494,1432,0.578,0.109,0.314,4,3,-50.6,55.6,196,206
1929-09-22,Sportief,ReadyTekca,4,3,1761,1906,0.287,0.119,0.594,1,3,28.5,-34.5,156,172
1929-09-22,Swift,Excelsior,1,2,1903,1802,0.627,0.112,0.261,3,2,-33.6,33.8,161,162
1929-09-22,Victoria (A),Sport,2,1,1645,1710,0.390,0.132,0.479,1,2,28.6,-23.6,208,187
1929-09-22,WK,Rood Zwart,5,0,1927,1797,0.667,0.100,0.233,4,2,29.1,-39.2,168,200
1929-09-22,ZKC (Zu),Hellas,2,0,1634,1641,0.474,0.124,0.402,3,2,25.7,-24.6,173,169
1929-09-22,ZKV (Za),LUTO,1,1,1616,1795,0.251,0.107,0.642,2,4,21.8,-21.7,168,168
1929-09-22,Zilvermeeuwen,Kwiek,0,3,1445,1642,0.228,0.110,0.662,1,3,-35.1,23.2,256,193
1929-09-22,Zuiden (R),Ons Eibernest,5,3,1938,1921,0.510,0.122,0.368,3,2,18.3,-20.8,157,168
1929-09-29,AKC (Al),Rigtersbleek,4,1,1684,1684,0.485,0.124,0.390,3,2,30.4,-32.1,155,160
1929-09-29,ALO,OSCR,0,1,1577,1716,0.295,0.118,0.587,2,3,1.4,-0.0,203,158
1929-09-29,BEP,ReadyTekca,2,5,1635,1872,0.193,0.091,0.716,2,4,-8.3,8.4,160,161
1929-09-29,Bilthoven,KVD,1,2,1699,1887,0.241,0.104,0.655,2,4,10.0,-7.2,183,160
1929-09-29,DDV,Swift,2,3,1842,1870,0.443,0.126,0.430,3,2,-12.9,13.7,148,153
1929-09-29,DES (V),WKC,4,4,1371,1327,0.556,0.103,0.340,5,4,-14.2,19.4,209,243
1929-09-29,DVD²,DEV,12,3,1786,1839,0.413,0.119,0.468,2,3,51.7,-71.6,150,179
1929-09-29,De Tovers,Baerne,3,0,1585,1580,0.494,0.120,0.386,4,3,32.3,-30.1,166,159
1929-09-29,Deetos,Zuiden (R),1,4,2111,1957,0.695,0.096,0.209,4,2,-54.1,55.5,146,148
1929-09-29,EKCA,'t Overschotje,5,2,1687,1591,0.621,0.111,0.268,3,2,19.8,-24.2,165,186
1929-09-29,Excelsior,Olympia (B),1,5,1836,1915,0.376,0.117,0.507,2,3,-34.2,34.2,153,153
1929-09-29,Fortuna,Nardinclant,4,4,1298,1405,0.341,0.110,0.549,3,4,16.9,-14.4,227,210
1929-09-29,Friso (L),Nic,2,3,1650,1748,0.348,0.124,0.528,2,3,-6.5,7.5,182,202
1929-09-29,GKV,Emma,2,0,1808,1725,0.603,0.113,0.284,3,2,19.1,-16.9,231,211
1929-09-29,HKC (He),Ons Clubje,1,1,1510,1545,0.430,0.134,0.435,0,1,0.2,-0.4,161,196
1929-09-29,Hercules,DTV,3,1,1990,1969,0.518,0.117,0.364,4,3,15.5,-15.4,148,148
1929-09-29,KVKV,Haarlem,2,2,1812,1652,0.702,0.097,0.201,4,2,-29.3,30.5,172,175
1929-09-29,Kwiek,Sport Vereent,6,0,1666,1490,0.749,0.039,0.211,20,15,6.9,-7.7,181,211
1929-09-29,Naas²,DOS (E),2,1,1911,1679,0.784,0.072,0.144,6,2,-21.7,20.5,157,153
1929-09-29,Noviomagum,Onder Ons,2,2,1848,1634,0.766,0.074,0.159,6,3,-42.4,32.4,185,163
1929-09-29,ODI (H),Rood Wit (H),0,4,1428,1568,0.295,0.115,0.589,2,3,-53.0,51.4,230,226
1929-09-29,Ons Eibernest,HKV,0,2,1901,1842,0.566,0.125,0.310,2,1,-39.9,39.9,157,157
1929-09-29,Oosterpark,ZKV (Za),4,2,1509,1639,0.309,0.114,0.577,2,3,52.5,-37.4,189,159
1929-09-29,Rohda (A),Deska,2,2,1695,1800,0.341,0.116,0.543,2,3,12.2,-13.2,185,192
1929-09-29,Rood Zwart,Sparta (Ze),2,0,1758,1643,0.650,0.099,0.251,5,3,5.5,-5.5,183,181
1929-09-29,Rozenburg,Ready (H),8,0,1696,1782,0.366,0.120,0.514,2,3,61.6,-79.3,160,183
1929-09-29,SAMOS,Actief,1,3,1649,1608,0.545,0.119,0.336,3,2,-42.6,46.2,177,185
1929-09-29,SSS (H),HDS (O),1,1,1381,1586,0.223,0.101,0.676,2,4,25.1,-31.0,171,189
1929-09-29,SVB,Wester,4,1,1271,1644,0.097,0.059,0.845,2,6,142.7,-105.4,231,200
1929-09-29,Spangen,DWS,2,0,1500,1253,0.792,0.079,0.129,4,1,-7.9,12.2,182,210
1929-09-29,Sport,RODA (W),0,4,1687,1726,0.433,0.118,0.449,2,3,-44.0,84.8,173,250
1929-09-29,TOGO (A),Blauw Wit,0,5,1390,1784,0.084,0.061,0.855,0,4,-13.8,11.5,189,166
1929-09-29,Velox,Fluks,6,5,1824,1818,0.493,0.123,0.384,3,2,7.6,-8.2,153,159
1929-09-29,Vitesse (Leiden),HSV,0,0,1882,1862,0.515,0.121,0.364,3,2,-7.5,7.5,157,157
1929-09-29,Voorwaarts (M),WK,4,4,1888,1957,0.391,0.114,0.494,3,4,8.4,-4.6,214,160
1929-09-29,Westerkwartier,KZ,5,2,1905,1912,0.475,0.127,0.398,3,2,27.7,-30.2,143,150
1929-09-29,Wilskracht (B),Oranje Nassau,6,1,1477,1422,0.558,0.127,0.314,2,1,53.6,-52.0,196,192
1929-09-29,Wilskracht,Be Quick,3,2,1304,1457,0.278,0.115,0.607,2,3,51.9,-30.4,219,167
1929-09-29,Zeelandia,Rapide,3,0,1547,1414,0.665,0.111,0.224,3,1,15.3,-14.2,157,150
1929-10-06,Achilles (H),GKV,1,3,1772,1827,0.407,0.124,0.469,2,3,-40.7,33.5,230,206
1929-10-06,Amstelodamum,De Tovers,3,4,1556,1617,0.393,0.135,0.472,0,1,-13.1,10.4,177,155
1929-10-06,Animo²,Advendo,2,8,1532,1532,0.477,0.141,0.382,2,1,-67.4,73.9,175,184
1929-10-06,DDV,KZ,2,2,1829,1881,0.410,0.125,0.465,2,3,2.3,-2.3,141,142
1929-10-06,DED,Kwiek,3,1,1539,1672,0.295,0.134,0.570,0,1,61.7,-47.3,197,172
1929-10-06,DOS (E),HKC (He),6,0,1699,1509,0.734,0.093,0.173,4,1,21.7,-22.8,148,152
1929-10-06,DVD²,Oosterpark,9,1,1838,1561,0.820,0.067,0.113,5,1,15.9,-22.0,143,173
1929-10-06,DWS,TOV (D),1,4,1265,1488,0.205,0.097,0.698,2,4,-16.2,15.4,196,189
1929-10-06,Deetos,Vitesse (Leiden),3,2,2056,1874,0.727,0.092,0.182,4,2,-12.6,14.1,141,148
1929-10-06,Deska,AW,1,3,1786,1697,0.608,0.120,0.273,2,1,-52.9,47.8,176,167
1929-10-06,Die Haghe,Rozenburg,1,1,1556,1758,0.224,0.106,0.670,1,3,27.1,-20.8,172,152
1929-10-06,Fluks,Zuiden (R),1,8,1810,2012,0.225,0.103,0.672,2,4,-28.9,26.5,150,143
1929-10-06,HBS (H),ALO,3,1,1646,1578,0.580,0.122,0.298,2,1,13.9,-16.6,164,184
1929-10-06,HKV,Velox,4,0,1882,1831,0.555,0.124,0.321,2,1,30.0,-28.7,149,145
1929-10-06,HSV,Ons Eibernest,1,3,1869,1861,0.496,0.127,0.378,3,2,-29.4,29.6,148,149
1929-10-06,Haarlem,ReadyTekca,1,3,1682,1880,0.228,0.106,0.665,1,3,-4.4,4.1,165,153
1929-10-06,KCN,Sparta (A)²,5,0,1659,1571,0.608,0.114,0.278,3,2,44.9,-54.0,193,215
1929-10-06,KVD,DEV,3,2,1880,1767,0.643,0.107,0.250,4,2,-6.0,7.3,152,165
1929-10-06,LUTO,Bilthoven,2,3,1773,1709,0.576,0.119,0.305,3,2,-27.8,31.1,160,170
1929-10-06,Naas²,AKC (Al),4,3,1889,1714,0.724,0.084,0.191,5,3,-14.8,13.8,151,147
1929-10-06,Nic,Rood Zwart,2,3,1755,1764,0.475,0.119,0.406,4,3,-20.8,18.2,183,171
1929-10-06,ODI (H),Ambakor,1,1,1374,1638,0.168,0.090,0.742,1,4,40.8,-53.6,206,233
1929-10-06,OSCR,DKC (De),0,1,1716,1601,0.646,0.107,0.247,3,2,-30.9,38.2,151,167
1929-10-06,Olympia (B),Swift,2,1,1949,1884,0.578,0.117,0.304,3,2,-0.3,0.3,145,145
1929-10-06,Oranje Nassau,Excelsa,5,2,1370,1625,0.173,0.096,0.731,1,3,81.4,-76.8,177,172
1929-10-06,RODA (W),Blauw Wit,1,2,1810,1795,0.511,0.114,0.374,4,3,-31.8,18.8,213,162
1929-10-06,Rigtersbleek,Achilles (A),2,2,1652,1464,0.734,0.088,0.178,4,2,-26.6,31.8,150,164
1929-10-06,Rohda (A),Volharding (A),0,1,1707,1631,0.592,0.116,0.292,3,2,-33.2,27.8,171,156
1929-10-06,Sparta (Ze),Voorwaarts (M),2,2,1638,1896,0.176,0.082,0.742,3,5,31.6,-40.2,169,190
1929-10-06,Sportief,KVKV,2,1,1790,1782,0.495,0.126,0.379,3,2,7.5,-8.5,151,163
1929-10-06,Ter Gouw,Ons Zwaluwennest,3,2,1531,1684,0.284,0.105,0.610,3,4,41.9,-33.5,199,178
1929-10-06,UDI (T),UNA (L),3,1,1408,1448,0.429,0.122,0.450,2,3,82.4,-32.8,350,203
1929-10-06,WK,Friso (L),2,0,1952,1643,0.842,0.066,0.092,4,0,-11.8,15.3,152,169
1929-10-06,WKC,SGOC,5,0,1346,1125,0.772,0.076,0.152,5,2,27.4,-28.0,212,216
1929-10-06,Westerkwartier,Hercules,3,0,1933,2005,0.384,0.122,0.495,2,3,32.6,-34.7,137,141
1929-10-06,Zwaluwen (H),Avanti²,1,4,1515,1904,0.088,0.059,0.853,1,5,5.1,-5.0,180,178
1929-10-13,AKC (Al),Achilles (A),7,3,1728,1496,0.782,0.075,0.144,5,2,7.4,-8.5,142,156
1929-10-13,ALO,Die Haghe,3,1,1561,1582,0.450,0.133,0.417,3,2,28.9,-26.5,169,162
1929-10-13,AW,Rohda (A),5,4,1744,1673,0.582,0.124,0.294,2,1,-0.1,0.1,157,160
1929-10-13,Advendo,Sport Vereent,8,0,1606,1482,0.689,0.045,0.266,19,15,21.1,-26.6,169,195
1929-10-13,Algemeene,KVTO,0,3,1121,1486,0.100,0.063,0.837,1,5,2.9,-2.9,214,215
1929-10-13,BEP,Sportief,2,6,1626,1797,0.258,0.111,0.631,2,3,-24.5,21.3,155,144
1929-10-13,Baerne,Avanti²,1,5,1549,1899,0.111,0.062,0.827,2,6,-4.1,4.5,153,172
1929-10-13,Bilthoven,DVD²,1,6,1740,1853,0.332,0.113,0.555,3,4,-37.2,29.9,159,141
1929-10-13,DTV,Olympia (B),0,2,1953,1949,0.493,0.120,0.387,4,3,-26.4,24.9,143,139
1929-10-13,Friso (L),Voorwaarts (M),6,3,1658,1855,0.231,0.102,0.667,2,4,60.4,-70.9,164,178
1929-10-13,HKC (He),Naas²,0,5,1486,1874,0.090,0.055,0.855,2,6,-6.2,6.1,147,146
1929-10-13,Hercules,DDV,2,1,1970,1831,0.678,0.100,0.222,4,2,-8.3,8.3,135,135
1929-10-13,Hinde,Osno,1,6,1565,1509,0.567,0.115,0.318,3,2,-88.2,75.4,201,185
1929-10-13,KVKV,Eendracht,3,6,1774,1795,0.456,0.122,0.422,4,3,-34.2,46.7,153,181
1929-10-13,KZ,Excelsior,2,1,1878,1801,0.594,0.116,0.290,3,2,-1.4,1.9,136,148
1929-10-13,Kwiek,Zilvermeeuwen,7,1,1625,1410,0.756,0.093,0.150,3,0,24.1,-42.5,161,227
1929-10-13,MKC (Markelo),ODIO,2,2,1354,1421,0.394,0.117,0.490,2,3,8.5,-4.8,230,175
1929-10-13,Moordrecht,UDI (NK),9,0,1303,1166,0.678,0.094,0.227,5,3,59.8,-59.8,228,228
1929-10-13,Noviomagum,EKCA,3,1,1805,1707,0.623,0.112,0.266,3,2,9.8,-8.4,177,159
1929-10-13,Onder Ons,Hellas,3,4,1666,1617,0.562,0.107,0.332,5,3,-24.0,24.9,159,162
1929-10-13,Ons Clubje,Rigtersbleek,2,8,1544,1625,0.364,0.137,0.499,0,1,-58.0,39.6,179,145
1929-10-13,Ons Eibernest,Deetos,2,8,1890,2043,0.279,0.113,0.607,2,3,-29.7,28.2,141,137
1929-10-13,Oosterpark,LUTO,1,4,1539,1745,0.221,0.104,0.676,1,3,-14.5,12.5,166,152
1929-10-13,Oranje Zwart,DOS (E),0,7,1490,1720,0.193,0.105,0.702,0,3,-62.4,24.0,251,143
1929-10-13,Rapid (W)²,Rapiditas,1,3,1456,1411,0.557,0.107,0.336,4,3,-65.4,40.7,240,187
1929-10-13,Rapide,Zeelandia,1,5,1399,1562,0.264,0.120,0.616,1,2,-24.7,26.2,147,152
1929-10-13,Ready (H),DKC (De),2,5,1702,1639,0.576,0.116,0.308,3,2,-56.5,48.5,171,158
1929-10-13,Rood Zwart,WK,4,5,1782,1940,0.274,0.110,0.616,2,4,4.3,-3.6,160,149
1929-10-13,Rozenburg,HBS (H),1,2,1737,1660,0.594,0.115,0.291,3,2,-25.3,28.7,146,155
1929-10-13,Sparta (Ze),Nic,1,4,1669,1734,0.396,0.118,0.486,2,3,-31.4,33.8,162,168
1929-10-13,Sperwers,DWS,4,1,1443,1248,0.741,0.090,0.170,4,1,9.8,-9.6,184,182
1929-10-13,TOV (D),Quick (D),3,1,1503,1462,0.547,0.116,0.337,3,2,17.7,-21.0,177,196
1929-10-13,Velocitas (A),Deska,0,5,1582,1733,0.310,0.055,0.636,13,16,-21.2,15.3,202,164
1929-10-13,Vitesse (Leiden),Fluks,6,2,1888,1781,0.635,0.110,0.255,3,2,20.9,-21.0,143,144
1929-10-13,WWMD,Wees Kwiek,1,2,1508,1326,0.727,0.093,0.181,4,1,-96.7,60.5,277,221
1929-10-13,Wez Fluch,Sparta (W),4,1,1327,1416,0.363,0.117,0.520,2,3,75.8,-44.6,226,170
1929-10-13,Wilskracht (B),Fortuna (A),0,2,1530,1490,0.539,0.128,0.333,2,1,-46.6,43.6,181,175
1929-10-13,Zuiden (R),Velox,8,1,2039,1802,0.783,0.078,0.138,4,1,16.5,-16.7,138,139
1929-10-13,Zwaluwen (H),Concordia²,2,2,1520,1524,0.472,0.139,0.389,2,1,-4.7,4.6,173,170
1929-10-20,'t Overschotje,Onder Ons,2,1,1566,1641,0.386,0.108,0.506,4,5,21.8,-16.1,176,151
1929-10-20,ALO,DKC (De),1,3,1589,1687,0.348,0.123,0.529,2,3,-17.2,15.6,158,150
1929-10-20,AW,Volharding (A),5,2,1744,1658,0.600,0.126,0.275,2,1,20.4,-20.8,149,151
1929-10-20,Algemeene,Vesta,1,4,1124,1500,0.095,0.060,0.846,1,5,3.9,-5.8,202,220
1929-10-20,Amstelodamum,Zwaluwen (H),2,2,1542,1515,0.518,0.133,0.349,2,1,-9.1,8.6,166,161
1929-10-20,Concordia²,Baerne,3,0,1528,1545,0.461,0.126,0.413,3,2,34.6,-30.8,159,149
1929-10-20,DED,Zilvermeeuwen,0,1,1600,1367,0.776,0.087,0.137,3,0,-58.3,76.1,182,206
1929-10-20,DEV,Oosterpark,4,3,1773,1524,0.794,0.077,0.129,4,1,-22.0,21.8,158,157
1929-10-20,DWS,Quick (D),0,4,1238,1440,0.224,0.106,0.670,1,3,-25.4,27.1,172,179
1929-10-20,Eendracht,ReadyTekca,4,1,1842,1884,0.426,0.124,0.451,2,3,40.7,-33.5,166,150
1929-10-20,Emma,Achilles (H),0,2,1707,1730,0.453,0.123,0.424,4,3,-37.3,40.2,197,205
1929-10-20,Excelsior,Westerkwartier,0,0,1803,1964,0.268,0.113,0.618,2,3,15.4,-13.9,141,134
1929-10-20,HBS (H),Ready (H),3,3,1688,1645,0.546,0.122,0.332,3,2,-9.5,11.2,147,159
1929-10-20,HKV,Fluks,3,2,1911,1759,0.687,0.107,0.206,3,1,-9.5,8.6,144,138
1929-10-20,KVKV,BEP,3,2,1739,1601,0.677,0.097,0.225,4,2,-9.2,9.6,145,148
1929-10-20,KZ,DTV,3,2,1876,1926,0.413,0.127,0.459,1,2,12.0,-13.0,131,137
1929-10-20,Korf²,WKC,0,20,976,1373,0.086,0.054,0.861,2,6,-33.7,26.0,235,199
1929-10-20,Kwiek,Advendo,3,10,1648,1626,0.507,0.141,0.351,1,0,-61.0,64.2,156,160
1929-10-20,LUTO,DVD²,0,4,1757,1883,0.316,0.112,0.572,3,4,-26.1,22.9,146,136
1929-10-20,OSCR,Rozenburg,4,2,1684,1711,0.447,0.125,0.428,3,2,22.5,-20.4,147,140
1929-10-20,Olympia (B),DDV,2,0,1973,1838,0.672,0.101,0.227,4,2,1.6,-1.6,134,131
1929-10-20,Ons Eibernest,Vitesse (Leiden),4,2,1860,1909,0.415,0.125,0.460,1,2,22.1,-22.7,136,138
1929-10-20,Osno,Actief,4,1,1583,1653,0.390,0.118,0.492,2,3,45.0,-46.7,171,175
1929-10-20,RODA (W),Victoria (A),5,1,1778,1673,0.630,0.113,0.258,3,1,35.7,-36.0,192,193
1929-10-20,SAMOS,Hinde,12,0,1605,1476,0.662,0.108,0.230,3,1,38.3,-43.5,170,183
1929-10-20,Spangen,TOV (D),2,1,1491,1521,0.445,0.122,0.434,4,3,15.4,-13.5,178,165
1929-10-20,Swift,Hercules,2,3,1883,1961,0.374,0.125,0.501,1,2,-6.1,5.4,141,132
1929-10-20,TOGO (A),Sport,5,7,1375,1642,0.162,0.096,0.742,0,3,2.6,-1.5,186,168
1929-10-20,Velox,Deetos,2,6,1785,2071,0.151,0.083,0.767,1,4,-8.7,8.4,136,133
1929-10-20,Voordaan,OJD,1,0,1400,1349,0.565,0.106,0.329,5,4,0.8,-0.8,175,175
1929-10-20,Voorwaarts (M),Nic,2,1,1784,1767,0.514,0.114,0.372,4,3,6.1,-5.6,166,157
1929-10-20,Wees Kwiek,UDI (T),1,3,1386,1489,0.342,0.119,0.539,2,3,-23.9,36.8,205,270
1929-10-20,ZKV (Za),Bilthoven,2,2,1600,1702,0.344,0.121,0.536,2,3,9.6,-8.8,156,150
1929-10-20,Zuiden (R),HSV,5,1,2054,1839,0.762,0.084,0.153,4,1,9.3,-10.3,135,144
1929-10-27,DOS (E),Ons Clubje,4,0,1745,1486,0.800,0.080,0.120,3,0,9.0,-11.4,143,167
1929-10-27,Deetos,HKV,1,1,2080,1902,0.720,0.096,0.183,3,1,-20.8,23.9,131,139
1929-10-27,EKCA,Hellas,3,1,1698,1642,0.564,0.121,0.315,3,2,13.3,-13.6,153,155
1929-10-27,HKC (He),Oranje Zwart,2,1,1480,1427,0.555,0.130,0.315,2,1,3.1,-4.6,147,221
1929-10-27,Hermes (B),Akkrum,5,0,1328,1313,0.511,0.116,0.373,4,3,105.5,-109.8,306,314
1929-10-27,Quick (D),Sperwers,2,5,1468,1453,0.508,0.120,0.372,4,3,-45.5,50.1,167,176
1929-10-27,Rigtersbleek,Naas²,3,2,1665,1881,0.214,0.093,0.692,2,5,31.9,-33.8,142,146
1929-10-27,WK,Sparta (Ze),2,0,1937,1638,0.837,0.064,0.099,5,1,-12.2,14.1,145,155
1929-10-27,Wilskracht,Rapid (W)²,2,2,1355,1391,0.443,0.108,0.450,4,5,0.5,-0.5,201,211
1929-10-27,Zilvermeeuwen,Sport Vereent,5,1,1444,1455,0.505,0.053,0.442,18,17,26.5,-24.0,192,182
1929-11-03,'t Overschotje,Noviomagum,5,3,1587,1814,0.203,0.093,0.704,2,4,54.7,-57.4,165,169
1929-11-03,ALO,Rozenburg,2,3,1572,1690,0.321,0.121,0.558,2,3,-1.5,1.4,151,137
1929-11-03,Amersfoort,SAMOS,2,0,1586,1643,0.398,0.134,0.467,1,2,43.1,-31.6,192,163
1929-11-03,Amstelodamum,Avanti²,1,2,1532,1902,0.097,0.062,0.840,1,5,26.5,-31.4,158,170
1929-11-03,BKC (Be),Samen Een,17,2,1733,1459,0.819,0.065,0.116,6,2,53.1,-56.2,268,278
1929-11-03,Bilthoven,Oosterpark,9,0,1693,1545,0.687,0.100,0.214,4,2,27.3,-30.7,145,155
1929-11-03,DED,Sport Vereent,14,1,1542,1430,0.673,0.048,0.279,18,14,38.0,-35.4,175,168
1929-11-03,DKC (De),Die Haghe,5,3,1702,1555,0.685,0.101,0.214,3,1,1.7,-1.6,145,157
1929-11-03,DTV,Westerkwartier,3,4,1913,1950,0.431,0.126,0.443,1,2,-10.1,9.9,134,133
1929-11-03,Deetos,Fluks,5,2,2058,1767,0.830,0.066,0.104,5,1,-2.3,2.9,128,137
1929-11-03,Eskavee,SVB,5,0,1370,1412,0.431,0.112,0.456,3,4,113.8,-74.0,285,222
1929-11-03,HKC (He),AKC (Al),3,6,1482,1734,0.178,0.091,0.730,1,4,-6.1,6.3,142,144
1929-11-03,HKV,Zuiden (R),1,2,1925,2063,0.297,0.116,0.587,2,3,1.1,-1.1,136,136
1929-11-03,Hinde,Actief,2,11,1432,1606,0.258,0.105,0.638,2,4,-42.0,38.8,172,165
1929-11-03,Kwiek,Animo²,11,4,1587,1463,0.649,0.120,0.231,2,0,30.9,-38.5,150,170
1929-11-03,Naas²,Achilles (A),11,1,1846,1486,0.881,0.045,0.074,7,2,11.0,-13.0,141,156
1929-11-03,OSCR,HBS (H),2,2,1706,1678,0.525,0.122,0.353,3,2,-7.5,7.5,143,143
1929-11-03,Olympia (A)²,DSV,3,4,1500,1597,0.357,0.107,0.536,4,5,-3.9,3.9,175,175
1929-11-03,Olympia (B),Hercules,3,3,1974,1966,0.500,0.117,0.384,4,3,-4.6,4.4,133,130
1929-11-03,Ons Zwaluwennest,Trekvogels (R),1,6,1649,1668,0.462,0.117,0.420,4,3,-56.4,65.4,174,188
1929-11-03,Oranje Nassau,Wilskracht (B),3,1,1450,1482,0.436,0.131,0.432,3,2,31.3,-30.7,174,172
1929-11-03,Oranje Zwart,Ons Clubje,1,5,1422,1473,0.402,0.145,0.453,0,1,-62.8,44.6,194,161
1929-11-03,Rapiditas,Wilskracht,6,0,1451,1355,0.620,0.111,0.268,3,2,42.2,-44.2,178,183
1929-11-03,ReadyTekca,Eendracht,1,2,1850,1882,0.441,0.122,0.437,4,3,-11.6,13.5,145,157
1929-11-03,Rigtersbleek,DOS (E),1,2,1695,1752,0.404,0.124,0.472,2,3,-8.1,8.3,138,140
1929-11-03,Rood Wit (H),ODI (H),3,1,1618,1414,0.750,0.088,0.162,4,1,-4.9,3.7,211,198
1929-11-03,Rood Wit,WIK (N),5,1,1547,1565,0.464,0.116,0.420,4,3,83.8,-113.9,274,331
1929-11-03,Spangen,Sperwers,1,2,1506,1502,0.493,0.120,0.387,4,3,-20.1,19.3,167,163
1929-11-03,Sport,Blauw Wit,1,4,1640,1813,0.258,0.106,0.636,2,4,-17.2,16.8,163,161
1929-11-03,Swift,KZ,2,2,1877,1888,0.467,0.129,0.404,3,2,-2.6,2.3,138,130
1929-11-03,TOGO (A),RODA (W),1,2,1377,1813,0.067,0.050,0.883,0,5,37.8,-39.0,177,179
1929-11-03,Te Werve,Duno,5,0,1684,1162,0.946,0.027,0.028,5,0,2.9,0.4,175,271
1929-11-03,Velocitas (A),Rohda (A),1,3,1560,1672,0.360,0.058,0.583,14,16,-2.7,2.3,187,156
1929-11-03,Velox,HSV,3,3,1776,1828,0.410,0.124,0.466,2,3,2.2,-2.4,136,143
1929-11-03,WKC,DES (V),5,0,1399,1355,0.559,0.099,0.343,6,5,46.1,-48.8,193,199
1929-11-03,Wees Kwiek,KIOL,3,1,1361,1443,0.373,0.117,0.509,2,3,42.9,-36.3,191,175
1929-11-03,Wester,District V,0,2,1537,1585,0.421,0.117,0.462,2,3,-31.3,38.4,199,223
1929-11-10,AKC (Al),Oranje Zwart,4,0,1740,1358,0.888,0.050,0.062,4,0,1.3,-0.7,140,176
1929-11-10,AW,Velocitas (A),5,0,1763,1556,0.777,0.044,0.179,16,10,1.2,-0.7,148,171
1929-11-10,Achilles (A),Rigtersbleek,0,1,1473,1686,0.216,0.096,0.688,2,4,11.7,-8.4,154,132
1929-11-10,Animo²,DED,3,1,1424,1579,0.271,0.128,0.601,0,2,46.4,-48.9,160,164
1929-11-10,Avanti²,Concordia²,3,0,1870,1561,0.843,0.063,0.094,4,1,-3.8,3.0,165,155
1929-11-10,Baerne,De Tovers,2,0,1513,1625,0.331,0.117,0.552,2,3,32.5,-36.8,147,157
1929-11-10,Blauw Wit,Victoria (A),7,1,1829,1636,0.736,0.095,0.169,3,1,23.0,-31.3,153,182
1929-11-10,DDV,Excelsior,3,3,1835,1817,0.514,0.120,0.366,3,2,-5.7,6.4,134,141
1929-11-10,DOS (E),Naas²,5,2,1760,1856,0.359,0.107,0.534,4,5,32.0,-34.6,134,140
1929-11-10,Deetos,Velox,4,0,2055,1777,0.821,0.068,0.112,5,1,3.7,-3.9,128,131
1929-11-10,EKCA,Onder Ons,3,2,1710,1624,0.612,0.104,0.284,4,3,-3.8,3.9,148,149
1929-11-10,Excelsa,Fortuna (A),8,0,1546,1531,0.506,0.125,0.369,3,2,55.0,-53.6,172,170
1929-11-10,Fluks,Ons Eibernest,2,4,1769,1881,0.332,0.119,0.549,2,3,-11.5,11.6,136,137
1929-11-10,Fortuna,RCU,7,3,1312,1484,0.263,0.100,0.637,3,5,89.5,-107.5,211,233
1929-11-10,HSV,Vitesse (Leiden),0,2,1825,1885,0.402,0.123,0.476,2,3,-17.2,17.6,136,138
1929-11-10,Hercules,KZ,3,2,1970,1890,0.600,0.113,0.287,3,2,-2.1,2.1,126,126
1929-11-10,KIOL,Leeuwarden,0,0,1406,1599,0.237,0.101,0.661,2,4,21.6,-29.5,163,189
1929-11-10,KVD,DVD²,1,3,1872,1904,0.444,0.114,0.442,5,4,-23.9,18.7,156,137
1929-11-10,Kraaien²,Regenboog,0,13,1500,1823,0.128,0.067,0.805,2,6,-26.0,26.0,175,175
1929-11-10,LUTO,ZKV (Za),6,1,1730,1609,0.653,0.107,0.240,3,2,24.2,-26.6,145,152
1929-11-10,OJD,Thor (M),0,5,1347,1508,0.275,0.100,0.624,3,5,-32.2,34.7,168,175
1929-11-10,Olympia (B),DTV,5,4,1969,1902,0.583,0.113,0.304,3,2,-0.9,0.9,128,129
1929-11-10,Ons Clubje,HKC (He),0,0,1517,1475,0.541,0.129,0.330,2,1,-10.4,8.5,152,138
1929-11-10,Oosterpark,DEV,5,8,1514,1750,0.193,0.095,0.713,2,4,-8.3,9.1,148,158
1929-11-10,Phoenix (Z),De Kweek,1,0,1386,1556,0.260,0.112,0.629,2,3,53.5,-59.1,231,243
1929-11-10,SAMOS,Osno,5,0,1611,1627,0.463,0.123,0.414,3,2,43.6,-49.5,154,165
1929-11-10,Sport Vereent,Kwiek,2,4,1394,1617,0.230,0.044,0.726,14,18,14.0,-11.3,159,144
1929-11-10,Sportief,Eendracht,2,0,1817,1895,0.374,0.127,0.499,1,2,29.1,-29.7,146,148
1929-11-10,Vesta,Algemeene,11,3,1493,1126,0.883,0.048,0.069,6,1,22.2,-20.0,210,196
1929-11-10,Vitesse (Haag),Rood Wit (H),3,3,1668,1612,0.570,0.113,0.318,4,3,-22.4,15.1,235,195
1929-11-10,Voorwaarts (M),Sparta (Ze),4,1,1789,1650,0.681,0.094,0.225,5,3,10.8,-10.1,160,154
1929-11-10,WWMD,UDI (T),2,0,1410,1525,0.326,0.121,0.553,2,3,70.6,-63.2,246,232
1929-11-10,ZKC (Zu),Noviomagum,4,4,1658,1755,0.350,0.120,0.530,2,3,10.6,-8.9,174,160
1929-11-10,Zwart Wit,Laaresch,3,3,1379,1454,0.383,0.117,0.500,2,3,5.6,-15.5,196,317
1929-11-17,AW,Deska,3,2,1763,1745,0.506,0.132,0.362,2,1,6.3,-8.0,144,165
1929-11-17,Ambakor,Olympiaan,4,3,1581,1411,0.713,0.097,0.190,4,1,-17.7,21.1,221,237
1929-11-17,Avanti²,Baerne,5,0,1865,1544,0.855,0.055,0.090,6,2,7.2,-6.0,160,141
1929-11-17,Bilthoven,ZKV (Za),1,3,1718,1581,0.675,0.102,0.224,4,2,-42.2,43.7,143,146
1929-11-17,Blauw Wit,TOGO (A),9,0,1851,1413,0.916,0.039,0.045,5,0,8.7,-11.5,148,175
1929-11-17,DEV,LUTO,3,5,1758,1753,0.493,0.123,0.384,3,2,-29.6,25.4,151,139
1929-11-17,De Tovers,Amstelodamum,0,1,1587,1557,0.525,0.131,0.344,2,1,-21.3,23.6,148,156
1929-11-17,Excelsior,KZ,4,1,1822,1891,0.389,0.124,0.487,2,3,32.4,-27.1,135,123
1929-11-17,Fortuna (A),Oranje Nassau,1,0,1477,1480,0.478,0.131,0.391,3,2,10.0,-10.6,159,164
1929-11-17,HBS (H),Die Haghe,2,3,1684,1551,0.666,0.108,0.226,3,1,-30.1,35.8,140,152
1929-11-17,KIOL (Z),VOP,7,2,1171,1075,0.627,0.099,0.274,5,3,32.4,-76.9,175,298
1929-11-17,KVKV,Sportief,2,3,1727,1845,0.323,0.121,0.556,2,3,-1.7,1.6,148,140
1929-11-17,Korf²,DES (V),0,2,940,1304,0.100,0.066,0.834,1,4,22.5,-13.1,225,184
1929-11-17,Osno,Amersfoort,0,1,1577,1627,0.412,0.130,0.458,1,2,-11.2,14.4,154,177
1929-11-17,Velox,Zuiden (R),1,9,1772,2060,0.150,0.081,0.769,2,4,-16.5,17.4,130,134
1929-11-17,Vitesse (Leiden),HKV,6,2,1901,1924,0.451,0.129,0.420,3,2,32.2,-32.8,133,134
1929-11-17,Westerkwartier,DDV,5,2,1958,1829,0.664,0.106,0.230,3,1,10.3,-10.1,132,129
1929-11-17,Zilvermeeuwen,Animo²,2,1,1467,1469,0.478,0.133,0.389,2,1,12.6,-9.3,180,151
1929-11-24,'t Overschotje,ZKC (Zu),3,2,1641,1669,0.448,0.122,0.430,4,3,12.8,-13.1,162,164
1929-11-24,AKC (Al),HKC (He),2,2,1741,1484,0.802,0.074,0.124,4,1,-31.9,29.0,142,136
1929-11-24,Achilles (H),Emma,4,1,1770,1669,0.627,0.110,0.263,3,2,25.1,-24.0,193,188
1929-11-24,Actief,Osno,3,1,1644,1567,0.598,0.108,0.293,4,3,9.5,-8.2,161,146
1929-11-24,Ambakor,Vitesse (Haag),0,4,1565,1646,0.374,0.117,0.509,2,3,-52.1,54.8,203,209
1929-11-24,DSV,Olympia (A)²,1,6,1600,1496,0.639,0.098,0.263,5,3,-72.1,72.1,167,167
1929-11-24,De Tovers,Concordia²,4,3,1567,1565,0.483,0.137,0.380,2,1,8.2,-9.5,142,154
1929-11-24,Excelsa,Wilskracht (B),4,0,1602,1451,0.689,0.103,0.208,3,1,21.4,-21.9,163,165
1929-11-24,HSV,Fluks,0,1,1808,1758,0.556,0.120,0.323,3,2,-19.8,19.7,134,134
1929-11-24,Hellas,EKCA,6,1,1627,1706,0.373,0.125,0.502,1,2,54.3,-47.7,155,145
1929-11-24,KVTO,Hercules,3,4,1482,1968,0.051,0.039,0.909,1,6,66.0,-20.7,212,126
1929-11-24,Korf²,SGOC,1,5,964,1095,0.305,0.123,0.573,1,2,-49.5,50.0,210,211
1929-11-24,Naas²,Ons Clubje,4,1,1821,1507,0.849,0.059,0.092,5,1,-4.3,5.3,137,147
1929-11-24,Nardinclant,RCU,1,4,1389,1376,0.509,0.113,0.378,4,3,-58.8,61.4,205,210
1929-11-24,Ons Eibernest,Zuiden (R),1,8,1893,2079,0.244,0.103,0.653,2,4,-25.2,24.2,135,132
1929-11-24,Oosten,Volharding (A),2,7,1460,1636,0.252,0.112,0.636,1,3,-72.3,27.7,274,154
1929-11-24,Ready (H),HBS (H),2,1,1655,1655,0.486,0.125,0.390,3,2,9.1,-6.8,160,136
1929-11-24,SVB,ASVA,2,0,1337,1444,0.338,0.118,0.543,2,3,50.0,-67.7,206,243
1929-11-24,Vitesse (Leiden),Deetos,4,5,1935,2059,0.318,0.113,0.569,3,4,0.0,-0.0,128,130
1929-12-01,ALO,Ready (H),3,3,1570,1664,0.353,0.123,0.524,2,3,8.1,-8.0,151,150
1929-12-01,DOS (E),Achilles (A),3,1,1792,1485,0.846,0.057,0.097,6,2,-12.6,16.4,136,152
1929-12-01,DTV,Swift,2,4,1903,1874,0.527,0.123,0.350,3,2,-26.0,29.6,132,141
1929-12-01,Deska,Velocitas (A),16,0,1739,1556,0.753,0.046,0.201,16,11,27.1,-30.5,157,168
1929-12-01,Eendracht,Haarlem,5,0,1865,1676,0.734,0.092,0.174,4,1,18.2,-24.2,146,172
1929-12-01,HKV,HSV,2,1,1893,1788,0.628,0.116,0.256,3,1,-3.9,3.7,132,130
1929-12-01,Oosterpark,Bilthoven,2,5,1506,1677,0.260,0.106,0.634,2,4,-14.6,13.3,148,141
1929-12-01,Rapid (Ap),Olympia '22,2,1,1006,1154,0.290,0.104,0.606,3,5,60.2,-54.4,282,268
1929-12-01,Vitesse (Haag),Olympiaan,2,3,1701,1433,0.813,0.068,0.118,5,2,-63.5,84.4,188,215
1929-12-01,Zwaluwen (H),De Tovers,7,0,1523,1576,0.407,0.132,0.461,1,2,61.6,-43.3,164,136
1929-12-15,'t Overschotje,Hellas,2,2,1654,1681,0.451,0.117,0.432,4,3,-0.9,0.9,157,151
1929-12-15,Amersfoort,Osno,11,1,1642,1559,0.602,0.118,0.280,3,1,44.9,-33.9,170,146
1929-12-15,Amstelodamum,Baerne,2,3,1582,1539,0.548,0.117,0.335,3,2,-23.6,21.4,155,147
1929-12-15,Be Quick,Rapid (W)²,2,3,1425,1389,0.544,0.108,0.348,4,3,-26.0,32.0,181,201
1929-12-15,Blauw Wit,Sport,7,2,1861,1622,0.788,0.074,0.138,5,2,14.0,-15.7,155,166
1929-12-15,DDV,Olympia (B),2,2,1820,1968,0.288,0.109,0.603,2,4,12.7,-13.0,135,137
1929-12-15,DED,Advendo,1,4,1530,1689,0.267,0.125,0.608,0,2,-23.5,24.3,164,167
1929-12-15,DVD²,LUTO,1,1,1923,1780,0.685,0.095,0.220,5,2,-20.8,20.6,143,142
1929-12-15,Duno,Te Werve,2,3,1161,1686,0.040,0.035,0.924,0,5,93.5,-38.6,267,184
1929-12-15,Fluks,Vitesse (Leiden),1,3,1778,1935,0.278,0.108,0.614,2,4,-5.9,5.6,135,130
1929-12-15,HBS (H),DKC (De),1,1,1648,1703,0.410,0.120,0.470,2,3,2.3,-3.0,137,153
1929-12-15,HSV,Deetos,1,4,1792,2059,0.166,0.087,0.746,1,4,-3.7,3.8,129,132
1929-12-15,Onder Ons,ZKC (Zu),1,1,1628,1655,0.453,0.112,0.435,5,4,-0.9,0.9,152,159
1929-12-15,Ons Eibernest,Velox,2,3,1867,1757,0.640,0.108,0.252,3,2,-26.8,26.9,136,137
1929-12-15,Ready (H),Die Haghe,2,2,1656,1588,0.582,0.117,0.301,3,2,-12.4,13.8,145,153
1929-12-15,ReadyTekca,BEP,6,0,1837,1609,0.777,0.077,0.145,5,2,18.0,-19.7,152,160
1929-12-15,Rigtersbleek,Ons Clubje,0,1,1678,1512,0.704,0.106,0.191,2,0,-34.7,39.4,141,150
1929-12-15,Rood Wit (H),Ambakor,2,2,1627,1513,0.645,0.107,0.248,3,2,-25.8,25.8,189,189
1929-12-15,Vitesse (Haag),ODI (H),1,3,1638,1417,0.770,0.080,0.151,5,2,-71.0,82.4,182,195
1929-12-26,NKC (Nij),GKC,1,2,990,1137,0.293,0.101,0.605,4,5,6.6,0.3,350,235
1930-01-01,ODIO,WKC (Wi),2,1,1412,1354,0.574,0.106,0.320,5,3,1.3,-0.0,187,249
1930-01-05,Advendo,Kwiek,4,4,1711,1604,0.629,0.121,0.249,2,0,-20.5,19.3,162,158
1930-01-05,Concordia²,Avanti²,0,4,1553,1871,0.128,0.075,0.797,1,4,-9.3,10.4,158,170
1930-01-05,DES (V),Korf²,11,0,1290,912,0.888,0.048,0.064,5,0,19.0,-20.8,189,200
1930-01-05,DTV,Hercules,0,1,1874,1945,0.388,0.118,0.493,2,3,-6.2,6.4,139,141
1930-01-05,HSV,Zuiden (R),1,2,1786,2101,0.131,0.073,0.795,2,5,17.1,-19.8,133,142
1930-01-05,Haarlem,Eendracht,1,6,1649,1881,0.197,0.097,0.707,1,4,-27.1,21.9,172,152
1930-01-05,KVKV,ReadyTekca,3,1,1725,1853,0.313,0.111,0.576,3,4,37.7,-35.8,156,152
1930-01-05,Moordrecht,Zwaluwen (He),2,0,1359,1473,0.336,0.104,0.561,4,5,60.1,-37.0,226,175
1930-01-05,Noviomagum,ZKC (Zu),4,7,1744,1654,0.615,0.110,0.276,4,2,-59.1,50.0,168,154
1930-01-05,OSCR,Ready (H),9,1,1696,1642,0.564,0.116,0.319,3,2,42.2,-36.3,157,145
1930-01-05,Onder Ons,'t Overschotje,8,0,1625,1651,0.458,0.107,0.435,6,5,47.9,-49.9,150,153
1930-01-05,Oosterpark,KVD,0,5,1489,1846,0.105,0.064,0.831,1,5,-9.9,11.0,152,164
1930-01-05,Oranje Zwart,HKC (He),3,8,1355,1511,0.274,0.120,0.607,1,2,-44.5,29.2,187,147
1930-01-05,Rapid (W)²,Wilskracht,5,1,1418,1307,0.649,0.093,0.258,6,4,26.8,-26.9,187,187
1930-01-05,Rapiditas,Be Quick,6,0,1490,1396,0.614,0.117,0.268,3,1,45.7,-40.9,184,173
1930-01-05,SGOC,WKC,1,7,1142,1442,0.146,0.069,0.785,3,7,-26.7,25.2,201,194
1930-01-05,Sport Vereent,DED,1,1,1406,1504,0.381,0.054,0.565,15,16,10.1,-9.1,168,160
1930-01-05,Swift,Olympia (B),4,4,1901,1953,0.413,0.121,0.465,2,3,2.4,-2.1,146,138
1930-01-05,TOV (D),DWS,7,0,1504,1209,0.834,0.064,0.102,5,1,20.7,-21.9,178,184
1930-01-05,Velox,HKV,3,2,1781,1886,0.339,0.122,0.539,2,3,19.3,-19.8,138,140
1930-01-05,Vesta,KVTO,5,5,1513,1546,0.447,0.109,0.444,5,4,-0.2,0.2,214,213
1930-01-05,Vitesse (Leiden),Ons Eibernest,6,2,1938,1838,0.627,0.107,0.265,4,2,18.2,-19.5,133,138
1930-01-05,Westerkwartier,Excelsior,5,1,1968,1853,0.646,0.106,0.249,4,2,20.0,-20.4,145,146
1930-01-12,AKC (Al),Naas²,1,3,1707,1815,0.344,0.104,0.552,4,5,-12.0,11.6,155,152
1930-01-12,Amstelodamum,Concordia²,1,0,1556,1544,0.499,0.132,0.369,2,1,7.8,-7.7,154,153
1930-01-12,DDV,DTV,4,1,1830,1868,0.433,0.121,0.446,2,3,29.3,-27.0,139,133
1930-01-12,De Kweek,Phoenix (Z),1,6,1495,1437,0.568,0.118,0.314,3,2,-106.0,100.0,230,223
1930-01-12,Hellas,Noviomagum,3,1,1680,1685,0.481,0.117,0.402,4,3,19.1,-20.6,151,158
1930-01-12,Hercules,Swift,2,3,1952,1903,0.556,0.118,0.326,3,2,-19.6,20.6,135,139
1930-01-12,KVD,Bilthoven,4,2,1857,1688,0.713,0.093,0.194,4,2,-1.8,1.3,159,149
1930-01-12,Kwiek,DED,2,2,1623,1495,0.654,0.121,0.226,2,0,-20.5,20.8,150,151
1930-01-12,Olympia '22,Rapid (Ap),4,1,1097,1064,0.540,0.110,0.350,4,3,47.1,-49.5,243,251
1930-01-12,Olympiaan,ODI (H),2,0,1516,1497,0.514,0.119,0.367,4,3,28.5,-23.9,210,189
1930-01-12,Ons Eibernest,HSV,0,2,1819,1803,0.508,0.124,0.368,3,2,-25.3,24.6,133,131
1930-01-12,Osno,Hinde,3,1,1523,1387,0.674,0.099,0.227,4,2,2.5,-2.5,148,182
1930-01-12,RCU,Fortuna,5,3,1436,1400,0.545,0.107,0.349,5,4,20.1,-21.4,201,209
1930-01-12,Rapiditas,Rapid (W)²,3,1,1536,1445,0.621,0.099,0.281,5,4,7.0,-7.2,171,173
1930-01-12,Ready (H),Rozenburg,2,5,1605,1689,0.371,0.119,0.510,2,3,-22.6,27.9,139,156
1930-01-12,Rohda (A),AW,1,2,1672,1768,0.347,0.129,0.524,1,2,-6.3,5.5,170,156
1930-01-12,SAMOS,Amersfoort,2,1,1652,1685,0.436,0.130,0.433,3,2,15.0,-15.1,165,166
1930-01-12,Sport Vereent,Animo²,0,3,1416,1459,0.458,0.056,0.485,15,16,-16.6,17.5,157,162
1930-01-12,Velox,Vitesse (Leiden),3,3,1801,1956,0.280,0.107,0.613,3,4,13.2,-12.4,133,129
1930-01-12,WKC,Korf²,16,0,1467,892,0.961,0.018,0.021,8,1,7.6,-8.2,183,193
1930-01-12,Wester,SVB,3,3,1503,1385,0.654,0.099,0.247,5,3,-28.4,28.6,200,201
1930-01-12,ZKC (Zu),EKCA,0,1,1704,1656,0.553,0.121,0.326,3,2,-22.5,24.5,147,154
1930-01-19,Achilles (A),AKC (Al),2,3,1496,1693,0.236,0.095,0.669,3,5,10.8,-8.4,163,147
1930-01-19,Actief,SAMOS,4,4,1649,1665,0.466,0.118,0.416,4,3,-2.7,2.3,168,155
1930-01-19,Advendo,Zilvermeeuwen,10,0,1688,1477,0.756,0.091,0.153,3,0,24.8,-32.8,156,183
1930-01-19,Avanti²,Amstelodamum,3,2,1879,1561,0.851,0.060,0.090,5,1,-32.1,24.2,166,146
1930-01-19,Bilthoven,LUTO,6,2,1687,1796,0.336,0.118,0.546,2,3,46.4,-48.9,144,148
1930-01-19,DDV,Westerkwartier,1,0,1857,1985,0.312,0.115,0.573,2,3,20.2,-22.9,133,142
1930-01-19,DES (V),SGOC,6,1,1307,1114,0.741,0.086,0.172,4,2,26.1,-27.2,186,190
1930-01-19,DTV,KZ,3,1,1839,1860,0.456,0.124,0.420,3,2,17.0,-20.7,129,143
1930-01-19,De Tovers,Zwaluwen (H),0,4,1528,1580,0.409,0.131,0.460,1,2,-37.2,46.9,148,167
1930-01-19,Emma,GKV,1,3,1640,1854,0.215,0.099,0.686,2,4,-4.0,3.9,189,214
1930-01-19,Excelsior,Hercules,1,2,1831,1930,0.350,0.116,0.533,2,3,-3.1,2.7,143,131
1930-01-19,Fluks,HKV,3,4,1767,1864,0.349,0.125,0.526,1,2,-4.1,3.9,142,137
1930-01-19,HBS (G),DETO (M),3,1,1416,1460,0.427,0.116,0.457,2,3,78.2,-51.9,350,273
1930-01-19,Hellas,ZKC (Zu),1,4,1696,1679,0.512,0.120,0.368,3,2,-37.0,35.5,144,141
1930-01-19,Nardinclant,Fortuna,3,3,1325,1376,0.420,0.111,0.468,3,4,3.3,-2.9,200,189
1930-01-19,Noviomagum,'t Overschotje,5,2,1662,1599,0.581,0.110,0.310,4,3,18.7,-18.5,149,147
1930-01-19,OGKV,Nieuwe Tonge,3,4,1200,1318,0.331,0.104,0.565,4,5,-0.5,0.5,175,175
1930-01-19,OSCR,ALO,3,1,1736,1573,0.704,0.098,0.198,4,1,0.2,0.0,151,158
1930-01-19,Olympia (A)²,LUTO (U),3,1,1563,1428,0.679,0.090,0.231,6,3,0.7,-0.7,174,175
1930-01-19,Ons Clubje,DOS (E),1,2,1547,1775,0.198,0.102,0.700,1,3,11.6,-10.9,154,150
1930-01-19,Oosterpark,DVD²,1,12,1477,1898,0.075,0.049,0.876,1,6,-13.1,12.6,151,148
1930-01-19,Oranje Zwart,Rigtersbleek,2,5,1308,1639,0.117,0.080,0.803,0,3,-3.0,2.9,174,147
1930-01-19,Sperwers,Quick (D),3,1,1516,1416,0.630,0.105,0.265,4,2,8.2,-8.5,176,181
1930-01-19,Sport,Victoria (A),4,1,1602,1600,0.485,0.130,0.385,3,2,35.5,-43.9,169,190
1930-01-19,Sportief,BEP,8,5,1843,1585,0.803,0.074,0.123,4,1,0.5,-0.2,155,163
1930-01-19,TOP (Hg),Duno,2,0,1365,1250,0.647,0.105,0.248,4,2,10.4,-13.3,201,259
1930-01-19,Zuiden (R),Deetos,2,4,2079,2058,0.521,0.112,0.367,4,3,-26.9,26.3,142,140
1930-01-26,'t Overschotje,EKCA,1,1,1579,1678,0.349,0.120,0.531,2,3,7.6,-8.5,141,148
1930-01-26,AW,Sportief,2,2,1771,1843,0.378,0.136,0.486,0,1,5.0,-5.1,150,151
1930-01-26,Advendo,DED,1,1,1713,1513,0.741,0.098,0.161,2,0,-29.0,27.6,151,147
1930-01-26,Algemeene,Wester,2,3,1101,1472,0.098,0.060,0.842,2,6,42.9,-33.1,208,186
1930-01-26,Amstelodamum,Victoria (A),1,1,1615,1527,0.604,0.125,0.271,2,1,-12.7,18.6,135,162
1930-01-26,Avanti²,Kadimah,1,0,1846,1301,0.953,0.023,0.025,6,0,-36.2,97.2,161,246
1930-01-26,BEP,Haarlem,3,1,1584,1619,0.440,0.118,0.442,2,3,24.5,-27.3,158,167
1930-01-26,Blauw Wit,DEV,11,1,1869,1704,0.711,0.090,0.199,5,2,31.3,-28.2,162,153
1930-01-26,Concordia²,Amstelodamum,1,4,1533,1585,0.407,0.134,0.458,0,1,-32.0,30.5,148,144
1930-01-26,Concordia²,KVD,0,9,1501,1875,0.093,0.066,0.840,0,4,-13.3,14.4,138,144
1930-01-26,DED,DVD²,3,1,1541,1910,0.098,0.064,0.839,1,5,55.8,-61.3,140,147
1930-01-26,DEV,ZKV (Za),2,2,1725,1621,0.633,0.106,0.261,4,2,-20.3,19.8,165,163
1930-01-26,Deska,Fortuna (A),3,0,1761,1483,0.818,0.072,0.110,4,0,0.4,-0.3,167,171
1930-01-26,Die Haghe,OSCR,0,4,1597,1735,0.298,0.116,0.586,2,3,-29.5,25.3,158,145
1930-01-26,District V,Vesta,5,1,1618,1510,0.641,0.101,0.258,4,3,38.9,-32.9,218,196
1930-01-26,Eskavee,DDV,1,4,1478,1866,0.090,0.055,0.855,2,6,19.4,-1.7,255,123
1930-01-26,HBS (H),Rozenburg,1,1,1645,1713,0.391,0.121,0.488,2,3,4.3,-4.5,145,149
1930-01-26,Hercules,Excelsior,1,1,1932,1827,0.634,0.106,0.259,4,2,-13.5,15.8,127,137
1930-01-26,KIOL (Z),SDO (K)²,3,0,1199,984,0.766,0.076,0.157,6,3,7.8,-7.9,187,297
1930-01-26,KVD,LUTO,4,0,1852,1746,0.635,0.107,0.258,4,2,23.3,-19.9,154,141
1930-01-26,KZ,Olympia (B),3,2,1839,1948,0.336,0.116,0.547,2,3,19.0,-19.4,136,138
1930-01-26,LUTO (U),Olympia (A)²,0,5,1396,1563,0.270,0.099,0.631,3,5,-27.5,30.1,156,164
1930-01-26,Naas²,HKC (He),10,1,1823,1537,0.830,0.061,0.109,6,2,15.9,-16.0,147,147
1930-01-26,Onder Ons,Noviomagum,3,2,1670,1680,0.479,0.108,0.413,5,4,7.7,-7.1,147,142
1930-01-26,Ons Clubje,Oranje Zwart,3,0,1558,1305,0.792,0.087,0.121,2,-1,4.6,-5.1,148,167
1930-01-26,Rapid (Ap),SDL (E),3,0,1011,973,0.545,0.113,0.342,4,3,41.9,-27.9,222,175
1930-01-26,Rohda (A),Eendracht,1,1,1662,1900,0.192,0.095,0.713,1,4,28.6,-25.4,161,152
1930-01-26,SVK,LUTO (U),8,0,1603,1426,0.724,0.089,0.187,5,2,48.3,-29.8,219,165
1930-01-26,Sperwers,Spangen,2,1,1524,1480,0.550,0.116,0.333,3,2,2.8,-3.0,165,181
1930-01-26,Sport Vereent,Zilvermeeuwen,1,0,1396,1443,0.453,0.057,0.490,15,16,7.4,-9.5,151,173
1930-01-26,Sport,Velocitas (A),2,0,1636,1516,0.681,0.055,0.265,15,12,-7.0,7.4,158,162
1930-01-26,Swift,DDV,3,1,1921,1877,0.549,0.119,0.331,3,2,11.6,-10.5,136,129
1930-01-26,Trekvogels (R),Ter Gouw,1,2,1727,1566,0.705,0.092,0.202,5,2,-51.5,60.5,195,211
1930-01-26,Velox,Ons Eibernest,5,3,1811,1790,0.516,0.120,0.363,3,2,13.1,-13.1,132,132
1930-01-26,Victoria (A),TOGO (A),1,1,1556,1397,0.693,0.111,0.197,2,0,-28.5,34.8,174,191
1930-01-26,Volharding (A),Velocitas (A),4,0,1659,1520,0.702,0.052,0.245,15,11,4.1,-4.2,169,175
1930-01-26,Westerkwartier,DTV,0,0,1962,1855,0.634,0.111,0.255,3,2,-15.9,13.3,136,125
1930-01-26,Westerkwartier,Sparta (A)²,6,2,1946,1510,0.915,0.040,0.045,4,0,0.1,5.1,129,221
1930-01-26,Zuiden (R),HKV,3,0,2051,1867,0.729,0.091,0.179,4,1,5.5,-5.2,136,132
1930-01-26,Zwaluwen (H),Baerne,4,0,1626,1555,0.588,0.112,0.300,4,2,27.8,-27.2,156,154
1930-02-02,ASVA,SVK,0,2,1373,1653,0.155,0.084,0.761,1,4,8.2,-4.8,228,198
1930-02-02,AW,Swift,0,2,1777,1934,0.271,0.123,0.606,1,2,-9.1,7.9,143,131
1930-02-02,Amersfoort,Hinde,2,1,1668,1383,0.825,0.070,0.105,4,0,-24.7,29.6,160,173
1930-02-02,Animo²,Zilvermeeuwen,0,1,1475,1435,0.537,0.132,0.331,2,1,-24.9,25.9,157,160
1930-02-02,BEP,Eendracht,1,2,1610,1876,0.170,0.083,0.748,2,5,16.4,-15.8,149,146
1930-02-02,Be Quick,Wilskracht,2,2,1354,1279,0.592,0.117,0.292,3,2,-16.2,18.6,169,180
1930-02-02,DVD²,Sportief,1,0,1850,1839,0.505,0.115,0.380,4,3,5.5,-5.4,144,143
1930-02-02,De Tovers,Osno,0,5,1491,1523,0.440,0.125,0.435,3,2,-41.9,44.4,144,148
1930-02-02,Deetos,Ons Eibernest,4,2,2085,1779,0.843,0.061,0.096,5,1,-12.7,10.7,138,127
1930-02-02,Die Haghe,DKC (De),2,1,1569,1696,0.313,0.115,0.572,2,3,23.9,-27.2,149,159
1930-02-02,Excelsior,DTV,1,2,1844,1870,0.451,0.121,0.428,4,3,-10.9,9.4,132,122
1930-02-02,Fluks,Velox,4,3,1764,1826,0.402,0.119,0.480,2,3,13.9,-11.8,138,127
1930-02-02,Haarlem,ZKV (Za),3,2,1593,1642,0.417,0.123,0.460,2,3,15.2,-14.9,156,154
1930-02-02,KZ,Westerkwartier,2,5,1859,1947,0.362,0.122,0.516,2,3,-20.9,20.4,132,130
1930-02-02,Olympia (B),Hercules,1,2,1930,1920,0.504,0.117,0.379,4,3,-14.8,12.9,133,124
1930-02-02,Olympiaan,Ambakor,1,1,1542,1535,0.498,0.120,0.381,4,3,-7.7,7.2,193,188
1930-02-02,Ons Clubje,Achilles (A),4,2,1564,1508,0.568,0.114,0.318,3,2,10.8,-12.4,145,157
1930-02-02,ReadyTekca,KVD,3,6,1816,1891,0.383,0.116,0.501,3,4,-27.1,23.9,152,142
1930-02-02,Rohda (A),KVD,1,1,1692,1915,0.207,0.094,0.698,2,4,25.5,-19.1,153,133
1930-02-02,TOV (D),Spangen,1,1,1523,1479,0.552,0.114,0.334,4,3,-13.1,11.6,178,167
1930-02-02,ZKC (Zu),Onder Ons,2,1,1715,1679,0.545,0.107,0.348,5,4,1.6,-1.7,138,140
1930-02-02,Zuiden (R),Vitesse (Leiden),7,1,2058,1942,0.652,0.099,0.249,5,3,22.7,-22.3,133,131
1930-02-09,Ambakor,ODI (H),4,2,1542,1472,0.587,0.114,0.299,3,2,13.2,-14.2,173,181
1930-02-09,Avanti²,De Tovers,2,1,1812,1449,0.878,0.053,0.069,4,0,-34.7,23.6,163,137
1930-02-09,Bilthoven,DEV,4,0,1735,1678,0.569,0.114,0.317,4,2,25.5,-27.6,143,150
1930-02-09,Blauw Wit,AW,1,0,1902,1768,0.671,0.102,0.227,4,2,-10.1,7.4,157,137
1930-02-09,Concordia²,Zwaluwen (H),6,0,1489,1655,0.261,0.119,0.620,1,2,57.9,-67.3,139,150
1930-02-09,DOS (E),Rigtersbleek,3,0,1765,1643,0.655,0.106,0.239,3,2,13.7,-13.7,150,150
1930-02-09,Hercules,Westerkwartier,0,2,1932,1968,0.437,0.122,0.441,2,3,-16.2,17.5,121,126
1930-02-09,LUTO,Oosterpark,2,1,1728,1464,0.808,0.072,0.120,5,1,-18.9,23.8,139,154
1930-02-09,Laaresch,Zwart Wit,7,2,1435,1381,0.567,0.110,0.323,4,3,80.8,-52.0,270,207
1930-02-09,Noviomagum,Hellas,4,2,1675,1660,0.510,0.117,0.373,4,3,14.4,-15.2,139,143
1930-02-09,Olympia (B),Excelsior,1,2,1915,1833,0.604,0.109,0.287,4,2,-21.1,21.0,128,128
1930-02-09,Oranje Nassau,Fortuna (A),6,3,1467,1484,0.459,0.129,0.412,3,2,42.3,-37.5,179,167
1930-02-09,Oranje Zwart,AKC (Al),2,11,1301,1685,0.089,0.063,0.848,0,4,-17.4,14.5,163,147
1930-02-09,Rapid (W)²,Be Quick,1,1,1436,1338,0.630,0.101,0.270,5,3,-20.6,18.1,169,159
1930-02-09,Rood Wit (H),Olympiaan,2,1,1597,1535,0.576,0.116,0.309,3,2,0.4,-0.6,190,176
1930-02-09,Swift,DTV,2,2,1942,1879,0.574,0.119,0.307,3,2,-10.0,8.7,128,120
1930-02-09,TOV (D),Sperwers,2,2,1510,1528,0.465,0.114,0.421,5,4,-2.3,2.1,165,158
1930-02-09,Zuiden (R),Rozenburg,4,0,2081,1710,0.885,0.047,0.068,6,1,-1.3,2.0,129,144
1930-02-16,ALO,HBS (H),5,1,1574,1651,0.376,0.125,0.499,1,2,51.3,-42.8,159,144
1930-02-16,Avanti²,Zwaluwen (H),8,0,1777,1588,0.734,0.093,0.173,3,1,27.6,-22.7,160,143
1930-02-16,DVD²,KVD,4,2,1855,1896,0.435,0.111,0.454,3,4,20.3,-18.4,140,133
1930-02-16,Die Haghe,Ready (H),5,1,1593,1581,0.502,0.124,0.374,3,2,32.6,-32.3,145,144
1930-02-16,Excelsior,Swift,1,3,1854,1932,0.377,0.123,0.500,2,3,-13.2,13.1,124,124
1930-02-16,GKV,Achilles (H),6,3,1859,1791,0.584,0.114,0.302,3,2,31.9,-31.8,201,200
1930-02-16,Hellas,'t Overschotje,2,2,1645,1588,0.570,0.113,0.318,4,3,-10.2,10.9,137,141
1930-02-16,ODI (H),Olympiaan,2,1,1457,1534,0.379,0.121,0.500,2,3,21.4,-20.6,168,165
1930-02-16,Sport Vereent,Advendo,0,12,1405,1685,0.176,0.040,0.784,12,18,-18.5,19.0,149,151
1930-02-23,Actief,Amersfoort,2,0,1647,1644,0.491,0.122,0.387,3,2,22.3,-20.9,166,161
1930-02-23,Advendo,Animo²,6,1,1704,1450,0.794,0.084,0.122,3,0,14.5,-15.7,146,153
1930-02-23,Blauw Wit,Wester,6,1,1892,1440,0.925,0.032,0.043,7,1,-0.1,1.5,152,185
1930-02-23,DEV,DVD²,2,3,1650,1875,0.206,0.091,0.703,2,5,12.1,-10.1,145,134
1930-02-23,DOS (E),Oranje Zwart,8,0,1778,1284,0.937,0.031,0.032,5,-1,6.1,-7.1,146,161
1930-02-23,Excelsior (K),Quick (Z),1,2,1221,1313,0.380,0.075,0.546,11,12,-0.9,1.8,311,175
1930-02-23,Fluks,HSV,4,1,1778,1826,0.418,0.124,0.458,2,3,30.5,-31.7,138,141
1930-02-23,HKV,Ons Eibernest,1,1,1864,1789,0.589,0.120,0.291,2,1,-12.5,11.6,138,133
1930-02-23,Hercules,Eendracht,5,0,1916,1860,0.567,0.116,0.317,3,2,22.7,-32.4,121,147
1930-02-23,Hinde,SAMOS,1,5,1412,1668,0.176,0.090,0.734,1,4,-17.6,15.2,172,157
1930-02-23,KVD,ZKV (Za),2,0,1877,1627,0.798,0.073,0.129,5,2,-7.4,10.7,129,151
1930-02-23,ODI (H),Vitesse (Haag),2,0,1479,1563,0.371,0.116,0.513,2,3,30.2,-43.9,157,191
1930-02-23,Olympia (B),KZ,2,3,1894,1838,0.567,0.116,0.317,3,2,-18.6,20.1,128,133
1930-02-23,RCU,Nardinclant,6,0,1454,1329,0.663,0.097,0.240,5,3,41.8,-40.3,194,189
1930-02-23,Rapid (A),Amsterdam Zuid,2,13,1461,1571,0.342,0.104,0.554,4,5,-111.2,78.9,289,235
1930-02-23,Rozenburg,Die Haghe,2,2,1712,1625,0.608,0.113,0.278,3,2,-15.2,13.7,146,139
1930-02-23,SVK,DDV,4,3,1648,1866,0.210,0.099,0.690,2,4,55.8,-26.3,191,132
1930-02-23,Sloterdijk,Insulinde,0,9,1436,1616,0.256,0.095,0.650,4,5,-41.8,41.8,175,175
1930-02-23,Swift,Westerkwartier,2,1,1945,1971,0.448,0.127,0.425,3,2,8.2,-8.3,121,122
1930-02-23,TOGO (A),Victoria (A),2,2,1433,1547,0.322,0.133,0.544,0,1,14.4,-10.8,184,160
1930-02-23,Thor (M),Voordaan,7,0,1539,1396,0.688,0.090,0.222,5,3,41.5,-43.5,193,199
1930-02-23,VOP,SDO (K)²,2,0,995,978,0.518,0.109,0.373,5,4,35.9,-34.8,264,259
1930-02-23,Westerkwartier,KCN,3,2,1985,1698,0.828,0.066,0.106,5,1,-14.4,48.6,125,215
1930-02-23,Zilvermeeuwen,DED,1,2,1461,1598,0.293,0.131,0.577,0,1,-0.7,0.7,156,146
1930-03-02,Actief,Hinde,11,0,1669,1395,0.819,0.067,0.114,5,2,19.3,-21.0,155,163
1930-03-02,Ambakor,Rood Wit (H),0,5,1556,1598,0.426,0.124,0.450,2,3,-50.8,57.8,166,179
1930-03-02,Animo²,Sport Vereent,2,3,1435,1387,0.587,0.057,0.356,15,13,-16.7,16.2,149,147
1930-03-02,DKC (De),Rozenburg,3,0,1669,1697,0.449,0.120,0.432,4,3,34.5,-27.5,158,140
1930-03-02,DTV,Excelsior,3,3,1888,1841,0.554,0.118,0.328,3,2,-7.9,8.0,124,124
1930-03-02,DWS,Sperwers,1,2,1186,1531,0.112,0.069,0.819,1,5,35.3,-21.8,191,154
1930-03-02,HBS (H),OSCR,3,5,1609,1762,0.280,0.113,0.608,2,3,-7.6,8.3,141,150
1930-03-02,HKC (He),DOS (E),0,2,1523,1785,0.171,0.087,0.742,2,4,4.6,-4.0,154,146
1930-03-02,HKV,Deetos,1,1,1851,2073,0.206,0.101,0.693,1,3,19.2,-22.7,133,144
1930-03-02,KVTO,Algemeene,7,2,1545,1146,0.901,0.041,0.058,6,1,6.4,-6.4,206,205
1930-03-02,KZ,DDV,5,3,1859,1840,0.513,0.122,0.365,3,2,13.0,-13.1,129,129
1930-03-02,Kadimah,Rapid (A),2,3,1400,1351,0.562,0.110,0.329,4,3,-43.7,42.9,245,243
1930-03-02,Nic,WK,2,3,1757,1919,0.270,0.111,0.620,2,3,5.0,-4.5,189,182
1930-03-02,Olympia (A)²,Deska,1,1,1595,1763,0.266,0.103,0.630,3,4,19.3,-21.0,164,171
1930-03-02,Olympiaan,Vitesse (Haag),0,1,1514,1519,0.481,0.120,0.399,4,3,-16.7,20.3,157,174
1930-03-02,ReadyTekca,Haarlem,4,0,1789,1609,0.724,0.094,0.181,4,1,15.4,-15.9,152,155
1930-03-02,Rigtersbleek,AKC (Al),0,2,1629,1700,0.388,0.120,0.492,2,3,-18.2,18.4,149,149
1930-03-02,Rozenburg,Zuiden (R),2,0,1670,2084,0.077,0.053,0.870,1,5,53.2,-52.4,131,131
1930-03-02,SVK,ASVA,6,0,1704,1381,0.854,0.060,0.086,5,1,16.5,-22.2,176,213
1930-03-02,Samen Een,Rood Wit,1,5,1399,1626,0.204,0.091,0.705,2,5,-44.5,42.8,274,266
1930-03-02,Spangen,Quick (D),1,1,1490,1409,0.602,0.114,0.284,3,2,-16.4,19.9,164,180
1930-03-02,Sparta (A)²,KCN,3,5,1517,1747,0.200,0.095,0.706,2,4,-1.1,1.8,220,201
1930-03-02,Victoria (A),Blauw Wit,1,6,1537,1892,0.105,0.068,0.828,1,4,-10.8,10.7,151,151
1930-03-02,Volharding (A),Rohda (A),3,5,1664,1718,0.408,0.127,0.465,1,2,-26.4,22.5,169,154
1930-03-02,WIK (N),BKC (Be),0,5,1447,1782,0.121,0.063,0.816,3,6,-36.3,32.7,292,267
1930-03-02,WWMD,Leeuwarden,6,2,1477,1566,0.363,0.118,0.518,2,3,95.7,-71.1,241,205
1930-03-02,ZKV (Za),DEV,2,1,1638,1662,0.454,0.121,0.425,4,3,10.5,-9.7,147,140
1930-03-02,Zuiden (R),Fluks,5,1,2080,1809,0.816,0.068,0.116,5,2,4.1,-4.0,135,133
1930-03-02,Zwaluwen (H),Baerne,2,2,1565,1530,0.539,0.118,0.343,3,2,-8.2,9.9,142,156
1930-03-09,AKC (Al),DOS (E),0,2,1718,1781,0.402,0.115,0.483,3,4,-17.0,17.0,142,142
1930-03-09,AW,KVD,2,3,1776,1871,0.352,0.126,0.522,1,2,-4.5,3.9,141,131
1930-03-09,Amstelodamum,Advendo,1,2,1605,1719,0.325,0.126,0.549,1,2,-2.5,2.5,145,145
1930-03-09,Amsterdam Zuid,Victoria (A),10,0,1651,1526,0.660,0.102,0.238,4,2,57.4,-30.1,214,148
1930-03-09,Animo²,Kwiek,3,6,1418,1602,0.239,0.124,0.638,0,1,-16.4,20.4,142,161
1930-03-09,BKC (Be),WIK (N),9,0,1815,1411,0.904,0.039,0.057,7,2,27.7,-30.4,244,260
1930-03-09,Concordia²,Blauw Wit,2,2,1548,1903,0.106,0.066,0.829,1,5,33.8,-36.6,143,148
1930-03-09,DOS (N),Excelsior (K),1,3,1066,1220,0.299,0.071,0.630,9,12,-2.5,1.4,175,249
1930-03-09,DVD²,Sportief,7,1,1866,1834,0.535,0.116,0.350,4,3,31.7,-38.0,134,148
1930-03-09,EKCA,Noviomagum,4,3,1671,1690,0.461,0.123,0.416,3,2,10.9,-9.3,154,141
1930-03-09,Friso (L),Sparta (Ze),3,3,1714,1637,0.597,0.112,0.291,3,2,-21.5,18.3,198,184
1930-03-09,HBS (G),DETO (M),1,6,1495,1410,0.611,0.107,0.282,4,3,-150.6,118.4,288,253
1930-03-09,HKC (He),Achilles (A),3,1,1528,1496,0.537,0.112,0.351,4,3,13.4,-15.0,149,158
1930-03-09,Hercules,Bilthoven,6,3,1940,1761,0.725,0.092,0.184,4,2,4.9,-6.3,122,146
1930-03-09,LUTO (U),DSV,5,0,1371,1525,0.285,0.101,0.614,3,5,62.6,-85.4,161,189
1930-03-09,Leeuwarden,Wees Kwiek,6,1,1495,1401,0.622,0.106,0.272,4,2,40.2,-48.0,188,209
1930-03-09,Naas²,Oranje Zwart,24,0,1841,1277,0.958,0.020,0.022,7,0,5.5,-5.8,156,163
1930-03-09,OSCR,Die Haghe,1,1,1771,1640,0.666,0.105,0.229,3,2,-19.7,18.1,143,137
1930-03-09,Olympia '22,SDL (E),2,0,1144,947,0.747,0.083,0.170,5,2,-9.2,3.6,228,176
1930-03-09,Olympia (B),Haarlem,8,2,1876,1593,0.824,0.069,0.107,4,1,10.5,-13.7,128,149
1930-03-09,Oosten,TCNH,2,3,1384,1248,0.674,0.103,0.223,4,2,-66.4,74.1,252,266
1930-03-09,Quick (D),TOV (D),2,2,1429,1508,0.378,0.117,0.505,2,3,7.0,-6.5,167,161
1930-03-09,Rapid (A),Kadimah,3,2,1394,1357,0.544,0.112,0.344,4,3,5.3,-5.4,216,217
1930-03-09,Ready (H),ALO,0,4,1549,1626,0.378,0.125,0.497,1,2,-32.2,36.8,143,154
1930-03-09,Rood Wit (H),Vitesse (Haag),1,2,1656,1540,0.650,0.104,0.246,4,2,-36.5,34.9,165,161
1930-03-09,Rood Zwart,Nic,2,4,1781,1762,0.518,0.115,0.367,4,3,-44.6,36.3,195,175
1930-03-09,Sport,Volharding (A),1,4,1632,1638,0.475,0.127,0.397,3,2,-42.9,40.1,163,157
1930-03-09,Swift,LUTO,7,0,1954,1710,0.789,0.081,0.130,4,1,12.9,-17.7,122,145
1930-03-09,Trekvogels (R),Regenboog,2,6,1678,1846,0.267,0.100,0.632,3,5,-32.0,34.4,192,201
1930-03-09,Velox,HSV,11,1,1814,1795,0.515,0.122,0.364,3,2,36.8,-38.0,135,138
1930-03-09,Vitesse (Leiden),DDV,1,1,1921,1827,0.620,0.109,0.272,4,2,-15.1,12.2,139,126
1930-03-09,WK,Voorwaarts (M),6,2,1915,1797,0.654,0.100,0.245,4,2,24.6,-29.2,170,188
1930-03-09,Westerkwartier,ReadyTekca,6,1,1963,1805,0.700,0.099,0.201,4,1,15.1,-20.9,122,146
1930-03-09,Wilskracht (B),Excelsa,5,4,1426,1620,0.234,0.107,0.659,1,3,45.9,-45.2,188,186
1930-03-09,Wilskracht,Rapiditas,2,2,1298,1542,0.186,0.094,0.720,1,4,32.7,-32.6,176,176
1930-03-09,ZKC (Zu),'t Overschotje,4,2,1718,1600,0.650,0.106,0.244,4,2,4.0,-3.9,143,141
1930-03-09,ZKV (Za),Oosterpark,2,0,1649,1489,0.704,0.095,0.201,4,2,-0.4,1.0,140,157
1930-03-16,Blauw Wit,RODA (W),6,0,1869,1772,0.628,0.100,0.272,5,3,27.4,-52.5,145,210
1930-03-16,District V,TCNH,5,1,1661,1324,0.863,0.057,0.080,5,1,8.1,-8.3,208,234
1930-03-16,Haarlem,KVKV,2,2,1582,1764,0.248,0.107,0.645,2,4,17.2,-23.6,146,169
1930-03-16,Rozenburg,ALO,10,1,1726,1665,0.573,0.118,0.309,3,2,31.7,-36.9,134,146
1930-03-16,Sportief,Volharding (A),3,0,1799,1681,0.647,0.113,0.240,3,1,13.8,-15.2,140,148
1930-03-16,Velox,Zuiden (R),0,7,1853,2034,0.252,0.103,0.646,2,4,-24.2,25.2,130,133
1930-03-16,Westerkwartier,Olympia (B),4,2,1980,1889,0.617,0.109,0.274,4,2,4.7,-5.1,121,127
1930-03-23,Achilles (A),Naas²,2,7,1483,1849,0.107,0.048,0.845,5,10,-2.9,2.9,152,159
1930-03-23,Baerne,Concordia²,3,0,1543,1584,0.428,0.124,0.448,2,3,35.1,-31.1,153,143
1930-03-23,DED,Animo²,5,0,1601,1404,0.735,0.105,0.160,2,-1,20.2,-18.3,148,140
1930-03-23,DEV,KVD,2,5,1655,1877,0.208,0.097,0.696,2,4,-8.2,7.3,140,130
1930-03-23,DKC (De),ALO,4,3,1706,1628,0.598,0.113,0.289,3,2,-2.5,1.8,153,139
1930-03-23,DOS (E),EKCA,1,0,1801,1684,0.648,0.107,0.245,3,2,-5.8,6.8,139,148
1930-03-23,DSV,LUTO (U),0,5,1442,1436,0.502,0.110,0.388,5,4,-62.4,49.4,176,155
1930-03-23,Deska,Rohda (A),2,4,1744,1743,0.488,0.124,0.388,3,2,-33.6,28.6,165,152
1930-03-23,Eendracht,KVKV,7,0,1831,1740,0.615,0.109,0.275,4,2,32.7,-37.3,148,159
1930-03-23,Fortuna (A),Wilskracht (B),2,4,1449,1474,0.449,0.129,0.422,3,2,-30.7,33.5,168,177
1930-03-23,Friso (L),Rood Zwart,4,2,1694,1739,0.425,0.121,0.454,2,3,33.5,-32.2,183,180
1930-03-23,KIOL,WWMD,1,9,1427,1575,0.287,0.112,0.601,2,3,-54.1,64.0,195,214
1930-03-23,Kinea (H),Hermes (G),0,1,989,1109,0.326,0.107,0.567,3,5,-1.4,3.0,350,175
1930-03-23,Quick (Z),DOS (N),10,1,1318,1066,0.813,0.049,0.139,13,8,21.0,-19.8,174,168
1930-03-23,Sparta (Ze),HBS (B),1,2,1657,1584,0.600,0.098,0.302,6,4,-21.6,85.0,173,350
1930-03-23,Sportief,Haarlem,2,0,1813,1599,0.758,0.090,0.152,3,1,-3.8,4.1,136,140
1930-03-23,UNA (L),UDI (T),1,1,1413,1461,0.420,0.120,0.460,2,3,3.1,-3.2,233,239
1930-03-23,VIOS (Ki),UNI (S),13,0,1041,959,0.604,0.111,0.285,4,2,128.8,-41.5,350,175
1930-03-23,VOP,KIOL (Z),1,6,1034,1211,0.259,0.096,0.645,3,5,-51.5,37.4,234,193
1930-03-23,Velocitas (A),Volharding (A),0,14,1528,1665,0.325,0.061,0.614,11,14,-45.8,33.0,170,142
1930-03-23,Victoria (A),RODA (W),3,1,1499,1720,0.206,0.102,0.692,1,3,43.4,-72.5,146,188
1930-03-23,Vitesse (Leiden),Velox,3,1,1908,1829,0.600,0.109,0.290,4,2,7.0,-6.2,137,127
1930-03-23,Voordaan,Wilskracht (B),5,0,1355,1508,0.284,0.109,0.608,2,4,88.0,-64.3,190,161
1930-03-23,WIK (N),Samen Een,1,10,1383,1357,0.529,0.113,0.359,4,3,-118.7,117.5,246,245
1930-03-23,WK,Nic,3,0,1942,1801,0.680,0.101,0.218,4,2,13.4,-13.7,163,166
1930-03-23,Wartburgia,KVO,0,3,1175,1532,0.102,0.071,0.827,0,4,-3.1,0.2,175,246
1930-03-30,Achilles (A),Ons Clubje,2,1,1485,1582,0.352,0.120,0.528,2,3,20.1,-22.3,149,157
1930-03-30,Amersfoort,AW,0,3,1630,1778,0.278,0.132,0.590,0,1,-25.1,19.8,161,141
1930-03-30,Avanti²,Blauw Wit,3,2,1790,1901,0.337,0.112,0.551,3,4,22.6,-19.9,153,143
1930-03-30,DVD²,Bilthoven,3,2,1904,1761,0.687,0.093,0.220,5,3,-9.0,10.7,135,146
1930-03-30,Deska,Volharding (A),4,3,1659,1703,0.421,0.129,0.449,1,2,13.8,-12.2,146,137
1930-03-30,EKCA,DOS (E),1,3,1696,1799,0.342,0.121,0.537,2,3,-13.5,12.3,142,134
1930-03-30,Fortuna,RCU,7,5,1381,1503,0.325,0.106,0.570,4,5,48.1,-45.7,192,187
1930-03-30,Hercules (NP),VIOS (Ki),1,0,1245,1175,0.590,0.110,0.300,4,3,1.3,-3.8,350,269
1930-03-30,LUTO,DEV,2,1,1699,1651,0.553,0.121,0.326,3,2,1.8,-1.7,147,136
1930-03-30,Nic,Friso (L),1,1,1791,1732,0.570,0.118,0.311,3,2,-12.6,14.7,157,169
1930-03-30,Noordster,HBS (B),3,4,1267,1673,0.084,0.046,0.870,3,8,29.5,-80.0,175,268
1930-03-30,Osno,Baerne,2,3,1575,1582,0.481,0.116,0.403,4,3,-17.0,14.2,158,144
1930-03-30,ReadyTekca,KVKV,2,2,1791,1707,0.606,0.110,0.283,4,2,-14.6,15.4,146,151
1930-03-30,Rozenburg,OSCR,1,3,1762,1758,0.494,0.120,0.386,4,3,-23.0,26.5,133,143
1930-03-30,SVB,District V,5,1,1419,1673,0.178,0.090,0.732,2,4,108.0,-104.0,204,200
1930-03-30,SVK,Avanti²,2,1,1728,1812,0.370,0.121,0.510,2,3,24.5,-21.4,177,165
1930-03-30,Sparta (Ze),WK,1,7,1640,1960,0.128,0.075,0.798,1,4,-19.7,17.4,167,155
1930-03-30,Sport,Insulinde,0,1,1595,1665,0.392,0.115,0.493,3,4,-7.6,9.0,158,173
1930-03-30,Thor (M),OJD,6,0,1588,1319,0.817,0.064,0.118,6,2,21.1,-23.0,188,199
1930-03-30,Trekvogels (R),Vreewijk,3,0,1652,1595,0.572,0.111,0.317,4,3,27.5,-33.2,182,203
1930-03-30,UDI (T),KIOL,4,0,1462,1377,0.607,0.112,0.280,3,2,43.8,-33.5,211,180
1930-03-30,UNA (L),WWMD,2,4,1420,1644,0.207,0.096,0.698,2,4,-1.6,2.0,207,193
1930-03-30,Voorwaarts (M),Rood Zwart,5,2,1774,1711,0.583,0.105,0.312,5,3,24.3,-21.5,178,166
1930-03-30,Wilskracht (B),Deska,3,1,1448,1715,0.164,0.092,0.744,1,3,55.7,-56.5,153,154
1930-03-30,ZKV (Za),KVD,0,1,1655,1889,0.197,0.094,0.709,2,4,12.0,-9.5,141,127
1930-04-06,Avanti²,Haarlem,4,2,1814,1609,0.751,0.090,0.159,3,1,-4.0,3.6,145,140
1930-04-06,Blauw Wit,Advendo,2,2,1882,1729,0.695,0.097,0.208,4,2,-20.2,23.3,137,147
1930-04-06,DDV,Hercules,3,8,1847,1952,0.341,0.120,0.539,2,3,-28.7,28.0,132,130
1930-04-06,DKC (De),OSCR,2,2,1709,1785,0.381,0.119,0.499,2,3,5.5,-4.7,148,137
1930-04-06,DOS (E),Zuiden (R),1,4,1812,2065,0.180,0.089,0.731,2,4,-4.6,4.9,130,135
1930-04-06,DVD²,ZKV (Za),12,0,1896,1668,0.778,0.077,0.145,5,2,17.0,-18.3,132,137
1930-04-06,DWS,Spangen,0,2,1230,1482,0.176,0.097,0.727,1,3,1.6,-0.4,189,165
1930-04-06,Eendracht,Sportief,3,1,1869,1814,0.562,0.122,0.315,2,1,12.2,-11.0,145,136
1930-04-06,GKV,Sperwers,5,1,1899,1517,0.891,0.047,0.062,5,1,-0.9,-0.6,196,160
1930-04-06,KIOL,UDI (T),1,1,1345,1507,0.270,0.112,0.618,2,3,18.4,-23.8,168,190
1930-04-06,Olympia (B),Westerkwartier,6,4,1889,1991,0.346,0.119,0.535,2,3,25.8,-24.0,130,125
1930-04-06,Oosten,KVTO,1,3,1326,1559,0.197,0.093,0.710,2,4,-0.2,1.3,230,206
1930-04-06,Quick (Z),Blauw Wit (K)²,1,7,1344,988,0.883,0.040,0.077,10,4,-89.1,246.1,169,270
1930-04-06,Ter Gouw,Trekvogels (R),2,2,1637,1681,0.426,0.119,0.455,2,3,2.2,-1.4,210,169
1930-04-06,UNI (S),Hercules (NP),3,9,923,1247,0.125,0.074,0.801,1,4,-21.8,47.4,171,282
1930-04-06,Volharding (A),AW,1,1,1692,1799,0.331,0.133,0.536,1,2,7.9,-8.4,132,136
1930-04-13,Actief,Baerne,3,2,1696,1597,0.631,0.101,0.268,5,3,-6.9,4.8,163,141
1930-04-13,Advendo,Blauw Wit,2,6,1752,1861,0.337,0.117,0.547,2,3,-27.2,24.4,142,134
1930-04-13,Amersfoort,Oosterpark,5,0,1605,1497,0.635,0.115,0.250,3,1,29.4,-31.5,154,160
1930-04-13,District V,Amsterdam Zuid,2,4,1570,1715,0.295,0.104,0.601,3,5,-11.9,13.0,189,200
1930-04-13,Excelsior (K),DOS (N),4,1,1229,1051,0.740,0.062,0.198,12,8,-3.4,0.1,222,166
1930-04-13,Fortuna (A),Excelsa,0,4,1423,1582,0.274,0.114,0.612,2,3,-28.3,34.5,162,182
1930-04-13,Haarlem,Avanti²,2,4,1612,1809,0.229,0.107,0.663,1,3,-3.2,3.3,136,141
1930-04-13,Naas²,Rigtersbleek,9,1,1857,1618,0.795,0.062,0.143,8,4,20.4,-19.2,160,154
1930-04-13,Nic,Sparta (Ze),3,1,1779,1621,0.701,0.096,0.203,4,2,0.0,0.3,151,163
1930-04-13,Onder Ons,Rapiditas,4,0,1685,1516,0.716,0.088,0.195,5,2,15.6,-18.4,158,175
1930-04-13,Quick (T),EMO,3,3,1418,1354,0.584,0.107,0.309,4,3,-20.8,14.7,206,175
1930-04-13,Rozenburg,DKC (De),0,4,1739,1714,0.524,0.118,0.358,4,3,-37.7,43.1,131,141
1930-04-13,SDL (E),Olympia '22,0,2,957,1141,0.248,0.102,0.650,2,4,-6.6,7.9,177,214
1930-04-13,TCNH,KVTO,1,6,1320,1560,0.192,0.091,0.717,2,4,-39.8,30.7,225,191
1930-04-13,UDI (T),Leeuwarden,2,2,1482,1542,0.402,0.122,0.475,2,3,4.1,-4.5,175,183
1930-04-13,Volt,NEO,8,2,1683,1487,0.750,0.076,0.173,6,3,34.9,-34.3,212,210
1930-04-13,Voorwaarts (M),Friso (L),5,2,1799,1747,0.563,0.114,0.324,4,3,25.5,-23.5,168,160
1930-04-13,WIK (N),Rood Wit,3,6,1269,1677,0.080,0.054,0.866,1,5,5.9,-9.3,220,245
1930-04-13,WK,Westerkwartier,1,4,1978,1966,0.503,0.124,0.373,3,2,-42.0,27.2,153,122
1930-04-13,Wilskracht (B),Thor (M),4,0,1504,1610,0.342,0.115,0.543,2,3,47.0,-67.1,150,181
1930-04-20,DOS (D),HDS (O),0,2,1446,1570,0.315,0.118,0.566,2,3,-14.3,20.0,163,200
1930-04-20,HBS (B),UNI (S),6,1,1592,899,0.979,0.011,0.010,8,0,-17.2,5.7,248,168
1930-04-20,HDS (O),DOS (D),2,0,1556,1456,0.626,0.111,0.263,3,2,14.4,-10.2,228,175
1930-04-20,Kinea (H),Hermes (G),0,1,991,1115,0.320,0.108,0.572,3,4,-0.3,1.8,271,175
1930-04-20,Noordster,VIOS (Ki),3,5,1296,1170,0.667,0.092,0.240,5,3,-46.7,90.6,175,244
1930-04-20,SSS (H),Renesse Vooruit,10,0,1407,1169,0.785,0.078,0.137,4,1,40.4,-28.0,218,175
1930-04-20,Zwaluwen (E),SSS (H),10,0,1330,1447,0.330,0.110,0.560,3,4,115.6,-91.0,227,199
1930-04-21,AW,Oosterpark,5,2,1790,1465,0.853,0.064,0.084,3,0,-2.2,3.4,134,152
1930-04-21,Achilles (A),Oranje Zwart,4,0,1505,1278,0.774,0.082,0.144,4,1,10.4,-13.5,147,174
1930-04-21,Haarlem,Blauw Wit,1,0,1608,1885,0.159,0.083,0.758,2,4,34.9,-33.2,133,130
1930-04-21,ONA,Volt,2,6,1379,1718,0.119,0.061,0.820,3,7,-8.6,8.0,231,196
1930-04-21,Oranje Zwart,Achilles (A),2,6,1265,1516,0.180,0.093,0.728,1,4,-16.8,13.1,164,141
1930-04-21,Quick (T),Tekace,3,4,1397,1336,0.580,0.105,0.315,5,3,-30.9,40.8,187,215
1930-04-21,Westerkwartier,WK,3,1,1993,1935,0.568,0.119,0.313,3,2,8.2,-11.4,120,145
1930-04-27,AW,Amersfoort,5,0,1788,1634,0.686,0.115,0.199,2,0,20.0,-24.7,133,150
1930-04-27,Actief,Blauw Wit,0,7,1689,1852,0.274,0.101,0.625,3,5,-35.1,24.1,156,127
1930-04-27,DKC (De),Ready (H),8,2,1757,1524,0.781,0.080,0.140,4,1,15.3,-18.4,138,153
1930-04-27,Eendracht,BEP,6,1,1880,1634,0.794,0.074,0.132,5,2,12.2,-16.1,144,171
1930-04-27,Excelsa,Fortuna (A),5,2,1616,1395,0.767,0.085,0.147,4,1,5.5,-5.1,171,156
1930-04-27,Excelsior,DVD²,3,4,1857,1912,0.412,0.114,0.474,3,4,-7.9,7.3,141,135
1930-04-27,Friso (A),VZK,1,2,1359,1434,0.383,0.119,0.498,2,3,-25.7,23.0,350,322
1930-04-27,Haarlem,Advendo,1,2,1643,1724,0.369,0.130,0.502,1,2,-5.5,6.1,130,138
1930-04-27,Hercules (NP),Noordster,4,3,1294,1250,0.557,0.104,0.339,5,4,2.2,-2.2,251,166
1930-04-27,Hermes (B),Kinea (K),1,4,1435,1528,0.359,0.119,0.522,2,3,-70.1,55.2,296,255
1930-04-27,Kraaien²,Regenboog,9,11,1478,1887,0.081,0.049,0.870,2,7,30.4,-24.5,214,196
1930-04-27,Leeuwarden,UNA (L),5,2,1538,1419,0.654,0.102,0.244,4,2,16.8,-20.8,171,196
1930-04-27,Ons Clubje,AKC (Al),1,5,1560,1708,0.284,0.118,0.598,1,3,-28.1,26.9,156,152
1930-04-27,Oranje Zwart,Naas²,2,12,1248,1877,0.024,0.018,0.959,2,9,-4.6,4.6,156,157
1930-04-27,PSV,EMO,3,1,1452,1368,0.610,0.104,0.287,5,3,14.3,-9.3,229,167
1930-04-27,Quick (Z),Excelsior (K),6,2,1254,1225,0.549,0.081,0.370,10,9,26.5,-36.2,170,203
1930-04-27,RODA (W),Sport,8,0,1652,1588,0.579,0.116,0.306,3,2,52.8,-39.8,183,157
1930-04-27,Rood Zwart,Voorwaarts (M),4,0,1690,1824,0.309,0.106,0.586,3,5,58.6,-55.8,164,160
1930-04-27,SVB,District V,2,1,1527,1557,0.445,0.123,0.433,4,3,17.9,-15.0,195,177
1930-04-27,Samen Een,BKC (Be),4,0,1479,1849,0.100,0.056,0.844,2,7,135.3,-159.4,223,241
1930-04-27,Swift,KVD,0,1,1973,1879,0.619,0.112,0.269,3,2,-26.0,24.2,138,134
1930-04-27,Tekace,NEO,0,5,1377,1452,0.389,0.107,0.504,4,5,-54.0,55.8,193,196
1930-04-27,VIOS (Ki),HBS (B),1,0,1261,1576,0.133,0.071,0.796,2,5,70.7,-94.3,214,245
1930-04-27,Volt,Quick (T),3,0,1726,1366,0.881,0.046,0.073,7,2,-13.4,11.0,186,173
1930-04-27,Vreewijk,Ter Gouw,3,2,1562,1638,0.384,0.114,0.501,3,4,24.2,-24.5,191,192
1930-04-27,WWMD,KIOL,5,4,1646,1362,0.825,0.068,0.107,4,1,-33.9,25.2,187,164
1930-04-27,Zuiden (R),DOS (E),9,1,2069,1807,0.808,0.072,0.121,5,1,15.4,-14.5,138,133
1930-05-04,Amsterdam Zuid,SVB,7,0,1728,1546,0.734,0.081,0.184,6,3,33.7,-30.9,187,178
1930-05-04,Avanti²,Advendo,3,3,1813,1731,0.602,0.116,0.282,3,2,-14.1,12.4,142,133
1930-05-04,BEP,Haarlem,3,2,1618,1638,0.462,0.118,0.419,4,3,11.6,-7.2,163,126
1930-05-04,BKC (Be),Rood Wit,2,2,1690,1667,0.527,0.108,0.365,5,4,-12.1,13.1,223,232
1930-05-04,DVD²,Vitesse (Leiden),5,2,1920,1919,0.495,0.110,0.395,5,4,20.2,-24.8,130,145
1930-05-04,Dowocs,KIA,11,1,1337,1370,0.449,0.109,0.442,5,4,55.4,-145.2,175,304
1930-05-04,Driemaal Vier,Moedig Voorwaarts,1,4,1409,1459,0.423,0.111,0.465,3,4,-77.4,80.6,303,311
1930-05-04,Excelsior,Eendracht,4,2,1849,1892,0.427,0.121,0.452,2,3,20.6,-22.2,135,141
1930-05-04,HSV,DKC (De),2,1,1764,1773,0.477,0.121,0.403,4,3,8.9,-7.3,151,135
1930-05-04,Hercules,Sportief,1,1,1980,1803,0.721,0.095,0.184,4,1,-22.1,23.9,135,140
1930-05-04,Hermes (G),Kinea (H),3,1,1118,992,0.667,0.097,0.237,5,3,4.3,-4.6,168,229
1930-05-04,Leeuwarden,WWMD,3,1,1555,1612,0.409,0.117,0.474,2,3,28.4,-34.0,162,178
1930-05-04,NEO,ONA,5,2,1508,1370,0.684,0.088,0.229,6,4,12.2,-15.6,179,215
1930-05-04,Nic,Voorwaarts (M),1,1,1779,1768,0.507,0.114,0.379,4,3,-6.0,6.0,151,151
1930-05-04,Olympia (Z),DOS (D),1,1,1480,1433,0.556,0.116,0.328,3,2,-20.5,9.6,225,157
1930-05-04,Oosterpark,AW,0,6,1469,1808,0.113,0.075,0.812,0,4,-15.6,11.9,152,130
1930-05-04,PSV,Volt,2,1,1466,1713,0.189,0.082,0.729,3,6,59.5,-47.1,202,180
1930-05-04,Quick (D),DWS,4,2,1443,1231,0.759,0.086,0.154,4,1,-5.1,6.2,172,183
1930-05-04,Samen Een,WIK (N),10,2,1614,1275,0.868,0.051,0.081,6,2,24.6,-25.2,210,213
1930-05-04,Sparta (Ze),Rood Zwart,4,1,1621,1749,0.316,0.109,0.575,3,4,48.4,-45.0,160,154
1930-05-04,Swastika,Dubbel Zes²,0,5,1542,1600,0.414,0.107,0.479,4,5,-41.4,131.2,175,346
1930-05-04,TOP (As),Annen,3,1,1459,1509,0.425,0.108,0.467,4,5,29.2,-29.2,175,175
1930-05-04,Tekace,EMO,5,1,1324,1360,0.443,0.110,0.447,3,4,49.0,-40.1,177,158
1930-05-04,UDI (T),Wees Kwiek,4,2,1487,1360,0.663,0.103,0.234,4,2,5.2,-6.0,167,203
1930-05-04,UNA (L),KIOL,7,1,1398,1388,0.506,0.116,0.378,4,3,55.7,-44.4,180,159
1930-05-04,UNI (S),VIOS (Ki),2,13,906,1332,0.072,0.050,0.877,1,5,-17.0,22.2,171,201
1930-05-04,ZKC '19,DDK (A),3,2,1344,1273,0.595,0.103,0.302,5,3,0.7,-2.5,350,305
1930-05-04,Zuiden (R),Westerkwartier,4,2,2084,2001,0.607,0.109,0.284,4,2,6.3,-5.2,136,121
1930-05-11,Annen,Swastika,3,0,1480,1502,0.464,0.110,0.427,5,4,32.1,-34.1,163,168
1930-05-11,Avanti²,BEP,2,1,1799,1630,0.716,0.090,0.194,5,2,-11.1,14.2,136,152
1930-05-11,BKC²,EMO,2,4,1319,1320,0.491,0.114,0.395,4,3,-50.0,24.3,220,150
1930-05-11,Blauw Wit (K)²,Quick (Z),13,2,1234,1281,0.435,0.094,0.471,6,7,118.8,-53.1,254,162
1930-05-11,DDK (A),KIA,4,1,1271,1225,0.560,0.106,0.333,5,4,49.2,-42.9,266,243
1930-05-11,HDS (O),Excelsior (Z),3,1,1592,1558,0.536,0.119,0.345,3,2,20.7,-28.2,186,224
1930-05-11,Hercules (NP),UNI (S),6,0,1297,890,0.904,0.041,0.055,6,1,12.2,-8.8,216,167
1930-05-11,Moedig Voorwaarts,ZKC '19,2,0,1540,1345,0.745,0.083,0.172,5,2,-2.0,4.4,263,287
1930-05-11,Oranje Zwart,Laaresch,3,2,1244,1524,0.157,0.083,0.760,2,4,38.2,-98.6,158,249
1930-05-11,Quick (T),PSV,0,8,1378,1526,0.292,0.105,0.604,3,4,-43.8,51.1,171,187
1930-05-11,Rapiditas,Ons Clubje,1,4,1498,1532,0.434,0.134,0.432,2,1,-44.2,34.4,172,150
1930-05-11,Renesse Vooruit,Zwaluwen (E),1,4,1143,1448,0.140,0.074,0.786,2,5,-2.5,1.7,172,205
1930-05-11,Rohda (A),Velocitas (A),10,0,1777,1487,0.848,0.036,0.117,16,9,13.3,-15.1,159,173
1930-05-11,Rood Wit,BKC (Be),6,2,1681,1679,0.497,0.111,0.392,5,4,53.5,-51.2,206,201
1930-05-11,SVK,Sportief,2,3,1753,1827,0.382,0.126,0.492,1,2,-9.9,6.4,175,136
1930-05-11,UDI (T),WWMD,4,2,1492,1579,0.366,0.121,0.513,2,3,33.2,-35.3,159,164
1930-05-11,VIOS (M),Zeelandia,0,4,1534,1591,0.406,0.125,0.470,1,2,-65.0,60.7,215,207
1930-05-11,Volt,Tekace,6,2,1666,1373,0.837,0.058,0.105,7,2,2.6,-2.6,170,163
1930-05-11,Wez Fluch,Sparta (W),1,3,1406,1374,0.536,0.114,0.350,4,3,-65.2,51.7,248,219
1930-05-18,Advendo,Haarlem,3,1,1744,1631,0.641,0.113,0.246,3,1,4.7,-4.4,132,126
1930-05-18,BEP,Blauw Wit,3,5,1645,1877,0.201,0.088,0.711,3,5,2.9,-2.0,146,131
1930-05-18,Blauw Wit (K)²,KIOL (Z),4,1,1444,1220,0.776,0.074,0.150,6,3,1.6,-1.5,175,177
1930-05-18,DKC (De),HSV,5,3,1766,1774,0.478,0.122,0.401,4,3,16.2,-19.0,133,145
1930-05-18,DOS (N),Quick (Z),2,2,1052,1228,0.271,0.074,0.656,8,10,22.1,-18.5,169,155
1930-05-18,DVD²,Eendracht,6,3,1941,1871,0.592,0.105,0.303,4,3,13.4,-15.0,129,137
1930-05-18,Dubbel Zes²,Annen,3,0,1732,1512,0.773,0.074,0.153,6,3,1.7,-3.8,264,153
1930-05-18,ELTO,VIOS (M),5,2,1496,1469,0.526,0.123,0.351,3,2,48.1,-37.5,224,193
1930-05-18,Excelsior (K),Blauw Wit (K)²,1,9,1190,1353,0.282,0.084,0.634,6,8,-45.4,57.5,187,215
1930-05-18,Friso (L),WK,1,2,1725,1925,0.227,0.106,0.666,1,3,9.4,-7.4,161,146
1930-05-18,KIOL (Z),Blauw Wit (K)²,1,5,1254,1411,0.283,0.099,0.618,4,5,-33.5,32.8,194,192
1930-05-18,KLM,Oosten,1,1,1290,1325,0.437,0.125,0.438,1,2,0.1,-0.1,175,217
1930-05-18,Oosterpark,Amersfoort,1,2,1454,1611,0.275,0.116,0.609,1,3,2.9,-2.8,150,149
1930-05-18,Rood Wit,Samen Een,8,1,1735,1640,0.626,0.101,0.273,5,3,45.9,-52.7,186,202
1930-05-18,Rust Roest (Z),Olympia (Z),2,1,1432,1460,0.450,0.121,0.429,4,3,21.8,-16.9,231,200
1930-05-18,Sport,TOGO (A),1,4,1549,1456,0.614,0.118,0.268,2,1,-50.6,77.7,154,192
1930-05-18,Volt,BKC²,6,0,1669,1269,0.902,0.041,0.058,6,1,7.7,-9.4,165,193
1930-05-18,Westerkwartier,Zuiden (R),2,4,1997,2091,0.357,0.117,0.526,2,3,-10.5,12.5,122,134
1930-05-25,Advendo,Avanti²,1,5,1749,1789,0.429,0.128,0.443,1,2,-30.8,34.3,128,136
1930-05-25,Blauw Wit,BEP,5,0,1876,1648,0.779,0.074,0.146,6,2,9.8,-11.6,128,141
1930-05-25,DOS (M),VIOS (M),9,2,1553,1432,0.656,0.105,0.239,4,2,57.5,-40.1,221,178
1930-05-25,Eendracht,Excelsior,4,1,1857,1871,0.468,0.122,0.410,4,3,24.4,-25.6,133,136
1930-05-25,HBS (B),Hercules (NP),3,2,1483,1309,0.723,0.087,0.190,5,2,-23.9,19.4,228,209
1930-05-25,Hermes (B),Volharding (H),4,3,1367,1579,0.216,0.102,0.682,1,3,64.4,-91.0,253,301
1930-05-25,KIA,Dowocs,1,3,1183,1394,0.222,0.091,0.687,3,5,-0.1,1.6,219,171
1930-05-25,KIOL,UNA (L),1,1,1344,1455,0.336,0.114,0.549,3,4,10.1,-12.3,155,171
1930-05-25,Kinea (K),Dio,3,3,1585,1536,0.561,0.110,0.329,4,3,-21.0,11.7,232,175
1930-05-25,Laaresch,Oranje Zwart,0,0,1426,1283,0.684,0.099,0.217,4,2,-43.3,20.3,223,156
1930-05-25,Moedig Voorwaarts,UDI (H),8,0,1539,1429,0.642,0.105,0.254,4,2,68.2,-72.1,238,247
1930-05-25,NEO,Tekace,3,1,1522,1371,0.698,0.087,0.215,6,3,-2.0,1.4,173,161
1930-05-25,ONA,PSV,2,4,1356,1578,0.212,0.087,0.700,3,6,2.0,-0.7,199,174
1930-05-25,Regenboog,Kraaien²,13,0,1864,1510,0.880,0.045,0.076,8,3,21.9,-24.6,194,208
1930-05-25,Velocitas (A),Victoria (A),0,5,1473,1548,0.408,0.068,0.524,11,12,-31.3,28.9,169,162
1930-05-30,Blauw Wit,Avanti²,0,2,1886,1823,0.580,0.110,0.310,4,3,-26.6,28.3,126,130
1930-06-01,BEP,Advendo,4,4,1637,1718,0.374,0.119,0.507,2,3,5.6,-4.5,138,125
1930-06-01,DKC (De),HSV,3,2,1783,1755,0.529,0.118,0.353,3,2,3.1,-3.5,132,141
1930-06-01,DVD²,Excelsior,6,4,1955,1845,0.646,0.098,0.256,5,3,2.5,-2.5,129,131
1930-06-01,Dio,Volharding (H),1,0,1548,1488,0.576,0.110,0.313,4,3,1.3,0.6,165,257
1930-06-01,Excelsior (Z),SSS (H),2,0,1531,1359,0.719,0.092,0.189,4,2,-1.2,0.7,202,193
1930-06-01,HBS (B),Noordster,5,1,1459,1263,0.752,0.075,0.174,7,4,15.7,-11.0,207,160
1930-06-01,ONA,Quick (T),3,0,1358,1335,0.527,0.108,0.364,5,4,31.8,-26.5,183,166
1930-06-01,Olympia (Z),HDS (O),0,4,1444,1613,0.263,0.109,0.629,2,4,-32.8,30.3,185,177
1930-06-01,Oosten (R),Spartaan,0,20,1191,1346,0.280,0.110,0.610,2,4,-43.7,91.8,175,271
1930-06-01,PSV,NEO,4,2,1577,1520,0.577,0.103,0.320,5,4,11.0,-10.8,165,163
1930-06-01,Rapide,Seolto (T),1,1,1378,1363,0.507,0.124,0.369,3,2,-9.6,10.7,210,221
1930-06-01,Sparta (W),Wez Fluch,2,2,1427,1341,0.611,0.107,0.282,4,3,-22.0,26.3,202,220
1930-06-01,Trekvogels (R),Blauw Wit,0,4,1680,1859,0.255,0.102,0.643,2,4,-27.1,14.0,175,121
1930-06-01,UNA (L),Leeuwarden,2,1,1443,1584,0.299,0.108,0.593,3,4,28.0,-28.2,159,160
1930-06-01,UNI (S),Noordster,4,10,882,1249,0.102,0.057,0.841,2,7,-13.7,13.5,169,168
1930-06-01,Volt,EMO,7,1,1677,1345,0.864,0.052,0.084,6,2,10.7,-9.2,165,149
1930-06-01,Wees Kwiek,Hermes (G),6,3,1324,1124,0.751,0.083,0.166,5,2,5.7,-5.5,174,168
1930-06-01,Wees Kwiek,WWMD,2,6,1355,1544,0.242,0.103,0.655,2,4,-30.6,22.4,191,159
1930-06-01,Zeelandia,ELTO,3,0,1652,1545,0.636,0.110,0.254,3,2,24.2,-25.9,192,200
1930-06-01,Zuiden (R),KVD,8,1,2104,1905,0.750,0.083,0.167,5,2,17.4,-19.6,132,141
1930-06-08,Quick (V),DETO (M),6,4,1697,1537,0.703,0.096,0.201,4,2,2.7,-0.7,175,245
1930-06-08,Rust Roest (Z),Excelsior (Z),0,2,1456,1531,0.383,0.120,0.497,2,3,-30.3,25.5,207,187
1930-06-08,UNI (S),HBS (B),2,11,869,1476,0.026,0.023,0.951,1,7,-6.6,8.2,164,191
1930-06-09,Advendo,BEP,3,3,1714,1643,0.591,0.112,0.297,3,2,-9.9,11.8,122,133
1930-06-09,Blauw Wit,Haarlem,8,0,1873,1628,0.794,0.075,0.131,5,1,12.6,-14.7,120,130
1930-06-09,EMO,PSV,0,13,1336,1589,0.182,0.084,0.734,3,5,-24.8,27.3,147,156
1930-06-09,NEO,BKC²,6,3,1509,1261,0.799,0.070,0.131,6,2,0.0,1.8,154,192
1930-06-09,Olympia (B),DVD²,6,4,1916,1958,0.435,0.109,0.456,3,4,22.2,-16.3,148,126
1930-06-09,Tekace,Quick (T),3,2,1373,1309,0.584,0.106,0.310,4,3,-1.4,1.4,156,156
1930-06-09,Volt,ONA,4,0,1688,1390,0.841,0.057,0.102,7,3,1.9,-1.8,161,169
1930-06-15,DOS (D),HDS (O),0,4,1445,1645,0.229,0.104,0.667,2,4,-22.8,24.2,162,168
1930-06-15,DOS (N),Blauw Wit (K)²,0,14,1076,1447,0.103,0.049,0.848,4,9,-19.6,21.2,166,173
1930-06-15,Dio,Hermes (B),0,1,1550,1432,0.653,0.103,0.244,4,2,-30.4,64.5,160,232
1930-06-15,Dubbel Zes²,TOP (As),6,4,1735,1491,0.797,0.068,0.135,6,3,-22.1,9.5,237,174
1930-06-15,EMO,Tekace,2,5,1312,1372,0.408,0.112,0.480,3,4,-25.0,26.8,142,148
1930-06-15,NEO,PSV,2,7,1510,1617,0.346,0.104,0.549,4,5,-32.6,32.3,150,149
1930-06-15,Noordster,UNI (S),4,1,1253,863,0.899,0.040,0.062,7,2,-13.1,14.4,157,163
1930-06-15,ONA,BKC²,4,2,1389,1263,0.666,0.095,0.238,5,3,2.7,-2.7,163,181
1930-06-15,SDO (K)²,VOP,7,0,953,990,0.441,0.113,0.446,3,4,104.6,-88.2,251,227
1930-06-15,SSS (H),Rust Roest (Z),0,1,1360,1426,0.397,0.119,0.484,2,3,-11.1,11.5,183,187
1930-06-15,VIOS (Ki),Hercules (NP),5,1,1357,1330,0.531,0.111,0.358,4,3,48.2,-46.4,202,198
1930-06-15,VZK,Friso (A),2,2,1460,1336,0.661,0.101,0.238,4,2,-41.1,45.0,284,296
1930-06-15,Volharding (H),Kinea (K),5,2,1490,1565,0.385,0.116,0.499,2,3,65.8,-58.8,220,207
1930-06-15,Zuiden (R),Olympia (B),3,2,2123,1939,0.734,0.085,0.181,5,2,-12.5,14.1,133,140
1930-06-22,DOS (D),Renesse Vooruit,10,0,1418,1138,0.822,0.069,0.109,4,1,18.7,-23.6,154,177
1930-06-22,Dio,Kinea (K),1,1,1524,1502,0.524,0.114,0.363,4,3,-6.4,11.1,144,188
1930-06-22,HBS (B),UNI (S),8,0,1480,873,0.967,0.016,0.017,8,1,4.0,-3.4,191,161
1930-06-22,Noordster,VIOS (Ki),5,0,1236,1401,0.274,0.095,0.630,4,6,59.7,-83.0,155,184
1930-06-22,Olympia (Z),SSS (H),2,0,1408,1345,0.578,0.114,0.308,3,2,14.3,-13.4,176,169
1930-06-22,Quick (T),ONA,0,2,1307,1388,0.379,0.112,0.510,3,4,-15.8,16.8,150,155
1930-06-22,Rust Roest (Z),HDS (O),4,0,1433,1665,0.198,0.096,0.706,2,4,82.0,-70.2,172,159
1930-06-22,Seolto (T),Rapide,3,1,1371,1365,0.495,0.126,0.379,3,2,30.3,-28.5,201,194
1930-06-22,Tekace,PSV,2,4,1395,1645,0.186,0.082,0.733,3,6,4.6,-4.7,141,142
1930-06-22,VIOS (M),ELTO,6,4,1389,1516,0.312,0.119,0.570,2,3,44.9,-51.5,175,188
1930-06-22,Volharding (H),Dio,2,2,1552,1516,0.541,0.115,0.343,4,3,-14.4,8.6,197,154
1930-06-29,EMO,BKC²,8,2,1283,1257,0.529,0.114,0.356,4,3,33.6,-49.0,139,171
1930-06-29,Kinea (K),Hermes (B),4,4,1513,1493,0.519,0.118,0.363,4,3,-8.0,11.8,171,207
1930-06-29,Noordster,Hercules (NP),7,0,1296,1280,0.518,0.107,0.375,5,4,39.4,-57.9,148,183
1930-06-29,ONA,NEO,3,3,1405,1473,0.398,0.108,0.494,4,5,4.3,-4.2,147,145
1930-06-29,Olympia (Z),Rust Roest (Z),1,1,1422,1515,0.359,0.119,0.522,2,3,8.7,-8.5,164,162
1930-06-29,PSV,Quick (T),6,0,1640,1291,0.874,0.050,0.076,6,1,7.1,-7.5,138,143
1930-06-29,SSS (H),Excelsior (Z),0,8,1332,1552,0.209,0.099,0.692,2,4,-30.9,37.6,159,177
1930-06-29,Seolto (T),AKC (Aa),4,1,1401,1356,0.552,0.119,0.329,3,2,29.1,-75.2,183,332
1930-06-29,Tekace,Volt,0,1,1400,1687,0.155,0.075,0.771,3,6,15.6,-22.3,137,161
1930-06-29,VIOS (M),DOS (M),3,9,1434,1608,0.259,0.105,0.635,2,4,-34.2,50.9,164,206
1930-06-29,Zwaluwen (E),Renesse Vooruit,1,0,1447,1115,0.863,0.054,0.083,6,1,-46.8,31.0,203,170
1930-07-05,Advendo (O),Brinio,0,6,1018,1331,0.136,0.069,0.795,3,6,-22.4,61.4,175,350
1930-07-05,Brinio,Zwaluwen (He),0,6,1321,1451,0.315,0.103,0.582,4,5,-67.5,47.5,231,188
1930-07-05,Kweek,Korva,1,8,1200,1423,0.212,0.086,0.702,3,6,-33.3,33.3,175,175
1930-07-05,OKC (Ou),Kweek,1,1,1163,1167,0.490,0.107,0.403,5,4,-5.1,4.4,175,163
1930-07-05,VIOS (H),Weest Kwiek,3,1,1418,1401,0.521,0.105,0.374,5,4,18.0,-18.0,175,175
1930-07-05,Weest Kwiek,Brinio,5,2,1383,1392,0.482,0.108,0.410,5,4,26.2,-71.4,160,286
1930-07-05,Zwaluwen (He),Advendo (O),3,2,1499,996,0.942,0.026,0.032,7,1,-48.1,44.9,173,168
1930-07-05,Zwaluwen (He),VIOS (H),3,2,1441,1436,0.503,0.107,0.390,5,4,10.2,-6.4,215,160
1930-07-06,BKC (Br),TSC,0,4,1267,1241,0.528,0.115,0.356,4,3,-54.6,100.0,175,243
1930-07-06,BKC²,Tekace,3,8,1213,1421,0.225,0.093,0.682,3,5,-24.1,17.9,159,134
1930-07-06,DOS (D),Zwaluwen (E),7,0,1442,1406,0.544,0.111,0.345,4,3,39.7,-60.4,153,193
1930-07-06,Rapide,AKC (Aa),8,0,1342,1287,0.564,0.122,0.314,3,2,49.6,-92.3,180,259
1930-07-06,UNA (L),VIOS (Ki),5,3,1473,1323,0.695,0.091,0.213,5,3,-0.3,0.7,160,172
1930-07-06,Zeelandia,VIOS (M),10,3,1679,1405,0.818,0.070,0.113,5,1,24.2,-17.9,186,156
1930-07-08,Advendo (O),VIOS (H),5,3,1046,1391,0.115,0.062,0.823,2,6,71.1,-50.9,165,141
1930-07-08,Kweek,OKC (Ou),1,2,1176,1163,0.515,0.107,0.378,5,4,-17.4,19.5,152,161
1930-07-08,OKC (Ou),Korva,0,2,1182,1462,0.161,0.075,0.763,3,6,7.2,-9.3,149,164
1930-07-08,VIOS (H),Zuidland,0,0,1362,1394,0.448,0.112,0.440,5,4,-0.3,0.5,129,160
1930-07-08,VIOS (H),Zwaluwen (He),0,5,1435,1456,0.464,0.112,0.425,5,4,-44.1,55.2,151,170
1930-07-08,Zuidland,VIOS (H),2,3,1431,1340,0.621,0.101,0.278,5,3,-36.7,22.2,175,136
1930-07-13,Dowocs,Driemaal Vier,3,1,1397,1335,0.585,0.101,0.315,5,4,11.9,-22.0,176,272
1930-07-13,PSV,BKC²,6,1,1652,1188,0.929,0.031,0.040,7,1,-1.1,1.6,140,151
1930-07-13,Sparta (W),Frisia (Dr),3,1,1406,1520,0.333,0.113,0.554,3,4,50.1,-40.5,196,175
1930-07-13,Swastika,TOP (As),3,0,1470,1501,0.452,0.108,0.440,6,5,37.1,-36.7,175,174
1930-07-13,Tekace,ONA,4,5,1438,1414,0.530,0.106,0.364,5,4,-14.9,17.5,131,143
1930-07-20,BKC²,ONA,4,3,1190,1431,0.192,0.086,0.722,3,5,38.4,-31.4,150,136
1930-07-20,Excelsior (Z),Olympia (Z),2,0,1594,1435,0.703,0.096,0.202,4,2,-0.3,-0.1,171,159
1930-07-20,HDS (O),Rust Roest (Z),1,1,1599,1511,0.613,0.110,0.277,4,2,-17.4,16.9,159,157
1930-07-20,Roda (B),Zwaluwen (E),1,0,1367,1345,0.526,0.109,0.365,5,4,8.7,-5.7,248,178
1930-07-20,Volharding (H),Hermes (B),0,8,1542,1509,0.536,0.118,0.347,3,2,-80.1,84.7,184,190
1930-07-27,Annen,Dubbel Zes²,4,0,1510,1714,0.231,0.091,0.678,3,6,66.1,-113.4,171,225
1930-07-27,BKC²,Volt,1,6,1228,1669,0.067,0.046,0.887,1,6,-3.4,3.7,145,162
1930-07-27,DDK (A),UDI (H),2,9,1323,1359,0.441,0.114,0.445,3,4,-100.5,91.3,246,233
1930-07-27,Driemaal Vier,Dowocs,2,2,1313,1409,0.360,0.105,0.534,4,5,15.6,-8.2,230,170
1930-07-27,EMO,ONA,2,13,1321,1400,0.383,0.110,0.507,3,4,-41.6,36.6,142,133
1930-07-27,Frisia (Dr),Wez Fluch,2,2,1479,1369,0.644,0.102,0.254,4,2,-19.3,31.9,166,211
1930-07-27,HDS (O),SSS (H),3,1,1582,1275,0.843,0.063,0.094,5,1,-13.8,13.1,151,148
1930-07-27,Quick (T),NEO,3,10,1288,1474,0.249,0.098,0.653,3,5,-29.8,28.8,149,147
1930-07-27,SSS (H),Olympia (Z),1,5,1305,1435,0.311,0.114,0.575,2,3,-30.3,27.9,159,152
1930-07-27,VIOS (Ki),Noordster,5,2,1323,1339,0.474,0.105,0.421,6,5,32.0,-26.1,167,150
1930-07-27,ZKC '19,Moedig Voorwaarts,3,5,1352,1608,0.179,0.084,0.737,2,5,5.7,-2.0,267,228
1930-07-27,Zeelandia,DOS (M),7,2,1702,1663,0.548,0.111,0.341,4,3,45.7,-50.6,181,192
1930-08-03,DOS (M),ELTO,6,2,1611,1468,0.685,0.096,0.219,4,2,22.9,-24.5,176,184
1930-08-03,Frisia (Dr),Sparta (W),2,2,1459,1456,0.496,0.117,0.387,4,3,-5.1,6.9,158,183
1930-08-03,HDS (O),Olympia (Z),3,1,1567,1462,0.634,0.108,0.257,3,2,5.7,-5.6,148,145
1930-08-03,ONA,Tekace,3,2,1435,1422,0.516,0.105,0.379,5,4,3.3,-3.5,129,133
1930-08-03,UNA (L),HBS (B),2,3,1471,1488,0.472,0.108,0.420,5,4,-14.0,21.1,160,199
1930-08-10,DOS (M),Zeelandia,2,5,1634,1747,0.336,0.110,0.554,3,4,-24.7,26.0,166,171
1930-08-10,ELTO,DOS (M),2,4,1444,1610,0.270,0.104,0.626,3,4,-7.5,6.4,172,153
1930-08-10,Zwaluwen (E),DOS (D),0,4,1338,1480,0.298,0.107,0.595,3,4,-31.2,26.4,172,156
1930-08-17,Hermes (B),Dio,1,1,1593,1521,0.592,0.110,0.299,4,3,-18.7,13.9,181,157
1930-08-17,Rust Roest (Z),SSS (H),0,0,1527,1287,0.788,0.076,0.135,5,1,-35.5,32.4,157,150
1930-08-24,DED,KZ,0,3,1640,1838,0.227,0.112,0.661,1,2,-18.8,17.5,172,164
1930-08-24,DTV,Rood Wit,3,2,1848,1782,0.584,0.111,0.306,4,3,-0.3,1.4,164,200
1930-08-24,Dio,UDI (T),2,1,1535,1527,0.502,0.119,0.379,4,3,6.3,-8.8,149,182
1930-08-24,Excelsior,Rood Zwart,2,3,1833,1681,0.697,0.094,0.209,4,2,-32.8,43.2,146,167
1930-08-24,Excelsior,Vitesse (Leiden),0,1,1843,1897,0.415,0.118,0.467,2,3,-10.0,12.2,156,174
1930-08-24,Hermes (B),Dio,5,0,1574,1542,0.536,0.116,0.347,4,3,42.9,-30.9,167,140
1930-08-24,Hermes (B),UDI (T),2,0,1617,1518,0.627,0.109,0.264,3,2,7.0,-7.8,153,165
1930-08-24,Leeuwarden,DED,0,1,1557,1628,0.386,0.125,0.490,1,2,-10.2,11.6,177,190
1930-08-24,NSF,KZ,2,4,1668,1881,0.214,0.103,0.682,1,3,-7.7,6.8,279,183
1930-08-24,NSF,Swastika,3,1,1660,1506,0.698,0.094,0.208,4,2,0.5,-2.3,236,174
1930-08-24,Renesse Vooruit,DOS (D),0,6,1149,1506,0.105,0.066,0.829,1,5,-18.6,13.9,181,151
1930-08-24,Rood Zwart,Vitesse (Leiden),1,5,1705,1909,0.228,0.097,0.675,2,5,-24.8,19.9,181,159
1930-08-24,Sparta (W),Kinea (K),1,3,1421,1509,0.368,0.115,0.518,3,4,-17.1,20.5,159,177
1930-08-24,Sparta (W),Wez Fluch,0,2,1462,1400,0.580,0.110,0.310,4,3,-41.9,53.9,172,196
1930-08-24,Swastika,KZ,0,0,1504,1888,0.092,0.058,0.851,1,6,43.9,-49.2,163,172
1930-08-24,UNA (L),BKC (Be),3,0,1457,1629,0.265,0.098,0.637,3,5,47.7,-84.3,157,210
1930-08-24,Vitesse (Leiden),WK,1,0,1907,1945,0.434,0.122,0.444,2,3,11.7,-11.9,143,144
1930-08-24,Volharding (H),Frisia (Dr),0,4,1461,1454,0.499,0.120,0.382,4,3,-60.3,45.8,179,155
1930-08-24,WK,DTV,4,0,1919,1890,0.530,0.119,0.351,3,2,39.1,-42.3,172,180
1930-08-24,WK,Rood Wit,6,0,1958,1783,0.722,0.090,0.188,5,2,24.8,-30.7,158,179
1930-08-24,WWMD,BKC (Be),3,0,1581,1545,0.545,0.109,0.346,4,3,24.3,-31.3,162,187
1930-08-24,WWMD,UNA (L),2,0,1567,1505,0.579,0.110,0.310,4,3,13.4,-10.0,177,148
1930-08-24,WWMD,Vitesse (Leiden),2,3,1605,1929,0.126,0.073,0.802,1,5,21.7,-21.3,150,149
1930-08-24,WWMD,WK,0,0,1626,1983,0.106,0.066,0.829,1,5,34.3,-37.2,144,150
1930-08-24,Wez Fluch,Frisia (Dr),4,4,1446,1500,0.414,0.118,0.468,2,3,2.9,-2.3,161,144
1930-08-24,Wez Fluch,Kinea (K),0,1,1454,1529,0.386,0.114,0.500,3,4,-8.3,7.1,177,161
1930-08-31,HBS (B),VIOS (Ki),1,1,1509,1355,0.703,0.086,0.211,6,3,-33.5,26.1,186,165
1930-08-31,Olympia (Z),Excelsior (Z),1,1,1457,1593,0.302,0.114,0.584,2,3,12.2,-17.0,147,173
1930-09-04,AKC (Al),Ons Clubje,1,0,1720,1527,0.738,0.093,0.169,3,1,-17.3,16.4,169,165
1930-09-04,DDV,KVD,1,2,1820,1887,0.394,0.122,0.484,2,3,-10.8,9.8,178,168
1930-09-04,DDV,Olympia (B),1,3,1819,1922,0.345,0.118,0.537,2,3,-14.7,13.0,152,141
1930-09-04,DKC (De),Excelsior,0,2,1772,1805,0.443,0.121,0.436,4,3,-23.7,19.3,149,134
1930-09-04,DKC (De),Ons Eibernest,1,2,1787,1811,0.454,0.121,0.425,4,3,-14.6,20.2,161,191
1930-09-04,DKC (De),Rozenburg,0,5,1763,1768,0.482,0.120,0.398,4,3,-38.2,43.0,131,139
1930-09-04,DKC (De),Velox,2,0,1749,1734,0.510,0.118,0.372,4,3,14.6,-15.0,139,141
1930-09-04,DOS (E),Naas²,1,0,1822,1831,0.490,0.094,0.417,7,6,6.9,-8.6,161,183
1930-09-04,DVD²,DTV,1,3,1964,1880,0.609,0.105,0.285,4,3,-34.9,36.1,143,146
1930-09-04,DVD²,Swift,4,1,1942,1890,0.565,0.112,0.323,4,3,21.5,-18.2,154,140
1930-09-04,Deetos,HKV,3,5,2060,1880,0.723,0.097,0.181,3,1,-77.5,72.6,196,190
1930-09-04,Deetos,Zuiden (R),2,8,1982,2111,0.313,0.111,0.577,3,4,-47.9,33.7,181,149
1930-09-04,Excelsior,Ons Eibernest,3,2,1832,1844,0.468,0.127,0.405,3,2,6.6,-9.5,120,146
1930-09-04,Excelsior,Velox,3,2,1801,1771,0.530,0.120,0.350,3,2,3.7,-4.6,142,164
1930-09-04,Groen Zwart,Olympia '22,0,3,1556,1152,0.904,0.040,0.056,6,1,-310.9,118.6,350,228
1930-09-04,HKC (He),AKC (Al),2,2,1599,1738,0.301,0.112,0.587,2,4,16.5,-18.2,177,185
1930-09-04,HKC (He),DOS (E),2,4,1616,1828,0.216,0.102,0.682,1,4,-2.1,2.1,163,150
1930-09-04,HSV,Bilthoven,1,2,1780,1775,0.494,0.125,0.381,3,2,-17.7,26.6,154,190
1930-09-04,HSV,OSCR,2,0,1753,1782,0.443,0.128,0.430,3,2,27.5,-32.1,166,181
1930-09-04,KZ,DTV,2,4,1856,1848,0.497,0.128,0.375,3,2,-32.8,32.6,157,157
1930-09-04,KZ,Swift,0,5,1823,1872,0.415,0.132,0.453,1,2,-42.8,35.5,146,132
1930-09-04,Naas²,Rigtersbleek,0,0,1884,1602,0.833,0.053,0.114,8,4,-53.6,52.6,195,193
1930-09-04,Olympia (B),KVD,1,3,1957,1896,0.577,0.112,0.311,4,3,-35.7,37.6,151,155
1930-09-04,Ons Clubje,HKC (He),0,2,1569,1551,0.509,0.130,0.361,2,1,-41.4,48.9,180,197
1930-09-04,Quick (D),DIOS²,1,2,1521,1521,0.486,0.126,0.388,3,2,-21.3,21.9,172,175
1930-09-04,Quick (D),Regenboog,0,1,1482,1913,0.072,0.046,0.882,2,6,38.7,-45.6,180,193
1930-09-04,Quick (D),TOV (D),2,0,1440,1511,0.389,0.120,0.492,2,3,42.3,-44.3,199,204
1930-09-04,Regenboog,DIOS²,5,1,1868,1543,0.858,0.055,0.087,6,2,1.6,-2.1,184,160
1930-09-04,Rigtersbleek,DOS (E),0,3,1654,1795,0.294,0.119,0.587,1,3,-28.3,26.5,182,175
1930-09-04,Rozenburg,Excelsior,1,2,1779,1824,0.423,0.125,0.452,1,2,-11.3,8.3,150,127
1930-09-04,Rozenburg,Ons Eibernest,1,0,1760,1831,0.386,0.124,0.490,2,3,19.2,-21.6,162,172
1930-09-04,Rozenburg,Velox,4,1,1704,1830,0.315,0.115,0.570,2,3,56.5,-58.9,176,180
1930-09-04,Spangen,Ter Gouw,2,3,1483,1616,0.306,0.116,0.578,2,3,-1.0,0.9,201,210
1930-09-04,Swift,DDV,2,1,1945,1809,0.671,0.107,0.222,3,1,-9.1,9.3,161,162
1930-09-04,Swift,KVD,0,4,1936,1934,0.489,0.125,0.386,3,2,-45.7,42.3,151,145
1930-09-04,Swift,Olympia (B),1,1,1950,1953,0.484,0.122,0.394,3,2,-5.4,4.6,176,163
1930-09-04,TOV (D),Deetos,5,0,1558,1934,0.095,0.060,0.845,1,5,102.8,-98.5,168,164
1930-09-04,TOV (D),Trekvogels (R),7,0,1467,1632,0.267,0.109,0.624,2,3,91.0,-84.4,183,176
1930-09-04,Trekvogels (R),Deetos,5,0,1548,1836,0.149,0.086,0.765,1,4,88.8,-83.3,162,158
1930-09-04,Trekvogels (R),Regenboog,1,5,1654,1887,0.200,0.087,0.713,3,5,-21.6,25.7,190,213
1930-09-04,Velox,Ons Eibernest,0,3,1767,1810,0.426,0.124,0.450,2,3,-32.2,34.7,151,157
1930-09-04,Zuiden (R),HKV,3,1,2110,1953,0.699,0.099,0.202,4,1,1.1,-0.8,158,176
1930-09-07,Excelsior (Z),HDS (O),2,0,1577,1574,0.490,0.127,0.383,3,2,21.9,-19.8,161,152
1930-09-07,Hercules (NP),HBS (B),0,7,1227,1477,0.184,0.086,0.731,2,5,-34.7,30.5,187,173
1930-09-07,Moedig Voorwaarts,Dowocs,3,1,1607,1401,0.757,0.081,0.163,5,2,-10.6,4.9,219,172
1930-09-07,UNI (S),BVK,3,2,875,1391,0.043,0.035,0.921,0,6,85.1,-77.0,183,175
1930-09-07,ZKC '19,KIA,5,1,1358,1184,0.722,0.088,0.190,5,2,33.0,-29.1,243,223
1930-09-11,AKC (Al),'t Overschotje,1,0,1650,1675,0.454,0.121,0.425,4,3,9.6,-13.2,141,168
1930-09-11,AKC (Al),Hellas,0,2,1684,1632,0.562,0.117,0.321,3,2,-33.6,46.8,150,178
1930-09-11,AKC (Al),Vitesse (Leiden),0,4,1703,1921,0.212,0.099,0.689,2,4,-19.8,15.8,161,141
1930-09-11,Animo²,Ados²,0,0,1394,1429,0.427,0.145,0.428,0,1,0.0,-0.0,191,175
1930-09-11,Blauw Wit,Eendracht,2,1,1888,1883,0.497,0.117,0.386,4,3,7.1,-8.0,154,166
1930-09-11,Blauw Wit,ZKV (Za),1,0,1898,1646,0.798,0.075,0.127,4,1,-17.3,24.5,137,161
1930-09-11,Concordia²,Achilles (H),1,2,1561,1770,0.216,0.109,0.675,1,3,8.9,-15.5,191,235
1930-09-11,DOS (E),Ons Clubje,5,0,1835,1555,0.819,0.075,0.106,3,0,10.3,-11.5,135,144
1930-09-11,DOS (E),ZKC (Zu),3,1,1846,1749,0.622,0.113,0.265,3,2,6.0,-8.4,131,164
1930-09-11,DSV,Achilles (H),0,3,1426,1755,0.122,0.073,0.806,1,5,-2.3,1.8,191,208
1930-09-11,DSV,Concordia²,3,0,1424,1533,0.334,0.124,0.542,1,2,58.9,-48.4,180,162
1930-09-11,DTV,Ados²,0,2,1872,1429,0.917,0.041,0.042,3,-1,-60.3,88.9,134,161
1930-09-11,DTV,Animo²,0,2,1812,1462,0.867,0.062,0.071,3,-1,-53.8,87.0,132,165
1930-09-11,DVD²,KVD,4,2,1930,1941,0.476,0.114,0.409,4,3,16.5,-15.6,137,133
1930-09-11,Deetos,Naas²,0,0,1774,1823,0.431,0.097,0.471,5,6,1.7,-2.0,142,156
1930-09-11,Deetos,Olympia (B),2,0,1797,1919,0.319,0.119,0.562,2,3,27.5,-25.0,128,121
1930-09-11,Deetos,Rigtersbleek,6,0,1776,1618,0.695,0.108,0.197,2,0,21.0,-24.5,133,145
1930-09-11,Deetos,Vitesse (Leiden),4,0,1824,1915,0.358,0.125,0.516,1,2,33.8,-36.5,121,126
1930-09-11,District V,Achilles (H),0,0,1551,1756,0.221,0.107,0.672,1,3,24.2,-32.1,169,193
1930-09-11,District V,Concordia²,2,0,1511,1570,0.397,0.136,0.467,0,1,40.6,-37.1,186,177
1930-09-11,District V,DSV,0,0,1546,1388,0.701,0.097,0.202,4,2,-35.7,38.6,203,210
1930-09-11,Eendracht,ZKV (Za),3,1,1875,1637,0.784,0.082,0.135,4,1,-6.4,8.7,152,170
1930-09-11,HKC (He),Deetos,0,3,1615,1753,0.298,0.118,0.584,2,3,-21.3,20.7,154,152
1930-09-11,HKV,HSV,3,0,2003,1769,0.777,0.089,0.135,3,0,5.0,-4.3,155,137
1930-09-11,HKV,Rozenburg,1,0,2008,1853,0.693,0.105,0.202,3,1,-11.0,7.1,148,121
1930-09-11,HSV,Ons Eibernest,0,0,1764,1836,0.381,0.130,0.488,1,2,4.9,-4.4,146,138
1930-09-11,HSV,Rozenburg,0,1,1794,1860,0.390,0.129,0.481,1,2,-6.7,5.7,127,117
1930-09-11,Haarlem,DED,2,1,1604,1635,0.435,0.140,0.425,2,1,13.7,-14.1,151,153
1930-09-11,Haarlem,Oosterpark,1,0,1615,1459,0.696,0.102,0.203,3,1,-10.9,14.2,161,180
1930-09-11,Hellas,'t Overschotje,0,0,1646,1607,0.545,0.118,0.337,3,2,-14.0,13.6,198,195
1930-09-11,KCN,Volharding (A),1,4,1673,1701,0.446,0.126,0.428,3,2,-60.3,34.9,212,157
1930-09-11,KVD,KVKV,1,2,1978,1727,0.798,0.075,0.127,4,1,-36.8,75.3,138,194
1930-09-11,KVKV,DVD²,1,3,1802,1946,0.296,0.105,0.599,3,4,-10.6,6.2,181,129
1930-09-11,KZ,DDV,1,3,1839,1821,0.511,0.126,0.363,3,2,-23.3,25.0,125,130
1930-09-11,KZ,ReadyTekca,5,0,1782,1780,0.488,0.128,0.384,3,2,34.3,-61.7,139,191
1930-09-11,KZ,Westerkwartier,4,3,1816,1973,0.274,0.118,0.608,1,3,22.9,-30.3,131,151
1930-09-11,Korva,Kweek,6,5,1452,1159,0.835,0.061,0.103,6,2,-32.6,28.1,176,165
1930-09-11,Korva,OKC (Ou),3,0,1419,1189,0.781,0.075,0.144,5,2,1.6,-1.6,167,165
1930-09-11,Kwiek,Ados²,2,0,1651,1518,0.660,0.121,0.219,1,0,8.8,-7.4,180,157
1930-09-11,Kwiek,Animo²,0,1,1734,1394,0.860,0.065,0.075,2,-1,-83.0,68.2,189,172
1930-09-11,Kwiek,DTV,2,0,1633,1918,0.149,0.092,0.759,0,3,101.3,-45.1,206,139
1930-09-11,Naas²,HKC (He),3,1,1821,1602,0.776,0.067,0.157,7,4,-10.4,8.9,145,135
1930-09-11,Olympia (B),DOS (E),1,0,1922,1832,0.615,0.111,0.274,3,2,-3.0,3.7,133,144
1930-09-11,Olympia (B),Ons Clubje,2,0,1936,1545,0.893,0.049,0.058,4,0,-14.1,19.9,136,158
1930-09-11,Olympia (B),ZKC (Zu),3,1,1919,1746,0.716,0.097,0.188,3,1,-0.2,2.1,126,177
1930-09-11,Ons Clubje,ZKC (Zu),0,2,1565,1732,0.259,0.122,0.619,1,2,-9.9,14.3,153,196
1930-09-11,Ons Eibernest,HKV,1,0,1852,1997,0.286,0.125,0.589,1,2,18.6,-25.7,119,139
1930-09-11,Ons Eibernest,Zuiden (R),2,1,1823,2072,0.181,0.094,0.725,1,4,28.5,-32.1,123,131
1930-09-11,Oosterpark,DED,0,2,1474,1623,0.282,0.122,0.596,1,2,-12.8,12.7,166,165
1930-09-11,ReadyTekca,DDV,3,4,1718,1817,0.347,0.124,0.529,2,3,-5.3,3.8,171,137
1930-09-11,ReadyTekca,Westerkwartier,0,3,1713,1943,0.198,0.100,0.702,1,3,-10.8,9.2,156,141
1930-09-11,Rigtersbleek,HKC (He),0,0,1627,1594,0.531,0.130,0.339,2,1,-9.8,8.2,157,144
1930-09-11,Rigtersbleek,Naas²,0,2,1627,1823,0.242,0.084,0.673,4,6,0.3,-0.3,168,168
1930-09-11,Rood Wit (H),GKV,1,1,1630,1901,0.162,0.090,0.747,1,4,43.3,-52.4,209,228
1930-09-11,Rozenburg,Ons Eibernest,1,0,1812,1832,0.458,0.127,0.415,3,2,8.8,-8.5,133,130
1930-09-11,Rozenburg,Zuiden (R),1,0,1821,2110,0.150,0.082,0.769,1,4,32.1,-37.9,126,136
1930-09-11,Samen Een,Blauw Wit,0,3,1611,1895,0.156,0.078,0.766,2,5,-2.6,2.7,190,143
1930-09-11,Samen Een,Eendracht,0,4,1609,1869,0.173,0.087,0.739,2,4,-16.9,12.4,176,146
1930-09-11,Sport,Ready (H),1,1,1501,1509,0.472,0.130,0.397,3,2,-4.5,4.8,183,190
1930-09-11,VIOS (H),Brinio,4,0,1361,1175,0.734,0.088,0.178,4,2,12.0,-18.4,140,182
1930-09-11,Vitesse (Leiden),'t Overschotje,0,0,1936,1620,0.850,0.061,0.089,5,1,-30.2,54.6,134,176
1930-09-11,Vitesse (Leiden),Hellas,4,0,1906,1679,0.774,0.084,0.142,4,1,8.7,-12.4,130,163
1930-09-11,Vitesse (Leiden),Olympia (B),1,1,1878,1894,0.465,0.126,0.409,3,2,-1.8,1.7,119,116
1930-09-11,Volharding (A),De Tovers,1,1,1702,1484,0.761,0.092,0.146,3,0,-38.1,48.7,181,203
1930-09-11,Weest Kwiek,VIOS (H),1,0,1414,1361,0.566,0.110,0.324,4,3,0.5,-0.7,174,149
1930-09-11,Weest Kwiek,Zuidland,2,0,1409,1378,0.534,0.114,0.352,4,3,12.8,-13.8,142,148
1930-09-11,Weest Kwiek,Zwaluwen (He),1,1,1385,1609,0.208,0.091,0.701,3,5,24.0,-22.8,150,146
1930-09-11,Westerkwartier,DDV,1,0,1989,1805,0.728,0.095,0.177,3,1,-16.0,12.4,161,144
1930-09-11,ZKV (Za),Samen Een,0,0,1653,1590,0.580,0.111,0.309,4,3,-15.8,21.3,185,214
1930-09-11,Zilvermeeuwen,De Tovers,1,1,1492,1533,0.421,0.139,0.440,0,1,1.0,-1.2,173,187
1930-09-11,Zilvermeeuwen,KCN,1,0,1471,1759,0.148,0.087,0.765,1,3,66.0,-86.2,207,235
1930-09-11,Zilvermeeuwen,Volharding (A),0,4,1537,1664,0.307,0.130,0.563,1,2,-45.7,37.0,192,170
1930-09-11,Zuiden (R),HKV,0,1,2146,1953,0.739,0.091,0.170,4,1,-36.3,49.5,143,165
1930-09-11,Zuiden (R),HSV,0,0,2040,1764,0.817,0.072,0.110,4,0,-26.6,29.5,125,131
1930-09-11,Zuidland,Brinio,6,0,1349,1220,0.668,0.100,0.232,4,2,29.1,-44.9,157,201
1930-09-11,Zuidland,Zwaluwen (He),2,10,1394,1537,0.294,0.110,0.596,2,4,-44.5,43.6,170,168
1930-09-11,Zwaluwen (He),Brinio,9,0,1511,1258,0.800,0.073,0.127,5,1,26.8,-38.2,177,219
1930-09-11,Zwaluwen (He),Weest Kwiek,9,1,1581,1414,0.714,0.089,0.197,5,2,27.8,-29.2,155,160
1930-09-14,Achilles (A),Naas²,0,6,1530,1808,0.166,0.067,0.767,5,8,-22.1,13.9,184,139
1930-09-14,Achilles (H),Krachtsport,20,1,1722,900,0.989,0.007,0.005,6,-2,2.1,-2.0,177,175
1930-09-14,BEP,Rohda (A),2,1,1654,1791,0.301,0.115,0.585,2,3,27.5,-38.5,162,192
1930-09-14,BVK,UNI (S),3,1,1312,957,0.875,0.052,0.073,5,1,-20.0,22.1,172,180
1930-09-14,De Tovers,Oosterpark,7,1,1529,1458,0.584,0.121,0.295,2,1,43.4,-36.8,170,155
1930-09-14,Excelsior (Z),Rust Roest (Z),0,2,1597,1491,0.633,0.113,0.254,3,1,-43.0,47.6,151,159
1930-09-14,Excelsior,ReadyTekca,3,0,1838,1700,0.674,0.106,0.220,3,1,8.4,-12.1,119,148
1930-09-14,Fluks,Deetos,2,7,1813,1856,0.426,0.126,0.449,1,2,-68.7,26.7,193,117
1930-09-14,HBS (B),Hercules (NP),12,1,1505,1190,0.851,0.058,0.092,6,1,18.4,-20.4,165,175
1930-09-14,KVKV,Sportief,0,4,1789,1834,0.421,0.129,0.451,1,2,-45.6,50.1,165,174
1930-09-14,LUTO,AW,4,1,1702,1821,0.316,0.132,0.552,1,2,69.5,-57.4,192,174
1930-09-14,Leeuwarden,UDI (T),2,1,1546,1509,0.538,0.122,0.340,3,2,4.3,-4.0,169,160
1930-09-14,Mercedes,Be Quick,0,1,1134,1365,0.193,0.110,0.698,0,2,22.6,-10.3,282,213
1930-09-14,Noviomagum,Onder Ons,2,2,1688,1701,0.475,0.112,0.414,5,4,-3.9,4.0,195,197
1930-09-14,Ready (H),Emma,4,2,1512,1646,0.303,0.119,0.578,2,3,41.9,-77.0,173,237
1930-09-14,Rust Roest (Z),Excelsior (Z),1,1,1543,1554,0.469,0.128,0.403,3,2,-2.8,2.8,142,142
1930-09-14,Rust Roest (Z),SSS (H),4,1,1538,1319,0.765,0.087,0.148,3,1,4.7,-4.8,149,154
1930-09-14,Sport,Haarlem,0,0,1494,1615,0.315,0.128,0.556,1,2,14.0,-9.9,168,142
1930-09-14,VADA,Pechvogels,5,4,1424,1482,0.421,0.092,0.486,6,7,20.6,-24.8,219,242
1930-09-14,WIK (N),BKC (Be),0,8,1251,1512,0.173,0.085,0.742,2,5,-50.8,31.6,234,176
1930-09-14,ZKC (Zu),'t Overschotje,1,2,1738,1659,0.597,0.117,0.286,3,2,-28.1,29.0,153,155
1930-09-14,Zilvermeeuwen,DED,4,3,1490,1619,0.302,0.135,0.563,0,1,30.1,-24.3,160,144
1930-09-18,Brinio,Zuidland,0,2,1155,1363,0.221,0.099,0.680,2,4,-1.6,1.8,171,141
1930-09-21,Deska,Sport Vereent,3,1,1674,1411,0.828,0.036,0.136,17,11,-30.2,33.4,194,202
1930-09-21,GKV,Emma,4,9,1846,1569,0.818,0.072,0.110,4,1,-139.2,136.6,209,207
1930-09-21,UNI (S),BVK,2,6,980,1292,0.132,0.077,0.790,1,4,-11.9,11.2,174,168
1930-09-21,VDL,Roda (H),0,2,1325,1528,0.229,0.093,0.677,3,5,-1.6,1.6,175,175
1930-09-21,Wees Kwiek,Leeuwarden,5,8,1330,1550,0.209,0.098,0.693,2,4,-16.3,11.7,197,158
1930-09-28,Be Quick,Wilskracht,4,0,1355,1340,0.505,0.129,0.365,2,1,54.2,-64.4,200,221
1930-09-28,Deetos,Vitesse (Leiden),6,2,1883,1875,0.497,0.127,0.377,3,2,23.7,-24.7,119,121
1930-09-28,Excelsa,SOS (A),5,3,1623,1295,0.858,0.058,0.084,5,1,-24.7,16.3,206,175
1930-09-28,HBS (B),Wees Kwiek,6,2,1524,1314,0.762,0.078,0.160,6,2,11.5,-13.5,163,181
1930-09-28,HBS (H),ALO,3,3,1610,1636,0.446,0.131,0.423,3,2,-1.6,1.4,201,194
1930-09-28,Kinea (K),Sparta (W),1,0,1536,1403,0.669,0.103,0.227,4,2,-9.4,9.2,162,160
1930-09-28,Noviomagum,EKCA,2,2,1685,1684,0.487,0.127,0.387,3,2,-5.8,6.7,180,193
1930-09-28,Rigtersbleek,Achilles (A),5,3,1591,1508,0.602,0.117,0.281,3,1,9.0,-12.3,144,175
1930-09-28,SGOC,DES (V),1,2,1096,1343,0.184,0.093,0.724,1,4,22.7,-22.0,242,239
1930-09-28,Thor (M),Voordaan,3,2,1544,1450,0.624,0.102,0.273,5,3,-5.9,6.9,213,224
1930-10-05,AW,Amersfoort,0,1,1765,1610,0.688,0.115,0.197,2,0,-43.8,54.6,167,186
1930-10-05,Amstelodamum,Hinde,1,3,1612,1384,0.773,0.085,0.142,3,1,-86.5,100.9,203,218
1930-10-05,Avanti²,KVKV,6,2,1852,1745,0.637,0.109,0.254,3,2,27.9,-24.9,170,160
1930-10-05,Baerne,De Tovers,1,0,1604,1574,0.530,0.121,0.349,3,2,6.3,-5.0,192,164
1930-10-05,Bilthoven,Blauw Wit,2,4,1801,1879,0.379,0.118,0.503,2,3,-23.5,15.3,180,142
1930-10-05,DVD²,Olympia (B),2,0,1951,1894,0.573,0.109,0.318,4,3,8.3,-7.1,133,122
1930-10-05,Eskavee,KVTO,0,3,1508,1593,0.375,0.109,0.516,4,5,-63.1,42.8,285,225
1930-10-05,Excelsior,LUTO,4,2,1847,1773,0.591,0.119,0.291,3,1,7.6,-14.1,124,180
1930-10-05,GKV,Ready (H),8,2,1708,1555,0.693,0.102,0.205,3,1,41.7,-31.2,199,168
1930-10-05,HSV,ALO,7,3,1786,1638,0.683,0.108,0.209,3,1,15.4,-26.2,131,177
1930-10-05,Krachtsport,Ter Gouw,0,10,899,1617,0.014,0.013,0.973,0,8,-5.0,5.6,181,197
1930-10-05,Naas²,HKC (He),8,1,1823,1610,0.770,0.070,0.161,7,4,17.0,-16.5,142,140
1930-10-05,Oosterpark,TOGO (A),2,4,1423,1536,0.329,0.123,0.548,2,3,-14.5,25.4,153,213
1930-10-05,Rigtersbleek,DOS (E),2,2,1601,1851,0.178,0.099,0.723,1,3,23.9,-22.5,139,135
1930-10-05,Rozenburg,HBS (H),5,1,1865,1609,0.800,0.077,0.123,4,1,6.3,-11.4,123,182
1930-10-05,Sport Vereent,Deska,2,2,1446,1645,0.254,0.052,0.694,11,15,29.8,-27.6,193,186
1930-10-05,Sportief,Eendracht,1,1,1885,1880,0.492,0.128,0.380,3,2,-6.2,4.9,166,148
1930-10-05,Swift,Hercules,5,1,1907,1960,0.410,0.128,0.462,1,2,35.8,-60.4,138,182
1930-10-05,UDI (H),Dowocs,5,2,1450,1405,0.555,0.111,0.334,4,3,40.7,-26.0,223,171
1930-10-05,Velocitas (A),Vesta,0,8,1443,1488,0.450,0.067,0.483,12,13,-58.1,85.5,196,244
1930-10-05,Velox,Deetos,1,4,1719,1907,0.241,0.106,0.652,2,3,-12.7,8.7,144,116
1930-10-05,Vitesse (Leiden),Ons Eibernest,3,1,1851,1869,0.457,0.130,0.413,3,2,15.3,-16.7,119,124
1930-10-05,WWMD,Sparta (Ze),4,4,1661,1672,0.473,0.121,0.406,4,3,-3.0,4.9,154,197
1930-10-05,Westerkwartier,DDV,1,0,1951,1845,0.633,0.112,0.255,3,1,-5.1,4.2,144,133
1930-10-05,Zuiden (R),DKC (De),12,2,2012,1725,0.828,0.067,0.105,5,1,13.3,-14.1,132,136
1930-10-05,Zwaluwen (H),Victoria (A),1,1,1567,1578,0.463,0.139,0.398,2,1,-4.6,4.1,203,192
1930-10-12,AW,Amersfoort,0,1,1720,1663,0.559,0.136,0.306,1,0,-28.1,33.4,159,174
1930-10-12,Amstelodamum,Hinde,1,3,1524,1484,0.543,0.124,0.334,3,2,-48.0,53.7,190,202
1930-10-12,Amsterdam Zuid,Sparta (A)²,7,3,1763,1525,0.789,0.073,0.138,5,2,18.2,-21.4,218,252
1930-10-12,Avanti²,KVKV,6,2,1879,1719,0.703,0.097,0.200,4,2,18.5,-17.0,160,152
1930-10-12,Baerne,De Tovers,1,0,1609,1568,0.546,0.120,0.334,3,2,3.6,-3.1,175,155
1930-10-12,Bilthoven,Blauw Wit,2,4,1777,1894,0.328,0.114,0.558,3,4,-14.4,10.4,165,137
1930-10-12,DVD²,Olympia (B),2,0,1959,1886,0.594,0.108,0.298,4,3,6.4,-5.6,129,119
1930-10-12,Excelsior,LUTO,4,2,1854,1758,0.620,0.114,0.265,3,1,5.5,-8.9,122,166
1930-10-12,Fortuna (R),KLM,2,2,1192,1291,0.347,0.124,0.529,1,2,9.8,-13.6,175,205
1930-10-12,GKV,Ready (H),8,2,1749,1523,0.773,0.083,0.144,4,1,26.8,-21.3,183,160
1930-10-12,HDS,Vogel,1,19,1333,1690,0.107,0.061,0.832,2,6,-22.9,22.9,175,175
1930-10-12,HSV,ALO,1,3,1801,1611,0.732,0.096,0.172,3,1,-38.9,65.7,128,166
1930-10-12,KIA,Moedig Voorwaarts,2,6,1154,1594,0.067,0.047,0.886,1,6,-1.0,1.2,212,208
1930-10-12,Krachtsport,Ter Gouw,0,10,894,1622,0.013,0.012,0.975,1,8,-4.6,5.1,180,196
1930-10-12,Naas²,HKC (He),8,1,1839,1592,0.801,0.063,0.136,7,3,13.7,-13.4,138,136
1930-10-12,Olympiaan,Phoenix (Z),1,3,1506,1545,0.430,0.127,0.443,1,2,-38.6,55.3,214,263
1930-10-12,Oosterpark,TOGO (A),2,4,1408,1560,0.280,0.116,0.604,1,3,-9.2,13.7,146,189
1930-10-12,Rigtersbleek,DOS (E),2,2,1624,1827,0.222,0.110,0.668,1,3,18.5,-17.5,135,132
1930-10-12,Rozenburg,HBS (H),5,1,1870,1597,0.815,0.072,0.112,4,1,5.2,-8.4,122,173
1930-10-12,SGOC,Olympia '22,6,1,1119,1269,0.284,0.113,0.603,2,3,103.8,-109.8,220,227
1930-10-12,Sport Vereent,Deska,2,2,1475,1617,0.322,0.058,0.620,12,14,17.8,-16.8,178,173
1930-10-12,Sportief,Eendracht,1,1,1878,1884,0.476,0.129,0.395,3,2,-4.0,3.3,155,141
1930-10-12,Swift,Hercules,5,1,1942,1899,0.548,0.123,0.330,3,2,24.5,-36.9,133,166
1930-10-12,Te Werve,TOP (Hg),6,2,1653,1386,0.810,0.075,0.116,4,1,25.2,-24.9,254,251
1930-10-12,Velox,Deetos,1,4,1706,1915,0.219,0.102,0.679,2,4,-9.6,7.0,138,115
1930-10-12,Vitesse (Leiden),Ons Eibernest,3,1,1865,1852,0.503,0.128,0.368,3,2,11.9,-12.9,116,121
1930-10-12,WWMD,Sparta (Ze),4,4,1657,1676,0.462,0.121,0.417,4,3,-1.9,2.8,147,178
1930-10-12,Westerkwartier,DDV,1,0,1945,1848,0.620,0.115,0.265,3,1,-3.8,3.2,138,129
1930-10-12,ZKC '19,Dowocs,5,2,1390,1378,0.508,0.113,0.379,4,3,48.6,-27.1,225,162
1930-10-12,Zuiden (R),DKC (De),12,2,2025,1710,0.849,0.059,0.091,5,1,11.5,-12.2,131,135
1930-10-12,Zwaluwen (H),Victoria (A),1,1,1561,1581,0.451,0.139,0.410,2,1,-2.6,2.3,184,176
1930-10-19,Amersfoort,LUTO,0,1,1695,1747,0.408,0.134,0.458,1,2,-12.6,11.7,162,155
1930-10-19,Animo²,Rohda (A),1,5,1546,1752,0.218,0.114,0.668,0,2,-27.3,30.8,172,184
1930-10-19,BKC (Be),Rood Wit,1,1,1543,1751,0.224,0.095,0.681,2,5,27.2,-29.4,177,184
1930-10-19,Be Quick,VADA,4,0,1408,1444,0.438,0.117,0.445,2,3,54.0,-63.7,188,206
1930-10-19,Bilthoven,ReadyTekca,9,6,1761,1687,0.592,0.116,0.292,3,2,20.4,-19.9,155,152
1930-10-19,CKWO,HBS (G),1,3,1141,1352,0.221,0.095,0.685,3,5,-4.6,2.9,175,290
1930-10-19,DKC (De),Ons Eibernest,3,2,1697,1837,0.295,0.116,0.589,2,3,22.6,-17.8,134,118
1930-10-19,DOS (E),AKC (Al),5,1,1808,1656,0.693,0.099,0.208,4,2,13.2,-16.7,129,147
1930-10-19,DOS (M),ELTO,1,3,1614,1435,0.725,0.092,0.183,4,2,-59.0,68.1,168,181
1930-10-19,DTV,Olympia (B),3,2,1755,1879,0.313,0.125,0.562,1,2,24.3,-16.3,144,117
1930-10-19,DVD²,KZ,2,1,1964,1812,0.695,0.096,0.210,4,2,-8.5,9.9,125,135
1930-10-19,Die Haghe,HBS (H),3,1,1665,1587,0.595,0.119,0.286,3,1,17.3,-12.7,203,166
1930-10-19,ELTO,Zeevaartschool,1,1,1503,1624,0.319,0.120,0.562,2,3,13.4,-13.0,168,165
1930-10-19,Excelsior,AW,4,2,1858,1691,0.706,0.105,0.189,2,0,0.7,-0.4,120,151
1930-10-19,Friso (L),Nic,3,3,1733,1773,0.428,0.129,0.443,1,2,1.0,-1.0,198,195
1930-10-19,HDS,RCU,4,2,1309,1458,0.290,0.104,0.606,3,5,40.2,-71.2,169,226
1930-10-19,HKV,Velox,2,1,1968,1695,0.813,0.076,0.111,3,0,-21.5,17.9,146,134
1930-10-19,KVD,Avanti²,1,0,1922,1897,0.524,0.121,0.356,3,2,4.2,-4.7,141,153
1930-10-19,KVKV,Eendracht,2,9,1701,1886,0.244,0.107,0.649,2,3,-29.6,25.8,146,136
1930-10-19,Moedig Voorwaarts,Driemaal Vier,5,1,1594,1326,0.815,0.068,0.118,5,2,11.7,-13.0,199,221
1930-10-19,Naas²,Ons Clubje,9,2,1852,1540,0.852,0.052,0.096,7,2,9.8,-12.0,136,153
1930-10-19,Noviomagum,Rapiditas,2,2,1678,1454,0.771,0.084,0.145,4,1,-35.2,51.7,172,205
1930-10-19,OTO,Zwaluwen (H),2,1,1654,1557,0.622,0.112,0.266,3,2,-6.1,3.7,200,169
1930-10-19,Odis (A),Algemeene,3,1,1323,1147,0.723,0.091,0.187,4,2,0.6,4.2,175,252
1930-10-19,Quick (D),Regenboog,0,1,1498,1867,0.099,0.060,0.840,2,5,30.4,-36.9,173,188
1930-10-19,Quick (Z),Excelsior (K),4,1,1210,1144,0.599,0.081,0.321,9,8,18.8,-21.9,195,215
1930-10-19,Sparta (A)²,SVK,1,4,1502,1743,0.188,0.097,0.716,1,3,-20.0,17.7,228,207
1930-10-19,Sparta (W),Kinea (K),4,3,1411,1525,0.330,0.118,0.552,2,3,24.5,-24.8,158,159
1930-10-19,Sport Vereent,DED,1,3,1492,1594,0.373,0.062,0.565,12,13,-4.6,3.9,166,148
1930-10-19,Sport,Ados²,1,2,1507,1507,0.481,0.137,0.382,2,1,-21.6,20.4,166,161
1930-10-19,TOGO (A),SAMOS,2,2,1573,1691,0.321,0.124,0.555,1,2,12.0,-19.5,173,219
1930-10-19,TOV (D),Trekvogels (R),4,2,1658,1635,0.523,0.117,0.360,4,3,20.1,-18.8,175,169
1930-10-19,Ter Gouw,Rood Wit (H),1,1,1625,1670,0.428,0.115,0.458,3,4,1.9,-2.1,195,203
1930-10-19,Thor (M),Desto,12,0,1537,901,0.971,0.014,0.015,7,0,6.3,-5.3,198,175
1930-10-19,UDI (H),ZKC '19,2,6,1488,1437,0.564,0.112,0.324,4,3,-76.6,75.3,199,198
1930-10-19,UDI (T),Leeuwarden,2,1,1504,1561,0.407,0.124,0.469,2,3,17.2,-16.8,161,159
1930-10-19,Vitesse (Leiden),Fluks,3,1,1876,1744,0.667,0.106,0.227,3,1,2.5,-4.0,114,182
1930-10-19,WK,Sparta (Ze),3,1,1932,1677,0.800,0.076,0.124,4,1,-9.0,10.3,155,163
1930-10-19,WWMD,Voorwaarts (M),2,2,1654,1775,0.324,0.113,0.564,3,4,9.0,-17.7,141,195
1930-10-19,Wester,ASVA,7,1,1450,1366,0.606,0.111,0.283,3,2,69.1,-75.7,241,255
1930-10-19,Westerkwartier,Hercules,4,1,1940,1860,0.598,0.117,0.285,3,2,15.6,-20.4,133,155
1930-10-19,Wit Blauw,Zwart Wit,4,2,1466,1337,0.667,0.100,0.233,4,2,7.5,-8.3,203,251
1930-10-19,ZKC (Zu),EKCA,4,1,1709,1689,0.511,0.130,0.359,2,1,28.8,-37.7,155,180
1930-10-19,Zeevaartschool,VIOS (M),4,2,1634,1383,0.796,0.077,0.127,4,1,-9.7,11.0,175,183
1930-10-19,Zuiden (R),Deetos,2,0,2035,1921,0.648,0.102,0.250,4,2,2.6,-2.2,130,115
1930-10-26,'t Overschotje,Hellas,1,2,1691,1667,0.521,0.122,0.357,3,2,-21.9,24.4,159,169
1930-10-26,AKC (Al),Achilles (A),4,2,1627,1507,0.656,0.102,0.242,4,2,2.8,-3.3,133,155
1930-10-26,AKC (Al),Rigtersbleek,1,2,1644,1645,0.482,0.130,0.388,3,2,-16.1,14.5,142,134
1930-10-26,AW,Bilthoven,4,1,1694,1785,0.356,0.128,0.515,1,2,39.5,-40.6,145,147
1930-10-26,AW,ReadyTekca,0,3,1734,1702,0.528,0.130,0.342,2,1,-37.1,38.8,136,139
1930-10-26,Achilles (A),HKC (He),0,0,1499,1582,0.372,0.120,0.508,2,3,8.1,-5.2,170,137
1930-10-26,Amersfoort,Excelsior,1,3,1687,1863,0.251,0.117,0.632,1,2,-7.2,4.9,152,119
1930-10-26,Amstelodamum,Victoria (A),0,0,1575,1586,0.464,0.139,0.398,2,1,-3.5,3.5,166,166
1930-10-26,Avanti²,Eendracht,1,0,1896,1954,0.405,0.122,0.472,2,3,14.9,-11.1,145,124
1930-10-26,Blauw Wit,Amersfoort,6,2,1880,1679,0.745,0.092,0.163,3,1,10.5,-12.1,130,142
1930-10-26,Blauw Wit,ReadyTekca,2,2,1907,1671,0.784,0.078,0.138,4,1,-26.9,31.3,135,145
1930-10-26,DDV,DTV,2,3,1854,1783,0.584,0.123,0.293,2,1,-21.1,23.9,129,137
1930-10-26,DKC (De),Vitesse (Leiden),3,4,1723,1882,0.274,0.112,0.614,2,3,3.2,-2.4,129,114
1930-10-26,DOS (E),Naas²,0,2,1826,1866,0.443,0.098,0.459,5,6,-13.8,15.7,126,135
1930-10-26,Deetos,HKV,6,2,1923,1950,0.445,0.131,0.424,3,2,24.7,-38.3,114,143
1930-10-26,Die Haghe,Rozenburg,3,3,1686,1878,0.236,0.109,0.655,1,3,29.8,-13.4,184,125
1930-10-26,Dubbel Zes²,Moedig Voorwaarts,0,0,1602,1610,0.479,0.116,0.405,4,3,-6.1,4.3,223,189
1930-10-26,EKCA,'t Overschotje,1,1,1682,1669,0.503,0.127,0.370,3,2,-6.5,6.0,154,148
1930-10-26,Eendracht,KVD,9,1,1916,1930,0.467,0.124,0.409,3,2,38.2,-40.3,132,136
1930-10-26,Excelsior (K),KEV,7,3,1126,1268,0.310,0.080,0.609,8,9,68.0,-56.0,194,175
1930-10-26,Fluks,Velox,3,0,1744,1717,0.526,0.121,0.353,3,2,30.8,-19.9,168,133
1930-10-26,Fortuna,NSF,0,2,1434,1663,0.201,0.096,0.703,2,4,-3.2,3.3,231,224
1930-10-26,HKC (He),Ons Clubje,3,1,1576,1532,0.543,0.134,0.323,2,1,12.5,-16.2,130,150
1930-10-26,Haarlem,RODA (W),5,3,1609,1709,0.347,0.121,0.532,2,3,29.5,-60.1,150,218
1930-10-26,Hellas,Onder Ons,2,2,1691,1675,0.516,0.113,0.371,4,3,-6.8,8.4,155,172
1930-10-26,Hercules,DDV,5,2,1843,1833,0.500,0.125,0.375,3,2,24.1,-19.5,137,123
1930-10-26,Hercules,DVD²,2,3,1844,1960,0.331,0.112,0.557,3,4,-0.9,0.8,147,123
1930-10-26,Hinde,OTO,2,2,1540,1652,0.334,0.115,0.551,2,3,13.5,-13.1,185,183
1930-10-26,KCN,TOGO (A),3,2,1613,1580,0.534,0.123,0.343,3,2,6.2,-4.2,199,150
1930-10-26,KVKV,ZKV (Za),2,3,1675,1671,0.493,0.124,0.383,3,2,-15.3,21.7,140,168
1930-10-26,Kwiek,OTO,0,2,1602,1639,0.432,0.129,0.439,1,2,-28.0,28.7,165,167
1930-10-26,Kwiek,Zwaluwen (H),1,3,1660,1565,0.614,0.124,0.262,2,0,-58.1,46.3,180,160
1930-10-26,Leeuwarden,Wees Kwiek,2,1,1548,1303,0.793,0.075,0.132,5,1,-19.0,27.9,150,178
1930-10-26,Mercedes,Wilskracht,2,1,1175,1261,0.364,0.127,0.509,1,2,36.2,-25.4,223,185
1930-10-26,Nic,WWMD,3,1,1776,1667,0.638,0.110,0.251,3,2,7.8,-5.4,178,136
1930-10-26,OSCR,HSV,0,2,1752,1764,0.467,0.129,0.403,3,2,-38.4,20.6,180,129
1930-10-26,Olympia (B),Swift,6,1,1867,1969,0.342,0.125,0.533,1,2,35.0,-45.2,116,132
1930-10-26,Olympia (B),Westerkwartier,4,3,1902,1960,0.404,0.127,0.469,1,2,9.4,-12.8,111,130
1930-10-26,Onder Ons,EKCA,2,3,1709,1656,0.567,0.111,0.322,4,3,-33.9,26.0,190,166
1930-10-26,Ons Eibernest,Zuiden (R),0,16,1824,2042,0.211,0.099,0.690,2,4,-18.4,21.5,117,127
1930-10-26,Oranje Zwart,DOS (E),1,7,1306,1812,0.044,0.041,0.914,-1,4,-9.9,4.7,197,120
1930-10-26,Pechvogels,Be Quick,0,6,1479,1466,0.517,0.103,0.381,5,4,-79.4,62.2,197,173
1930-10-26,Rapiditas,ZKC (Zu),2,4,1509,1742,0.194,0.103,0.703,1,3,-1.3,1.9,191,148
1930-10-26,Regenboog,TOV (D),4,3,1834,1682,0.699,0.089,0.212,5,3,-15.9,12.5,180,163
1930-10-26,Rigtersbleek,Naas²,0,5,1660,1881,0.214,0.083,0.703,4,6,-13.5,13.6,127,127
1930-10-26,Rohda (A),Volharding (A),1,2,1786,1737,0.554,0.125,0.321,2,1,-29.9,27.0,172,163
1930-10-26,SAMOS,Amstelodamum,0,5,1676,1479,0.740,0.095,0.164,3,0,-115.2,96.0,194,178
1930-10-26,Spangen,Sperwers,0,0,1484,1520,0.436,0.126,0.439,1,2,0.2,-0.2,197,215
1930-10-26,Sparta (Ze),Friso (L),1,1,1692,1738,0.420,0.124,0.455,2,3,1.7,-2.2,158,180
1930-10-26,Sparta (Ze),WWMD,0,2,1693,1662,0.533,0.119,0.348,3,2,-31.7,24.9,147,130
1930-10-26,Swift,DVD²,6,3,1924,1960,0.438,0.120,0.443,2,3,24.1,-21.5,125,118
1930-10-26,TOGO (A),De Tovers,1,1,1589,1568,0.512,0.132,0.356,2,1,-8.5,7.1,163,150
1930-10-26,VADA,Mercedes,6,4,1385,1159,0.775,0.077,0.147,5,2,-5.9,15.6,185,250
1930-10-26,Voorwaarts (M),Friso (L),6,2,1800,1736,0.578,0.115,0.307,3,2,30.9,-31.5,162,164
1930-10-26,Voorwaarts (M),WK,4,3,1761,1927,0.267,0.109,0.624,2,3,38.8,-28.4,176,151
1930-10-26,Vreewijk,DWS,6,1,1591,1241,0.872,0.054,0.074,5,1,16.2,-16.0,223,220
1930-10-26,Wilskracht (B),Thor (M),7,4,1555,1547,0.504,0.113,0.383,4,3,41.1,-38.9,203,197
1930-10-26,Wilskracht,Pechvogels,0,3,1278,1460,0.258,0.086,0.656,5,7,-16.9,19.0,203,221
1930-10-26,Zilvermeeuwen,Sport Vereent,2,0,1523,1491,0.564,0.062,0.374,13,12,4.8,-4.4,163,155
1930-11-09,Achilles (H),Rood Wit (H),0,1,1728,1673,0.586,0.078,0.336,9,8,-28.7,27.4,193,188
1930-11-09,Ados²,Haarlem,1,4,1532,1639,0.333,0.131,0.536,1,2,-27.9,24.8,157,147
1930-11-09,Amersfoort,Bilthoven,1,3,1668,1746,0.376,0.126,0.498,1,2,-16.8,17.3,141,143
1930-11-09,BEP,Volharding (A),4,1,1686,1765,0.377,0.119,0.504,2,3,47.1,-40.1,170,156
1930-11-09,Baerne,Oosterpark,7,1,1616,1402,0.764,0.081,0.155,5,2,23.4,-18.8,169,149
1930-11-09,Blauw Wit,LUTO,3,2,1891,1764,0.664,0.102,0.234,4,2,-6.4,9.0,131,152
1930-11-09,DOS (M),Zeelandia,1,3,1560,1776,0.214,0.096,0.689,2,4,-1.6,1.2,165,186
1930-11-09,DVD²,Westerkwartier,4,2,1940,1948,0.479,0.117,0.404,4,3,12.8,-14.8,119,128
1930-11-09,De Tovers,TOGO (A),4,1,1576,1577,0.481,0.132,0.387,2,1,28.7,-29.3,145,147
1930-11-09,Deetos,DKC (De),12,2,1948,1728,0.770,0.080,0.150,5,2,13.6,-16.6,115,129
1930-11-09,Dowocs,ZKC '19,7,3,1355,1517,0.275,0.102,0.624,3,5,59.1,-77.3,161,185
1930-11-09,ELTO,Zeevaartschool,5,1,1521,1616,0.353,0.122,0.524,2,3,54.5,-53.5,162,160
1930-11-09,Hinde,Zwaluwen (H),1,3,1555,1612,0.404,0.125,0.470,1,2,-26.7,21.7,173,155
1930-11-09,KVD,ZKV (Za),6,3,1891,1694,0.743,0.090,0.167,4,1,5.2,-6.5,133,159
1930-11-09,Kadimah,Rapid (A),0,7,1364,1412,0.422,0.117,0.461,2,3,-101.1,100.7,253,252
1930-11-09,Laaresch,Wit Blauw,1,1,1387,1478,0.365,0.108,0.527,4,5,14.7,-9.3,240,192
1930-11-09,Mercedes,Pechvogels,2,2,1212,1401,0.250,0.088,0.662,4,6,29.9,-24.4,199,181
1930-11-09,Naas²,AKC (Al),7,2,1896,1631,0.818,0.058,0.125,8,4,4.9,-5.2,128,132
1930-11-09,Nic,Sparta (Ze),1,4,1785,1662,0.658,0.104,0.238,4,2,-65.3,47.3,168,142
1930-11-09,OSCR,Die Haghe,2,4,1715,1717,0.483,0.125,0.392,3,2,-33.3,35.1,167,172
1930-11-09,Olympia '22,SGOC,0,1,1163,1226,0.399,0.120,0.480,2,3,-14.3,13.9,209,205
1930-11-09,Olympia (B),Hercules,0,3,1912,1868,0.551,0.118,0.331,3,2,-26.5,37.1,113,134
1930-11-09,Ons Eibernest,Fluks,3,3,1806,1775,0.530,0.123,0.347,3,2,-5.5,10.0,119,159
1930-11-09,Rapiditas,'t Overschotje,2,3,1509,1676,0.264,0.112,0.624,2,3,6.1,-3.4,179,144
1930-11-09,Rigtersbleek,Oranje Zwart,4,1,1647,1297,0.868,0.061,0.072,3,-1,-1.3,6.3,128,193
1930-11-09,SVB,Eskavee,2,2,1520,1448,0.594,0.106,0.300,4,3,-20.9,26.6,219,245
1930-11-09,Swift,DDV,4,3,1949,1815,0.670,0.106,0.224,3,1,-6.6,6.4,124,123
1930-11-09,UNA (L),UDI (T),1,2,1498,1527,0.447,0.124,0.429,3,2,-15.7,14.0,166,156
1930-11-09,VIOS (M),Volharding,11,0,1399,1418,0.460,0.126,0.414,3,2,53.4,-166.6,179,350
1930-11-09,Victoria (A),OTO,1,2,1591,1669,0.375,0.127,0.498,1,2,-7.8,7.9,158,158
1930-11-09,Volharding,DOS (M),1,7,1251,1559,0.136,0.079,0.785,1,4,-45.7,19.4,263,155
1930-11-09,WK,WWMD,5,0,1899,1688,0.758,0.088,0.154,4,1,16.4,-13.0,147,129
1930-11-09,Zuiden (R),Velox,11,0,2064,1698,0.884,0.047,0.069,6,1,8.7,-9.2,127,132
1930-11-16,AW,Blauw Wit,4,3,1698,1885,0.241,0.110,0.649,1,3,28.4,-24.9,136,128
1930-11-16,Avanti²,Sportief,2,2,1912,1878,0.534,0.124,0.342,3,2,-8.1,9.7,143,156
1930-11-16,Die Haghe,HSV,2,4,1753,1786,0.437,0.130,0.434,3,2,-28.1,19.6,160,132
1930-11-16,EKCA,Rapiditas,2,2,1677,1516,0.701,0.103,0.197,3,1,-23.9,29.2,151,166
1930-11-16,Excelsior,Bilthoven,4,4,1869,1763,0.636,0.107,0.257,4,2,-13.1,16.1,124,137
1930-11-16,HBS (H),OSCR,8,2,1580,1682,0.344,0.122,0.534,2,3,66.1,-60.2,164,156
1930-11-16,Hinde,Victoria (A),2,1,1528,1583,0.406,0.131,0.463,1,2,17.8,-15.4,161,149
1930-11-16,Naas²,Rigtersbleek,3,1,1901,1646,0.808,0.062,0.130,7,3,-10.2,10.4,127,128
1930-11-16,Noviomagum,ZKC (Zu),3,5,1648,1745,0.352,0.120,0.528,2,3,-19.5,15.1,171,148
1930-11-16,OJD,Thor (M),0,1,1302,1510,0.227,0.088,0.685,4,6,22.1,-11.0,244,184
1930-11-16,Ons Clubje,AKC (Al),1,4,1517,1627,0.332,0.126,0.542,1,2,-24.3,19.5,148,131
1930-11-16,Oosterpark,De Tovers,4,7,1384,1605,0.206,0.102,0.692,1,3,-10.1,9.4,145,139
1930-11-16,RCU,Vogel,0,29,1392,1717,0.128,0.066,0.807,3,6,-34.5,26.9,206,177
1930-11-16,Rapid (A),Oosten,2,2,1513,1330,0.731,0.088,0.181,4,2,-43.2,50.1,221,237
1930-11-16,Sparta (A)²,Amsterdam Zuid,3,4,1487,1785,0.145,0.073,0.781,2,6,31.0,-30.4,212,211
1930-11-16,Swift,DTV,2,3,1943,1808,0.668,0.109,0.222,3,1,-24.5,31.3,122,138
1930-11-16,TOGO (A),Baerne,4,4,1548,1640,0.359,0.120,0.521,2,3,6.5,-8.8,140,161
1930-11-16,Velox,DKC (De),3,2,1689,1711,0.457,0.120,0.423,4,3,8.4,-7.9,131,127
1930-11-16,Volharding (A),Advendo,4,1,1725,1708,0.508,0.129,0.363,2,1,26.5,-36.2,148,175
1930-11-16,WIK (N),Rood Wit,1,3,1204,1727,0.042,0.034,0.924,1,6,45.4,-25.8,224,178
1930-11-16,Wilskracht,VADA,0,2,1237,1380,0.298,0.103,0.599,3,5,-10.3,10.7,176,181
1930-11-16,Zwaluwen (H),Amstelodamum,3,0,1635,1573,0.571,0.124,0.305,2,1,21.3,-25.0,147,160
1930-11-23,ALO,HBS (H),0,2,1681,1646,0.537,0.121,0.342,3,2,-40.4,33.8,169,154
1930-11-23,Amstelodamum,OTO,0,5,1548,1677,0.310,0.117,0.573,2,3,-33.1,33.4,151,152
1930-11-23,Baerne,SAMOS,2,1,1631,1562,0.587,0.113,0.300,3,2,-0.6,1.8,151,188
1930-11-23,DDV,KZ,0,4,1821,1828,0.477,0.126,0.397,3,2,-31.9,41.4,124,142
1930-11-23,HSV,Rozenburg,2,3,1806,1866,0.400,0.126,0.474,1,2,-7.0,7.5,128,132
1930-11-23,KCN,Oosterpark,8,0,1621,1373,0.795,0.074,0.130,5,1,28.0,-17.1,186,140
1930-11-23,KVTO,Eskavee,8,1,1639,1475,0.712,0.086,0.201,5,3,46.3,-47.0,215,217
1930-11-23,Ons Eibernest,Velox,3,3,1801,1697,0.630,0.113,0.257,3,1,-12.5,14.0,120,127
1930-11-23,Oosten,Rapid (A),2,0,1380,1469,0.365,0.116,0.519,2,3,50.9,-46.3,214,204
1930-11-23,Phoenix (Z),ODI (H),1,2,1604,1522,0.603,0.114,0.283,3,2,-50.8,47.9,233,226
1930-11-23,Roda (H),Schiedam,1,1,1534,1351,0.734,0.084,0.182,5,3,-23.0,96.2,182,350
1930-11-23,SVK,Sparta (A)²,1,1,1766,1518,0.794,0.077,0.129,4,1,-50.4,49.3,200,198
1930-11-23,Wilskracht (B),Voordaan,6,0,1597,1461,0.677,0.099,0.224,4,2,39.6,-48.4,190,214
1930-11-23,Wilskracht,Be Quick,2,2,1227,1529,0.137,0.085,0.778,0,3,36.6,-38.6,165,169
1930-11-30,ALO,Die Haghe,1,2,1640,1724,0.368,0.125,0.507,1,2,-6.8,6.4,158,152
1930-11-30,AW,LUTO,1,5,1726,1773,0.416,0.134,0.451,1,2,-33.3,40.7,135,150
1930-11-30,Amersfoort,ReadyTekca,3,5,1652,1742,0.358,0.127,0.515,1,2,-15.6,16.3,140,144
1930-11-30,Amsterdam Zuid,SVK,6,1,1755,1715,0.549,0.108,0.343,4,3,52.1,-47.4,198,188
1930-11-30,Blauw Wit,Excelsior,9,5,1860,1856,0.496,0.118,0.386,4,3,26.2,-24.9,128,125
1930-11-30,DED,Zilvermeeuwen,5,1,1603,1529,0.582,0.133,0.285,1,0,31.0,-34.0,154,163
1930-11-30,DOS (E),Ons Clubje,13,1,1817,1493,0.854,0.062,0.084,4,0,11.6,-13.2,133,143
1930-11-30,DTV,DDV,5,3,1839,1789,0.556,0.124,0.320,2,1,11.6,-9.4,136,121
1930-11-30,De Tovers,KCN,2,1,1614,1649,0.438,0.123,0.439,2,3,10.4,-16.4,137,176
1930-11-30,Deetos,Fluks,10,1,1962,1786,0.723,0.091,0.186,4,2,17.7,-27.1,122,154
1930-11-30,EKCA,Hellas,3,0,1652,1686,0.437,0.129,0.434,3,2,32.9,-36.8,148,157
1930-11-30,Eendracht,ZKV (Za),5,1,1944,1687,0.802,0.075,0.123,4,1,6.4,-8.1,133,157
1930-11-30,HKC (He),Rigtersbleek,2,3,1590,1656,0.387,0.135,0.477,0,1,-8.2,7.3,138,130
1930-11-30,Haarlem,Sport,2,2,1664,1491,0.714,0.101,0.185,3,1,-23.5,31.6,145,167
1930-11-30,KEV,Quick (Z),2,4,1214,1233,0.477,0.087,0.435,9,8,-23.5,27.9,173,190
1930-11-30,KVD,Sportief,1,3,1896,1888,0.497,0.126,0.377,3,2,-25.5,30.4,137,150
1930-11-30,Kadimah,Oosten,1,2,1263,1431,0.263,0.111,0.626,2,3,6.9,-4.2,225,193
1930-11-30,Olympia '22,DES (V),1,0,1149,1325,0.259,0.101,0.640,3,4,39.8,-56.8,193,230
1930-11-30,Olympia (B),DVD²,6,4,1886,1953,0.397,0.115,0.488,3,4,18.0,-19.2,119,123
1930-11-30,Oosterpark,TOGO (A),2,1,1356,1554,0.230,0.106,0.664,1,3,29.4,-29.4,137,137
1930-11-30,Oranje Zwart,AKC (Al),0,1,1304,1646,0.112,0.073,0.815,1,4,35.7,-15.3,190,130
1930-11-30,Roda (H),VDL,4,5,1511,1327,0.734,0.084,0.182,5,3,-48.1,53.1,176,184
1930-11-30,Spartaan,Moordrecht,4,1,1442,1431,0.509,0.111,0.379,5,4,58.9,-61.1,267,273
1930-11-30,TCNH,SVB,4,2,1286,1499,0.215,0.101,0.684,2,4,105.0,-66.0,256,203
1930-11-30,Vitesse (Leiden),Velox,3,3,1881,1711,0.713,0.097,0.190,3,1,-19.3,18.9,125,124
1930-11-30,Volharding (A),Rohda (A),2,0,1751,1758,0.476,0.128,0.396,3,2,19.1,-25.7,144,169
1930-12-07,'t Overschotje,Noviomagum,2,0,1672,1628,0.554,0.115,0.332,4,3,12.2,-14.8,147,164
1930-12-07,Ados²,RODA (W),3,2,1504,1649,0.290,0.115,0.595,2,3,26.3,-44.1,155,202
1930-12-07,Animo²,BEP,2,6,1523,1732,0.220,0.102,0.679,2,4,-24.8,22.3,176,165
1930-12-07,Baerne,KCN,4,3,1630,1632,0.489,0.114,0.396,4,3,7.0,-8.3,147,162
1930-12-07,DDV,DVD²,2,2,1779,1933,0.284,0.105,0.611,3,4,10.8,-10.9,119,120
1930-12-07,DES (V),SGOC,3,1,1267,1240,0.529,0.117,0.354,4,3,24.9,-22.3,205,192
1930-12-07,De Tovers,SAMOS,2,1,1624,1563,0.572,0.121,0.307,3,2,0.7,-0.3,133,174
1930-12-07,Eskavee,SVB,1,2,1427,1432,0.485,0.113,0.402,5,4,-23.8,21.3,201,189
1930-12-07,Fluks,DKC (De),1,4,1758,1702,0.569,0.112,0.319,4,3,-43.6,33.8,148,129
1930-12-07,GKV,Emma,7,2,1779,1709,0.590,0.109,0.301,4,3,43.6,-54.4,188,214
1930-12-07,HBS (H),HSV,4,2,1679,1798,0.322,0.120,0.558,2,3,35.8,-26.2,149,127
1930-12-07,Kwiek,Hinde,2,0,1575,1545,0.528,0.124,0.348,3,2,19.1,-17.1,166,156
1930-12-07,LUTO,ReadyTekca,3,4,1813,1758,0.568,0.116,0.317,3,2,-22.4,21.0,142,138
1930-12-07,Naas²,Oranje Zwart,10,0,1890,1339,0.956,0.019,0.025,9,2,3.8,-6.2,132,180
1930-12-07,OTO,Amstelodamum,1,1,1709,1514,0.743,0.088,0.168,4,1,-27.5,27.3,147,147
1930-12-07,Olympiaan,ODI (H),2,1,1470,1569,0.349,0.121,0.530,2,3,33.5,-32.6,208,206
1930-12-07,Ons Eibernest,Deetos,2,12,1788,1979,0.239,0.103,0.658,2,4,-21.9,21.5,122,121
1930-12-07,Schiedam,VDL,7,1,1446,1380,0.588,0.104,0.308,5,4,89.1,-39.3,282,173
1930-12-07,Sportief,ZKV (Za),4,0,1917,1679,0.784,0.082,0.134,4,1,9.2,-10.3,142,152
1930-12-07,Ter Gouw,Achilles (H),0,8,1632,1699,0.414,0.079,0.507,9,10,-60.0,55.5,191,183
1930-12-07,Velox,HKV,3,3,1729,1912,0.245,0.112,0.643,1,3,13.1,-19.9,122,149
1930-12-07,Westerkwartier,Swift,5,4,1932,1918,0.508,0.125,0.368,3,2,5.0,-4.6,133,126
1930-12-07,ZKC (Zu),Hellas,4,2,1759,1648,0.641,0.109,0.250,3,2,5.4,-5.5,147,148
1930-12-07,Zuiden (R),Vitesse (Leiden),6,1,2072,1861,0.763,0.078,0.159,5,2,12.1,-10.2,136,123
1930-12-14,Bilthoven,LUTO,3,3,1777,1790,0.472,0.120,0.408,4,3,-2.7,2.5,140,137
1930-12-14,DTV,Westerkwartier,4,3,1849,1936,0.363,0.126,0.511,1,2,16.6,-15.3,134,128
1930-12-14,DVD²,Hercules,1,5,1921,1903,0.517,0.112,0.371,4,3,-29.4,41.5,118,141
1930-12-14,Excelsior,Amersfoort,7,0,1829,1634,0.740,0.093,0.167,3,1,16.5,-19.8,124,138
1930-12-14,HSV,OSCR,6,0,1770,1619,0.690,0.102,0.207,3,1,18.3,-27.6,124,155
1930-12-14,KCN,De Tovers,1,1,1622,1623,0.487,0.122,0.391,3,2,-4.7,3.4,152,129
1930-12-14,KLM,Fortuna (R),3,1,1279,1203,0.594,0.115,0.290,3,2,16.3,-14.0,201,181
1930-12-14,Laaresch,Zwart Wit,0,1,1399,1332,0.587,0.110,0.303,4,3,-40.7,46.9,216,232
1930-12-14,Ons Eibernest,DKC (De),3,4,1764,1735,0.531,0.118,0.351,3,2,-14.3,15.8,120,126
1930-12-14,Oosterpark,SAMOS,1,6,1384,1561,0.253,0.108,0.639,2,3,-22.6,30.7,136,161
1930-12-14,Rohda (A),BEP,3,3,1730,1753,0.457,0.118,0.424,4,3,-1.7,1.6,160,157
1930-12-14,Sportief,Avanti²,4,0,1925,1902,0.520,0.124,0.356,3,2,28.9,-31.3,139,145
1930-12-14,Swift,KZ,4,3,1912,1867,0.550,0.121,0.328,3,2,1.6,-1.9,123,141
1930-12-14,Victoria (A),Amstelodamum,0,0,1566,1540,0.518,0.135,0.347,2,1,-8.1,7.3,150,142
1930-12-14,Zeevaartschool,VIOS (M),11,3,1561,1451,0.643,0.105,0.253,4,2,36.1,-44.0,161,180
1930-12-14,Zwaluwen (H),Kwiek,5,1,1654,1592,0.570,0.126,0.304,2,1,29.0,-31.6,148,155
1930-12-21,ALO,OSCR,1,1,1632,1592,0.544,0.121,0.335,3,2,-10.2,9.5,154,148
1930-12-21,Amersfoort,AW,1,2,1614,1691,0.372,0.137,0.491,0,1,-6.9,7.0,134,136
1930-12-21,DDV,Swift,2,0,1789,1913,0.316,0.118,0.566,2,3,24.9,-25.1,120,121
1930-12-21,De Tovers,Baerne,2,6,1626,1636,0.476,0.121,0.403,4,3,-31.6,40.6,126,143
1930-12-21,HKC (He),AKC (Al),2,4,1580,1628,0.418,0.125,0.457,1,2,-19.3,18.6,138,135
1930-12-21,Hinde,Kwiek,2,2,1527,1561,0.437,0.128,0.435,3,2,-0.1,0.1,150,147
1930-12-21,KVD,Eendracht,5,3,1868,1948,0.377,0.119,0.505,2,3,25.3,-25.3,137,137
1930-12-21,LUTO,Blauw Wit,2,3,1792,1884,0.362,0.115,0.523,3,4,-3.4,3.3,131,130
1930-12-21,Noviomagum,Hellas,4,3,1611,1642,0.446,0.122,0.432,4,3,12.5,-10.8,156,145
1930-12-21,Olympia (B),DTV,1,2,1902,1866,0.539,0.121,0.340,3,2,-15.8,17.5,123,129
1930-12-21,Ready (H),GKV,1,7,1503,1821,0.129,0.074,0.796,1,5,-21.9,22.2,175,177
1930-12-21,ReadyTekca,Excelsior,2,4,1777,1846,0.393,0.118,0.488,2,3,-15.8,13.1,136,123
1930-12-21,Regenboog,Trekvogels (R),1,0,1817,1619,0.750,0.082,0.169,5,2,-22.2,20.1,184,176
1930-12-21,Rohda (A),Advendo,6,2,1728,1670,0.568,0.122,0.310,2,1,28.9,-36.5,150,171
1930-12-21,Rozenburg,HSV,13,3,1871,1788,0.604,0.114,0.282,3,2,30.8,-25.2,136,122
1930-12-21,Spangen,Vreewijk,7,0,1483,1606,0.320,0.115,0.565,2,3,86.7,-111.8,195,223
1930-12-21,TCNH,Eskavee,3,2,1389,1402,0.474,0.114,0.412,4,3,17.0,-11.8,228,184
1930-12-21,Velox,Fluks,2,0,1741,1713,0.530,0.118,0.352,3,2,10.7,-14.0,123,143
1930-12-21,Victoria (A),Zwaluwen (H),1,0,1557,1683,0.310,0.129,0.561,1,2,23.5,-23.3,142,142
1930-12-21,Vitesse (Leiden),HKV,0,1,1849,1891,0.424,0.131,0.444,1,2,-8.9,11.8,125,145
1930-12-21,Westerkwartier,DVD²,4,1,1921,1891,0.534,0.114,0.353,4,3,17.0,-14.8,125,116
1930-12-21,Zuiden (R),Ons Eibernest,4,1,2083,1750,0.864,0.053,0.083,6,2,-7.1,4.9,136,117
1930-12-25,Fluks,DTV,1,2,1712,1912,0.228,0.107,0.665,1,3,7.1,-5.5,132,118
1930-12-25,Fluks,Zuiden (R),0,2,1699,2076,0.096,0.057,0.847,2,6,13.4,-13.1,136,134
1930-12-25,ReadyTekca,KVD,1,2,1762,1894,0.308,0.113,0.579,2,4,0.6,-0.7,129,131
1930-12-25,Swift,DTV,0,3,1888,1883,0.493,0.126,0.381,3,2,-25.7,28.8,117,124
1930-12-25,Swift,Fluks,1,0,1873,1719,0.694,0.101,0.205,3,1,-6.3,8.7,108,125
1930-12-25,Zuiden (R),Swift,2,1,2063,1862,0.751,0.082,0.167,5,2,-14.2,10.2,130,112
1931-01-04,Avanti²,ZKV (Za),3,1,1870,1667,0.751,0.088,0.161,4,1,-3.9,4.8,144,155
1931-01-04,Blauw Wit,AW,3,1,1887,1698,0.736,0.091,0.173,4,1,-2.6,2.9,129,134
1931-01-04,DOS (E),Achilles (A),11,0,1827,1503,0.859,0.054,0.088,6,2,13.5,-18.0,143,169
1931-01-04,EKCA,Noviomagum,1,1,1683,1624,0.571,0.118,0.310,3,2,-12.4,12.2,151,150
1931-01-04,Hercules,DTV,0,0,1945,1906,0.542,0.121,0.337,3,2,-9.1,6.4,140,118
1931-01-04,KVD,KVKV,12,0,1893,1659,0.783,0.078,0.139,4,1,15.9,-23.1,128,158
1931-01-04,Onder Ons,ZKC (Zu),4,2,1682,1763,0.379,0.112,0.509,3,4,38.0,-26.6,180,149
1931-01-04,ReadyTekca,LUTO,3,3,1762,1789,0.450,0.123,0.427,4,3,-0.8,0.9,127,130
1931-01-04,Swift,Olympia (B),1,0,1866,1886,0.458,0.126,0.416,3,2,6.2,-7.7,110,123
1931-01-04,Westerkwartier,KZ,0,2,1938,1865,0.589,0.117,0.293,3,2,-27.9,35.4,125,141
1931-01-11,'t Overschotje,EKCA,0,1,1683,1671,0.504,0.125,0.371,3,2,-19.3,17.6,151,144
1931-01-11,DDV,Hercules,4,2,1814,1936,0.319,0.117,0.563,2,3,25.6,-29.8,124,134
1931-01-11,DTV,DVD²,4,4,1913,1877,0.542,0.116,0.342,4,3,-6.2,6.7,116,120
1931-01-11,HKV,Ons Eibernest,1,2,1903,1755,0.684,0.109,0.208,2,1,-35.4,26.5,143,124
1931-01-11,KVTO,TCNH,4,4,1683,1406,0.822,0.066,0.112,5,2,-58.3,55.4,209,204
1931-01-11,LUTO,Amersfoort,3,3,1790,1607,0.725,0.098,0.177,3,1,-20.1,23.3,126,135
1931-01-11,Rapiditas,Onder Ons,1,6,1543,1720,0.257,0.100,0.643,3,5,-32.6,29.9,174,165
1931-01-11,Rigtersbleek,AKC (Al),1,1,1662,1647,0.506,0.128,0.366,3,2,-5.9,5.6,140,136
1931-01-11,Roda (H),Schiedam,5,0,1461,1534,0.390,0.112,0.498,3,4,57.7,-99.8,178,240
1931-01-11,Vitesse (Leiden),Deetos,1,3,1840,1999,0.277,0.107,0.616,2,4,-5.1,5.3,128,131
1931-01-18,AKC (Al),DOS (E),1,0,1653,1841,0.245,0.099,0.656,3,4,24.8,-30.2,131,144
1931-01-18,Bilthoven,Amersfoort,6,2,1775,1631,0.682,0.103,0.215,3,1,17.7,-14.9,145,132
1931-01-18,DED,Sport Vereent,6,0,1632,1486,0.712,0.053,0.235,14,10,14.2,-15.8,162,173
1931-01-18,KCN,Baerne,2,2,1618,1676,0.408,0.115,0.477,3,4,3.3,-3.0,154,145
1931-01-18,KZ,DTV,0,2,1901,1907,0.476,0.128,0.395,3,2,-25.3,17.6,138,114
1931-01-18,MKC (Markelo),WKC (Wi),5,1,1368,1364,0.498,0.113,0.389,4,3,90.4,-88.0,300,295
1931-01-18,Onder Ons,Hellas,4,1,1750,1631,0.658,0.097,0.245,5,3,12.5,-11.2,156,146
1931-01-18,Ons Eibernest,Vitesse (Leiden),1,4,1782,1836,0.409,0.129,0.463,1,2,-22.5,23.3,123,125
1931-01-18,Rohda (A),Animo²,6,0,1757,1497,0.802,0.080,0.118,3,0,17.2,-22.3,151,176
1931-01-18,Volharding (A),BEP,2,0,1769,1755,0.510,0.117,0.373,4,3,17.2,-18.1,154,158
1931-01-18,ZKC (Zu),Noviomagum,3,0,1737,1636,0.628,0.110,0.262,3,2,15.0,-15.1,145,145
1931-01-18,Zwaluwen (H),OTO,1,1,1660,1681,0.458,0.122,0.420,4,3,-1.6,1.9,144,155
1931-01-25,AKC (Al),Oranje Zwart,1,0,1678,1332,0.868,0.058,0.075,4,0,-18.3,45.1,128,191
1931-01-25,Algemeene,KVTO,2,1,1155,1625,0.057,0.041,0.902,1,6,128.4,-81.4,243,199
1931-01-25,Avanti²,KVD,11,1,1874,1909,0.438,0.121,0.441,2,3,43.8,-41.5,137,133
1931-01-25,Avanti²,LUTO,4,2,1867,1770,0.623,0.112,0.265,3,2,6.6,-5.3,146,127
1931-01-25,Baerne,TOGO (A),7,3,1674,1523,0.692,0.099,0.209,4,2,15.1,-17.8,138,152
1931-01-25,Concordia²,Sport,3,0,1484,1521,0.430,0.135,0.435,0,1,53.1,-44.0,193,175
1931-01-25,DVD²,DED,2,8,1884,1646,0.784,0.080,0.136,4,1,-55.1,90.2,121,154
1931-01-25,District V,Eskavee,7,0,1576,1391,0.733,0.088,0.179,4,2,38.6,-32.7,199,180
1931-01-25,Eendracht,Amstelodamum,6,0,1923,1547,0.887,0.050,0.064,4,0,7.8,-8.4,143,150
1931-01-25,Eendracht,Sportief,2,2,1931,1955,0.454,0.125,0.422,3,2,-1.3,1.5,140,147
1931-01-25,HKC (He),DOS (E),0,1,1561,1811,0.182,0.090,0.728,2,4,13.5,-12.6,143,139
1931-01-25,HSV,Die Haghe,1,0,1764,1729,0.535,0.124,0.341,3,2,3.1,-4.2,132,162
1931-01-25,Hercules,Swift,2,5,1906,1873,0.534,0.123,0.343,3,2,-35.6,27.3,132,116
1931-01-25,KZ,DVD²,1,1,1875,1829,0.557,0.114,0.329,4,3,-9.1,7.1,132,117
1931-01-25,LUTO,Excelsior,4,1,1765,1859,0.356,0.120,0.524,2,3,28.5,-33.6,121,132
1931-01-25,Noviomagum,'t Overschotje,0,2,1621,1664,0.427,0.122,0.450,2,3,-19.8,21.5,140,146
1931-01-25,OSCA,Oosterpark,2,1,1554,1361,0.738,0.093,0.169,3,1,-47.9,7.6,308,146
1931-01-25,OSCR,HBS (H),2,2,1602,1714,0.332,0.120,0.548,2,3,10.1,-10.9,152,157
1931-01-25,Oosten,Velocitas (A),3,0,1425,1386,0.571,0.067,0.362,12,11,16.6,-19.0,193,210
1931-01-25,Phoenix (Z),Olympiaan,1,1,1552,1503,0.556,0.121,0.323,3,2,-18.7,15.1,222,200
1931-01-25,ReadyTekca,Bilthoven,1,5,1762,1793,0.446,0.119,0.435,4,3,-30.6,35.7,129,140
1931-01-25,Rigtersbleek,Ons Clubje,6,0,1656,1478,0.716,0.107,0.177,2,0,20.7,-27.1,137,159
1931-01-25,SVB,Vesta,0,1,1453,1575,0.323,0.110,0.567,3,4,-2.1,1.6,187,237
1931-01-25,SVK,Blauw Wit,3,1,1666,1885,0.212,0.096,0.692,2,4,70.9,-35.2,188,133
1931-01-25,Sloterdijk,Rohda (A),0,2,1406,1775,0.099,0.062,0.839,1,5,34.5,-8.9,250,148
1931-01-25,Velox,Ons Eibernest,0,3,1752,1759,0.476,0.125,0.398,3,2,-30.7,25.3,132,120
1931-01-25,Victoria (A),KCN,2,1,1581,1621,0.428,0.130,0.442,1,2,13.3,-12.9,147,145
1931-01-25,Vitesse (Leiden),DKC (De),7,1,1859,1751,0.639,0.107,0.254,4,2,20.6,-25.7,122,137
1931-01-25,Volharding (A),AW,2,2,1786,1701,0.602,0.123,0.275,2,1,-15.1,13.2,146,137
1931-01-25,Wester,Amsterdam Zuid,3,3,1522,1805,0.158,0.074,0.768,3,6,60.4,-39.3,237,195
1931-01-25,Westerkwartier,Fortuna (A),4,5,1910,1394,0.944,0.028,0.028,5,-1,-41.5,148.8,128,227
1931-01-25,Westerkwartier,Olympia (B),2,3,1869,1879,0.472,0.126,0.402,3,2,-12.1,12.0,126,126
1931-01-25,Zeevaartschool,DOS (M),4,0,1597,1576,0.521,0.115,0.364,4,3,36.5,-40.4,165,174
1931-02-01,'t Overschotje,Onder Ons,0,4,1684,1761,0.385,0.110,0.505,3,4,-27.8,32.6,139,151
1931-02-01,Animo²,Volharding (A),2,6,1473,1769,0.141,0.088,0.771,0,3,-15.1,10.9,171,140
1931-02-01,BEP,Advendo,5,0,1735,1632,0.634,0.106,0.260,4,2,27.3,-33.8,151,171
1931-02-01,Be Quick,Mercedes,5,0,1487,1239,0.791,0.083,0.126,3,0,22.1,-26.7,182,204
1931-02-01,Bilthoven,Excelsior,0,3,1827,1824,0.496,0.116,0.389,4,3,-30.7,27.9,134,128
1931-02-01,DVD²,Swift,1,2,1834,1899,0.399,0.118,0.483,2,3,-5.1,4.9,116,114
1931-02-01,Deetos,Ons Eibernest,4,1,2003,1783,0.770,0.080,0.150,5,2,1.3,-1.3,133,117
1931-02-01,Emma,Ready (H),3,6,1652,1480,0.719,0.091,0.190,4,2,-97.2,73.2,206,179
1931-02-01,Fluks,Vitesse (Leiden),1,1,1727,1878,0.283,0.115,0.602,2,3,13.4,-10.3,136,120
1931-02-01,Fortuna (A),SOS (A),4,1,1541,1312,0.779,0.077,0.144,5,2,5.8,-5.9,222,204
1931-02-01,HBS (H),Die Haghe,1,3,1701,1723,0.456,0.124,0.420,3,2,-24.8,25.9,148,152
1931-02-01,Hercules,Westerkwartier,2,2,1869,1855,0.508,0.122,0.370,3,2,-5.1,4.7,128,123
1931-02-01,KCN,SAMOS,10,3,1606,1591,0.512,0.119,0.369,4,3,36.5,-51.4,139,167
1931-02-01,Kwiek,Victoria (A),2,2,1560,1593,0.431,0.142,0.427,2,1,-0.2,0.2,153,140
1931-02-01,OSCR,Rozenburg,1,3,1610,1901,0.149,0.081,0.770,1,4,6.5,-6.6,144,145
1931-02-01,OTO,Hinde,8,0,1681,1526,0.700,0.094,0.206,4,2,27.1,-29.1,149,155
1931-02-01,Olympia (B),KZ,2,5,1889,1865,0.523,0.122,0.356,3,2,-29.4,31.8,123,128
1931-02-01,Sport,RODA (W),5,1,1475,1603,0.314,0.114,0.572,2,3,56.2,-80.4,163,197
1931-02-01,Sportief,KVD,3,1,1955,1866,0.612,0.112,0.276,3,2,6.9,-6.0,140,128
1931-02-01,TCNH,KVTO,5,0,1460,1542,0.376,0.116,0.508,3,4,75.4,-72.3,197,192
1931-02-01,Velox,Zuiden (R),3,3,1720,2047,0.125,0.068,0.807,2,6,26.0,-31.8,128,140
1931-02-01,ZKC (Zu),Rapiditas,2,1,1750,1509,0.788,0.080,0.132,4,1,-16.9,24.4,142,167
1931-02-15,ASVA,Wester,1,4,1293,1581,0.151,0.080,0.769,2,5,-10.3,9.8,249,219
1931-02-15,Ados²,Sport,1,5,1528,1532,0.478,0.132,0.390,2,1,-56.2,48.2,170,157
1931-02-15,Advendo,Volharding (A),0,3,1599,1781,0.246,0.112,0.642,1,3,-17.9,13.8,162,140
1931-02-15,DKC (De),Deetos,1,8,1724,2005,0.159,0.078,0.764,2,5,-17.6,16.5,138,133
1931-02-15,DTV,Swift,3,1,1923,1904,0.513,0.126,0.360,3,2,12.3,-11.1,122,116
1931-02-15,DVD²,DDV,1,4,1829,1838,0.479,0.116,0.405,4,3,-22.8,29.2,117,133
1931-02-15,Excelsior,Blauw Wit,5,0,1852,1849,0.497,0.115,0.388,4,3,28.9,-32.9,127,136
1931-02-15,HKV,Fluks,5,2,1867,1741,0.658,0.111,0.231,3,1,14.2,-11.8,149,134
1931-02-15,HSV,HBS (H),6,2,1765,1677,0.612,0.113,0.274,3,2,20.2,-23.0,134,144
1931-02-15,Hinde,Amstelodamum,4,1,1497,1537,0.429,0.126,0.445,1,2,34.5,-35.3,151,153
1931-02-15,OSCA,AW,1,7,1505,1713,0.216,0.113,0.671,0,2,-68.4,23.2,259,138
1931-02-15,Ons Clubje,Rigtersbleek,4,4,1449,1676,0.198,0.110,0.692,0,2,26.6,-20.8,157,140
1931-02-15,Ons Eibernest,HKV,2,0,1782,1881,0.346,0.128,0.525,1,2,22.9,-30.8,120,140
1931-02-15,ReadyTekca,AW,3,1,1730,1736,0.477,0.126,0.397,3,2,16.4,-16.7,131,132
1931-02-15,Rozenburg,ALO,4,1,1894,1620,0.818,0.069,0.113,5,1,-1.0,1.9,144,163
1931-02-15,VADA,Be Quick,1,1,1388,1509,0.324,0.109,0.567,3,4,16.5,-13.5,193,176
1931-02-15,Vitesse (Leiden),Zuiden (R),2,4,1868,2016,0.291,0.107,0.602,3,4,-5.3,6.8,121,141
1931-02-15,Voordaan,Wilskracht (B),3,2,1409,1634,0.206,0.094,0.700,2,4,61.1,-52.4,215,200
1931-02-15,Zwart Wit,Laaresch,2,4,1378,1358,0.519,0.116,0.365,4,3,-52.9,48.7,221,211
1931-02-22,AW,Excelsior,2,2,1719,1880,0.271,0.114,0.615,2,3,13.0,-12.1,128,124
1931-02-22,Achilles (H),Ter Gouw,4,4,1751,1569,0.747,0.060,0.194,11,8,-37.0,39.2,190,195
1931-02-22,Eendracht,Avanti²,4,0,1928,1915,0.509,0.116,0.375,4,3,29.9,-29.0,142,140
1931-02-22,Ons Eibernest,HKV,1,2,1804,1849,0.420,0.132,0.448,1,2,-7.9,10.0,118,134
1931-03-01,Algemeene,Oosten,0,4,1281,1440,0.275,0.111,0.613,2,3,-51.1,34.5,236,186
1931-03-01,Amsterdam Zuid,Concordia²,5,0,1764,1535,0.779,0.077,0.144,5,2,22.4,-21.0,192,184
1931-03-01,DDV,Olympia (B),3,5,1867,1859,0.499,0.122,0.380,3,2,-23.5,22.8,131,129
1931-03-01,Die Haghe,OSCR,2,3,1749,1616,0.668,0.106,0.226,3,1,-34.8,33.4,151,148
1931-03-01,District V,Rohda (A),3,4,1612,1764,0.282,0.116,0.602,2,3,3.3,-1.5,193,156
1931-03-01,Eendracht,DED,2,3,1958,1734,0.769,0.087,0.144,3,0,-36.8,50.7,136,159
1931-03-01,Insulinde,Vesta,1,8,1676,1575,0.636,0.097,0.266,5,3,-140.3,106.8,248,215
1931-03-01,Naas²,DOS (E),6,2,1891,1796,0.634,0.086,0.281,7,6,19.7,-16.6,161,146
1931-03-01,Oosterpark,KCN,0,5,1367,1643,0.161,0.083,0.756,2,5,-16.8,14.6,154,142
1931-03-01,ReadyTekca,Blauw Wit,1,4,1745,1815,0.392,0.117,0.491,2,3,-21.4,22.6,130,134
1931-03-01,SVB,KVTO,0,4,1449,1469,0.461,0.120,0.419,4,3,-55.8,55.8,183,183
1931-03-01,Victoria (A),Avanti²,5,0,1593,1886,0.143,0.088,0.769,0,3,73.9,-65.3,143,134
1931-03-01,Victoria (A),Hinde,1,1,1667,1531,0.670,0.109,0.220,3,1,-18.4,21.2,137,146
1931-03-01,Westerkwartier,DTV,1,3,1859,1935,0.379,0.128,0.494,1,2,-15.0,13.6,129,122
1931-03-08,AKC (Al),Naas²,1,4,1657,1910,0.186,0.074,0.740,4,7,-1.6,1.5,142,152
1931-03-08,Blauw Wit,Bilthoven,6,3,1838,1796,0.552,0.112,0.337,4,3,16.5,-19.3,129,140
1931-03-08,DOS (E),Rigtersbleek,1,0,1780,1654,0.661,0.105,0.234,3,2,-7.2,7.3,140,141
1931-03-08,DTV,Hercules,1,0,1948,1864,0.606,0.115,0.279,3,2,-2.0,2.7,120,136
1931-03-08,Emma,GKV,3,3,1554,1842,0.152,0.080,0.768,2,5,45.5,-42.0,197,190
1931-03-08,Hellas,Noviomagum,3,5,1618,1600,0.514,0.122,0.364,3,2,-33.0,29.6,156,147
1931-03-08,KZ,Olympia (B),2,1,1896,1882,0.507,0.123,0.370,3,2,5.1,-4.4,136,125
1931-03-08,NEO,ONA,2,6,1501,1439,0.585,0.102,0.314,5,4,-81.5,72.6,208,196
1931-03-08,PSV,EMO,8,0,1650,1278,0.887,0.045,0.068,6,1,21.7,-20.8,211,205
1931-03-08,Pechvogels,VADA,2,4,1373,1404,0.459,0.094,0.447,8,7,-30.3,24.8,202,181
1931-03-08,ReadyTekca,Amersfoort,6,0,1724,1614,0.638,0.112,0.249,3,1,22.2,-29.0,126,146
1931-03-08,Regenboog,Quick (D),7,0,1793,1530,0.811,0.069,0.120,5,2,27.4,-30.2,194,206
1931-03-08,Rood Wit (H),Achilles (H),2,3,1697,1714,0.483,0.085,0.432,9,8,-17.8,14.0,205,181
1931-03-08,SAMOS,De Tovers,8,1,1539,1593,0.408,0.129,0.464,1,2,61.3,-51.6,165,150
1931-03-08,Sparta (A)²,KVD,1,5,1563,1860,0.144,0.080,0.776,1,4,-17.7,9.2,213,137
1931-03-08,Tekace,Volt,2,2,1418,1671,0.182,0.083,0.735,3,5,37.5,-47.5,198,221
1931-03-08,Voordaan,Thor (M),0,5,1469,1495,0.460,0.106,0.433,6,5,-66.2,68.4,200,204
1931-03-08,Zeevaartschool,ELTO,2,1,1632,1572,0.574,0.116,0.311,3,2,0.7,-0.4,167,188
1931-03-08,Zuiden (R),Fluks,6,1,2022,1728,0.835,0.062,0.102,5,1,7.6,-7.2,140,136
1931-03-15,ALO,Rozenburg,3,5,1622,1893,0.163,0.088,0.749,1,4,5.2,-3.9,164,149
1931-03-15,Amstelodamum,Zwaluwen (H),2,1,1502,1656,0.276,0.121,0.603,1,2,29.5,-30.9,153,156
1931-03-15,BEP,Animo²,1,1,1763,1458,0.841,0.064,0.095,4,1,-40.1,49.9,158,174
1931-03-15,DVD²,DTV,2,2,1806,1947,0.297,0.113,0.590,2,3,10.5,-9.4,124,118
1931-03-15,GKC,Sprotje,2,4,1143,1188,0.430,0.111,0.460,3,4,-55.0,60.8,307,327
1931-03-15,HKV,DKC (De),3,3,1860,1706,0.694,0.101,0.205,3,1,-19.8,22.5,135,143
1931-03-15,KEV,Excelsior (K),1,7,1187,1192,0.499,0.086,0.415,9,8,-63.7,78.0,192,214
1931-03-15,KZ,Swift,3,1,1902,1892,0.498,0.128,0.374,3,2,15.0,-13.5,130,123
1931-03-15,ONA,PSV,3,7,1511,1672,0.279,0.098,0.622,4,5,-28.9,35.0,180,202
1931-03-15,OTO,Victoria (A),4,0,1708,1648,0.570,0.121,0.309,3,1,31.1,-24.0,156,136
1931-03-15,Tekace,NEO,6,2,1456,1420,0.546,0.107,0.347,5,4,39.6,-40.8,185,189
1931-03-15,Vesta,Velocitas (A),5,0,1682,1365,0.865,0.034,0.101,16,9,-6.9,7.2,199,201
1931-03-15,Volharding,Zeevaartschool,0,17,1202,1633,0.069,0.053,0.878,0,4,-33.8,15.2,259,157
1931-03-22,Achilles (H),Rood Wit (H),1,2,1728,1679,0.576,0.083,0.341,8,7,-23.0,27.8,170,187
1931-03-22,Advendo,BEP,5,4,1580,1722,0.294,0.114,0.591,2,3,30.3,-27.1,163,154
1931-03-22,BKC (Be),WIK (N),9,1,1571,1245,0.859,0.054,0.087,6,2,26.7,-34.0,209,245
1931-03-22,DDV,Blauw Wit,6,4,1843,1854,0.474,0.119,0.407,4,3,16.2,-15.3,133,128
1931-03-22,DKC (De),Zuiden (R),4,4,1728,2029,0.143,0.073,0.784,2,6,28.1,-29.3,138,141
1931-03-22,DOS (E),Oranje Zwart,12,1,1772,1374,0.898,0.045,0.057,5,0,9.7,-17.5,138,198
1931-03-22,DTV,Swift,3,2,1937,1878,0.567,0.124,0.308,2,1,0.5,-0.5,116,120
1931-03-22,DWS,Vreewijk,1,6,1222,1492,0.164,0.086,0.749,2,4,-40.8,35.4,242,220
1931-03-22,EMO,ONA,3,6,1257,1482,0.208,0.090,0.702,3,5,-13.2,10.6,199,169
1931-03-22,Fortuna (A),Excelsa,1,2,1546,1598,0.416,0.119,0.466,2,3,-16.7,19.7,215,238
1931-03-22,HKV,Deetos,1,2,1839,2020,0.250,0.106,0.644,2,4,5.2,-6.2,131,142
1931-03-22,Hellas,EKCA,10,2,1585,1686,0.343,0.126,0.531,1,2,58.5,-66.6,150,160
1931-03-22,KEV,Quick (Z),1,2,1122,1257,0.319,0.084,0.598,7,9,3.9,-5.8,177,204
1931-03-22,LUTO,Bilthoven,3,5,1791,1776,0.511,0.119,0.371,4,3,-26.5,25.8,139,138
1931-03-22,Moedig Voorwaarts,Samen Een,3,1,1611,1589,0.524,0.113,0.364,4,3,26.3,-27.2,214,218
1931-03-22,NEO,PSV,2,12,1378,1706,0.126,0.066,0.809,3,6,-25.0,27.7,174,184
1931-03-22,NSF,Fortuna,9,0,1663,1428,0.784,0.078,0.138,4,1,47.9,-49.2,239,243
1931-03-22,Naas²,Achilles (A),9,0,1912,1483,0.918,0.031,0.051,9,3,8.1,-11.4,149,186
1931-03-22,Nic,WK,2,2,1716,1912,0.232,0.108,0.660,1,3,30.3,-26.5,196,184
1931-03-22,Onder Ons,'t Overschotje,2,1,1793,1656,0.680,0.094,0.225,5,3,-11.2,9.8,158,150
1931-03-22,Ons Clubje,HKC (He),1,2,1475,1572,0.347,0.132,0.521,1,2,-6.1,5.9,160,157
1931-03-22,ReadyTekca,Hercules,1,2,1746,1866,0.322,0.117,0.561,2,3,-0.7,0.7,126,134
1931-03-22,Rood Wit,Dubbel Zes²,1,4,1697,1593,0.636,0.104,0.260,4,2,-77.9,95.8,209,233
1931-03-22,Rozenburg,OSCR,6,1,1889,1649,0.787,0.078,0.135,4,1,13.0,-13.5,145,148
1931-03-22,SAMOS,TOGO (A),1,1,1600,1503,0.621,0.114,0.265,3,1,-17.7,19.3,156,163
1931-03-22,Sperwers,Spangen,1,1,1517,1568,0.414,0.124,0.462,2,3,4.0,-3.1,228,204
1931-03-22,Sport Vereent,Zilvermeeuwen,4,0,1468,1491,0.483,0.066,0.451,13,12,31.2,-33.1,181,187
1931-03-22,TOV (D),Regenboog,0,3,1692,1820,0.317,0.104,0.579,4,5,-28.8,26.0,198,186
1931-03-22,Thor (M),Wilskracht (B),0,4,1563,1580,0.468,0.113,0.420,5,4,-55.6,59.3,187,194
1931-03-22,UNA (L),Leeuwarden,2,2,1479,1526,0.422,0.120,0.458,2,3,2.4,-2.3,194,191
1931-03-22,Victoria (A),Kwiek,2,2,1624,1559,0.571,0.134,0.296,1,0,-10.0,15.0,131,160
1931-03-22,Vogel,HDS,14,1,1740,1350,0.900,0.038,0.063,8,3,20.9,-20.8,205,204
1931-03-22,Volharding (A),Animo²,3,3,1793,1507,0.824,0.073,0.103,3,0,-33.8,46.0,146,168
1931-03-22,Volt,Tekace,2,3,1623,1495,0.669,0.096,0.235,5,3,-52.7,37.0,204,171
1931-03-22,Voorwaarts (M),WWMD,2,1,1828,1671,0.702,0.093,0.205,5,2,-17.8,13.2,196,173
1931-03-22,Wees Kwiek,UDI (T),2,5,1328,1537,0.220,0.101,0.678,2,4,-21.3,18.2,210,188
1931-03-22,Wester,Vesta,0,1,1590,1674,0.373,0.113,0.514,3,4,-9.2,7.8,211,190
1931-03-22,ZKV (Za),Eendracht,1,4,1670,1921,0.180,0.092,0.728,1,4,-8.8,6.6,173,139
1931-03-22,Zeelandia,DOS (M),2,5,1773,1534,0.789,0.076,0.136,5,2,-113.6,81.4,208,178
1931-03-29,AKC (Al),Ons Clubje,1,0,1656,1469,0.729,0.099,0.173,3,0,-12.4,13.9,143,151
1931-03-29,Amersfoort,Blauw Wit,1,6,1585,1839,0.177,0.093,0.730,1,4,-18.1,13.8,145,125
1931-03-29,BKC (Be),Moedig Voorwaarts,2,1,1598,1638,0.436,0.114,0.450,3,4,18.6,-17.7,199,193
1931-03-29,Be Quick,Pechvogels,4,0,1495,1342,0.702,0.085,0.213,6,3,18.3,-20.2,175,187
1931-03-29,DDV,Westerkwartier,3,3,1859,1844,0.508,0.125,0.368,3,2,-5.1,5.6,128,134
1931-03-29,DED,Oosten,14,1,1785,1474,0.841,0.069,0.089,3,-1,17.9,-22.0,160,181
1931-03-29,DKC (De),Fluks,3,2,1756,1721,0.540,0.117,0.343,3,2,2.4,-2.5,136,140
1931-03-29,Deetos,Velox,8,1,2014,1745,0.815,0.068,0.117,5,2,13.6,-15.3,137,146
1931-03-29,Die Haghe,ALO,3,2,1714,1627,0.608,0.116,0.275,3,1,-2.7,3.0,153,159
1931-03-29,EKCA,Onder Ons,1,0,1620,1782,0.273,0.106,0.621,2,4,28.7,-28.6,151,151
1931-03-29,Eendracht,Rohda (A),8,0,1927,1734,0.740,0.090,0.170,4,1,20.1,-22.9,136,146
1931-03-29,Ervea,SVB,2,3,1321,1393,0.386,0.125,0.489,2,3,-10.1,10.2,175,175
1931-03-29,Friso (L),Sparta (Ze),0,6,1702,1706,0.482,0.123,0.395,3,2,-80.4,68.7,199,183
1931-03-29,HBS (H),Rozenburg,2,4,1653,1902,0.183,0.091,0.727,2,4,2.9,-2.3,151,141
1931-03-29,Hellas,ZKC (Zu),1,2,1643,1733,0.361,0.123,0.515,2,3,-5.0,5.9,143,157
1931-03-29,Hercules,Olympia (B),3,0,1867,1878,0.472,0.124,0.404,3,2,23.4,-23.0,129,128
1931-03-29,NEO,Volt,4,1,1354,1571,0.215,0.092,0.693,3,5,62.3,-77.6,167,186
1931-03-29,ONA,EMO,7,1,1493,1244,0.798,0.070,0.131,6,2,17.8,-22.1,161,183
1931-03-29,Oranje Zwart,Naas²,2,12,1357,1920,0.035,0.025,0.940,2,8,-10.0,6.8,191,148
1931-03-29,PSV,Tekace,5,2,1734,1532,0.755,0.077,0.167,6,3,3.2,-3.2,175,162
1931-03-29,Quick (Z),Excelsior (K),2,2,1252,1270,0.480,0.088,0.432,9,8,-2.9,3.2,185,194
1931-03-29,Rapiditas,Noviomagum,1,5,1533,1629,0.352,0.122,0.526,2,3,-42.4,30.1,176,146
1931-03-29,Rigtersbleek,HKC (He),2,2,1661,1578,0.599,0.124,0.277,2,1,-13.9,15.2,142,148
1931-03-29,Rohda (A),Vesta,0,1,1762,1682,0.601,0.113,0.286,3,2,-28.1,35.3,156,175
1931-03-29,Rood Wit (H),Ter Gouw,4,1,1707,1608,0.628,0.108,0.265,4,2,20.0,-23.6,172,190
1931-03-29,SAMOS,KCN,5,1,1582,1657,0.383,0.119,0.497,2,3,44.3,-42.9,149,146
1931-03-29,SVK,KVD,4,4,1735,1869,0.305,0.115,0.580,2,3,19.8,-10.4,191,140
1931-03-29,Samen Een,Rood Wit,0,2,1562,1619,0.410,0.118,0.472,2,3,-30.3,29.1,196,192
1931-03-29,Trekvogels (R),Regenboog,0,4,1637,1847,0.222,0.096,0.682,2,4,-27.4,22.5,195,173
1931-03-29,UDI (T),UNA (L),5,1,1555,1481,0.592,0.116,0.293,3,2,34.5,-35.0,176,177
1931-03-29,WIK (N),Dubbel Zes²,2,7,1212,1689,0.055,0.040,0.905,1,6,-7.3,7.1,227,207
1931-03-29,WK,Voorwaarts (M),1,0,1886,1810,0.596,0.111,0.293,4,2,-2.0,2.4,172,181
1931-03-29,WWMD,Nic,2,1,1684,1746,0.399,0.124,0.477,2,3,18.1,-21.9,164,181
1931-03-29,Wilskracht,Mercedes,1,2,1259,1212,0.553,0.122,0.324,3,2,-33.9,37.3,195,205
1931-03-29,Zuiden (R),HKV,7,1,2000,1845,0.698,0.098,0.204,4,2,21.5,-18.7,138,128
1931-03-29,Zwart Wit,Wit Blauw,3,5,1324,1465,0.298,0.110,0.593,3,4,-16.5,17.5,207,215
1931-04-05,MKC (Ma),KIOL,1,2,1201,1356,0.279,0.113,0.608,2,3,4.4,1.6,350,235
1931-04-06,Achilles (A),Oranje Zwart,3,2,1472,1348,0.658,0.107,0.235,3,1,-8.9,9.5,184,188
1931-04-06,BKC²,NEO,0,2,1224,1417,0.240,0.098,0.662,3,5,-4.7,4.1,218,159
1931-04-06,Deska,DED,1,3,1552,1804,0.174,0.104,0.722,0,2,-0.6,1.4,188,157
1931-04-06,Desto,Voordaan,0,6,898,1404,0.047,0.035,0.918,1,6,-9.9,8.5,220,189
1931-04-06,Dubbel Zes²,Samen Een,1,0,1697,1533,0.712,0.088,0.200,5,3,-19.8,15.2,201,179
1931-04-06,Fortuna (A),Excelsa,1,1,1530,1619,0.365,0.118,0.517,2,3,9.8,-11.3,197,211
1931-04-06,OJD,Thor (M),0,2,1320,1508,0.248,0.094,0.658,3,5,-5.7,5.1,247,175
1931-04-06,Ons Clubje,Naas²,0,5,1484,1927,0.068,0.040,0.891,2,8,-0.4,0.4,146,149
1931-04-06,SOS (A),Sparta (A)²,1,3,1306,1546,0.191,0.094,0.716,2,4,0.0,0.2,207,202
1931-04-06,Vogel,RCU,5,0,1761,1354,0.908,0.035,0.057,8,3,1.6,-0.2,199,227
1931-04-06,Volt,ONA,0,5,1494,1511,0.469,0.113,0.418,5,4,-57.7,47.1,174,156
1931-04-06,Wit Blauw,Laaresch,3,1,1484,1406,0.603,0.103,0.294,5,3,12.2,-12.9,195,203
1931-04-06,Zilvermeeuwen,Deska,2,1,1459,1600,0.286,0.135,0.579,0,1,33.3,-48.7,174,211
1931-04-12,Achilles (A),Ons Clubje,2,3,1464,1484,0.456,0.128,0.415,3,2,-18.7,13.5,172,144
1931-04-12,Advendo,Rohda (A),2,1,1611,1712,0.343,0.128,0.529,1,2,24.2,-20.3,158,144
1931-04-12,Bilthoven,AW,4,3,1803,1733,0.586,0.117,0.297,3,2,-0.9,1.0,138,142
1931-04-12,DOS (E),HKC (He),3,0,1783,1595,0.737,0.087,0.176,4,2,5.0,-5.0,144,144
1931-04-12,DWS,Sperwers,0,9,1183,1522,0.115,0.072,0.814,1,4,-37.5,33.0,222,206
1931-04-12,Deetos,Zuiden (R),2,3,2029,2023,0.504,0.108,0.388,5,4,-14.3,14.2,138,137
1931-04-12,Desto,Wilskracht (B),0,15,888,1641,0.011,0.012,0.977,-1,6,-5.9,4.8,211,181
1931-04-12,Dubbel Zes²,BKC (Be),4,2,1677,1618,0.578,0.105,0.317,5,3,13.9,-13.6,185,183
1931-04-12,EMO,PSV,0,11,1223,1738,0.044,0.033,0.922,1,7,-11.8,11.0,176,169
1931-04-12,Excelsior,DTV,3,4,1869,1939,0.388,0.125,0.486,1,2,-7.1,5.5,138,121
1931-04-12,Fluks,Ons Eibernest,3,4,1719,1798,0.375,0.127,0.498,1,2,-6.2,5.9,137,134
1931-04-12,Fortuna (A),SOS (A),12,0,1541,1307,0.782,0.078,0.140,4,1,29.8,-32.9,180,191
1931-04-12,Friso (A),Dio,3,1,1381,1512,0.310,0.115,0.575,2,3,104.7,-48.6,312,206
1931-04-12,Friso (L),WWMD,4,3,1623,1704,0.372,0.126,0.502,1,2,26.1,-19.5,183,157
1931-04-12,HBS (B),BVK,7,0,1537,1305,0.784,0.073,0.143,6,2,35.6,-37.1,212,218
1931-04-12,HKV,Vitesse (Leiden),4,3,1827,1863,0.431,0.134,0.435,0,1,10.5,-12.1,129,139
1931-04-12,Haarlem,Ados²,6,0,1638,1472,0.704,0.106,0.190,2,0,35.5,-32.8,183,174
1931-04-12,Hellas,'t Overschotje,2,2,1639,1667,0.448,0.125,0.427,3,2,-0.9,1.0,140,149
1931-04-12,Hermes (B),Frisia (Dr),0,1,1625,1498,0.662,0.105,0.233,3,2,-54.9,52.0,214,208
1931-04-12,Hermes (G),KIOL,1,3,1120,1358,0.193,0.092,0.714,2,4,-0.3,1.6,243,217
1931-04-12,KZ,Hercules,4,4,1917,1892,0.523,0.124,0.353,3,2,-6.9,6.2,135,128
1931-04-12,ODI (H),Olympiaan,5,3,1535,1517,0.511,0.124,0.364,3,2,31.8,-28.2,219,203
1931-04-12,OJD,Voordaan,3,0,1315,1413,0.355,0.113,0.532,3,4,69.5,-52.1,215,184
1931-04-12,ONA,NEO,5,3,1559,1421,0.682,0.091,0.227,5,3,-0.1,0.2,147,152
1931-04-12,OSCR,ALO,3,0,1637,1631,0.495,0.125,0.380,3,2,27.8,-29.3,149,153
1931-04-12,OTO,Kwiek,2,0,1740,1575,0.707,0.099,0.194,3,1,0.0,-0.0,155,155
1931-04-12,Olympia (B),DDV,5,4,1856,1855,0.488,0.123,0.389,3,2,5.9,-5.9,127,127
1931-04-12,Oranje Zwart,Rigtersbleek,3,4,1358,1649,0.144,0.092,0.764,0,2,22.4,-13.5,175,139
1931-04-12,Pechvogels,Wilskracht,3,3,1323,1226,0.633,0.092,0.275,6,4,-21.0,22.2,177,181
1931-04-12,RCU,HDS,7,2,1355,1331,0.526,0.113,0.361,4,3,63.9,-55.7,217,200
1931-04-12,Rapiditas,EKCA,0,3,1491,1650,0.271,0.120,0.609,1,2,-22.4,18.2,165,147
1931-04-12,ReadyTekca,Blauw Wit,0,6,1747,1854,0.341,0.114,0.545,3,4,-29.3,28.0,129,126
1931-04-12,Rood Wit,WIK (N),4,2,1649,1206,0.920,0.036,0.044,5,0,-25.1,41.5,178,219
1931-04-12,Rood Zwart,Annen,1,1,1725,1576,0.693,0.093,0.214,5,3,-37.3,41.1,222,232
1931-04-12,Rozenburg,Die Haghe,5,3,1901,1712,0.735,0.091,0.174,4,1,-2.8,3.3,140,148
1931-04-12,Samen Een,Moedig Voorwaarts,3,2,1549,1622,0.387,0.117,0.496,2,3,19.9,-22.3,169,179
1931-04-12,Swift,Westerkwartier,1,4,1879,1851,0.525,0.127,0.348,2,1,-31.2,35.0,124,132
1931-04-12,TOGO (A),KCN,0,5,1524,1615,0.359,0.121,0.520,2,3,-41.3,33.8,159,142
1931-04-12,Tekace,Blauw Wit (B),4,2,1530,1150,0.892,0.044,0.064,6,1,-20.8,26.3,158,175
1931-04-12,Trekvogels (R),TOV (D),3,0,1611,1665,0.413,0.120,0.467,2,3,46.6,-48.0,182,185
1931-04-12,Voorwaarts (M),Sparta (Ze),3,4,1814,1776,0.546,0.110,0.343,4,3,-25.3,25.6,171,172
1931-04-12,WK,Nic,8,1,1885,1726,0.699,0.102,0.199,3,1,31.3,-33.0,164,169
1931-04-12,ZKC (Zu),Onder Ons,2,2,1740,1755,0.470,0.116,0.414,4,3,-2.6,2.5,150,147
1931-04-12,ZKV (Za),Avanti²,1,5,1662,1822,0.273,0.113,0.614,2,3,-30.0,23.3,168,146
1931-04-19,'t Overschotje,ZKC (Zu),1,1,1668,1737,0.387,0.127,0.486,1,2,4.2,-4.3,141,143
1931-04-19,ALO,HSV,4,4,1602,1786,0.244,0.111,0.645,1,3,18.0,-19.6,145,151
1931-04-19,Achilles (A),DOS (E),2,8,1445,1788,0.115,0.065,0.820,2,6,-14.7,11.8,159,139
1931-04-19,BKC²,Tekace,1,8,1220,1509,0.150,0.079,0.770,2,5,-32.8,22.0,197,156
1931-04-19,Blauw Wit (B),ONA,4,8,1177,1559,0.094,0.055,0.851,2,6,-0.5,1.1,171,142
1931-04-19,DKC (De),HKV,2,2,1760,1838,0.377,0.124,0.499,2,3,5.1,-4.2,137,125
1931-04-19,ELTO,DOS (M),7,3,1573,1617,0.427,0.119,0.453,2,3,55.2,-51.5,183,176
1931-04-19,EMO,NEO,1,5,1212,1422,0.222,0.095,0.683,2,5,-21.9,16.3,174,146
1931-04-19,Fluks,Zuiden (R),1,3,1713,2037,0.126,0.071,0.803,2,5,8.7,-8.7,132,132
1931-04-19,ODI (H),Phoenix (Z),2,2,1567,1532,0.537,0.121,0.342,3,2,-12.1,15.3,196,218
1931-04-19,OTO,Hercules,0,1,1740,1898,0.277,0.109,0.614,2,4,4.2,-2.7,149,125
1931-04-19,Onder Ons,Rapiditas,7,0,1758,1469,0.831,0.064,0.105,5,1,13.1,-15.7,140,155
1931-04-19,Oranje Zwart,Ons Clubje,1,3,1380,1497,0.319,0.132,0.549,1,2,-18.3,13.3,166,138
1931-04-19,PSV,Volt,5,1,1750,1437,0.851,0.055,0.094,6,2,1.3,-1.4,167,163
1931-04-19,SAMOS,Oosterpark,2,2,1628,1351,0.819,0.070,0.111,4,1,-33.8,42.2,147,163
1931-04-19,TOP (Hg),Te Werve,0,3,1362,1679,0.128,0.078,0.794,1,4,-13.4,13.4,270,272
1931-04-19,TOV (D),Quick (D),3,1,1617,1501,0.650,0.105,0.245,4,2,6.7,-8.1,170,203
1931-04-19,Thor (M),OJD,2,1,1514,1385,0.671,0.093,0.236,5,3,-9.9,13.6,168,192
1931-04-19,Velox,Vitesse (Leiden),4,3,1732,1851,0.322,0.120,0.558,2,3,23.7,-19.3,148,133
1931-04-19,Volharding,Zeelandia,1,7,1170,1661,0.049,0.042,0.910,0,4,-18.4,14.1,246,200
1931-04-19,Wilskracht (B),Desto,34,0,1646,883,0.986,0.007,0.007,9,0,3.3,-4.0,181,210
1931-04-19,ZKC '19,Dowocs,2,1,1438,1412,0.531,0.110,0.360,5,4,6.7,-6.2,214,200
1931-04-26,Achilles (A),Rigtersbleek,3,3,1430,1635,0.223,0.106,0.672,1,3,23.2,-18.8,154,139
1931-04-26,Achilles (H),Regenboog,3,7,1706,1870,0.285,0.075,0.640,8,10,-17.4,17.6,169,170
1931-04-26,Annen,TOP (As),5,2,1617,1463,0.700,0.090,0.210,5,3,16.7,-19.3,211,238
1931-04-26,Dio,Frisia (Dr),4,7,1462,1550,0.365,0.121,0.514,2,3,-39.3,38.8,194,193
1931-04-26,Dubbel Zes²,Moedig Voorwaarts,1,1,1691,1599,0.620,0.106,0.274,4,3,-20.2,18.9,173,168
1931-04-26,EKCA,ZKC (Zu),1,0,1668,1732,0.392,0.131,0.477,1,2,16.2,-14.7,143,137
1931-04-26,ELTO,Zeelandia,2,3,1628,1675,0.421,0.122,0.457,2,3,-12.6,16.2,169,194
1931-04-26,HKC (He),Oranje Zwart,2,0,1589,1361,0.772,0.088,0.140,3,0,-4.5,5.7,143,155
1931-04-26,Hermes (B),Kinea (K),0,4,1569,1502,0.584,0.115,0.301,3,2,-79.0,85.6,197,205
1931-04-26,KZ,DDV,1,3,1910,1849,0.574,0.118,0.308,3,2,-30.4,27.7,133,127
1931-04-26,OTO,Rohda (A),3,2,1744,1692,0.562,0.118,0.320,3,2,0.9,-0.9,142,141
1931-04-26,Onder Ons,Noviomagum,3,2,1770,1660,0.646,0.099,0.255,5,3,-6.1,7.2,138,148
1931-04-26,Pechvogels,Mercedes,1,2,1302,1250,0.571,0.100,0.329,5,4,-24.8,32.5,167,192
1931-04-26,RODA (W),Sport,1,1,1522,1580,0.407,0.122,0.471,2,3,4.6,-3.3,201,170
1931-04-26,Rapid (A),Kadimah,5,0,1420,1266,0.697,0.095,0.208,4,2,43.1,-46.7,224,236
1931-04-26,Rapiditas,Hellas,3,1,1453,1638,0.243,0.110,0.647,1,3,45.5,-37.3,151,137
1931-04-26,Samen Een,BKC (Be),1,8,1568,1604,0.442,0.112,0.446,3,4,-53.0,60.2,160,172
1931-04-26,Schiedam,Oosten (R),8,0,1433,1148,0.827,0.065,0.107,5,1,38.0,-42.7,232,250
1931-04-26,Sparta (W),Wez Fluch,2,1,1438,1449,0.473,0.121,0.407,4,3,14.9,-16.8,205,221
1931-04-26,Tekace,ONA,1,0,1531,1559,0.454,0.109,0.437,5,4,10.4,-9.1,151,140
1931-04-26,Volt,EMO,10,0,1435,1189,0.794,0.076,0.131,5,1,22.4,-23.4,159,163
1931-04-26,Voorwaarts (M),Nic,9,0,1788,1692,0.624,0.107,0.269,4,2,38.9,-39.3,162,162
1931-04-26,WK,Friso (L),9,2,1916,1648,0.809,0.076,0.115,3,0,19.4,-21.9,159,170
1931-04-26,WKC (Wi),MKC (Markelo),0,3,1275,1457,0.251,0.100,0.649,3,5,-37.1,37.5,272,274
1931-04-26,Zwaluwen (H),Hinde,6,0,1626,1552,0.590,0.117,0.293,3,2,38.4,-37.6,160,158
1931-05-03,AKC (Al),HKC (He),6,1,1642,1583,0.569,0.123,0.308,2,1,33.7,-29.6,150,140
1931-05-03,Advendo,Animo²,5,2,1633,1552,0.597,0.122,0.281,2,1,21.1,-26.1,154,174
1931-05-03,Blauw Wit (H),VZK,1,3,1481,1417,0.582,0.111,0.307,4,3,-36.4,106.6,175,310
1931-05-03,Blauw Wit,DDV,4,6,1879,1875,0.498,0.115,0.387,4,3,-21.8,20.0,129,123
1931-05-03,DED,Deska,8,2,1803,1549,0.795,0.084,0.121,3,0,19.6,-24.9,158,182
1931-05-03,DVD²,Bilthoven,1,4,1815,1800,0.514,0.113,0.373,4,3,-33.2,33.2,139,139
1931-05-03,ELTO,Volharding,13,0,1613,1148,0.927,0.035,0.038,5,0,10.1,-18.5,158,235
1931-05-03,Fluks,HKV,5,3,1719,1831,0.329,0.126,0.544,1,2,29.3,-25.9,133,125
1931-05-03,Frisia (Dr),Kinea (K),5,2,1587,1586,0.491,0.118,0.390,4,3,35.4,-39.0,177,187
1931-05-03,Haarlem,Baerne,1,2,1671,1685,0.470,0.119,0.412,4,3,-18.8,17.2,176,167
1931-05-03,Hellas,Rapiditas,1,2,1599,1496,0.630,0.112,0.258,3,2,-24.8,29.3,133,145
1931-05-03,KIA,Driemaal Vier,5,0,1151,1313,0.276,0.102,0.622,3,5,121.9,-122.7,250,251
1931-05-03,KIOS (R),Vitesse (Be),1,6,1193,1503,0.136,0.073,0.791,2,5,-63.7,63.7,350,350
1931-05-03,Moedig Voorwaarts,WIK (N),6,0,1616,1245,0.886,0.047,0.067,6,1,9.9,-15.2,158,215
1931-05-03,Nic,Voorwaarts (M),1,4,1651,1825,0.260,0.104,0.636,2,4,-14.9,14.8,154,153
1931-05-03,OJD,Desto,14,0,1396,876,0.946,0.025,0.029,7,1,9.7,-12.4,180,212
1931-05-03,OTO,Amersfoort,5,1,1743,1566,0.722,0.095,0.183,4,1,12.9,-15.3,136,151
1931-05-03,Onder Ons,Naas²,2,3,1762,1926,0.282,0.084,0.635,6,8,5.7,-8.0,134,154
1931-05-03,Ons Clubje,Achilles (A),2,2,1508,1451,0.568,0.120,0.313,3,2,-10.2,11.9,136,147
1931-05-03,RCU,HDS,7,1,1416,1273,0.687,0.093,0.219,5,3,40.5,-36.9,198,187
1931-05-03,Regenboog,Achilles (H),5,2,1886,1686,0.762,0.060,0.178,11,7,-3.9,3.8,160,159
1931-05-03,Sparta (Ze),WK,1,0,1799,1933,0.307,0.111,0.582,3,4,29.1,-25.5,165,154
1931-05-03,Sport Vereent,Blauw Wit,2,0,1498,1858,0.117,0.035,0.848,10,17,73.0,-32.8,178,122
1931-05-03,Trekvogels (R),Quick (D),4,3,1655,1490,0.707,0.099,0.193,3,1,-13.3,16.2,173,187
1931-05-03,WWMD,Friso (L),5,3,1682,1625,0.568,0.119,0.313,3,2,12.8,-14.2,154,164
1931-05-03,Wees Kwiek,Leeuwarden,0,3,1306,1523,0.214,0.096,0.690,2,4,-16.9,15.1,201,186
1931-05-03,Wilskracht (B),Voordaan,3,0,1647,1358,0.845,0.038,0.116,15,9,-20.5,18.4,184,176
1931-05-03,Zeevaartschool,Zeelandia,1,7,1647,1689,0.431,0.115,0.454,3,4,-54.7,59.0,169,176
1931-05-03,Zuidland,VIOS (H),1,5,1363,1369,0.482,0.117,0.401,4,3,-68.3,69.3,206,208
1931-05-10,'t Overschotje,Rapiditas,2,3,1669,1525,0.682,0.104,0.214,3,1,-32.5,31.5,141,139
1931-05-10,Advendo (P),DOS (U),5,0,1357,1103,0.804,0.070,0.127,5,2,14.5,-13.4,169,161
1931-05-10,Amersfoort,Volharding (A),3,4,1550,1758,0.217,0.109,0.673,1,3,7.7,-9.5,145,158
1931-05-10,Animo²,Advendo,3,7,1526,1654,0.308,0.125,0.567,1,2,-34.0,28.4,162,147
1931-05-10,BVK,VIOS (Ki),1,2,1266,1419,0.282,0.110,0.608,2,4,2.6,-4.4,172,202
1931-05-10,CKWO,Volharding (A),1,1,1129,1749,0.024,0.023,0.954,0,6,101.8,-45.2,213,148
1931-05-10,DDV,Blauw Wit,8,3,1894,1824,0.588,0.114,0.299,3,2,21.4,-21.9,121,122
1931-05-10,DKC (De),Velox,5,3,1762,1752,0.505,0.117,0.379,4,3,14.4,-16.2,137,146
1931-05-10,DOS (U),Rasch,2,0,1095,1007,0.619,0.100,0.282,5,4,7.8,-7.8,175,175
1931-05-10,De Musschen,CKWO,0,0,1077,1231,0.281,0.110,0.609,2,4,16.9,-25.6,170,207
1931-05-10,ELTO,Excelsior (Z),4,1,1623,1556,0.585,0.112,0.303,4,2,20.7,-33.4,157,209
1931-05-10,ELTO,HMS (D),4,2,1639,1469,0.718,0.088,0.194,5,2,-2.0,3.5,138,162
1931-05-10,FSC²,Vitesse (Be),0,9,1567,1567,0.490,0.118,0.392,4,3,-59.8,158.2,175,303
1931-05-10,Friso (A),Hermes (B),2,4,1483,1488,0.480,0.124,0.396,3,2,-63.6,34.3,257,183
1931-05-10,Friso (L),Voorwaarts (M),2,3,1610,1839,0.202,0.094,0.705,2,4,12.9,-11.5,154,146
1931-05-10,HBS (B),KIOL,1,0,1492,1373,0.657,0.098,0.246,5,3,-9.3,10.2,178,185
1931-05-10,HBS (B),VIOS (Ki),2,2,1521,1378,0.688,0.090,0.222,5,3,-28.9,41.1,192,227
1931-05-10,HDS (O),De Musschen,10,0,1551,1088,0.926,0.036,0.038,4,-1,16.3,-11.8,216,175
1931-05-10,HDS (O),Rust Roest (Z),0,3,1649,1539,0.642,0.107,0.251,4,2,-69.3,86.3,186,208
1931-05-10,HKV,Zuiden (R),1,3,1805,2025,0.209,0.098,0.694,2,4,-0.1,-0.1,122,136
1931-05-10,Hercules,Westerkwartier,4,4,1892,1883,0.500,0.124,0.376,3,2,-4.5,5.1,128,136
1931-05-10,Hermes (G),BVK,0,2,1117,1265,0.289,0.110,0.601,2,4,-17.7,16.0,223,207
1931-05-10,Hermes (G),MKC (Ma),0,2,1099,1305,0.223,0.101,0.675,2,4,-7.0,7.7,198,252
1931-05-10,KIA,KIOS (R),5,3,1273,1129,0.689,0.091,0.220,5,3,6.1,-4.2,221,303
1931-05-10,KIOL,BVK,2,0,1356,1281,0.595,0.115,0.291,3,2,17.0,-14.8,206,188
1931-05-10,KVD,Sport,3,2,1857,1574,0.824,0.069,0.107,4,1,-22.5,27.0,149,162
1931-05-10,KZ,Eendracht,1,4,1877,1946,0.391,0.121,0.488,2,3,-22.4,27.4,131,147
1931-05-10,Kinea (K),Frisia (Dr),7,2,1546,1622,0.383,0.118,0.499,2,3,61.1,-56.6,171,165
1931-05-10,MKC (Ma),HBS (B),1,1,1203,1569,0.102,0.059,0.839,2,6,102.3,-48.4,283,203
1931-05-10,Moedig Voorwaarts,BKC (Be),1,3,1625,1662,0.440,0.114,0.446,3,4,-22.9,24.7,156,162
1931-05-10,NSF,Fortuna,13,1,1709,1377,0.862,0.056,0.083,5,1,32.7,-33.3,229,232
1931-05-10,Naas²,Onder Ons,1,1,1917,1767,0.704,0.076,0.220,8,5,-23.3,18.1,147,130
1931-05-10,Ons Clubje,DOS (E),0,5,1497,1797,0.142,0.079,0.779,1,4,-11.4,13.1,132,143
1931-05-10,Oosten (R),Schiedam,0,8,1103,1468,0.101,0.062,0.836,1,5,-35.5,32.3,232,218
1931-05-10,Oranje Zwart,HKC (He),3,4,1365,1552,0.238,0.114,0.647,1,2,6.6,-4.9,153,134
1931-05-10,Samen Een,Dubbel Zes²,3,4,1513,1668,0.282,0.105,0.613,3,4,3.8,-4.5,154,164
1931-05-10,Sperwers,Vreewijk,4,2,1552,1526,0.529,0.112,0.358,4,3,22.9,-25.7,200,215
1931-05-10,Swastika,TOP (As),5,0,1545,1441,0.638,0.099,0.262,5,3,51.8,-46.5,230,215
1931-05-10,UNI (S),Advendo (P),4,2,967,1438,0.057,0.041,0.902,1,6,144.7,-80.4,228,175
1931-05-10,VADA,Wilskracht,5,0,1426,1246,0.731,0.084,0.185,5,3,25.8,-23.6,185,175
1931-05-10,Vitesse (Leiden),Ons Eibernest,4,5,1829,1801,0.526,0.125,0.349,3,2,-17.8,18.6,135,138
1931-05-10,Volharding (A),HDS (O),3,5,1703,1567,0.672,0.107,0.221,3,1,-40.7,81.8,146,208
1931-05-10,WWMD,WK,1,6,1694,1907,0.215,0.102,0.683,2,4,-22.2,22.4,146,147
1931-05-10,Wilskracht (B),OJD,1,1,1626,1405,0.788,0.048,0.164,14,9,-38.8,39.6,176,178
1931-05-10,ZKV (Za),Sportief,1,5,1629,1959,0.119,0.077,0.803,0,4,-10.7,10.9,165,167
1931-05-10,Zeelandia,Excelsior (Z),1,1,1694,1522,0.716,0.096,0.188,4,1,-24.6,37.0,153,185
1931-05-10,Zeelandia,Zeevaartschool,0,2,1748,1597,0.696,0.093,0.211,5,2,-53.4,47.9,163,155
1931-05-10,Zeevaartschool,CKWO,6,0,1591,1136,0.926,0.032,0.042,7,1,5.3,-7.1,158,222
1931-05-10,Zeevaartschool,ELTO,2,1,1659,1643,0.515,0.112,0.373,4,3,4.2,-4.6,139,148
1931-05-10,Zeevaartschool,HMS (D),4,0,1645,1489,0.703,0.090,0.207,5,3,14.3,-19.4,146,175
1931-05-14,Friso (L),WK,0,5,1627,1933,0.135,0.082,0.783,1,4,-14.2,13.2,146,140
1931-05-14,Oranje Zwart,Achilles (A),3,5,1375,1467,0.360,0.121,0.519,2,3,-15.4,14.9,144,142
1931-05-14,Rood Wit,BKC (Be),2,1,1625,1691,0.399,0.116,0.485,2,3,21.9,-15.3,183,151
1931-05-14,Sparta (Ze),Voorwaarts (M),3,2,1832,1832,0.493,0.113,0.394,5,4,7.3,-6.1,156,140
1931-05-14,Wees Kwiek,UNA (L),0,1,1292,1448,0.279,0.109,0.611,2,4,4.2,-3.6,187,178
1931-05-17,Amersfoort,OTO,0,2,1562,1759,0.231,0.106,0.663,1,3,-3.2,3.1,140,136
1931-05-17,BKC (Be),Samen Een,3,5,1675,1520,0.702,0.090,0.208,5,3,-42.4,44.9,142,147
1931-05-17,BVK,VIOS (Ki),0,2,1272,1419,0.290,0.113,0.597,2,3,-10.8,13.1,162,184
1931-05-17,DOS (M),ELTO,5,6,1566,1641,0.387,0.114,0.499,3,4,-7.9,5.2,171,135
1931-05-17,DTV,Naas²,3,1,1945,1898,0.565,0.099,0.336,6,4,7.3,-8.4,130,141
1931-05-17,Dubbel Zes²,Rood Wit,0,2,1667,1647,0.519,0.118,0.363,4,3,-31.6,36.1,155,166
1931-05-17,HKC (He),Achilles (A),1,3,1552,1481,0.587,0.115,0.297,3,2,-30.1,31.8,131,135
1931-05-17,KIOL,MKC (Ma),1,0,1387,1317,0.586,0.119,0.295,3,2,0.5,0.9,172,221
1931-05-17,KIOS (R),Driemaal Vier,6,0,1129,1194,0.401,0.112,0.487,3,4,110.4,-87.7,255,224
1931-05-17,Ons Clubje,Oranje Zwart,3,0,1490,1360,0.660,0.116,0.224,2,0,11.8,-12.8,130,136
1931-05-17,Renesse Vooruit,Zwaluwen (E),0,0,1132,1309,0.256,0.107,0.637,2,4,33.0,-31.4,241,235
1931-05-17,SDO (K)²,KIOL (Z),1,1,1059,1222,0.274,0.103,0.623,3,5,37.2,-29.5,289,259
1931-05-17,Sparta (Ze),Nic,3,1,1839,1640,0.748,0.087,0.165,4,1,-4.2,4.5,146,149
1931-05-17,Swastika,Annen,0,2,1601,1635,0.444,0.114,0.442,5,4,-35.9,33.7,206,199
1931-05-17,TOP (As),Rood Zwart,1,2,1399,1688,0.151,0.078,0.771,2,5,25.1,-29.4,196,210
1931-05-17,VIOS (H),Zwaluwen (He),2,0,1442,1586,0.296,0.107,0.597,3,4,49.9,-63.1,190,215
1931-05-17,Vitesse (Leiden),HSV,4,5,1815,1767,0.554,0.122,0.324,3,2,-18.3,24.9,130,152
1931-05-17,Wez Fluch,Quick '21,5,0,1434,1570,0.302,0.116,0.582,2,3,72.6,-198.4,201,350
1931-05-17,ZKC '19,UDI (H),6,0,1445,1415,0.534,0.114,0.352,4,3,58.4,-78.1,198,235
1931-05-17,Zuiden (R),WK,1,1,2029,1947,0.608,0.107,0.285,4,3,-12.5,13.2,132,136
1931-05-24,Advendo (P),DOS (U),8,0,1375,1092,0.827,0.064,0.109,5,2,19.6,-18.3,165,159
1931-05-24,BVK,HBS (B),2,5,1260,1486,0.206,0.094,0.700,2,4,-9.4,10.7,154,169
1931-05-24,HDS (O),Excelsior (Z),1,1,1583,1562,0.517,0.122,0.361,3,2,-9.1,9.0,176,175
1931-05-24,Rapide,ELTO,1,3,1390,1645,0.177,0.092,0.731,1,4,7.7,0.3,251,130
1931-05-24,SSS (H),Rust Roest (Z),1,3,1316,1628,0.132,0.079,0.789,1,4,12.2,-7.8,221,192
1931-05-27,Blauw Wit,Sportief,1,2,1805,1973,0.262,0.115,0.623,1,3,2.6,-5.4,124,165
1931-05-31,BKC (Be),Dubbel Zes²,3,2,1632,1635,0.489,0.113,0.398,5,4,6.5,-7.2,141,149
1931-05-31,Be Quick,Hellas,1,2,1515,1577,0.396,0.132,0.472,1,2,-13.7,8.3,183,138
1931-05-31,DDV,Sportief,4,3,1919,1968,0.417,0.126,0.457,1,2,10.3,-15.4,124,153
1931-05-31,DOS (U),Rasch,4,3,1074,1002,0.596,0.105,0.300,5,3,-2.2,2.9,154,168
1931-05-31,Frisia (Dr),Friso (A),4,1,1568,1422,0.686,0.100,0.214,4,2,13.0,-21.2,159,222
1931-05-31,HDS (O),SSS (H),4,0,1574,1328,0.793,0.077,0.130,4,1,11.5,-15.6,164,204
1931-05-31,KIA,Vitesse (Be),1,2,1282,1728,0.065,0.046,0.889,1,6,45.1,-66.5,209,246
1931-05-31,KIOS (R),FSC²,5,1,1238,1510,0.165,0.082,0.752,2,5,131.7,-77.6,222,171
1931-05-31,Kinea (K),Dio,7,4,1610,1424,0.735,0.089,0.176,4,2,8.1,-9.3,164,186
1931-05-31,Leeuwarden,UDI (T),5,1,1540,1591,0.416,0.124,0.460,2,3,56.0,-56.8,180,182
1931-05-31,Moedig Voorwaarts,Rood Wit,3,2,1605,1682,0.378,0.124,0.498,2,3,18.5,-19.7,152,158
1931-05-31,Olympia (Z),Rust Roest (Z),2,1,1470,1620,0.283,0.116,0.600,2,3,50.5,-34.3,221,182
1931-05-31,Oranje Zwart,Wit Blauw,3,3,1346,1496,0.287,0.110,0.603,2,4,11.2,-23.6,135,193
1931-05-31,RODA (W),Ados²,1,1,1528,1439,0.611,0.116,0.274,3,1,-22.3,19.7,189,178
1931-05-31,Regenboog,GKV,4,2,1884,1801,0.609,0.106,0.285,4,3,8.8,-12.1,161,201
1931-05-31,Sparta (W),Quick '21,3,2,1453,1370,0.603,0.116,0.281,3,2,0.0,3.9,195,273
1931-05-31,Vreewijk,Sperwers,3,1,1503,1578,0.386,0.115,0.498,3,4,41.9,-38.1,197,187
1931-05-31,Wez Handich,VKC (S),2,2,1309,1347,0.440,0.112,0.448,3,4,1.3,-0.3,350,175
1931-06-04,Achilles (A),AKC (Al),5,1,1513,1679,0.268,0.107,0.624,2,4,46.5,-58.8,135,152
1931-06-07,Achilles (H),GKV,1,3,1693,1789,0.372,0.084,0.544,8,9,-10.4,12.7,162,183
1931-06-07,Be Quick (O),HMS (D),3,10,905,1476,0.032,0.026,0.942,1,7,-5.5,5.0,175,162
1931-06-07,DOS (D),Rust Roest (Z),0,4,1522,1587,0.397,0.121,0.482,2,3,-70.1,41.5,229,170
1931-06-07,Dio,Hermes (B),6,4,1415,1526,0.335,0.118,0.547,2,3,41.9,-43.6,175,178
1931-06-07,Eendracht,HSV,2,1,1977,1792,0.733,0.089,0.178,4,2,-14.3,14.7,147,149
1931-06-07,Excelsior (Z),DOS (D),4,1,1572,1451,0.655,0.106,0.239,3,2,16.7,-22.2,165,198
1931-06-07,HKC (He),Naas²,2,8,1521,1889,0.103,0.054,0.843,3,7,-7.6,8.4,133,141
1931-06-07,Hellas,Be Quick,1,2,1585,1501,0.603,0.119,0.278,2,1,-22.5,35.3,133,167
1931-06-07,KZ,Westerkwartier,2,0,1858,1892,0.439,0.127,0.434,3,2,20.3,-21.3,136,139
1931-06-07,Kinea (K),Friso (A),7,1,1619,1402,0.768,0.080,0.152,5,2,20.6,-30.7,157,199
1931-06-07,Rasch,Advendo (P),0,1,1005,1395,0.090,0.055,0.855,2,6,29.3,-31.2,158,162
1931-06-07,Rozenburg,Fluks,5,1,1898,1752,0.689,0.097,0.214,4,2,18.1,-15.2,155,140
1931-06-07,SSS (H),Olympia (Z),2,1,1313,1521,0.221,0.103,0.676,2,4,48.3,-51.6,191,197
1931-06-07,Sportief,DDV,1,4,1953,1929,0.522,0.120,0.358,3,2,-39.2,28.1,145,122
1931-06-07,UDI (T),Wees Kwiek,3,4,1535,1296,0.787,0.078,0.135,4,1,-53.0,59.8,168,178
1931-06-07,VKC (S),ODA (B),1,2,1348,1666,0.131,0.071,0.798,2,5,13.7,-81.5,168,350
1931-06-07,Volharding (A),OTO,3,1,1666,1762,0.354,0.122,0.524,2,3,32.2,-27.4,150,138
1931-06-07,Wez Fluch,Sparta (W),1,2,1506,1453,0.565,0.114,0.321,4,2,-34.4,30.6,194,182
1931-06-07,Wit Blauw,Oranje Zwart,1,0,1473,1358,0.651,0.102,0.247,4,2,-10.1,5.1,176,132
1931-06-07,ZKV (Za),KVD,4,2,1622,1838,0.215,0.099,0.686,2,4,55.4,-47.4,166,154
1931-06-07,Zeelandia,Volharding,12,1,1673,1133,0.951,0.025,0.025,5,0,7.0,-12.7,155,233
1931-06-14,CKWO,HBS (G),3,1,1284,1358,0.389,0.112,0.499,3,4,32.3,-60.4,179,252
1931-06-14,CKWO,VIOS (M),4,1,1209,1407,0.235,0.097,0.668,3,5,74.9,-92.0,195,217
1931-06-14,DOS (D),HDS (O),4,5,1430,1586,0.279,0.110,0.611,2,4,4.4,-3.1,182,161
1931-06-14,DTV,Zuiden (R),1,3,1952,2017,0.399,0.119,0.482,2,3,-16.0,16.4,135,137
1931-06-14,ELTO,DOS (M),3,3,1646,1554,0.623,0.102,0.275,5,3,-13.5,17.6,135,153
1931-06-14,Eendracht,Hercules,1,5,1963,1892,0.592,0.111,0.297,4,2,-49.7,45.3,143,136
1931-06-14,Excelsior (Z),Olympia (Z),2,1,1589,1469,0.652,0.109,0.239,3,1,-6.4,9.3,157,182
1931-06-14,Fluks,Rozenburg,3,2,1737,1917,0.253,0.105,0.642,2,4,25.8,-30.7,136,148
1931-06-14,GKV,Regenboog,2,4,1802,1894,0.364,0.113,0.523,3,4,-18.0,15.7,168,156
1931-06-14,HBS (B),Noordster,6,0,1497,1314,0.738,0.077,0.185,7,4,23.4,-41.4,164,234
1931-06-14,HBS (G),De Musschen,4,1,1358,1097,0.808,0.072,0.121,5,1,0.0,-4.5,290,170
1931-06-14,Hellas,Be Quick,1,2,1563,1537,0.522,0.127,0.350,2,1,-16.2,23.4,130,156
1931-06-14,Hermes (B),Friso (A),5,1,1483,1372,0.643,0.108,0.249,3,2,25.9,-31.7,165,186
1931-06-14,MKC (Ma),Hermes (G),4,0,1317,1096,0.771,0.082,0.147,4,1,19.1,-17.9,202,193
1931-06-14,Moedig Voorwaarts,Dubbel Zes²,2,1,1624,1629,0.486,0.117,0.397,4,3,7.5,-7.3,147,145
1931-06-14,OTO,Volharding (A),3,1,1735,1699,0.539,0.121,0.340,3,2,11.8,-13.4,133,142
1931-06-14,Quick '21,Wez Fluch,3,3,1375,1472,0.354,0.119,0.527,2,3,15.6,-8.8,233,177
1931-06-14,Quick (D),Trekvogels (R),3,2,1509,1645,0.302,0.118,0.580,2,3,35.7,-31.8,185,175
1931-06-14,Rasch,DOS (U),0,2,1035,1072,0.441,0.112,0.448,3,4,-22.4,21.1,154,150
1931-06-14,Sportief,Blauw Wit,3,4,1914,1809,0.633,0.112,0.255,3,1,-27.6,23.3,138,127
1931-06-14,Wez Handich,ODA (B),2,4,1312,1585,0.165,0.081,0.754,2,5,3.6,-6.1,266,288
1931-06-14,Zeevaartschool,DOS (M),4,2,1667,1558,0.645,0.099,0.256,5,3,3.6,-4.2,144,165
1931-06-14,Zeevaartschool,ELTO,3,2,1670,1633,0.548,0.110,0.342,4,3,1.4,-1.3,136,128
1931-06-14,Zwaluwen (E),Renesse Vooruit,0,0,1277,1165,0.645,0.106,0.249,4,2,-30.0,31.1,217,220
1931-06-21,DOS (U),Advendo (P),2,7,1090,1360,0.166,0.083,0.751,2,5,-15.0,18.5,142,161
1931-06-21,ELTO,DOS (M),4,1,1628,1568,0.578,0.107,0.315,4,3,13.5,-17.9,125,146
1931-06-21,FSC²,Driemaal Vier,1,3,1430,1102,0.859,0.056,0.085,5,1,-72.4,115.2,169,209
1931-06-21,HDS (O),DOS (D),6,2,1580,1431,0.692,0.097,0.211,4,2,17.7,-20.9,153,168
1931-06-21,Noordster,HBS (B),1,14,1269,1517,0.189,0.079,0.731,4,6,-46.4,28.6,210,158
1931-06-21,SSS (H),Excelsior (Z),1,3,1358,1579,0.208,0.101,0.691,1,3,-1.7,1.9,180,150
1931-06-21,TOP (As),Annen,11,2,1420,1665,0.189,0.086,0.725,3,5,114.1,-110.6,193,190
1931-06-21,UDI (H),Dowocs,1,7,1334,1403,0.395,0.114,0.491,3,4,-73.0,64.6,214,199
1931-06-21,VIOS (Ki),BVK,2,1,1428,1249,0.727,0.091,0.182,4,2,-18.8,13.7,178,155
1931-06-21,VZK,Blauw Wit (H),3,3,1523,1445,0.602,0.109,0.289,4,2,-33.3,15.7,258,180
1931-06-21,Zuiden (R),DTV,1,3,2030,1933,0.626,0.107,0.267,4,2,-32.9,32.1,132,130
1931-06-28,Annen,Rood Zwart,4,0,1555,1655,0.351,0.113,0.535,3,4,59.1,-76.8,178,204
1931-06-28,BVK,Noordster,7,2,1262,1223,0.550,0.110,0.340,4,3,32.4,-50.7,150,192
1931-06-28,DOS (D),SSS (H),4,2,1410,1356,0.566,0.116,0.319,3,2,13.2,-14.5,159,168
1931-06-28,DTV,Zuiden (R),3,1,1965,1997,0.445,0.120,0.435,4,3,17.1,-17.5,127,128
1931-06-28,Excelsior (Z),Rust Roest (Z),0,1,1581,1625,0.424,0.126,0.450,1,2,-10.7,13.6,145,165
1931-06-28,Frisia (Dr),Hermes (B),4,1,1579,1505,0.593,0.113,0.293,3,2,21.3,-21.0,160,159
1931-06-28,Quick '21,Sparta (W),3,2,1387,1481,0.357,0.122,0.521,2,3,33.1,-24.0,205,174
1931-06-28,Vitesse (Be),FSC²,6,3,1659,1357,0.840,0.064,0.097,5,1,-6.2,0.3,236,164
1931-07-05,Advendo (P),Rasch,12,2,1379,1009,0.886,0.046,0.068,6,1,12.7,-12.0,157,151
1931-07-05,FSC²,KIA,4,7,1358,1325,0.540,0.112,0.348,4,3,-42.0,68.7,160,208
1931-07-05,HBS (B),UNI (S),7,3,1546,1112,0.919,0.033,0.048,8,2,-4.7,15.7,155,230
1931-07-05,HDS (O),Rust Roest (Z),4,0,1597,1639,0.431,0.120,0.449,2,3,39.5,-42.0,149,154
1931-07-05,Noordster,BVK,3,4,1172,1295,0.325,0.106,0.569,3,5,0.2,0.2,174,143
1931-07-05,Olympia (Z),DOS (D),4,0,1476,1423,0.565,0.114,0.321,3,2,36.2,-27.9,174,151
1931-07-05,Sperwers,Rood Wit (H),1,3,1537,1726,0.243,0.105,0.652,2,4,-6.9,7.3,181,190
1931-07-05,VIOS (Ki),Noordster,9,1,1410,1173,0.791,0.069,0.140,6,3,24.3,-21.7,170,159
1931-07-05,Zeelandia,Regenboog,2,1,1677,1906,0.206,0.086,0.708,3,6,40.7,-35.9,162,153
1931-07-12,Annen,Swastika,2,1,1614,1530,0.612,0.103,0.285,5,3,-4.1,4.8,168,179
1931-07-12,DOS (D),Olympia (Z),2,3,1395,1511,0.329,0.116,0.555,2,3,-1.6,1.7,144,162
1931-07-12,DOS (M),Zeelandia,4,4,1550,1717,0.271,0.099,0.630,3,5,15.7,-18.1,144,154
1931-07-12,ELTO,Volharding,8,0,1641,1132,0.943,0.026,0.030,6,0,4.7,-10.7,128,224
1931-07-12,Friso (A),Kinea (K),0,9,1336,1636,0.144,0.076,0.781,2,5,-28.8,24.4,179,162
1931-07-12,Hermes (B),Dio,6,0,1484,1453,0.534,0.116,0.349,4,3,39.6,-48.7,153,172
1931-07-12,KIOS (R),KIA,2,4,1367,1393,0.460,0.107,0.433,6,5,-37.9,30.0,212,186
1931-07-12,Rust Roest (Z),Excelsior (Z),1,3,1609,1570,0.543,0.121,0.336,3,2,-28.8,31.0,136,141
1931-07-12,Rust Roest (Z),HDS (O),2,1,1596,1636,0.433,0.120,0.446,2,3,12.2,-11.6,146,142
1931-07-12,SSS (H),HDS (O),3,3,1342,1625,0.155,0.082,0.763,2,4,34.9,-23.7,160,133
1931-07-12,TOP (As),Swastika,3,1,1534,1561,0.457,0.109,0.434,5,4,27.2,-31.6,184,200
1931-07-12,Volharding,Zeevaartschool,1,5,1117,1668,0.036,0.030,0.934,1,6,15.3,-3.1,234,140
1931-07-19,Dowocs,ZKC '19,3,3,1467,1500,0.449,0.109,0.441,5,4,-0.5,0.6,188,199
1931-07-19,Driemaal Vier,Vitesse (Be),6,4,1217,1652,0.070,0.047,0.883,1,6,103.8,-124.3,204,222
1931-07-19,Rood Zwart,Swastika,6,3,1578,1535,0.555,0.111,0.334,4,3,31.1,-25.0,188,166
1931-07-19,SSS (H),DOS (D),4,4,1376,1393,0.467,0.119,0.414,4,3,-2.6,2.1,154,138
1931-07-26,DOS (D),Excelsior (Z),1,10,1395,1606,0.220,0.101,0.680,2,4,-23.9,23.1,133,130
1931-07-26,Driemaal Vier,KIOS (R),2,6,1321,1329,0.486,0.107,0.407,5,4,-60.5,58.0,196,192
1931-07-26,Olympia (Z),Excelsior (Z),1,2,1513,1601,0.365,0.122,0.513,2,3,-5.9,4.9,154,138
1931-07-26,Rapide (B),Zwaluwen (E),1,2,1517,1244,0.819,0.067,0.113,5,1,-57.5,82.1,175,207
1931-07-26,Rust Roest (Z),SSS (H),2,0,1580,1374,0.755,0.086,0.159,4,1,-4.1,5.1,134,145
1931-08-02,Excelsior (Z),HDS (O),2,0,1629,1601,0.530,0.117,0.353,4,3,11.2,-12.7,128,137
1931-08-02,FSC²,KIOS (R),4,12,1315,1387,0.392,0.112,0.496,3,4,-49.0,58.4,160,176
1931-08-02,Olympia (Z),SSS (H),4,0,1507,1379,0.665,0.104,0.231,4,2,18.7,-17.7,146,141
1931-08-09,Driemaal Vier,KIA,1,12,1260,1423,0.277,0.099,0.624,4,5,-47.7,46.8,181,179
1931-08-09,Excelsior (Z),SSS (H),2,1,1640,1361,0.822,0.069,0.109,4,1,-16.9,20.7,124,136
1931-08-09,Zeelandia,ELTO,0,2,1699,1646,0.572,0.105,0.323,5,4,-35.4,28.4,154,138
1931-08-16,ELTO,Rapide,7,0,1673,1394,0.823,0.067,0.110,5,1,13.3,-35.0,133,238
1931-08-16,Frisia (Dr),Dio,4,2,1598,1404,0.745,0.085,0.170,5,2,-5.0,5.2,166,169
1931-08-16,Kinea (K),Hermes (B),5,2,1659,1522,0.680,0.096,0.224,5,2,12.2,-11.1,166,156
1931-08-16,Leeuwarden,BKC (Be),9,2,1592,1634,0.435,0.112,0.453,3,4,71.4,-53.4,188,161
1931-08-16,Rood Zwart,TOP (As),14,0,1608,1560,0.563,0.107,0.330,4,3,53.5,-53.4,179,179
1931-08-16,Vitesse (Be),KIA,4,5,1527,1468,0.577,0.106,0.317,5,3,-42.1,25.4,216,167
1931-08-23,DOS (M),Volharding,3,2,1565,1120,0.921,0.035,0.044,6,1,-29.8,74.9,152,227
1931-08-23,Friso (A),Frisia (Dr),3,5,1306,1593,0.152,0.082,0.766,2,4,8.6,-6.0,181,159
1931-08-23,Nic,UDI (T),1,3,1639,1477,0.705,0.098,0.197,4,1,-61.4,67.3,175,183
1931-08-23,Rust Roest (Z),Olympia (Z),1,2,1575,1525,0.559,0.120,0.322,3,2,-21.2,22.9,140,146
1931-08-30,Dio,Kinea (K),0,4,1409,1672,0.174,0.082,0.744,2,5,-13.3,12.8,163,159
1931-08-30,HBS (B),Advendo (P),2,0,1540,1390,0.698,0.086,0.215,6,3,-1.8,1.8,170,171
1931-08-30,HBS (B),KIOL,2,1,1538,1383,0.703,0.090,0.208,5,3,-11.8,18.4,159,192
1931-08-30,HDS (O),Olympia (Z),1,9,1587,1547,0.547,0.117,0.336,3,2,-53.8,53.3,140,139
1931-08-30,KIOL,Advendo (P),3,0,1401,1392,0.505,0.116,0.379,4,3,33.9,-28.2,176,159
1931-08-30,Rust Roest (Z),DOS (D),3,1,1553,1370,0.730,0.092,0.178,4,1,-2.3,2.7,135,141
1931-08-30,VKC (S),Wez Handich,10,1,1357,1310,0.562,0.105,0.333,5,4,54.4,-91.4,188,255
1931-08-30,Vitesse (Be),KIOS (R),3,0,1485,1444,0.553,0.107,0.340,5,4,31.6,-24.9,194,170
1931-09-06,DOS (D),Olympia (Z),0,2,1373,1601,0.201,0.099,0.700,1,4,0.0,0.0,137,134
1931-09-06,Excelsior (Z),DOS (D),2,1,1600,1373,0.773,0.085,0.142,4,1,-13.7,14.9,126,131
1931-09-06,Excelsior (Z),Rust Roest (Z),0,1,1622,1551,0.585,0.123,0.292,2,1,-22.5,22.2,133,132
1931-09-06,Rust Roest (Z),Olympia (Z),0,3,1573,1601,0.446,0.130,0.424,3,2,-26.1,27.2,125,128
1931-09-06,UNI (S),Noordster,3,0,1126,1149,0.462,0.109,0.428,5,4,57.3,-33.5,233,173
1931-09-13,'t Overschotje,Noviomagum,1,0,1634,1662,0.447,0.126,0.427,3,2,15.1,-16.3,177,185
1931-09-13,Achilles (A),AKC (Al),3,1,1553,1614,0.403,0.122,0.475,2,3,30.8,-34.7,165,176
1931-09-13,Amersfoort,Victoria (A),5,0,1552,1610,0.397,0.142,0.461,0,1,62.5,-70.1,174,186
1931-09-13,BEP,Zilvermeeuwen,2,0,1691,1487,0.750,0.091,0.160,3,1,-3.0,3.7,199,208
1931-09-13,BKC (Be),Rood Wit,7,3,1579,1657,0.381,0.119,0.500,2,3,48.1,-61.1,159,181
1931-09-13,Baerne,OTO,2,0,1699,1740,0.434,0.117,0.449,2,3,35.9,-24.8,195,160
1931-09-13,Be Quick,ZKC (Zu),1,1,1554,1713,0.270,0.124,0.606,1,2,19.6,-20.2,175,178
1931-09-13,DKC (De),Ons Eibernest,1,1,1774,1817,0.428,0.123,0.449,2,3,1.2,-1.2,174,174
1931-09-13,DOS (E),Wit Blauw,8,1,1808,1457,0.876,0.048,0.076,6,2,15.2,-16.8,179,192
1931-09-13,De Tovers,Sport,2,0,1537,1598,0.397,0.132,0.471,1,2,44.4,-41.8,200,194
1931-09-13,Die Haghe,OSCR,5,3,1710,1659,0.559,0.122,0.319,3,2,20.2,-19.9,191,189
1931-09-13,Dio,Friso (A),3,3,1394,1313,0.602,0.114,0.284,3,2,-15.7,19.3,159,175
1931-09-13,ELTO,Zeelandia,4,5,1685,1661,0.527,0.112,0.361,4,3,-17.1,20.9,141,156
1931-09-13,Friso (L),WWMD,2,4,1606,1669,0.397,0.127,0.475,1,2,-28.0,28.0,181,181
1931-09-13,HKC (He),Rigtersbleek,0,2,1507,1611,0.338,0.134,0.529,0,1,-20.1,23.5,165,181
1931-09-13,HKV,Deetos,0,2,1802,2009,0.222,0.103,0.676,1,3,-3.6,3.8,165,182
1931-09-13,Haarlem,Concordia²,3,1,1649,1510,0.672,0.113,0.214,2,0,9.6,-10.8,200,226
1931-09-13,Hercules,DVD²,1,4,1930,1779,0.695,0.097,0.208,4,2,-62.5,73.9,162,176
1931-09-13,KZ,DTV,2,1,1872,1979,0.336,0.129,0.536,1,2,26.5,-22.3,164,150
1931-09-13,Leeuwarden,WK,0,6,1662,1953,0.148,0.083,0.769,1,4,-26.0,24.2,178,171
1931-09-13,Olympia (B),Swift,2,2,1856,1842,0.506,0.127,0.367,3,2,-8.1,7.9,176,175
1931-09-13,Ons Clubje,Naas²,1,4,1495,1891,0.088,0.051,0.861,2,7,9.5,-9.8,168,170
1931-09-13,Rapid (Ap),VADA,1,6,1059,1450,0.090,0.054,0.856,2,6,-27.4,17.5,320,208
1931-09-13,Rapiditas,Onder Ons,2,4,1554,1783,0.202,0.095,0.703,2,4,0.1,0.1,176,170
1931-09-13,ReadyTekca,LUTO,1,1,1712,1760,0.419,0.125,0.456,1,2,2.1,-2.4,177,190
1931-09-13,Regenboog,ALO,4,2,1867,1614,0.800,0.074,0.126,4,1,-9.9,12.8,168,186
1931-09-13,Samen Een,Moedig Voorwaarts,3,1,1559,1626,0.396,0.119,0.485,2,3,36.2,-32.6,179,170
1931-09-13,Spangen,Achilles (H),1,1,1561,1677,0.344,0.087,0.570,6,8,19.8,-12.2,230,183
1931-09-13,TOGO (A),Gooiers²,3,1,1477,1510,0.439,0.129,0.432,3,2,36.4,-35.3,195,192
1931-09-13,TOV (D),Quick (D),1,4,1618,1539,0.601,0.113,0.287,3,2,-75.1,70.4,203,196
1931-09-13,Vogel,KCN,4,3,1758,1644,0.657,0.090,0.254,6,4,-15.6,8.8,232,186
1931-09-13,Volharding (A),Blauw Wit,2,2,1679,1826,0.286,0.122,0.592,1,2,17.0,-15.0,166,156
1931-09-13,Volharding,DOS (M),1,6,1194,1533,0.115,0.071,0.814,1,4,-23.5,13.8,222,156
1931-09-13,Vreewijk,Sperwers,10,1,1540,1527,0.509,0.116,0.374,4,3,73.4,-62.4,207,189
1931-09-13,Zuiden (R),Vitesse (Leiden),16,0,1976,1790,0.734,0.089,0.176,4,2,25.8,-30.6,152,167
1931-09-20,ALO,GKV,5,4,1627,1778,0.284,0.115,0.601,2,3,34.5,-38.2,176,186
1931-09-20,Annen,ZKC '19,3,3,1607,1498,0.644,0.102,0.254,4,3,-22.6,27.7,179,197
1931-09-20,Baerne,KVD,1,1,1735,1784,0.421,0.119,0.460,2,3,2.2,-2.3,177,180
1931-09-20,DED,Haarlem,8,1,1820,1659,0.701,0.103,0.196,3,1,41.6,-38.5,194,186
1931-09-20,DKC (De),Velox,4,1,1775,1733,0.550,0.116,0.334,3,2,25.1,-30.7,162,181
1931-09-20,DTV,Hercules,8,1,1957,1868,0.610,0.119,0.271,2,1,31.5,-36.3,143,155
1931-09-20,DVD²,DDV,3,2,1853,1951,0.353,0.114,0.532,3,4,23.7,-21.3,166,157
1931-09-20,Deetos,Fluks,5,0,2013,1756,0.804,0.072,0.124,5,1,15.4,-14.6,170,165
1931-09-20,Frisia (Dr),UNA (L),5,4,1586,1438,0.689,0.100,0.211,4,2,-9.6,16.6,161,202
1931-09-20,HSV,Rozenburg,4,4,1800,1880,0.377,0.122,0.501,2,3,7.3,-7.0,177,173
1931-09-20,Hellas,Be Quick,6,3,1541,1574,0.436,0.134,0.430,2,1,38.5,-40.1,160,164
1931-09-20,KZ,Swift,1,0,1899,1850,0.554,0.126,0.320,2,1,2.6,-2.7,154,162
1931-09-20,Kwiek,Amstelodamum,1,4,1570,1527,0.542,0.134,0.324,2,1,-69.1,72.4,197,202
1931-09-20,LUTO,Eendracht,4,9,1758,1907,0.287,0.114,0.599,2,3,-38.9,37.1,173,169
1931-09-20,Mercedes,Wilskracht,7,0,1277,1219,0.567,0.125,0.309,2,1,67.1,-61.2,214,203
1931-09-20,Naas²,HKC (He),2,1,1882,1487,0.901,0.039,0.060,7,2,-39.5,34.2,166,155
1931-09-20,Noviomagum,Rapiditas,3,4,1646,1554,0.616,0.114,0.270,3,2,-35.5,33.7,170,166
1931-09-20,ODI (H),Ter Gouw,1,0,1549,1580,0.447,0.118,0.435,4,3,20.1,-20.3,220,221
1931-09-20,OSCR,HBS (H),1,4,1640,1651,0.471,0.126,0.404,3,2,-44.9,56.9,174,198
1931-09-20,OTO,Blauw Wit,0,2,1715,1811,0.355,0.120,0.525,2,3,-16.0,15.4,152,149
1931-09-20,Olympia (Z),HDS (O),1,0,1626,1532,0.620,0.113,0.267,3,2,-3.1,4.0,127,140
1931-09-20,Onder Ons,EKCA,4,2,1783,1679,0.634,0.108,0.258,3,2,7.3,-8.6,161,184
1931-09-20,Ons Clubje,AKC (Al),6,2,1505,1579,0.377,0.136,0.487,0,1,54.6,-54.1,164,163
1931-09-20,Ons Eibernest,Zuiden (R),0,5,1815,2002,0.246,0.103,0.652,2,4,-29.0,24.2,162,146
1931-09-20,Oranje Zwart,Zwart Wit,0,3,1357,1303,0.561,0.126,0.313,2,1,-49.1,93.3,165,232
1931-09-20,Quick (E),ODIO,1,4,1379,1416,0.438,0.119,0.443,2,3,-34.7,95.2,175,313
1931-09-20,Rigtersbleek,DOS (E),0,1,1634,1823,0.243,0.104,0.653,2,4,7.9,-8.8,167,174
1931-09-20,Rood Wit,Dubbel Zes²,3,2,1596,1615,0.461,0.124,0.415,3,2,12.2,-12.6,167,170
1931-09-20,Spangen,Rood Wit (H),1,3,1581,1730,0.282,0.125,0.593,1,2,-19.1,18.3,202,196
1931-09-20,Sport Vereent,BEP,0,4,1568,1688,0.350,0.063,0.587,12,14,-24.7,20.5,209,186
1931-09-20,Sport,SAMOS,2,2,1557,1588,0.440,0.130,0.430,3,2,-0.6,0.7,177,191
1931-09-20,TOGO (A),SVK,2,1,1513,1751,0.191,0.101,0.708,1,3,45.9,-70.9,178,220
1931-09-20,Trekvogels (R),TOV (D),2,6,1607,1543,0.580,0.116,0.304,3,2,-77.0,72.3,191,185
1931-09-20,Vitesse (Leiden),HKV,1,3,1759,1798,0.427,0.135,0.437,0,1,-27.6,26.9,159,157
1931-09-20,Volharding,ELTO,0,9,1170,1668,0.048,0.038,0.913,0,6,-15.7,8.0,205,135
1931-09-20,Voorwaarts (M),Leeuwarden,1,3,1819,1636,0.732,0.087,0.181,5,2,-65.2,59.7,177,169
1931-09-20,WK,Sparta (Ze),10,0,1978,1828,0.691,0.099,0.210,4,2,33.4,-40.0,164,181
1931-09-20,WWMD,Nic,5,1,1697,1576,0.653,0.110,0.237,3,1,26.1,-27.5,167,172
1931-09-20,Wees Kwiek,UDI (T),0,3,1350,1543,0.237,0.106,0.657,2,3,-22.4,19.0,198,178
1931-09-20,Westerkwartier,Olympia (B),4,3,1864,1848,0.510,0.126,0.365,3,2,7.5,-7.1,168,164
1931-09-20,Wit Blauw,Achilles (A),0,3,1440,1584,0.297,0.106,0.597,3,4,-24.7,18.3,185,155
1931-09-20,ZKC (Zu),'t Overschotje,2,1,1692,1649,0.547,0.126,0.327,2,1,3.7,-3.6,166,165
1931-09-20,ZKV (Za),AW,2,1,1672,1728,0.403,0.132,0.464,1,2,22.6,-22.5,188,187
1931-09-20,Zeelandia,DOS (M),1,3,1682,1547,0.677,0.097,0.226,4,2,-43.0,46.1,147,152
1931-09-27,'t Overschotje,Onder Ons,4,7,1646,1790,0.294,0.111,0.595,2,4,-19.3,19.0,155,153
1931-09-27,AKC (Al),Wit Blauw,4,2,1525,1416,0.641,0.107,0.252,4,2,5.8,-6.6,153,170
1931-09-27,Achilles (A),HKC (He),1,1,1603,1522,0.601,0.116,0.283,3,2,-14.6,15.7,148,153
1931-09-27,Achilles (H),ALO,4,2,1665,1662,0.510,0.090,0.401,8,7,16.2,-14.9,173,165
1931-09-27,Ados²,Oosterpark,2,0,1454,1388,0.577,0.123,0.299,2,1,20.1,-20.7,200,204
1931-09-27,BEP,DED,5,3,1709,1861,0.282,0.113,0.605,2,3,47.9,-52.3,173,181
1931-09-27,BKC (Be),Samen Een,4,1,1628,1595,0.540,0.111,0.349,4,3,22.8,-26.9,153,168
1931-09-27,Be Quick,Noviomagum,3,0,1534,1610,0.377,0.130,0.494,1,2,41.2,-44.4,154,160
1931-09-27,Bilthoven,Baerne,4,4,1830,1738,0.621,0.105,0.273,4,3,-22.1,18.0,181,164
1931-09-27,DDV,Westerkwartier,1,6,1930,1872,0.571,0.118,0.311,3,2,-55.9,62.3,149,157
1931-09-27,DKC (De),Vitesse (Leiden),5,2,1800,1732,0.586,0.114,0.300,3,2,20.2,-19.5,153,150
1931-09-27,DOS (E),Naas²,4,1,1814,1842,0.460,0.100,0.440,7,6,30.8,-30.6,163,163
1931-09-27,DOS (M),ELTO,1,3,1593,1676,0.377,0.112,0.511,3,4,-15.2,13.3,146,136
1931-09-27,Dubbel Zes²,Moedig Voorwaarts,1,1,1602,1593,0.503,0.121,0.377,3,2,-6.3,6.5,159,161
1931-09-27,EKCA,Hellas,2,2,1670,1579,0.612,0.119,0.269,2,1,-20.3,15.8,170,151
1931-09-27,Fluks,Ons Eibernest,0,2,1742,1787,0.422,0.130,0.448,1,2,-25.9,24.2,159,153
1931-09-27,Friso (L),WK,2,6,1578,2011,0.068,0.053,0.879,0,4,-1.7,1.9,170,156
1931-09-27,Gooiers²,Amersfoort,3,2,1475,1615,0.295,0.122,0.584,1,2,35.2,-30.2,178,165
1931-09-27,Groen Geel,Kwiek,3,3,1466,1501,0.429,0.143,0.429,0,1,0.0,-0.0,175,181
1931-09-27,Groen Zwart,WKC (Wi),8,0,1240,1233,0.502,0.117,0.381,4,3,150.7,-99.7,350,270
1931-09-27,HBS (H),HSV,1,2,1709,1808,0.348,0.123,0.529,2,3,-5.9,5.2,180,164
1931-09-27,HKV,Velox,5,0,1825,1703,0.653,0.113,0.234,2,1,26.0,-32.2,148,167
1931-09-27,Haarlem,Zilvermeeuwen,3,1,1620,1491,0.659,0.116,0.225,2,0,8.3,-9.5,174,195
1931-09-27,KVD,Blauw Wit,0,3,1782,1826,0.425,0.124,0.451,2,3,-38.2,28.4,166,142
1931-09-27,KZ,DVD²,5,3,1902,1877,0.525,0.120,0.355,3,2,14.9,-16.6,146,155
1931-09-27,Kinea (K),Sparta (W),5,0,1683,1454,0.778,0.079,0.143,5,1,16.9,-22.0,160,189
1931-09-27,Leeuwarden,WWMD,2,0,1696,1723,0.451,0.122,0.428,4,3,25.1,-24.2,161,158
1931-09-27,Nic,Voorwaarts (M),3,0,1549,1754,0.224,0.102,0.673,2,4,61.6,-65.5,162,167
1931-09-27,Olympia (B),DTV,3,5,1841,1989,0.287,0.119,0.595,1,3,-10.6,8.8,154,138
1931-09-27,Olympia (Z),Volharding,3,1,1624,1155,0.929,0.034,0.037,5,0,-13.3,39.4,124,199
1931-09-27,Ons Clubje,Rigtersbleek,1,1,1560,1643,0.363,0.140,0.497,0,1,6.4,-6.8,154,158
1931-09-27,Rapiditas,ZKC (Zu),2,2,1588,1696,0.334,0.127,0.539,1,2,10.2,-10.1,157,156
1931-09-27,ReadyTekca,Eendracht,2,8,1714,1944,0.200,0.096,0.704,2,4,-29.5,26.9,167,159
1931-09-27,Rohda (A),Amsterdam Zuid,1,1,1686,1782,0.358,0.113,0.529,3,4,9.4,-15.4,185,234
1931-09-27,Rozenburg,OSCR,7,0,1873,1595,0.821,0.069,0.110,4,1,18.4,-18.8,161,163
1931-09-27,SAMOS,Zwaluwen (H),4,1,1589,1659,0.386,0.129,0.485,1,2,48.0,-59.9,175,197
1931-09-27,SVK,Vogel,3,4,1680,1743,0.408,0.106,0.486,4,5,-11.3,12.1,200,208
1931-09-27,Spangen,Regenboog,1,3,1562,1858,0.144,0.082,0.773,1,4,8.7,-6.2,185,165
1931-09-27,Sport Vereent,Concordia²,1,4,1543,1499,0.579,0.066,0.355,12,10,-41.8,49.4,188,206
1931-09-27,Swift,Hercules,3,1,1848,1832,0.508,0.128,0.364,3,2,18.7,-17.4,153,147
1931-09-27,Ter Gouw,Emma,2,1,1560,1596,0.441,0.116,0.443,2,3,17.3,-23.5,198,235
1931-09-27,Trekvogels (R),Quick (D),0,2,1530,1609,0.374,0.128,0.498,1,2,-24.4,26.0,176,182
1931-09-27,VADA,Mercedes,4,3,1467,1345,0.661,0.100,0.239,4,2,-11.3,10.2,201,193
1931-09-27,Victoria (A),TOGO (A),2,4,1540,1560,0.453,0.139,0.409,2,1,-35.2,33.8,173,169
1931-09-27,ZKC '19,Annen,2,2,1526,1584,0.408,0.116,0.476,3,4,4.1,-3.5,181,168
1931-09-27,ZKV (Za),Sportief,2,3,1694,1880,0.242,0.113,0.645,1,3,6.9,-6.5,173,168
1931-09-27,Zuiden (R),Deetos,3,3,2027,2029,0.492,0.109,0.399,5,4,-3.8,5.1,141,163
1931-10-04,AKC (Al),DOS (E),3,7,1532,1846,0.133,0.074,0.793,2,5,-7.5,8.0,146,153
1931-10-04,ALO,Rood Wit (H),2,0,1648,1749,0.343,0.128,0.529,1,2,34.1,-46.8,155,183
1931-10-04,Advendo,Animo²,2,1,1681,1490,0.734,0.097,0.169,3,0,-17.6,19.9,186,196
1931-10-04,Amersfoort,SVK,1,4,1585,1669,0.366,0.130,0.504,1,2,-29.4,39.2,156,182
1931-10-04,Amstelodamum,Ados²,3,1,1600,1474,0.655,0.118,0.228,2,0,9.7,-9.5,186,183
1931-10-04,Baerne,Volharding (A),4,1,1756,1697,0.572,0.119,0.309,3,2,22.5,-24.0,155,161
1931-10-04,Blauw Wit,Bilthoven,7,1,1855,1809,0.557,0.116,0.328,3,2,30.6,-45.2,136,168
1931-10-04,Concordia²,Zilvermeeuwen,5,4,1549,1483,0.573,0.136,0.291,1,0,2.5,-2.5,186,180
1931-10-04,DED,Sport Vereent,11,0,1810,1502,0.860,0.035,0.105,15,8,15.9,-16.9,168,174
1931-10-04,DTV,Swift,5,3,1998,1867,0.664,0.111,0.225,3,1,3.5,-3.9,133,145
1931-10-04,DVD²,Olympia (B),1,1,1861,1831,0.533,0.116,0.351,4,3,-8.2,8.1,147,146
1931-10-04,Deetos,DKC (De),9,0,2035,1821,0.766,0.078,0.156,5,2,23.0,-21.0,153,145
1931-10-04,EKCA,'t Overschotje,3,2,1651,1627,0.518,0.130,0.352,2,1,6.1,-5.4,159,147
1931-10-04,Excelsior,OTO,1,2,1858,1700,0.702,0.096,0.202,4,2,-54.9,32.8,188,146
1931-10-04,GKV,Spangen,5,0,1741,1571,0.712,0.098,0.189,3,1,27.7,-27.9,174,175
1931-10-04,HKC (He),Ons Clubje,1,1,1538,1567,0.440,0.140,0.420,2,1,-0.9,0.9,146,146
1931-10-04,HKV,Zuiden (R),2,0,1852,2023,0.262,0.108,0.630,2,4,38.3,-34.7,143,136
1931-10-04,HSV,Die Haghe,2,2,1814,1731,0.603,0.117,0.280,3,1,-15.0,20.6,154,180
1931-10-04,Hellas,Rapiditas,3,1,1596,1599,0.483,0.126,0.391,3,2,18.8,-19.6,145,148
1931-10-04,Hercules,DDV,3,4,1815,1875,0.404,0.123,0.474,2,3,-8.1,8.3,140,142
1931-10-04,LUTO,AW,2,1,1720,1707,0.503,0.130,0.367,2,1,8.1,-8.9,164,174
1931-10-04,Moedig Voorwaarts,Rood Wit,5,5,1600,1609,0.475,0.126,0.398,3,2,-3.6,3.9,151,158
1931-10-04,Naas²,Wit Blauw,6,0,1812,1410,0.906,0.036,0.058,8,3,3.9,-4.0,153,160
1931-10-04,Onder Ons,Be Quick,2,1,1810,1576,0.783,0.079,0.138,4,1,-18.7,18.6,146,146
1931-10-04,Oranje Zwart,Vooruit,6,1,1309,1389,0.375,0.123,0.502,2,3,51.3,-101.2,159,231
1931-10-04,Regenboog,Achilles (H),6,2,1852,1682,0.730,0.068,0.201,9,6,8.2,-8.3,158,161
1931-10-04,Sparta (Ze),Friso (L),4,2,1789,1577,0.761,0.085,0.154,4,1,-6.2,5.5,172,166
1931-10-04,Sportief,Eendracht,1,2,1874,1972,0.352,0.121,0.527,2,3,-4.8,4.5,159,152
1931-10-04,TOGO (A),KCN,7,2,1594,1654,0.404,0.124,0.472,2,3,50.8,-64.0,158,179
1931-10-04,UNA (L),Wees Kwiek,1,0,1456,1328,0.665,0.103,0.232,4,2,-10.6,10.2,187,184
1931-10-04,Velox,Fluks,2,1,1672,1717,0.423,0.126,0.451,1,2,15.2,-13.8,157,149
1931-10-04,Vitesse (Leiden),Ons Eibernest,2,3,1713,1812,0.348,0.127,0.525,1,2,-4.4,4.5,143,145
1931-10-04,Vogel,Gooiers²,1,0,1756,1511,0.799,0.066,0.135,7,3,-31.8,23.9,188,165
1931-10-04,Volharding,Zeelandia,1,9,1195,1640,0.065,0.048,0.887,1,5,-17.5,10.7,195,144
1931-10-04,Voorwaarts (M),WWMD,3,4,1689,1700,0.476,0.119,0.405,4,3,-16.8,15.0,158,149
1931-10-04,Vreewijk,Trekvogels (R),6,1,1614,1507,0.640,0.106,0.254,4,2,40.1,-30.8,190,164
1931-10-04,WK,Nic,5,0,2014,1611,0.901,0.044,0.055,5,0,4.2,-4.2,154,154
1931-10-04,WKC (Wi),ODIO,0,12,1134,1513,0.094,0.060,0.846,1,5,-39.2,41.2,241,249
1931-10-04,Westerkwartier,KZ,3,1,1935,1917,0.511,0.126,0.362,3,2,17.4,-15.5,149,140
1931-10-04,Wilskracht,Rapid (Ap),9,0,1159,1033,0.663,0.105,0.233,4,2,43.7,-86.2,188,284
1931-10-04,ZKC (Zu),Noviomagum,3,2,1687,1567,0.653,0.110,0.237,3,1,-6.6,6.9,147,150
1931-10-04,ZKV (Za),ReadyTekca,3,2,1702,1685,0.512,0.123,0.365,3,2,6.6,-6.3,162,159
1931-10-11,'t Overschotje,Hellas,2,1,1622,1615,0.498,0.125,0.377,3,2,6.3,-6.1,141,138
1931-10-11,AKC (Al),Rigtersbleek,2,2,1525,1637,0.328,0.129,0.543,1,2,9.2,-10.3,143,151
1931-10-11,AW,Eendracht,2,7,1699,1977,0.157,0.088,0.755,1,4,-19.8,16.3,162,144
1931-10-11,Achilles (A),Naas²,1,6,1589,1817,0.209,0.083,0.708,4,6,-17.0,18.4,144,151
1931-10-11,Achilles (H),GKV,5,2,1674,1769,0.372,0.088,0.540,7,8,34.2,-39.0,154,165
1931-10-11,Amstelodamum,Oosterpark,0,1,1610,1369,0.788,0.081,0.131,4,1,-56.1,66.5,173,188
1931-10-11,Blauw Wit,Baerne,9,2,1887,1779,0.640,0.104,0.255,4,2,24.9,-30.7,132,147
1931-10-11,Concordia²,DED,1,3,1553,1826,0.158,0.096,0.746,0,3,2.5,-1.9,172,163
1931-10-11,DKC (De),HKV,1,3,1801,1891,0.361,0.124,0.515,2,3,-15.4,14.6,141,137
1931-10-11,DOS (E),HKC (He),5,0,1854,1538,0.851,0.059,0.089,5,1,7.6,-6.8,149,139
1931-10-11,DTV,Westerkwartier,3,3,2002,1953,0.557,0.122,0.321,3,2,-8.7,10.4,130,141
1931-10-11,Die Haghe,Rozenburg,3,1,1753,1893,0.299,0.113,0.588,2,3,43.9,-39.9,167,159
1931-10-11,Dubbel Zes²,BKC (Be),4,7,1597,1652,0.416,0.115,0.469,3,4,-29.4,28.1,152,148
1931-10-11,Fluks,Vitesse (Leiden),3,0,1704,1709,0.478,0.128,0.394,3,2,27.6,-25.7,142,137
1931-10-11,Friso (L),Leeuwarden,2,6,1583,1723,0.299,0.115,0.586,2,3,-29.6,28.0,159,154
1931-10-11,Groen Zwart,Sprotje,8,2,1392,1246,0.691,0.093,0.216,5,3,70.2,-81.3,281,310
1931-10-11,Haarlem,BEP,0,1,1630,1758,0.313,0.117,0.569,2,3,-0.8,0.8,167,164
1931-10-11,KCN,Amersfoort,8,1,1590,1556,0.536,0.122,0.342,3,2,47.7,-39.1,165,148
1931-10-11,KZ,DDV,3,1,1902,1884,0.515,0.122,0.363,3,2,13.9,-14.2,134,136
1931-10-11,Nic,Sparta (Ze),3,1,1607,1784,0.255,0.110,0.635,2,3,42.6,-49.1,153,164
1931-10-11,Noviomagum,Onder Ons,2,5,1574,1792,0.215,0.095,0.691,2,4,-8.6,8.4,144,142
1931-10-11,ODI (H),Emma,5,0,1570,1573,0.485,0.122,0.393,3,2,63.0,-66.8,201,208
1931-10-11,OTO,Bilthoven,5,4,1733,1764,0.448,0.119,0.434,4,3,10.2,-12.3,142,157
1931-10-11,Olympia (B),Hercules,2,0,1840,1808,0.535,0.121,0.344,3,2,13.3,-12.5,139,134
1931-10-11,Ons Clubje,Wit Blauw,2,2,1568,1406,0.704,0.100,0.196,3,1,-21.1,27.6,139,158
1931-10-11,Ons Eibernest,Deetos,2,4,1817,2058,0.191,0.092,0.718,2,4,1.8,-2.3,139,148
1931-10-11,Rapid (Ap),Mercedes,0,4,947,1356,0.079,0.057,0.864,0,4,-7.5,6.8,240,181
1931-10-11,Rapiditas,EKCA,1,4,1580,1658,0.376,0.130,0.494,1,2,-26.1,29.3,141,150
1931-10-11,Rood Wit (H),Regenboog,2,5,1703,1861,0.275,0.114,0.610,2,3,-21.8,18.4,168,152
1931-10-11,Rood Wit,Samen Een,6,1,1613,1569,0.553,0.117,0.330,3,2,33.7,-38.0,149,159
1931-10-11,SVK,Victoria (A),7,2,1709,1506,0.747,0.095,0.158,3,0,23.2,-22.2,167,163
1931-10-11,Spartaan,Merwede (D),1,3,1494,1483,0.507,0.120,0.373,3,2,-73.6,78.0,296,306
1931-10-11,Sport Vereent,Zilvermeeuwen,1,2,1486,1481,0.523,0.071,0.406,11,10,-15.0,14.9,168,167
1931-10-11,Sport,Zwaluwen (H),1,0,1558,1601,0.424,0.131,0.445,1,2,16.9,-19.1,169,181
1931-10-11,Sportief,LUTO,5,2,1870,1728,0.679,0.107,0.214,3,1,12.6,-13.3,150,155
1931-10-11,Swift,DVD²,5,6,1864,1853,0.505,0.121,0.374,3,2,-16.4,16.5,139,140
1931-10-11,TOP (Hg),UVO,1,1,1345,1304,0.547,0.121,0.332,3,2,-25.3,9.5,279,175
1931-10-11,Ter Gouw,Ready (H),4,3,1578,1550,0.533,0.114,0.353,4,3,5.7,-7.7,184,235
1931-10-11,Trekvogels (R),Sperwers,3,1,1476,1466,0.503,0.123,0.374,3,2,18.8,-24.5,155,180
1931-10-11,UDI (T),Frisia (Dr),1,3,1563,1578,0.468,0.124,0.408,3,2,-33.4,28.7,172,159
1931-10-11,Volharding (A),KVD,4,1,1673,1745,0.384,0.129,0.487,1,2,39.6,-42.3,152,157
1931-10-11,WWMD,WK,2,3,1716,2019,0.140,0.079,0.781,1,4,17.3,-20.2,142,152
1931-10-11,ZKC '19,Vitesse (Be),8,4,1531,1516,0.512,0.117,0.371,4,3,38.9,-47.0,169,188
1931-10-11,Zuiden (R),Velox,8,1,1989,1687,0.842,0.060,0.098,5,1,10.8,-13.3,131,148
1931-10-18,AW,ReadyTekca,1,1,1678,1679,0.485,0.129,0.386,3,2,-4.8,4.7,155,152
1931-10-18,Achilles (A),Ons Clubje,0,2,1572,1547,0.523,0.125,0.352,3,2,-29.2,27.5,140,135
1931-10-18,Amersfoort,TOGO (A),0,3,1517,1645,0.309,0.126,0.565,1,2,-20.6,23.5,141,152
1931-10-18,Annen,Vitesse (Be),4,3,1582,1469,0.647,0.105,0.248,4,2,-7.0,8.1,162,172
1931-10-18,BEP,Concordia²,1,4,1758,1555,0.750,0.092,0.159,3,1,-67.0,75.1,155,164
1931-10-18,Be Quick,Rapiditas,1,0,1594,1553,0.543,0.128,0.329,2,1,3.1,-2.8,145,135
1931-10-18,Bilthoven,Volharding (A),1,1,1752,1713,0.543,0.122,0.335,3,2,-9.6,9.1,148,144
1931-10-18,DDV,Olympia (B),6,5,1869,1853,0.513,0.120,0.366,3,2,4.2,-4.4,131,134
1931-10-18,DVD²,DTV,5,1,1869,1993,0.320,0.115,0.565,2,3,43.2,-38.3,134,126
1931-10-18,Deetos,Vitesse (Leiden),5,1,2056,1683,0.887,0.047,0.066,5,1,-1.4,1.0,143,132
1931-10-18,EKCA,Noviomagum,1,1,1686,1565,0.654,0.110,0.236,3,1,-18.6,17.8,142,139
1931-10-18,Excelsior,Blauw Wit,0,2,1803,1911,0.340,0.118,0.543,2,3,-18.5,10.5,177,128
1931-10-18,Fluks,HKV,2,3,1731,1905,0.254,0.118,0.628,1,2,3.9,-3.7,136,132
1931-10-18,Frisia (Dr),Wees Kwiek,1,2,1606,1339,0.813,0.070,0.116,5,1,-46.0,63.3,150,174
1931-10-18,GKV,Rood Wit (H),3,1,1729,1680,0.556,0.124,0.320,2,1,14.4,-14.9,154,157
1931-10-18,Groen Geel,Amstelodamum,3,5,1466,1554,0.360,0.136,0.505,0,1,-23.2,22.9,167,166
1931-10-18,Groen Zwart,ODIO,1,4,1462,1554,0.364,0.112,0.524,3,4,-52.0,46.3,249,232
1931-10-18,HBS (H),Die Haghe,4,3,1703,1796,0.358,0.123,0.519,2,3,24.8,-21.0,170,156
1931-10-18,HKC (He),AKC (Al),3,1,1531,1534,0.480,0.132,0.388,2,1,18.2,-18.1,138,137
1931-10-18,Hercules,KZ,2,4,1795,1916,0.320,0.122,0.558,2,3,-10.4,10.3,130,129
1931-10-18,KCN,SVK,1,3,1637,1732,0.359,0.117,0.524,2,3,-16.1,17.2,154,160
1931-10-18,KVD,OTO,4,4,1703,1743,0.432,0.122,0.446,2,3,0.7,-0.6,148,136
1931-10-18,LUTO,ZKV (Za),4,3,1715,1709,0.497,0.124,0.379,3,2,7.0,-7.5,148,155
1931-10-18,Naas²,Rigtersbleek,5,0,1835,1626,0.762,0.077,0.160,5,2,13.8,-13.5,145,144
1931-10-18,Nic,Friso (L),2,3,1650,1553,0.622,0.115,0.263,3,1,-28.7,30.4,146,150
1931-10-18,Palvu (H),TOP (Hg),4,2,1502,1319,0.729,0.094,0.177,3,1,0.4,2.8,175,231
1931-10-18,Spangen,ALO,2,0,1544,1682,0.297,0.122,0.581,1,2,46.4,-37.3,167,150
1931-10-18,Sparta (Ze),Leeuwarden,1,2,1734,1750,0.469,0.119,0.413,4,3,-15.4,13.9,155,146
1931-10-18,UNA (L),UDI (T),0,0,1445,1529,0.369,0.125,0.506,1,2,8.2,-6.7,176,160
1931-10-18,Velox,Ons Eibernest,3,1,1674,1818,0.291,0.118,0.591,2,3,37.4,-32.3,145,135
1931-10-18,Victoria (A),Vogel,1,1,1483,1724,0.194,0.087,0.719,2,5,25.7,-34.7,156,180
1931-10-18,Vreewijk,TOV (D),4,1,1654,1616,0.549,0.110,0.341,4,3,28.3,-28.4,178,178
1931-10-18,WKC (Wi),Sprotje,2,3,1095,1164,0.394,0.115,0.491,3,4,-13.9,17.8,226,265
1931-10-18,Westerkwartier,Swift,2,0,1963,1847,0.647,0.111,0.242,3,1,4.4,-4.3,135,134
1931-10-18,Wilskracht,VADA,2,2,1203,1457,0.182,0.085,0.734,2,5,34.2,-37.9,180,189
1931-10-18,Zilvermeeuwen,Haarlem,2,3,1495,1629,0.300,0.129,0.571,1,2,-1.3,1.3,157,156
1931-10-18,Zuiden (R),DKC (De),4,0,2000,1785,0.768,0.077,0.155,5,2,6.8,-7.2,131,135
1931-10-25,AKC (Al),Naas²,0,6,1515,1849,0.123,0.064,0.813,2,6,-10.5,11.8,132,141
1931-10-25,Be Quick,'t Overschotje,3,0,1597,1628,0.440,0.134,0.426,2,1,30.1,-29.8,138,137
1931-10-25,Bilthoven,KVD,6,4,1742,1703,0.546,0.116,0.338,3,2,12.1,-12.1,141,141
1931-10-25,DKC (De),Fluks,2,2,1778,1735,0.551,0.118,0.331,3,2,-8.6,8.5,133,132
1931-10-25,De Tovers,SAMOS,1,0,1583,1638,0.407,0.130,0.463,1,2,23.3,-18.5,192,170
1931-10-25,Emma,Ready (H),2,4,1506,1542,0.439,0.122,0.439,2,3,-33.0,38.7,190,207
1931-10-25,Excelsior,Baerne,3,1,1784,1748,0.543,0.116,0.342,4,3,15.8,-12.7,163,144
1931-10-25,GKV,Regenboog,2,2,1744,1879,0.306,0.112,0.582,2,4,12.5,-12.7,146,148
1931-10-25,HBS (B),UDI (T),2,1,1526,1523,0.496,0.117,0.387,4,3,8.4,-6.9,169,151
1931-10-25,HKV,Ons Eibernest,3,0,1901,1786,0.644,0.117,0.239,2,1,12.4,-12.8,128,131
1931-10-25,Haarlem,Sport Vereent,6,1,1630,1470,0.725,0.056,0.218,13,9,8.5,-9.5,148,160
1931-10-25,Hellas,Onder Ons,1,4,1609,1800,0.241,0.101,0.658,2,4,-10.4,11.0,136,141
1931-10-25,Hercules,DTV,3,6,1784,1955,0.260,0.115,0.625,1,3,-12.5,11.9,126,123
1931-10-25,KCN,Victoria (A),2,1,1621,1509,0.642,0.112,0.246,3,1,-5.5,5.9,146,150
1931-10-25,KZ,Olympia (B),2,1,1926,1848,0.597,0.117,0.286,3,2,-1.6,1.8,126,129
1931-10-25,Kwiek,Oosterpark,2,1,1502,1435,0.580,0.122,0.297,2,1,0.5,-0.4,173,180
1931-10-25,Markelo²,KIOL (Z),5,0,1490,1187,0.843,0.060,0.097,5,1,30.6,-29.0,277,264
1931-10-25,Moedig Voorwaarts,BKC (Be),0,1,1597,1679,0.376,0.115,0.509,3,4,-5.5,5.2,149,144
1931-10-25,OSCR,HSV,1,6,1577,1799,0.206,0.103,0.691,1,3,-27.3,23.8,165,152
1931-10-25,OTO,Volharding (A),0,0,1743,1722,0.517,0.126,0.358,3,2,-6.0,6.7,131,138
1931-10-25,Ons Clubje,HKC (He),3,1,1574,1549,0.517,0.138,0.346,2,1,14.7,-15.0,131,132
1931-10-25,Quick (Z),KEV,5,3,1246,1123,0.672,0.079,0.249,8,6,0.4,-0.5,226,224
1931-10-25,Rigtersbleek,Wit Blauw,2,0,1613,1433,0.724,0.096,0.180,3,1,-1.2,1.8,140,153
1931-10-25,Rood Wit (H),Achilles (H),0,4,1665,1708,0.444,0.094,0.463,5,6,-31.9,31.7,149,148
1931-10-25,Samen Een,Dubbel Zes²,2,0,1531,1567,0.439,0.119,0.442,2,3,23.8,-22.1,153,147
1931-10-25,Sperwers,Vreewijk,0,4,1441,1683,0.192,0.090,0.718,2,5,-17.7,17.1,168,165
1931-10-25,Sportief,ReadyTekca,3,2,1882,1684,0.745,0.092,0.163,3,1,-14.9,14.4,147,144
1931-10-25,Swift,DDV,3,2,1843,1874,0.444,0.125,0.431,3,2,9.4,-9.0,130,127
1931-10-25,VADA,Rapid (Ap),5,1,1419,939,0.935,0.029,0.036,7,1,-6.4,13.7,177,225
1931-10-25,Vitesse (Be),Annen,1,2,1477,1575,0.354,0.117,0.529,2,3,-4.5,4.2,161,154
1931-10-25,Vitesse (Leiden),Velox,3,2,1684,1711,0.449,0.127,0.424,3,2,9.2,-10.2,132,139
1931-10-25,Vogel,Amersfoort,3,0,1689,1496,0.745,0.082,0.173,5,2,4.2,-3.5,169,136
1931-10-25,WKC (Wi),Quick (E),0,9,1081,1345,0.170,0.087,0.743,2,4,-41.7,32.3,205,176
1931-10-25,WWMD,Sparta (Ze),3,0,1732,1719,0.509,0.120,0.370,3,2,23.9,-25.3,142,146
1931-10-25,Wees Kwiek,UNA (L),4,3,1402,1453,0.416,0.123,0.461,2,3,17.1,-16.4,167,163
1931-10-25,Westerkwartier,DVD²,4,3,1967,1912,0.569,0.113,0.317,4,2,-0.0,-0.0,131,130
1931-10-25,ZKC (Zu),EKCA,0,2,1680,1668,0.502,0.133,0.365,2,1,-31.2,27.4,147,137
1931-11-01,'s Gravenhage,UVO,2,0,1316,1312,0.494,0.123,0.382,3,2,24.0,-23.0,175,171
1931-11-01,ALO,Regenboog,4,3,1644,1866,0.209,0.097,0.694,2,4,34.5,-32.4,146,141
1931-11-01,Achilles (H),Spangen,2,0,1739,1590,0.705,0.075,0.220,8,5,-4.0,5.5,141,159
1931-11-01,Amersfoort,KCN,1,4,1493,1616,0.319,0.119,0.562,2,3,-17.9,19.8,133,141
1931-11-01,DDV,DTV,2,2,1865,1966,0.348,0.118,0.534,2,3,6.5,-6.2,123,121
1931-11-01,DOS (E),Ons Clubje,4,0,1861,1589,0.818,0.069,0.113,5,1,5.3,-4.2,151,127
1931-11-01,EKCA,Be Quick,2,0,1695,1628,0.579,0.126,0.295,2,1,9.9,-9.9,132,133
1931-11-01,Fluks,Zuiden (R),2,2,1743,2006,0.173,0.084,0.743,2,5,21.6,-23.1,128,132
1931-11-01,Hercules,Westerkwartier,5,2,1772,1967,0.234,0.106,0.660,2,3,39.1,-41.8,123,127
1931-11-01,KVD,Excelsior,0,4,1691,1800,0.338,0.117,0.544,2,3,-24.9,31.3,135,153
1931-11-01,Noviomagum,Hellas,1,4,1583,1598,0.467,0.123,0.410,3,2,-31.1,28.7,138,132
1931-11-01,ODIO,Quick (E),0,2,1600,1378,0.775,0.076,0.149,5,2,-94.7,59.4,210,167
1931-11-01,Olympiaan,Phoenix (Z),4,1,1484,1543,0.405,0.126,0.469,1,2,70.3,-73.5,236,242
1931-11-01,Onder Ons,ZKC (Zu),3,1,1811,1649,0.708,0.093,0.199,4,2,-1.2,1.3,136,140
1931-11-01,Oosterpark,Groen Geel,2,0,1434,1443,0.474,0.128,0.398,3,2,25.0,-22.9,167,159
1931-11-01,Quick (Z),Excelsior (K),1,7,1246,1269,0.473,0.090,0.438,9,8,-67.3,84.6,204,232
1931-11-01,Rapid (Ap),Wilskracht,0,2,953,1237,0.154,0.083,0.763,1,4,9.9,-4.5,218,172
1931-11-01,Rigtersbleek,Achilles (A),6,2,1611,1543,0.585,0.119,0.296,3,2,23.3,-23.4,136,137
1931-11-01,Rozenburg,HBS (H),6,1,1852,1728,0.662,0.101,0.237,4,2,25.9,-27.6,155,161
1931-11-01,Sport Vereent,DED,1,3,1461,1824,0.114,0.039,0.848,8,14,22.3,-25.2,152,161
1931-11-01,Sportief,AW,1,1,1867,1673,0.738,0.097,0.165,3,0,-25.6,28.3,142,149
1931-11-01,TOGO (A),Vogel,0,0,1668,1693,0.461,0.108,0.430,5,4,-1.4,1.6,147,161
1931-11-01,TOV (D),Sperwers,2,2,1587,1424,0.711,0.092,0.197,4,2,-29.7,26.9,168,160
1931-11-01,Velox,Deetos,0,5,1701,2054,0.109,0.064,0.827,2,5,-7.4,8.4,133,144
1931-11-01,Victoria (A),Gooiers²,3,1,1515,1535,0.456,0.133,0.411,2,1,21.2,-27.8,144,167
1931-11-01,Vitesse (Be),ZKC '19,1,1,1472,1569,0.357,0.113,0.530,3,4,8.0,-9.3,152,163
1931-11-01,Volharding (A),Baerne,2,2,1728,1736,0.479,0.123,0.398,3,2,-3.1,3.4,133,138
1931-11-01,Vreewijk,Quick (D),1,1,1700,1636,0.582,0.111,0.307,4,3,-13.2,16.9,157,177
1931-11-01,Wit Blauw,AKC (Al),3,2,1435,1505,0.392,0.121,0.488,2,3,16.5,-13.1,147,131
1931-11-01,Zwaluwen (H),De Tovers,3,2,1581,1606,0.450,0.132,0.419,3,2,14.5,-15.0,171,175
1931-11-08,'t Overschotje,Rapiditas,3,1,1599,1551,0.555,0.122,0.323,3,2,11.3,-11.5,135,136
1931-11-08,Animo²,Advendo,1,5,1511,1664,0.279,0.120,0.600,1,2,-39.9,37.4,191,184
1931-11-08,Be Quick,Onder Ons,0,1,1618,1810,0.239,0.104,0.657,2,4,6.1,-6.5,129,132
1931-11-08,Blauw Wit,Volharding (A),1,0,1922,1726,0.742,0.092,0.165,3,1,-12.6,11.9,131,128
1931-11-08,DTV,KZ,2,4,1961,1925,0.538,0.124,0.338,3,2,-22.8,25.8,118,126
1931-11-08,Deetos,HKV,4,1,2063,1914,0.691,0.098,0.211,4,2,8.8,-7.5,142,128
1931-11-08,Dubbel Zes²,Rood Wit,4,1,1546,1647,0.348,0.119,0.533,2,3,37.8,-41.8,143,150
1931-11-08,Excelsior,Bilthoven,5,1,1832,1755,0.601,0.110,0.290,4,2,23.3,-21.4,145,138
1931-11-08,HSV,OSCR,2,0,1823,1550,0.816,0.072,0.112,4,1,-9.8,11.5,149,159
1931-11-08,KEV,Excelsior (K),3,0,1123,1355,0.211,0.071,0.718,6,9,79.7,-79.4,205,205
1931-11-08,Mercedes,VADA,0,1,1363,1413,0.421,0.117,0.462,2,3,-13.5,12.8,182,177
1931-11-08,Naas²,Ons Clubje,1,1,1861,1585,0.824,0.063,0.114,6,2,-33.9,26.5,142,126
1931-11-08,Nic,Leeuwarden,4,3,1622,1765,0.295,0.114,0.591,2,3,25.2,-25.1,145,145
1931-11-08,Noviomagum,EKCA,2,3,1552,1706,0.280,0.117,0.603,1,3,2.1,-2.0,132,128
1931-11-08,OTO,KVD,3,3,1737,1667,0.590,0.112,0.297,4,2,-11.1,11.2,130,131
1931-11-08,Ons Eibernest,Fluks,2,1,1773,1765,0.498,0.127,0.375,3,2,5.6,-5.2,130,126
1931-11-08,Quick (D),Trekvogels (R),3,1,1654,1495,0.700,0.102,0.199,3,1,1.1,-1.3,164,155
1931-11-08,Ready (H),ODI (H),3,4,1581,1634,0.415,0.122,0.463,2,3,-14.5,14.6,189,189
1931-11-08,ReadyTekca,ZKV (Za),3,2,1699,1702,0.485,0.122,0.393,3,2,7.4,-8.2,143,151
1931-11-08,SVK,Amersfoort,5,1,1750,1475,0.816,0.074,0.110,3,0,7.8,-5.9,156,129
1931-11-08,Samen Een,BKC (Be),2,3,1555,1685,0.315,0.107,0.578,3,4,1.0,-0.8,147,140
1931-11-08,Sparta (Ze),WWMD,4,4,1694,1757,0.401,0.121,0.478,2,3,3.3,-3.2,142,139
1931-11-08,Sprotje,WKC (Wi),9,1,1183,1040,0.687,0.095,0.218,5,2,58.5,-42.8,231,191
1931-11-08,Swift,Olympia (B),3,6,1853,1851,0.491,0.125,0.385,3,2,-30.0,29.9,129,129
1931-11-08,UVO,TOP (Hg),1,3,1290,1322,0.443,0.125,0.432,3,2,-25.5,42.8,159,212
1931-11-08,Vitesse (Leiden),Zuiden (R),1,6,1694,1984,0.151,0.079,0.770,2,5,-11.3,11.2,130,129
1931-11-08,Westerkwartier,DDV,3,4,1926,1872,0.567,0.116,0.317,3,2,-18.1,16.8,125,120
1931-11-08,Zwart Wit,Vooruit,3,1,1398,1289,0.642,0.106,0.252,4,2,10.9,-10.5,214,208
1931-11-15,'s Gravenhage,TOP (Hg),1,1,1339,1363,0.454,0.125,0.421,3,2,-1.7,2.2,165,188
1931-11-15,'t Overschotje,EKCA,4,1,1608,1702,0.355,0.128,0.517,1,2,33.7,-31.1,130,125
1931-11-15,Achilles (H),Rood Wit (H),7,3,1734,1632,0.645,0.084,0.271,7,5,14.4,-15.7,140,147
1931-11-15,Bilthoven,Blauw Wit,0,6,1731,1908,0.257,0.105,0.638,2,4,-24.2,22.8,133,129
1931-11-15,Concordia²,BEP,1,3,1628,1690,0.400,0.127,0.473,1,2,-24.3,22.5,164,157
1931-11-15,DDV,Hercules,1,1,1887,1810,0.599,0.111,0.290,4,2,-10.0,11.1,118,124
1931-11-15,DED,Zilvermeeuwen,5,1,1797,1492,0.836,0.073,0.091,2,-1,8.5,-8.3,159,156
1931-11-15,DOS (E),Achilles (A),6,0,1865,1518,0.874,0.049,0.077,6,2,7.9,-6.7,150,135
1931-11-15,DVD²,Swift,2,3,1911,1821,0.617,0.108,0.274,4,2,-23.4,21.1,132,125
1931-11-15,Eendracht,ReadyTekca,5,0,1991,1704,0.830,0.064,0.105,5,1,9.4,-8.1,151,137
1931-11-15,Emma,Ter Gouw,1,2,1472,1582,0.339,0.111,0.549,3,4,-2.9,3.0,179,181
1931-11-15,GKV,ALO,2,3,1755,1678,0.598,0.114,0.288,3,2,-26.0,25.2,145,143
1931-11-15,Groen Geel,Ados²,0,2,1419,1464,0.417,0.140,0.443,0,1,-25.1,34.7,153,182
1931-11-15,HKC (He),Naas²,0,5,1532,1825,0.150,0.075,0.775,2,5,-10.9,11.6,134,139
1931-11-15,HKV,Vitesse (Leiden),3,2,1905,1681,0.769,0.088,0.142,3,0,-13.4,13.9,126,128
1931-11-15,Hellas,ZKC (Zu),4,1,1626,1649,0.453,0.128,0.419,3,2,25.5,-28.6,130,139
1931-11-15,KCN,TOGO (A),2,3,1634,1666,0.445,0.122,0.434,4,3,-11.1,11.8,138,143
1931-11-15,KVD,Baerne,4,5,1676,1738,0.404,0.118,0.478,2,3,-6.3,7.1,127,135
1931-11-15,KZ,Westerkwartier,2,1,1949,1906,0.549,0.122,0.329,3,2,1.6,-1.6,122,122
1931-11-15,Moedig Voorwaarts,Samen Een,2,3,1590,1554,0.542,0.117,0.341,3,2,-21.0,19.2,147,140
1931-11-15,OSCR,Die Haghe,3,1,1560,1774,0.215,0.104,0.682,1,3,49.1,-50.1,154,156
1931-11-15,Ons Eibernest,Velox,6,1,1777,1692,0.607,0.116,0.277,3,1,22.3,-25.2,126,135
1931-11-15,Regenboog,Spangen,5,1,1832,1594,0.786,0.080,0.134,4,1,8.5,-9.9,140,154
1931-11-15,SAMOS,Sport,7,1,1618,1573,0.552,0.123,0.325,3,2,43.5,-45.4,164,168
1931-11-15,Trekvogels (R),Vreewijk,1,2,1492,1685,0.238,0.103,0.659,2,4,7.6,-8.0,149,152
1931-11-15,Victoria (A),SVK,2,3,1535,1755,0.206,0.107,0.687,1,3,8.6,-10.2,141,151
1931-11-15,Volharding (A),Excelsior,3,2,1736,1853,0.323,0.124,0.552,1,2,17.8,-21.4,126,139
1931-11-15,Wilskracht,Mercedes,0,3,1231,1348,0.326,0.124,0.551,1,2,-28.4,28.5,167,168
1931-11-15,Wit Blauw,Rigtersbleek,2,1,1450,1633,0.247,0.109,0.643,1,3,29.7,-26.4,143,135
1931-11-22,ALO,Achilles (H),1,1,1703,1748,0.440,0.092,0.468,6,7,1.2,-1.1,138,135
1931-11-22,Amersfoort,Vogel,2,1,1468,1694,0.208,0.090,0.702,2,5,27.6,-39.2,131,156
1931-11-22,Amstelodamum,Kwiek,0,1,1575,1501,0.588,0.127,0.286,2,1,-32.2,33.7,165,169
1931-11-22,Baerne,Bilthoven,1,3,1745,1707,0.547,0.112,0.341,4,3,-25.6,25.3,130,129
1931-11-22,Blauw Wit,OTO,2,0,1930,1724,0.756,0.084,0.160,4,2,-4.4,4.8,126,129
1931-11-22,DVD²,Hercules,4,2,1887,1821,0.587,0.110,0.303,4,3,7.1,-6.4,128,121
1931-11-22,Gooiers²,KCN,1,4,1506,1623,0.328,0.115,0.557,2,3,-24.4,17.3,160,132
1931-11-22,HBS (H),Rozenburg,1,4,1699,1877,0.256,0.105,0.639,2,4,-15.7,15.0,158,153
1931-11-22,HKC (He),Wit Blauw,3,0,1521,1480,0.547,0.121,0.332,3,2,18.7,-20.3,132,137
1931-11-22,Haarlem,DED,3,2,1637,1806,0.259,0.120,0.620,1,2,30.8,-32.7,151,155
1931-11-22,Naas²,AKC (Al),2,0,1837,1490,0.874,0.049,0.078,6,2,-16.2,15.2,136,132
1931-11-22,Olympia (B),Westerkwartier,2,5,1879,1904,0.453,0.124,0.424,3,2,-26.6,23.3,128,119
1931-11-22,Onder Ons,Hellas,5,2,1802,1651,0.696,0.094,0.210,4,2,6.9,-6.4,132,126
1931-11-22,Ons Clubje,DOS (E),0,5,1610,1873,0.170,0.088,0.741,1,4,-13.5,17.4,128,148
1931-11-22,Quick (D),Vreewijk,0,5,1653,1677,0.456,0.120,0.424,4,3,-50.5,42.9,159,145
1931-11-22,Rapiditas,Noviomagum,4,1,1538,1553,0.467,0.126,0.408,3,2,25.7,-24.5,134,131
1931-11-22,ReadyTekca,Sportief,1,2,1696,1840,0.291,0.119,0.590,1,3,1.0,-1.3,135,144
1931-11-22,Spangen,GKV,3,2,1584,1729,0.290,0.119,0.590,1,3,27.4,-23.9,149,139
1931-11-22,Sprotje,Groen Zwart,2,2,1239,1408,0.268,0.101,0.631,3,5,25.4,-29.8,209,225
1931-11-22,Swift,KZ,4,3,1842,1951,0.336,0.124,0.540,1,2,16.3,-15.7,122,120
1931-11-22,Velox,HKV,2,5,1667,1892,0.202,0.104,0.693,1,3,-8.6,8.0,130,125
1931-11-22,Vitesse (Leiden),DKC (De),5,3,1695,1768,0.386,0.121,0.493,2,3,21.4,-24.8,127,137
1931-11-22,WK,Friso (L),10,2,1997,1582,0.907,0.042,0.051,5,0,10.3,-9.7,160,154
1931-11-22,ZKC (Zu),Be Quick,0,3,1621,1622,0.480,0.135,0.384,2,1,-32.9,31.0,133,129
1931-11-22,Zilvermeeuwen,Sport Vereent,0,2,1484,1482,0.517,0.074,0.409,10,9,-20.3,20.7,153,154
1931-11-22,Zuiden (R),Fluks,4,1,1993,1758,0.786,0.076,0.139,5,2,0.1,-0.2,130,125
1931-11-29,Amstelodamum,Groen Geel,6,1,1543,1394,0.685,0.111,0.204,2,0,26.1,-23.9,156,148
1931-11-29,Bilthoven,OTO,3,1,1732,1729,0.496,0.118,0.386,4,3,13.2,-13.5,126,128
1931-11-29,DTV,Olympia (B),4,2,1936,1852,0.606,0.114,0.279,3,2,5.9,-6.0,122,124
1931-11-29,Die Haghe,HBS (H),0,0,1724,1684,0.545,0.121,0.334,3,2,-10.1,9.9,151,150
1931-11-29,EKCA,Rapiditas,0,1,1671,1564,0.634,0.116,0.250,2,1,-23.6,25.3,125,129
1931-11-29,Eendracht,ZKV (Za),4,0,2001,1692,0.846,0.060,0.093,5,1,2.9,-2.9,150,149
1931-11-29,Gooiers²,SVK,1,5,1481,1745,0.169,0.090,0.741,1,4,-13.4,13.1,150,148
1931-11-29,LUTO,Sportief,2,3,1720,1839,0.322,0.123,0.554,1,2,-2.1,1.9,154,138
1931-11-29,Rigtersbleek,Naas²,2,3,1607,1821,0.219,0.094,0.686,2,4,9.1,-9.3,134,135
1931-11-29,Rood Wit (H),Spangen,1,3,1617,1612,0.489,0.136,0.375,2,1,-29.3,28.9,143,142
1931-11-29,Sport,De Tovers,2,1,1527,1590,0.396,0.132,0.472,1,2,18.2,-20.4,159,169
1931-11-29,TOGO (A),Victoria (A),1,3,1678,1543,0.667,0.114,0.219,2,0,-42.7,42.7,139,139
1931-11-29,TOP (Hg),'s Gravenhage,1,1,1365,1338,0.528,0.123,0.350,3,2,-10.5,8.6,174,158
1931-11-29,VADA,Wilskracht,2,1,1424,1203,0.772,0.078,0.149,5,2,-22.6,19.8,169,159
1931-11-29,Velox,Vitesse (Leiden),3,3,1658,1716,0.406,0.125,0.469,1,2,2.3,-2.2,128,123
1931-11-29,Vooruit,Oranje Zwart,0,5,1276,1359,0.373,0.122,0.505,2,3,-58.9,45.6,194,169
1931-11-29,Zilvermeeuwen,BEP,2,0,1464,1712,0.181,0.099,0.720,1,3,48.7,-53.0,145,151
1931-12-06,'t Overschotje,ZKC (Zu),3,0,1642,1588,0.564,0.122,0.314,3,2,18.0,-17.7,132,131
1931-12-06,AKC (Al),HKC (He),1,1,1506,1540,0.435,0.133,0.432,3,2,-0.1,0.1,135,130
1931-12-06,AW,LUTO,3,2,1701,1718,0.462,0.127,0.411,3,2,11.0,-9.9,154,146
1931-12-06,DDV,Swift,2,2,1877,1858,0.517,0.119,0.364,3,2,-5.2,5.2,122,123
1931-12-06,DOS (E),Rigtersbleek,3,0,1891,1616,0.820,0.068,0.112,5,1,-2.6,1.7,146,130
1931-12-06,DVD²,Westerkwartier,0,1,1895,1928,0.445,0.117,0.438,4,3,-9.3,8.3,127,120
1931-12-06,Deetos,Ons Eibernest,5,2,2070,1800,0.817,0.067,0.115,5,2,-2.6,1.8,145,129
1931-12-06,KCN,Gooiers²,6,2,1641,1468,0.721,0.090,0.189,4,2,11.2,-13.2,132,145
1931-12-06,Kwiek,Groen Geel,4,1,1535,1370,0.703,0.107,0.190,2,0,13.0,-10.7,161,143
1931-12-06,Naas²,Achilles (A),7,1,1811,1511,0.844,0.056,0.101,7,3,8.0,-8.8,132,140
1931-12-06,Noviomagum,Be Quick,2,1,1528,1654,0.314,0.122,0.564,2,3,19.7,-19.1,130,128
1931-12-06,ODI (H),Ready (H),1,3,1646,1565,0.605,0.111,0.284,4,2,-50.7,50.4,180,180
1931-12-06,OTO,Excelsior,4,2,1716,1832,0.329,0.115,0.556,2,3,24.4,-30.4,124,139
1931-12-06,Oosterpark,Amstelodamum,0,2,1458,1569,0.334,0.120,0.546,2,3,-16.6,13.8,165,149
1931-12-06,Palvu (H),'s Gravenhage,2,0,1502,1346,0.698,0.099,0.203,4,1,0.5,-1.1,180,149
1931-12-06,Phoenix (Z),Olympiaan,0,1,1468,1554,0.368,0.123,0.509,2,3,-11.7,11.4,220,217
1931-12-06,Sport Vereent,Haarlem,2,2,1503,1668,0.289,0.066,0.645,9,12,16.5,-16.1,149,147
1931-12-06,TOV (D),Vreewijk,2,6,1557,1720,0.274,0.102,0.624,3,5,-26.7,19.7,168,142
1931-12-06,Vitesse (Leiden),Fluks,4,1,1714,1758,0.426,0.125,0.450,1,2,23.7,-26.4,120,127
1931-12-06,Vogel,SVK,2,2,1655,1758,0.352,0.104,0.544,4,5,9.2,-8.2,151,143
1931-12-06,Zwaluwen (H),Sport,5,1,1595,1546,0.556,0.123,0.321,3,2,36.8,-29.9,169,150
1931-12-13,ALO,Spangen,2,1,1704,1641,0.577,0.121,0.302,3,1,-0.1,0.1,138,139
1931-12-13,Ados²,Amstelodamum,2,4,1499,1583,0.365,0.132,0.503,1,2,-24.4,17.1,173,142
1931-12-13,Amsterdam Zuid,Rohda (A),0,7,1766,1695,0.595,0.106,0.299,4,3,-115.3,88.4,223,193
1931-12-13,Be Quick,EKCA,2,2,1635,1647,0.465,0.135,0.400,2,1,-2.3,2.3,125,125
1931-12-13,DED,Concordia²,2,0,1774,1604,0.709,0.105,0.186,2,0,1.2,-1.1,153,161
1931-12-13,DVD²,KZ,0,3,1886,1935,0.421,0.119,0.461,2,3,-21.8,21.9,124,124
1931-12-13,Groen Geel,Oosterpark,1,0,1360,1442,0.371,0.126,0.503,1,2,16.3,-20.3,138,155
1931-12-13,KVD,Volharding (A),2,2,1670,1754,0.369,0.126,0.505,1,2,5.3,-5.3,132,132
1931-12-13,Olympia (B),DDV,2,3,1846,1872,0.456,0.119,0.426,4,3,-9.9,9.1,124,120
1931-12-13,Onder Ons,'t Overschotje,7,2,1809,1660,0.694,0.094,0.212,4,2,17.6,-16.1,134,128
1931-12-13,Ons Eibernest,Vitesse (Leiden),3,0,1801,1738,0.579,0.118,0.304,3,2,15.8,-13.5,128,118
1931-12-13,Rapiditas,Hellas,2,1,1589,1645,0.410,0.124,0.467,2,3,11.9,-12.0,129,130
1931-12-13,Regenboog,GKV,4,2,1841,1705,0.677,0.098,0.225,4,2,1.2,-1.2,145,140
1931-12-13,Rigtersbleek,Ons Clubje,4,0,1618,1596,0.512,0.137,0.351,2,1,27.5,-28.8,129,132
1931-12-13,SAMOS,De Tovers,3,1,1662,1569,0.617,0.114,0.268,3,1,9.2,-9.1,161,160
1931-12-13,SVK,TOGO (A),4,1,1750,1635,0.648,0.108,0.244,3,2,12.3,-12.3,137,138
1931-12-13,Swift,DTV,5,4,1864,1942,0.377,0.125,0.498,1,2,12.7,-13.4,120,123
1931-12-13,Westerkwartier,Hercules,4,2,1936,1815,0.657,0.106,0.237,3,2,2.3,-2.5,117,125
1931-12-13,Wit Blauw,DOS (E),0,9,1460,1888,0.073,0.047,0.880,2,7,-10.1,10.8,138,143
1931-12-17,Quick (E),Groen Zwart,1,1,1436,1379,0.575,0.108,0.317,4,3,-13.7,19.7,174,207
1931-12-17,Sprotje,ODIO,1,5,1265,1505,0.195,0.086,0.719,3,5,-22.2,23.7,196,205
1931-12-20,Baerne,Blauw Wit,1,2,1720,1926,0.225,0.098,0.677,2,4,8.5,-8.2,135,133
1931-12-20,DTV,DVD²,1,3,1929,1864,0.584,0.112,0.304,4,2,-25.2,25.4,120,120
1931-12-20,De Tovers,Zwaluwen (H),0,4,1560,1632,0.385,0.129,0.486,1,2,-36.9,40.8,152,160
1931-12-20,Eendracht,AW,11,2,2004,1712,0.833,0.066,0.101,4,1,16.9,-16.1,153,148
1931-12-20,GKV,Achilles (H),4,3,1704,1748,0.443,0.092,0.465,6,7,8.7,-9.1,136,139
1931-12-20,HBS (H),OSCR,1,1,1694,1609,0.608,0.113,0.279,3,2,-14.9,17.0,148,157
1931-12-20,Hercules,Swift,2,1,1812,1877,0.398,0.123,0.479,2,3,11.8,-10.8,123,117
1931-12-20,Ons Eibernest,DKC (De),2,2,1817,1743,0.595,0.113,0.293,3,2,-10.5,13.2,125,140
1931-12-20,Oosterpark,Ados²,1,2,1421,1474,0.411,0.129,0.460,1,2,-10.1,12.0,146,160
1931-12-20,Ready (H),Emma,3,1,1615,1469,0.689,0.097,0.214,4,2,1.5,-1.4,169,175
1931-12-20,Victoria (A),KCN,0,5,1586,1652,0.395,0.126,0.479,1,2,-37.2,33.1,140,132
1931-12-20,Vitesse (Leiden),Deetos,2,2,1724,2068,0.115,0.067,0.819,2,5,22.3,-35.6,116,145
1931-12-20,Zilvermeeuwen,DED,0,3,1513,1775,0.166,0.102,0.732,0,2,-9.0,9.1,146,147
1932-01-03,Rapiditas,Be Quick,2,0,1602,1633,0.440,0.132,0.428,3,2,19.7,-18.6,131,127
1932-01-10,Achilles (A),DOS (E),0,4,1504,1900,0.087,0.053,0.860,2,6,-0.2,0.2,149,149
1932-01-10,Achilles (H),Regenboog,2,4,1740,1843,0.360,0.088,0.552,7,8,-7.9,8.8,139,148
1932-01-10,Eendracht,LUTO,6,1,2022,1710,0.850,0.058,0.093,6,1,7.8,-7.4,154,149
1932-01-10,Excelsior,Volharding (A),1,2,1803,1750,0.562,0.123,0.315,2,1,-23.3,21.0,144,136
1932-01-10,Gooiers²,Victoria (A),1,5,1456,1550,0.352,0.130,0.517,1,2,-34.7,30.1,151,140
1932-01-10,KZ,Hercules,3,0,1958,1825,0.671,0.104,0.225,3,1,9.4,-9.0,130,126
1932-01-10,OSCR,Rozenburg,2,7,1627,1893,0.169,0.087,0.744,2,4,-18.4,19.9,154,161
1932-01-10,OTO,Baerne,0,0,1741,1729,0.510,0.116,0.375,4,3,-5.2,5.5,133,137
1932-01-10,Quick (D),Sperwers,3,0,1604,1451,0.695,0.099,0.205,4,1,12.3,-13.5,164,174
1932-01-10,Ready (H),Ter Gouw,4,2,1618,1587,0.538,0.113,0.349,4,3,16.0,-19.0,165,183
1932-01-10,ReadyTekca,AW,6,4,1699,1697,0.489,0.127,0.383,3,2,18.9,-19.7,147,151
1932-01-10,Rood Wit (H),ALO,1,2,1589,1705,0.323,0.127,0.550,1,2,-2.6,2.4,150,141
1932-01-10,UVO,Palvu (H),1,8,1264,1503,0.191,0.097,0.712,1,4,-32.0,34.3,170,177
1932-01-10,Velox,Zuiden (R),0,5,1662,1995,0.121,0.068,0.810,2,5,-9.3,10.1,138,145
1932-01-10,Westerkwartier,DTV,3,2,1940,1905,0.538,0.122,0.340,3,2,2.4,-2.3,125,124
1932-01-10,ZKC (Zu),Rapiditas,1,1,1571,1622,0.414,0.130,0.456,1,2,1.8,-1.5,139,127
1932-01-10,Zilvermeeuwen,Concordia²,1,1,1505,1604,0.342,0.138,0.520,0,1,7.8,-9.5,147,161
1932-01-17,Amersfoort,Gooiers²,1,2,1496,1421,0.592,0.120,0.287,2,1,-27.1,25.5,148,143
1932-01-17,Bilthoven,Excelsior,3,2,1747,1780,0.444,0.120,0.436,4,3,10.4,-10.1,140,138
1932-01-17,Concordia²,Sport Vereent,2,2,1595,1520,0.617,0.070,0.313,11,9,-14.3,15.0,151,155
1932-01-17,DDV,KZ,1,3,1882,1968,0.369,0.121,0.511,2,3,-13.2,12.7,129,127
1932-01-17,EKCA,ZKC (Zu),2,3,1651,1573,0.593,0.124,0.283,2,1,-23.7,23.3,134,133
1932-01-17,Eendracht,Sportief,2,0,2030,1842,0.736,0.088,0.176,4,2,-3.8,3.7,151,149
1932-01-17,HSV,HBS (H),8,2,1813,1680,0.670,0.105,0.225,3,1,33.2,-27.2,167,149
1932-01-17,Hercules,Olympia (B),1,4,1816,1838,0.459,0.122,0.419,4,3,-24.8,28.6,123,133
1932-01-17,Ons Eibernest,HKV,0,3,1808,1901,0.355,0.129,0.517,1,2,-21.4,25.0,131,143
1932-01-17,Rigtersbleek,AKC (Al),0,2,1647,1507,0.674,0.111,0.214,2,0,-41.5,45.6,137,144
1932-01-17,Rood Wit (H),GKV,2,4,1586,1714,0.310,0.123,0.566,1,2,-11.9,11.3,143,139
1932-01-17,Velox,DKC (De),4,1,1652,1758,0.344,0.117,0.539,2,3,35.2,-38.7,136,143
1932-01-17,Vooruit,Zwart Wit,2,3,1219,1408,0.242,0.104,0.654,2,4,8.2,-11.0,189,211
1932-01-24,AKC (Al),Ons Clubje,2,2,1551,1568,0.460,0.136,0.405,2,1,-2.3,2.4,139,142
1932-01-24,AW,Sportief,4,5,1676,1845,0.260,0.119,0.621,1,2,3.6,-3.5,145,144
1932-01-24,Ados²,Groen Geel,3,1,1486,1376,0.635,0.121,0.244,2,0,8.8,-7.7,160,147
1932-01-24,BEP,Haarlem,3,3,1660,1652,0.498,0.126,0.376,3,2,-6.4,5.9,162,156
1932-01-24,Baerne,Excelsior,1,4,1733,1768,0.441,0.119,0.440,4,3,-27.1,26.2,135,132
1932-01-24,Blauw Wit,KVD,11,1,1918,1675,0.791,0.077,0.132,4,1,18.0,-18.2,141,142
1932-01-24,DTV,DDV,3,2,1901,1868,0.538,0.119,0.343,3,2,2.2,-2.3,124,125
1932-01-24,Die Haghe,HSV,0,1,1714,1845,0.308,0.118,0.574,2,3,-0.3,0.4,161,158
1932-01-24,EKCA,Onder Ons,0,0,1626,1827,0.231,0.101,0.668,2,4,16.3,-20.5,130,145
1932-01-24,Fluks,Velox,3,2,1732,1687,0.553,0.120,0.327,3,2,1.7,-1.6,140,131
1932-01-24,Gooiers²,TOGO (A),2,1,1446,1623,0.253,0.111,0.636,1,3,26.8,-30.5,138,147
1932-01-24,HKC (He),Achilles (A),2,2,1541,1502,0.541,0.124,0.335,3,2,-8.9,9.7,143,149
1932-01-24,Merwede (D),Spartaan,3,0,1559,1419,0.681,0.099,0.220,4,2,35.0,-34.3,279,274
1932-01-24,Olympia (B),DVD²,7,4,1865,1889,0.458,0.117,0.425,4,3,23.2,-23.9,128,130
1932-01-24,Rapiditas,'t Overschotje,3,0,1619,1644,0.452,0.126,0.422,3,2,24.0,-29.0,126,140
1932-01-24,SVK,KCN,4,1,1763,1685,0.602,0.108,0.290,4,3,16.6,-15.1,147,139
1932-01-24,Ter Gouw,ODI (H),0,2,1566,1596,0.450,0.118,0.432,4,3,-28.4,31.6,171,181
1932-01-24,Volharding (A),Bilthoven,5,4,1770,1756,0.507,0.124,0.369,3,2,5.1,-5.0,135,134
1932-01-24,Zwaluwen (H),SAMOS,2,1,1672,1671,0.489,0.125,0.386,3,2,8.7,-9.2,160,165
1932-01-31,Blauw Wit,Excelsior,7,5,1936,1795,0.683,0.099,0.218,4,2,0.7,-0.8,138,128
1932-01-31,Concordia²,Haarlem,2,2,1579,1658,0.371,0.137,0.492,0,1,5.5,-5.5,147,147
1932-01-31,DDV,DVD²,7,4,1865,1865,0.493,0.115,0.392,4,3,18.9,-20.0,122,126
1932-01-31,DED,BEP,6,2,1784,1653,0.667,0.106,0.227,3,1,21.4,-20.8,155,152
1932-01-31,Emma,ODI (H),1,4,1468,1627,0.275,0.111,0.614,2,3,-22.5,20.6,176,167
1932-01-31,Fluks,Deetos,4,4,1734,2032,0.144,0.078,0.778,2,5,25.7,-34.3,135,154
1932-01-31,HKV,DKC (De),4,1,1925,1718,0.755,0.088,0.157,4,1,4.3,-4.3,139,139
1932-01-31,KVD,Bilthoven,3,4,1657,1751,0.360,0.116,0.524,3,4,-3.6,3.2,139,129
1932-01-31,Naas²,DOS (E),3,1,1820,1899,0.386,0.101,0.512,5,6,25.7,-26.5,150,152
1932-01-31,Noviomagum,ZKC (Zu),1,4,1548,1595,0.420,0.127,0.453,1,2,-30.8,25.6,145,132
1932-01-31,Olympia (B),KZ,2,2,1889,1979,0.362,0.121,0.517,2,3,5.5,-5.6,124,126
1932-01-31,Onder Ons,Rapiditas,5,2,1806,1643,0.710,0.092,0.198,4,2,6.5,-5.4,139,123
1932-01-31,Oosterpark,Kwiek,2,1,1411,1548,0.300,0.121,0.579,1,3,26.1,-32.3,152,170
1932-01-31,Regenboog,Rood Wit (H),2,3,1851,1573,0.820,0.071,0.109,4,1,-48.2,43.9,146,140
1932-01-31,Rigtersbleek,HKC (He),4,1,1604,1532,0.584,0.129,0.287,2,0,18.7,-18.9,136,137
1932-01-31,Rozenburg,HSV,4,3,1912,1845,0.586,0.111,0.303,4,2,-1.4,1.1,159,149
1932-01-31,SVK,Gooiers²,22,0,1779,1472,0.844,0.063,0.094,5,1,13.7,-12.5,140,133
1932-01-31,Sportief,ZKV (Za),4,1,1841,1689,0.693,0.103,0.204,3,1,9.8,-13.0,139,165
1932-01-31,Swift,Westerkwartier,2,2,1866,1941,0.381,0.125,0.494,2,3,4.3,-4.1,131,128
1932-01-31,Vogel,Victoria (A),3,2,1664,1579,0.612,0.105,0.283,4,3,-4.5,3.1,161,140
1932-01-31,Wit Blauw,Ons Clubje,1,2,1450,1570,0.322,0.122,0.557,2,3,-1.7,1.6,153,136
1932-01-31,Zuiden (R),Ons Eibernest,1,1,2004,1785,0.769,0.080,0.151,5,2,-30.9,23.8,147,130
1932-01-31,Zwart Wit,Oranje Zwart,5,2,1396,1405,0.475,0.128,0.398,3,2,45.8,-38.7,194,177
1932-02-07,AKC (Al),Achilles (A),3,1,1549,1512,0.542,0.119,0.338,3,2,12.0,-13.3,136,144
1932-02-07,AW,SVK,7,3,1680,1793,0.335,0.113,0.552,3,4,45.3,-43.1,142,139
1932-02-07,Amersfoort,Rohda (A),0,6,1468,1784,0.129,0.082,0.789,0,3,-17.3,27.8,146,193
1932-02-07,Amstelodamum,TOGO (A),2,3,1600,1593,0.498,0.127,0.375,3,2,-19.8,17.1,155,143
1932-02-07,Amsterdam Zuid,Victoria (A),5,0,1651,1582,0.589,0.110,0.300,4,2,54.6,-24.7,212,135
1932-02-07,Concordia²,LUTO,4,6,1585,1701,0.325,0.125,0.550,1,2,-12.6,15.0,140,154
1932-02-07,DDV,Hercules,6,1,1884,1790,0.623,0.107,0.270,4,2,18.6,-20.7,119,126
1932-02-07,DED,Westerkwartier,2,10,1805,1937,0.307,0.120,0.573,2,3,-37.8,27.4,148,124
1932-02-07,District V,OTO,3,2,1611,1735,0.319,0.116,0.565,2,3,57.8,-16.6,260,137
1932-02-07,Eendracht,Sparta (A)²,8,5,2025,1542,0.936,0.029,0.035,6,1,-9.9,41.1,151,260
1932-02-07,Excelsior,Bilthoven,1,4,1794,1754,0.549,0.113,0.338,4,3,-31.1,31.2,125,126
1932-02-07,Fluks,Deetos,2,3,1759,1998,0.195,0.090,0.715,2,5,10.6,-13.8,133,149
1932-02-07,Gooiers²,Vogel,4,3,1460,1659,0.236,0.092,0.672,3,5,25.5,-33.7,132,152
1932-02-07,HSV,HKV,1,3,1847,1929,0.371,0.125,0.504,1,2,-16.7,15.3,143,136
1932-02-07,KCN,Animo²,0,6,1670,1469,0.750,0.086,0.164,4,1,-61.1,131.8,137,200
1932-02-07,Olympia (B),ReadyTekca,4,2,1894,1717,0.726,0.090,0.184,4,2,-2.0,3.6,121,148
1932-02-07,Onder Ons,Noviomagum,6,0,1813,1517,0.838,0.061,0.102,6,2,9.7,-10.1,135,138
1932-02-07,Oosterpark,Volharding (A),1,2,1437,1775,0.116,0.074,0.810,1,4,21.4,-17.5,145,133
1932-02-07,Sport Vereent,Haarlem,3,7,1535,1653,0.348,0.072,0.580,9,11,-17.7,15.3,152,140
1932-02-07,Sport,ZKV (Za),5,3,1516,1666,0.286,0.115,0.599,2,3,45.2,-36.8,163,147
1932-02-07,Swift,KZ,2,2,1870,1974,0.344,0.122,0.534,2,3,6.9,-6.5,126,123
1932-02-07,Velox,Spangen,1,4,1685,1641,0.551,0.121,0.328,3,2,-34.1,46.4,130,153
1932-02-07,Wit Blauw,HKC (He),1,0,1448,1513,0.398,0.123,0.479,2,3,15.6,-13.1,145,132
1932-02-07,ZKV (Za),DTV,3,6,1676,1904,0.202,0.099,0.699,1,4,-10.3,7.1,157,124
1932-02-07,Zuiden (R),DKC (De),6,0,1973,1714,0.809,0.067,0.123,6,2,12.9,-11.8,143,136
1932-02-21,Achilles (A),Rigtersbleek,4,1,1498,1622,0.317,0.121,0.562,2,3,41.3,-39.3,141,137
1932-02-21,DED,Amstelodamum,8,1,1767,1580,0.732,0.096,0.172,3,1,22.1,-23.6,144,149
1932-02-21,DVD²,OTO,9,1,1845,1718,0.668,0.098,0.235,4,2,22.8,-25.7,128,137
1932-02-21,Deetos,Zuiden (R),4,1,1983,1985,0.494,0.109,0.397,5,4,24.7,-23.6,146,143
1932-02-21,Excelsior (K),Quick (Z),6,2,1273,1177,0.639,0.081,0.280,9,7,29.7,-29.7,215,215
1932-02-21,Fluks,DKC (De),3,2,1769,1701,0.587,0.113,0.300,3,2,-1.2,1.3,133,137
1932-02-21,HKC (He),DOS (E),1,2,1499,1872,0.097,0.062,0.841,1,5,19.9,-26.4,131,149
1932-02-21,HKV,Spangen,5,2,1944,1687,0.801,0.079,0.120,3,0,1.4,-1.3,134,147
1932-02-21,Hellas,EKCA,0,2,1632,1642,0.474,0.127,0.399,3,2,-28.4,23.2,151,135
1932-02-21,Hercules,Eendracht,3,6,1769,2014,0.189,0.087,0.724,2,5,-4.4,5.8,126,153
1932-02-21,KCN,Ados²,3,2,1608,1494,0.647,0.107,0.246,3,2,-5.3,7.6,137,159
1932-02-21,KIOL (Z),Markelo²,3,6,1156,1519,0.104,0.061,0.835,2,6,0.6,-1.4,267,275
1932-02-21,LUTO,DTV,3,5,1716,1910,0.236,0.104,0.659,2,4,-3.1,2.6,149,125
1932-02-21,Merwede (D),Kennemers,1,3,1594,1482,0.644,0.109,0.248,3,2,-95.8,47.9,249,175
1932-02-21,Oosterpark,Volharding (A),3,2,1458,1757,0.142,0.084,0.774,1,4,43.4,-36.9,145,134
1932-02-21,Palvu (H),UVO,6,0,1536,1230,0.843,0.063,0.094,5,1,17.3,-16.5,178,173
1932-02-21,Quick (D),TOV (D),3,2,1614,1530,0.610,0.110,0.280,4,2,-3.3,4.1,168,180
1932-02-21,ReadyTekca,District V,1,1,1719,1668,0.563,0.116,0.321,3,2,-9.1,21.4,145,220
1932-02-28,AW,ZKV (Za),4,0,1725,1629,0.623,0.112,0.265,3,2,21.5,-22.8,142,146
1932-02-28,BEP,Sport Vereent,4,0,1632,1516,0.672,0.064,0.264,12,9,9.1,-8.7,154,150
1932-02-28,Be Quick,Hellas,0,0,1613,1604,0.500,0.127,0.373,3,2,-5.6,5.5,144,143
1932-02-28,DDV,Oosterpark,2,1,1903,1502,0.902,0.042,0.056,6,1,-22.7,30.3,124,141
1932-02-28,DED,KVD,4,1,1789,1653,0.675,0.103,0.222,4,2,10.4,-10.7,139,142
1932-02-28,DKC (De),Zuiden (R),1,5,1703,1962,0.177,0.084,0.739,2,5,-9.2,9.8,132,137
1932-02-28,DOS (E),AKC (Al),3,0,1846,1561,0.829,0.064,0.106,5,1,-3.5,2.8,146,137
1932-02-28,Deetos,Velox,4,1,2008,1651,0.879,0.049,0.072,6,1,-7.9,6.9,139,132
1932-02-28,KZ,Westerkwartier,2,2,1967,1964,0.494,0.122,0.384,3,2,-3.9,4.0,126,128
1932-02-28,Kwiek,Ados²,1,2,1515,1502,0.502,0.134,0.364,2,1,-23.7,19.8,166,151
1932-02-28,Noviomagum,'t Overschotje,3,0,1507,1615,0.339,0.120,0.542,2,3,39.0,-40.4,142,145
1932-02-28,Ons Clubje,Achilles (A),0,3,1571,1540,0.532,0.124,0.343,3,2,-38.5,36.1,140,135
1932-02-28,Rozenburg,Die Haghe,3,0,1910,1713,0.748,0.085,0.167,5,2,5.3,-5.5,158,162
1932-02-28,TOGO (A),Amersfoort,6,1,1609,1451,0.699,0.104,0.197,3,1,20.9,-22.4,143,148
1932-02-28,TOV (D),Trekvogels (R),3,2,1534,1500,0.540,0.117,0.343,3,2,3.9,-4.1,167,176
1932-02-28,Zwaluwen (H),Rohda (A),1,3,1681,1811,0.309,0.119,0.572,2,3,-13.6,17.3,161,186
1932-03-06,'t Overschotje,Be Quick,0,2,1574,1608,0.437,0.133,0.430,3,2,-22.5,22.1,138,137
1932-03-06,AW,Oosterpark,2,2,1746,1532,0.762,0.086,0.152,4,1,-26.0,27.7,137,141
1932-03-06,Achilles (A),Wit Blauw,2,3,1576,1464,0.647,0.103,0.250,4,2,-24.3,30.6,131,146
1932-03-06,Ados²,Kwiek,2,4,1522,1491,0.526,0.134,0.340,2,1,-32.1,37.1,144,155
1932-03-06,Amstelodamum,KVD,4,6,1556,1642,0.367,0.124,0.509,2,3,-16.8,14.9,146,137
1932-03-06,DKC (De),Deetos,0,6,1693,2000,0.139,0.075,0.786,2,5,-12.7,14.3,130,138
1932-03-06,Hercules,Blauw Wit,3,1,1765,1936,0.262,0.107,0.631,2,4,31.0,-39.8,128,145
1932-03-06,KCN,Sportief,2,5,1605,1851,0.185,0.094,0.721,1,4,-5.9,7.1,129,146
1932-03-06,KCN,Victoria (A),2,1,1603,1557,0.552,0.123,0.325,3,2,1.8,-1.9,136,140
1932-03-06,Rozenburg,Regenboog,2,1,1916,1803,0.649,0.101,0.250,4,3,-7.2,7.4,152,153
1932-03-06,SVK,DED,2,2,1749,1800,0.420,0.118,0.462,2,3,1.8,-1.6,142,135
1932-03-06,Sperwers,Quick (D),1,2,1436,1611,0.256,0.110,0.634,2,3,6.8,-5.1,179,160
1932-03-06,TOP (Hg),Palvu (H),1,5,1355,1554,0.231,0.104,0.665,2,4,-30.1,26.0,190,174
1932-03-06,Ter Gouw,Rood Wit (H),1,2,1538,1617,0.378,0.122,0.500,2,3,-8.4,6.6,171,148
1932-03-06,UVO,'s Gravenhage,0,3,1214,1345,0.308,0.119,0.572,2,3,-26.3,27.2,170,173
1932-03-06,VADA,Noviomagum,1,2,1401,1546,0.296,0.107,0.597,3,4,4.0,-1.4,190,136
1932-03-06,Vogel,TOGO (A),4,2,1625,1630,0.489,0.111,0.401,5,4,18.2,-15.2,153,138
1932-03-06,Volharding (A),OTO,2,0,1720,1692,0.526,0.127,0.347,3,2,13.7,-13.9,135,136
1932-03-06,ZKV (Za),Eendracht,1,9,1606,2020,0.078,0.052,0.870,1,6,-10.9,12.2,140,150
1932-03-13,Amstelodamum,DED,1,7,1540,1798,0.172,0.096,0.732,1,3,-19.7,17.4,139,130
1932-03-13,BKC (Be),Moedig Voorwaarts,4,2,1682,1569,0.650,0.101,0.249,4,2,5.7,-5.7,176,178
1932-03-13,Bilthoven,Sportief,3,2,1785,1858,0.386,0.121,0.492,2,3,14.3,-15.8,134,141
1932-03-13,Eendracht,Blauw Wit,2,6,2032,1897,0.680,0.093,0.227,5,3,-59.2,52.5,148,139
1932-03-13,Excelsior (K),KEV,3,3,1303,1201,0.646,0.081,0.272,8,6,-24.5,30.4,199,221
1932-03-13,HKV,Fluks,6,1,1946,1768,0.721,0.098,0.181,3,1,17.6,-16.9,138,134
1932-03-13,Hellas,'t Overschotje,2,3,1610,1552,0.569,0.120,0.310,3,2,-22.5,20.5,139,133
1932-03-13,KCN,Vogel,3,3,1599,1643,0.434,0.107,0.459,4,5,0.9,-1.2,126,144
1932-03-13,KVD,SVK,3,0,1657,1751,0.361,0.112,0.526,3,4,31.6,-33.2,132,136
1932-03-13,Kennemers,Animo²,1,7,1530,1601,0.387,0.127,0.486,1,2,-52.5,65.7,171,193
1932-03-13,Noviomagum,VADA,2,3,1544,1405,0.682,0.096,0.222,4,2,-26.2,45.0,133,173
1932-03-13,Onder Ons,DOS (E),2,4,1822,1843,0.466,0.111,0.424,5,4,-22.0,22.5,145,146
1932-03-13,Regenboog,Velox,0,1,1810,1657,0.696,0.098,0.207,4,2,-35.6,30.0,147,135
1932-03-13,Rood Wit (H),Vreewijk,2,6,1623,1740,0.328,0.118,0.554,2,3,-26.3,36.2,142,169
1932-03-13,Rozenburg,Spartaan,7,1,1908,1385,0.948,0.024,0.028,7,0,3.2,-3.3,145,251
1932-03-13,Samen Een,Rood Wit,0,4,1573,1603,0.448,0.121,0.432,4,3,-50.3,54.6,174,182
1932-03-13,UDI (T),Wees Kwiek,1,1,1514,1418,0.624,0.110,0.265,3,2,-22.5,25.0,187,197
1932-03-13,Victoria (A),Amersfoort,5,2,1555,1428,0.655,0.120,0.225,2,0,13.5,-15.4,135,146
1932-03-13,Westerkwartier,Olympia (B),6,2,1968,1892,0.598,0.112,0.290,3,2,19.0,-20.4,127,132
1932-03-13,Wit Blauw,Naas²,2,2,1494,1845,0.112,0.060,0.828,3,7,31.8,-39.4,140,155
1932-03-20,Achilles (H),Rood Wit (H),1,3,1730,1597,0.684,0.081,0.236,7,5,-45.1,34.0,157,136
1932-03-20,Amstelodamum,SVK,2,8,1520,1718,0.233,0.101,0.666,2,4,-23.1,21.5,136,131
1932-03-20,Friso (L),Sparta (Ze),1,4,1572,1695,0.320,0.116,0.564,2,3,-31.0,28.6,188,179
1932-03-20,KEV,Quick (Z),2,0,1231,1147,0.621,0.086,0.293,8,6,6.6,-6.7,199,201
1932-03-20,Leeuwarden,Nic,2,2,1737,1645,0.620,0.110,0.270,3,2,-21.5,21.5,182,182
1932-03-20,MKC (Ma),KIOL,3,0,1329,1433,0.342,0.124,0.533,1,2,94.1,-70.8,256,219
1932-03-20,Mercedes,Rapid (Ap),6,0,1376,961,0.907,0.042,0.051,5,0,13.1,-16.6,194,234
1932-03-20,Moedig Voorwaarts,Dubbel Zes²,3,4,1563,1582,0.463,0.121,0.415,4,3,-16.7,19.2,167,180
1932-03-20,ODI (H),Vreewijk,5,6,1647,1776,0.315,0.111,0.574,3,4,0.2,0.1,171,158
1932-03-20,Rood Wit,BKC (Be),0,2,1658,1688,0.449,0.117,0.434,4,3,-27.8,27.0,168,165
1932-03-20,Sperwers,TOV (D),2,0,1442,1537,0.358,0.116,0.526,2,3,37.3,-34.2,169,162
1932-03-20,UNA (L),Frisia (Dr),8,1,1436,1558,0.320,0.117,0.563,2,3,91.5,-88.9,197,194
1932-03-20,UNI (S),HBS (B),1,2,1181,1532,0.111,0.061,0.827,2,6,53.1,-31.7,249,200
1932-03-20,Velox,Rozenburg,2,3,1687,1911,0.207,0.096,0.697,2,4,9.1,-11.4,131,146
1932-03-20,WK,WWMD,6,2,2007,1751,0.804,0.071,0.125,5,2,11.3,-10.2,192,177
1932-03-27,DOS (U),VIOD (G),0,4,1069,1235,0.272,0.102,0.626,3,5,-41.5,28.1,221,175
1932-03-27,KIOL,Hermes (G),1,1,1360,1069,0.832,0.066,0.102,4,1,-49.6,84.4,199,252
1932-03-27,ODIO,Groen Zwart,3,5,1525,1396,0.670,0.098,0.232,5,2,-73.0,71.3,214,212
1932-03-27,Quick (E),Sprotje,4,1,1420,1240,0.730,0.086,0.184,5,2,10.3,-11.2,192,209
1932-03-27,SSS (H),Rust Roest (Z),1,1,1376,1543,0.264,0.116,0.620,1,3,26.5,-22.3,206,190
1932-04-03,Dio,Hermes (B),5,4,1376,1508,0.309,0.116,0.575,2,3,39.5,-41.7,210,216
1932-04-03,Hermes (G),MKC (Ma),0,2,1154,1422,0.166,0.088,0.746,1,4,3.6,-2.9,231,223
1932-04-03,Quick '21,Wez Fluch,0,6,1415,1455,0.433,0.122,0.444,2,3,-101.2,94.5,253,243
1932-04-03,Rasch,DOS (U),2,2,992,1029,0.442,0.113,0.445,3,4,0.3,-0.2,226,197
1932-04-10,Blauw Wit (H),SIM,1,0,1455,1505,0.427,0.106,0.467,4,5,22.5,-41.2,245,350
1932-04-10,LUTO,ReadyTekca,5,2,1711,1709,0.493,0.121,0.386,4,3,30.0,-29.4,157,156
1932-04-10,Rood Wit,Moedig Voorwaarts,0,2,1629,1545,0.606,0.114,0.280,3,2,-44.4,44.2,162,161
1932-04-10,UDI (H),WIK (N),3,1,1256,1225,0.536,0.114,0.349,4,3,34.0,-37.9,261,280
1932-04-10,ZKC '19,Vitesse (Be),1,3,1557,1477,0.604,0.108,0.288,4,3,-57.9,54.3,200,194
1932-04-17,AKC (Al),Naas²,0,5,1562,1804,0.192,0.088,0.720,2,5,-19.1,21.2,151,161
1932-04-17,Advendo (P),DOS (U),5,0,1360,1029,0.863,0.054,0.083,6,1,13.6,-11.2,217,183
1932-04-17,Blauw Wit,DVD²,5,3,1948,1866,0.608,0.105,0.287,4,3,6.8,-6.7,146,145
1932-04-17,DKC (De),DDV,0,4,1679,1878,0.231,0.103,0.666,2,4,-17.7,17.5,142,141
1932-04-17,DOS (E),Onder Ons,3,2,1864,1798,0.588,0.104,0.308,5,3,-1.9,1.8,150,149
1932-04-17,DTV,Olympia (B),4,3,1912,1870,0.549,0.118,0.333,3,2,2.0,-1.9,143,139
1932-04-17,Dio,Friso (A),2,0,1416,1331,0.610,0.111,0.280,4,2,13.4,-16.3,193,222
1932-04-17,Eendracht,Hercules,2,4,1972,1794,0.727,0.087,0.186,5,2,-51.4,42.8,152,139
1932-04-17,Fluks,Westerkwartier,2,2,1750,1985,0.194,0.097,0.709,1,4,23.4,-21.1,142,135
1932-04-17,GESH (A),Groen Wit (N),2,1,1470,1414,0.571,0.111,0.318,4,3,3.1,-1.2,175,350
1932-04-17,HKV,Zuiden (R),2,2,1962,1970,0.479,0.120,0.402,4,3,-3.4,3.6,145,150
1932-04-17,KVD,Amstelodamum,6,0,1687,1495,0.739,0.091,0.170,4,1,18.8,-19.1,139,140
1932-04-17,MKC (Ma),Hermes (G),4,0,1419,1158,0.807,0.074,0.119,4,1,15.8,-16.3,207,212
1932-04-17,OSCR,Vreewijk,4,3,1606,1775,0.267,0.105,0.629,2,4,38.7,-30.0,178,157
1932-04-17,Olympia (Z),DOS (D),2,1,1608,1385,0.772,0.083,0.145,4,1,-24.3,26.7,192,200
1932-04-17,Quick '21,Sparta (W),2,3,1314,1430,0.327,0.121,0.552,2,3,-5.9,6.1,222,230
1932-04-17,Rasch,VIOD (G),2,1,993,1264,0.166,0.081,0.753,2,5,66.2,-46.1,202,170
1932-04-17,Rigtersbleek,Ons Clubje,1,0,1582,1531,0.551,0.136,0.313,1,0,3.1,-3.1,151,150
1932-04-17,Rozenburg,Velox,2,1,1899,1695,0.753,0.085,0.162,4,2,-16.9,14.2,148,137
1932-04-17,SVK,SAMOS,5,1,1738,1660,0.602,0.107,0.291,4,3,20.2,-32.9,136,179
1932-04-17,Sparta (Ze),Nic,2,0,1723,1665,0.571,0.116,0.313,3,2,15.0,-15.4,173,176
1932-04-17,Sperwers,Trekvogels (R),1,7,1479,1494,0.466,0.125,0.409,3,2,-57.9,65.8,165,177
1932-04-17,Vitesse (Be),KIOS (R),3,1,1532,1416,0.653,0.099,0.248,5,3,6.0,-7.1,179,223
1932-04-17,WK,Leeuwarden,9,0,2017,1715,0.842,0.060,0.098,5,2,24.0,-21.4,188,176
1932-04-17,ZKC (Zu),Hellas,0,4,1619,1586,0.534,0.125,0.341,3,2,-52.9,46.8,154,145
1932-04-24,BKC (Be),Annen,2,0,1714,1576,0.681,0.094,0.225,5,3,2.1,-1.6,164,201
1932-04-24,Blauw Wit,DDV,9,1,1955,1896,0.574,0.113,0.313,4,3,33.7,-32.5,139,137
1932-04-24,Dowocs,Vitesse (Be),0,3,1462,1538,0.385,0.115,0.500,3,4,-57.0,29.8,244,168
1932-04-24,FSC²,UDI (H),2,4,1262,1290,0.449,0.123,0.428,4,3,-44.6,46.6,226,231
1932-04-24,Groen Wit (N),GESH (A),0,2,1413,1473,0.406,0.118,0.476,2,3,-47.9,21.6,267,168
1932-04-24,Hermes (B),Friso (A),2,1,1466,1315,0.693,0.100,0.206,3,1,-14.5,14.6,198,199
1932-04-24,Hermes (G),KIOL,1,1,1142,1312,0.262,0.111,0.627,2,3,25.4,-24.5,199,196
1932-04-24,KIA,ZKC '19,3,10,1491,1499,0.482,0.111,0.407,5,4,-98.9,68.4,227,185
1932-04-24,KVD,DED,2,1,1706,1814,0.339,0.120,0.542,2,3,18.6,-20.3,136,142
1932-04-24,Nic,WWMD,5,2,1650,1740,0.361,0.122,0.517,2,3,45.5,-53.5,164,178
1932-04-24,Rohda (A),SVK,2,4,1827,1758,0.589,0.110,0.301,4,3,-53.5,27.5,186,132
1932-04-24,Rood Wit (H),OSCR,2,1,1630,1645,0.463,0.131,0.406,3,2,9.6,-12.5,144,166
1932-04-24,Sport,Eendracht,0,6,1559,1920,0.104,0.063,0.833,1,5,-17.0,12.5,177,146
1932-04-24,TOGO (A),Oosterpark,1,3,1613,1558,0.567,0.118,0.315,3,2,-35.3,37.2,149,153
1932-04-24,UNI (S),BVK,4,1,1233,1290,0.410,0.119,0.472,2,3,67.4,-62.4,234,224
1932-04-24,VADA,Noviomagum,1,3,1449,1517,0.396,0.116,0.488,2,3,-23.5,16.6,174,144
1932-04-24,VIOD (G),DOS (U),2,3,1218,1017,0.751,0.083,0.166,5,2,-45.0,54.1,162,177
1932-04-24,VKC (S),Kinea (K),2,5,1408,1698,0.152,0.075,0.773,2,6,-6.3,6.5,237,215
1932-04-24,VZK,SIM,0,5,1485,1463,0.528,0.105,0.367,5,4,-121.1,114.8,285,277
1932-04-24,WK,KZ,3,3,2041,1961,0.603,0.109,0.288,4,2,-20.7,12.6,180,142
1932-04-24,Westerkwartier,DTV,3,4,1964,1914,0.561,0.118,0.321,3,2,-19.4,20.7,132,137
1932-04-24,ZKC (Zu),Onder Ons,3,3,1566,1800,0.197,0.095,0.708,2,4,24.0,-22.6,146,142
1932-04-24,ZKV (Za),LUTO,3,1,1594,1741,0.289,0.113,0.598,2,3,40.4,-38.6,155,151
1932-04-24,Zuiden (R),Deetos,2,1,1974,2013,0.438,0.113,0.449,3,4,10.8,-12.2,142,151
1932-05-01,Annen,Dubbel Zes²,3,3,1575,1600,0.455,0.118,0.426,4,3,-1.8,1.7,184,177
1932-05-01,Blauw Wit (H),VZK,3,2,1478,1365,0.647,0.106,0.247,4,2,-8.1,10.2,227,245
1932-05-01,Blauw Wit,Hercules,1,0,1989,1837,0.695,0.096,0.209,4,2,-9.5,10.1,134,138
1932-05-01,DDV,DVD²,4,1,1864,1860,0.498,0.116,0.387,4,3,21.2,-24.2,132,142
1932-05-01,DKC (De),Zuiden (R),0,6,1662,1985,0.127,0.072,0.801,2,5,-13.5,12.9,140,136
1932-05-01,Deetos,DOS (E),8,2,2002,1863,0.683,0.094,0.223,5,3,23.4,-24.0,143,145
1932-05-01,Fluks,DTV,2,3,1774,1935,0.272,0.114,0.614,2,3,3.4,-2.9,141,132
1932-05-01,Frisia (Dr),UDI (T),1,3,1469,1491,0.455,0.127,0.418,3,2,-36.8,36.2,188,187
1932-05-01,HKC (He),Zwart Wit,5,4,1518,1441,0.594,0.122,0.284,2,1,-0.3,1.8,154,201
1932-05-01,KZ,WK,5,2,1975,2021,0.425,0.119,0.456,2,3,28.2,-40.4,137,166
1932-05-01,Kinea (K),Hermes (B),4,1,1705,1452,0.801,0.073,0.126,5,1,1.3,-1.9,200,184
1932-05-01,Leeuwarden,Friso (L),4,1,1694,1541,0.696,0.098,0.206,4,2,13.1,-14.4,172,184
1932-05-01,ODI (H),Rood Wit (H),2,4,1647,1640,0.496,0.129,0.375,3,2,-38.7,25.6,171,138
1932-05-01,Ons Clubje,AKC (Al),2,2,1529,1544,0.460,0.138,0.402,2,1,-2.6,2.7,146,148
1932-05-01,Rigtersbleek,Naas²,2,1,1585,1826,0.192,0.090,0.718,2,4,35.7,-40.6,146,156
1932-05-01,SIM,VZK,3,1,1579,1375,0.758,0.076,0.166,6,3,-11.3,7.8,240,216
1932-05-01,VKC (S),Dio,2,8,1402,1430,0.453,0.115,0.432,4,3,-84.4,61.5,216,181
1932-05-08,BKC (Be),Dubbel Zes²,3,0,1716,1602,0.651,0.100,0.249,5,3,14.1,-14.9,159,164
1932-05-08,BVK,Voorwaarts (M),4,3,1229,1671,0.066,0.049,0.885,1,5,88.1,-97.0,203,212
1932-05-08,Blauw Wit,Eendracht,2,2,1980,1934,0.560,0.107,0.333,4,3,-8.4,10.6,131,147
1932-05-08,District V,SVK,2,4,1689,1787,0.356,0.114,0.530,3,4,-25.7,11.3,212,132
1932-05-08,FSC²,WIK (N),5,6,1218,1187,0.534,0.117,0.349,3,2,-30.1,42.8,204,245
1932-05-08,Friso (A),Kinea (K),0,4,1330,1707,0.095,0.061,0.844,1,5,-6.1,6.1,186,188
1932-05-08,HBS (B),UNI (S),1,0,1500,1301,0.752,0.080,0.168,6,3,-24.1,26.2,202,209
1932-05-08,Hellas,Noviomagum,2,0,1633,1534,0.626,0.112,0.262,3,2,6.5,-6.3,144,140
1932-05-08,KIA,Vitesse (Be),3,3,1392,1568,0.259,0.102,0.639,3,4,29.2,-18.4,202,162
1932-05-08,Moedig Voorwaarts,Annen,3,2,1590,1574,0.513,0.120,0.367,3,2,6.1,-6.7,160,169
1932-05-08,OSCR,ODI (H),6,3,1633,1608,0.523,0.122,0.355,3,2,27.4,-27.9,157,159
1932-05-08,Rozenburg,Rood Wit (H),4,0,1883,1665,0.765,0.086,0.150,4,1,11.2,-9.3,149,133
1932-05-08,Rust Roest (Z),SSS (H),0,2,1522,1405,0.649,0.112,0.240,3,1,-60.7,67.7,187,197
1932-05-08,VIOD (G),Rasch,2,0,1174,1059,0.651,0.101,0.249,4,3,4.8,-5.7,158,191
1932-05-08,VZK,Blauw Wit (H),2,1,1383,1471,0.366,0.120,0.514,2,3,28.9,-30.5,200,206
1932-05-08,WWMD,Leeuwarden,4,0,1687,1707,0.462,0.120,0.418,4,3,44.5,-42.3,167,163
1932-05-08,Wez Fluch,Sparta (W),4,0,1550,1437,0.646,0.106,0.248,4,2,41.2,-37.4,222,209
1932-05-08,ZKC '19,Dowocs,11,4,1568,1406,0.711,0.088,0.200,5,3,32.6,-45.3,174,212
1932-05-15,Annen,BKC (Be),3,3,1567,1731,0.273,0.104,0.623,3,4,18.1,-16.6,158,151
1932-05-15,DOS (E),Deetos,4,6,1839,2025,0.248,0.098,0.654,3,5,-2.5,2.5,143,141
1932-05-15,ODIO,Sprotje,6,3,1454,1230,0.776,0.076,0.148,5,2,4.8,-4.9,207,204
1932-05-15,Rasch,Advendo (P),0,6,1054,1375,0.129,0.072,0.800,2,5,-21.8,28.9,176,210
1932-05-15,Voorwaarts (M),HBS (B),2,10,1574,1476,0.629,0.103,0.268,4,3,-107.2,93.2,203,188
1932-05-22,Bilthoven,Blauw Wit,5,2,1799,1971,0.263,0.104,0.634,3,4,53.0,-38.2,154,130
1932-05-22,DED,SVK,3,2,1795,1798,0.487,0.117,0.396,4,3,7.1,-6.1,144,132
1932-05-22,DOS (D),Olympia (Z),1,8,1412,1626,0.215,0.103,0.682,1,3,-44.3,35.8,195,173
1932-05-22,Excelsior (Z),Olympia (Z),1,3,1583,1585,0.484,0.130,0.387,3,2,-48.1,41.0,207,190
1932-05-22,HBS (B),BVK,4,1,1569,1317,0.802,0.072,0.127,5,2,1.2,-0.3,175,197
1932-05-22,HDS (O),Rust Roest (Z),1,3,1535,1461,0.590,0.120,0.290,2,1,-66.2,47.3,210,176
1932-05-22,Kinea (K),Dio,3,1,1713,1492,0.772,0.079,0.149,5,2,-9.3,8.0,182,173
1932-05-22,Leeuwarden,Sparta (Ze),3,1,1665,1738,0.386,0.119,0.494,2,3,29.2,-35.0,155,171
1932-05-22,Nic,WK,2,2,1696,1980,0.154,0.082,0.764,2,5,33.8,-33.1,161,160
1932-05-22,ODI (H),OSCR,3,2,1581,1660,0.376,0.122,0.502,2,3,18.7,-18.4,152,151
1932-05-22,Rood Wit,Annen,2,0,1585,1585,0.490,0.122,0.388,3,2,22.2,-18.7,165,150
1932-05-22,Sport Vereent,Vesta,3,2,1507,1712,0.243,0.063,0.694,9,12,28.7,-72.7,170,267
1932-05-22,VKC (S),Friso (A),2,0,1318,1324,0.484,0.117,0.399,4,3,28.8,-25.1,196,181
1932-05-22,Voorwaarts (M),UNI (S),2,0,1466,1327,0.682,0.096,0.222,5,2,2.6,-2.5,185,195
1932-05-22,Wees Kwiek,Frisia (Dr),6,2,1442,1432,0.504,0.119,0.376,4,3,52.9,-43.1,199,177
1932-05-29,Amersfoort,District V,1,6,1412,1664,0.177,0.100,0.723,0,3,-24.8,32.1,165,192
1932-05-29,Annen,Moedig Voorwaarts,1,3,1566,1596,0.447,0.122,0.431,4,3,-22.0,26.0,143,156
1932-05-29,Deetos,KZ,6,3,2028,2003,0.526,0.117,0.356,4,3,21.5,-22.0,139,141
1932-05-29,Friso (L),Nic,0,2,1527,1730,0.225,0.106,0.669,1,3,-4.6,4.1,178,155
1932-05-29,HDS (O),Excelsior (Z),3,5,1469,1535,0.392,0.127,0.481,1,2,-29.3,28.6,189,186
1932-05-29,Hermes (B),VKC (S),2,2,1451,1347,0.636,0.105,0.259,4,2,-23.4,22.5,182,178
1932-05-29,ODA (B),Wez Handich,3,0,1571,1217,0.877,0.050,0.073,6,1,-11.3,4.6,318,277
1932-05-29,OSCR,Rood Wit (H),3,3,1642,1656,0.465,0.131,0.404,3,2,-2.7,2.4,143,137
1932-05-29,Rust Roest (Z),DOS (D),2,2,1509,1368,0.679,0.106,0.216,3,1,-24.8,29.8,165,181
1932-05-29,SSS (H),Olympia (Z),1,3,1472,1662,0.240,0.108,0.651,1,3,-7.3,6.3,186,163
1932-05-29,SVK,Die Haghe,6,4,1749,1707,0.551,0.114,0.335,4,3,8.8,-17.8,122,182
1932-05-29,SVK,KVD,3,8,1792,1726,0.587,0.107,0.306,4,3,-43.0,52.9,128,142
1932-05-29,Sparta (W),Quick '21,6,2,1400,1309,0.614,0.115,0.271,3,1,38.7,-43.5,195,209
1932-05-29,UDI (T),UNA (L),3,1,1528,1527,0.489,0.125,0.386,3,2,25.2,-30.3,178,198
1932-05-29,Velox,Regenboog,1,4,1710,1774,0.399,0.123,0.478,2,3,-28.0,34.9,147,166
1932-05-29,Zuiden (R),Bilthoven,5,4,1998,1852,0.691,0.093,0.216,5,3,-10.3,10.9,142,146
1932-06-05,BVK,UNI (S),2,2,1317,1325,0.480,0.117,0.403,4,3,-4.8,4.6,188,183
1932-06-05,DOS (U),Rasch,6,3,1072,1032,0.551,0.111,0.339,4,3,28.7,-27.2,179,174
1932-06-05,DSS,OKC (Oost),2,0,1331,1197,0.679,0.091,0.230,6,3,0.9,-0.9,175,175
1932-06-05,DTV,Zuiden (R),1,0,1932,1988,0.413,0.116,0.471,2,3,12.8,-12.5,139,138
1932-06-05,Excelsior (Z),Rust Roest (Z),4,0,1564,1484,0.598,0.120,0.282,2,1,33.7,-28.9,172,157
1932-06-05,HDS (O),Olympia (Z),0,3,1440,1668,0.201,0.098,0.701,1,4,-12.7,10.7,173,155
1932-06-05,KIOL,MKC (Ma),1,5,1288,1436,0.285,0.119,0.595,1,3,-39.7,45.3,191,206
1932-06-05,KZ,Deetos,2,3,1981,2049,0.395,0.117,0.488,2,3,-6.2,6.1,135,134
1932-06-05,Kinea (K),VKC (S),4,1,1704,1369,0.865,0.052,0.083,6,2,-9.5,8.3,175,167
1932-06-05,ODIO,Groen Zwart,1,0,1459,1469,0.479,0.114,0.407,5,4,12.5,-14.1,197,211
1932-06-05,RODA (W),Groen Geel,1,3,1499,1367,0.669,0.105,0.227,3,1,-109.9,53.3,264,183
1932-06-05,Rozenburg,Oosterpark,5,2,1882,1596,0.829,0.065,0.106,5,1,-2.6,3.7,142,158
1932-06-05,Rozenburg,SVK,1,0,1894,1758,0.681,0.092,0.227,5,3,-11.6,6.8,152,120
1932-06-05,SSS (H),DOS (D),1,1,1465,1398,0.585,0.114,0.301,3,2,-16.3,15.6,172,169
1932-06-05,UDI (Se),DOS (M),4,0,1935,1577,0.879,0.049,0.072,6,1,1.4,0.2,175,214
1932-06-05,Vreewijk,Rood Wit (H),2,1,1746,1659,0.612,0.109,0.278,4,2,-4.6,2.6,164,132
1932-06-12,AKC (Al),Rigtersbleek,4,3,1549,1623,0.377,0.134,0.489,1,2,19.4,-19.6,154,154
1932-06-12,BVK,HBS (B),2,8,1314,1573,0.176,0.086,0.738,2,5,-26.9,26.9,172,172
1932-06-12,DOS (D),HDS (O),2,2,1415,1429,0.470,0.122,0.408,4,3,-3.1,3.3,159,164
1932-06-12,DOS (U),Advendo (P),1,5,1103,1406,0.142,0.075,0.784,2,5,-10.9,14.1,166,202
1932-06-12,Dubbel Zes²,Annen,1,6,1589,1546,0.553,0.114,0.333,4,3,-64.7,46.9,165,139
1932-06-12,Friso (A),Dio,2,3,1301,1502,0.229,0.102,0.669,2,4,10.2,-9.8,172,170
1932-06-12,Hermes (B),Dio,2,3,1429,1492,0.400,0.121,0.478,2,3,-10.8,9.4,172,158
1932-06-12,KIOS (R),Dowocs,1,2,1412,1363,0.566,0.104,0.330,5,4,-36.5,32.7,213,201
1932-06-12,Rood Wit (H),Rozenburg,2,4,1663,1882,0.210,0.102,0.688,1,3,-1.0,0.9,128,140
1932-06-12,Rood Zwart,Swastika,6,1,1661,1508,0.699,0.093,0.208,5,2,48.3,-48.4,244,244
1932-06-12,Rust Roest (Z),SSS (H),6,0,1457,1451,0.495,0.128,0.377,3,2,42.1,-48.3,150,161
1932-06-12,Sparta (W),Wez Fluch,1,8,1441,1593,0.284,0.109,0.606,2,4,-46.8,58.6,182,208
1932-06-12,Sparta (Ze),WK,1,10,1705,1949,0.189,0.088,0.722,2,5,-30.4,28.7,164,159
1932-06-12,Vreewijk,ODI (H),6,3,1743,1601,0.685,0.095,0.220,5,2,10.2,-9.8,154,149
1932-06-12,Vreewijk,OSCR,6,2,1753,1641,0.647,0.101,0.252,4,3,19.0,-17.7,145,139
1932-06-19,DOS (D),SSS (H),4,2,1412,1402,0.503,0.122,0.376,3,2,17.6,-18.0,150,151
1932-06-19,Dio,VKC (S),6,0,1501,1380,0.661,0.098,0.241,5,3,27.1,-32.4,149,165
1932-06-19,KIA,KIOS (R),2,1,1424,1375,0.565,0.103,0.331,5,4,0.9,-0.9,194,192
1932-06-19,Olympia (Z),HDS (O),3,2,1681,1432,0.795,0.077,0.128,4,1,-20.7,21.2,152,153
1932-06-19,Rapide (B),Roda (B),1,0,1458,1371,0.614,0.107,0.280,4,3,-0.0,6.2,252,347
1932-06-19,Seolto (T),JMM,2,3,1430,1434,0.485,0.119,0.396,4,3,-51.1,16.3,328,175
1932-06-19,ZKV (Zz),Rapide,1,3,1262,1359,0.349,0.129,0.521,1,2,-21.0,46.2,175,283
1932-06-26,Advendo (P),Rasch,7,2,1421,1008,0.908,0.039,0.053,6,1,3.3,-3.3,191,167
1932-06-26,Friso (A),VKC (S),3,1,1312,1348,0.439,0.118,0.443,2,3,26.7,-24.1,165,156
1932-06-26,Groen Wit (N),BVK,3,1,1369,1288,0.605,0.111,0.284,4,2,18.0,-10.9,236,166
1932-06-26,HBS (B),Voorwaarts (M),5,1,1601,1472,0.670,0.095,0.235,5,3,21.4,-24.8,166,182
1932-06-26,HDS (O),DOS (D),2,1,1454,1431,0.523,0.119,0.358,3,2,4.5,-4.1,149,142
1932-06-26,OKC (Oost),DSS,0,2,1199,1335,0.309,0.103,0.588,4,5,-10.6,10.6,169,169
1932-06-26,Olympia (Z),SSS (H),7,0,1661,1386,0.818,0.072,0.110,4,1,15.9,-15.1,148,144
1932-06-26,Rust Roest (Z),Excelsior (Z),1,4,1501,1601,0.345,0.127,0.528,1,2,-24.1,30.5,145,165
1932-06-26,Vitesse (Be),ZKC '19,2,7,1553,1604,0.420,0.115,0.465,3,4,-49.1,54.8,169,179
1932-06-26,Wez Handich,ODA (B),2,1,1224,1563,0.117,0.068,0.815,2,5,95.4,-120.1,261,290
1932-06-26,ZKV (Zz),Seolto (T),1,2,1242,1380,0.299,0.118,0.583,2,3,-1.3,-0.7,166,255
1932-07-03,Excelsior (Z),HDS (O),1,2,1631,1459,0.718,0.094,0.188,4,1,-41.2,34.5,154,142
1932-07-03,JMM,DOS (M),5,6,1452,1580,0.315,0.110,0.575,3,4,-0.6,-0.2,170,209
1932-07-03,JMM,Rapide,2,2,1451,1406,0.554,0.118,0.329,3,2,-9.4,21.5,158,235
1932-07-03,Rapide,JMM,2,1,1428,1442,0.468,0.123,0.409,3,2,15.7,-9.1,202,149
1932-07-03,Seolto (T),ZKV (Zz),6,1,1380,1241,0.677,0.103,0.220,3,1,44.8,-26.2,218,159
1932-07-10,Advendo (N),DSS,0,0,1310,1345,0.445,0.109,0.445,5,4,-0.0,0.0,175,161
1932-07-10,GESH (A),HBS (B),4,1,1498,1622,0.324,0.105,0.571,4,5,57.9,-45.0,183,160
1932-07-10,Olympia (Z),Rust Roest (Z),2,0,1677,1476,0.748,0.090,0.163,4,1,-4.0,3.6,147,142
1932-07-10,Swastika,Rood Zwart,0,6,1461,1711,0.185,0.086,0.730,2,5,-43.6,43.5,224,224
1932-07-10,TDK (B),Bildtkers,1,0,1311,1262,0.567,0.102,0.331,5,4,0.2,-0.2,175,175
1932-07-17,DSS,Advendo (N),3,1,1347,1312,0.546,0.107,0.347,5,4,12.6,-14.1,152,162
1932-07-17,HBS (B),GESH (A),1,2,1579,1559,0.525,0.109,0.366,5,4,-18.4,22.6,152,168
1932-07-17,SSS (H),Rust Roest (Z),1,2,1373,1482,0.335,0.123,0.542,2,3,-2.9,2.7,146,138
1932-07-17,VIOD (G),Advendo (P),0,2,1184,1427,0.191,0.088,0.721,2,5,2.4,-3.6,172,190
1932-07-17,Voorwaarts (M),BVK,11,1,1450,1279,0.717,0.092,0.191,4,2,34.6,-30.8,174,163
1932-07-17,Wez Fluch,Quick '21,3,1,1655,1271,0.893,0.045,0.062,5,1,-27.3,29.3,196,202
1932-07-24,Advendo (N),OKC (Oost),0,0,1298,1190,0.644,0.097,0.258,5,3,-18.2,21.7,152,166
1932-07-24,GESH (A),BVK,2,4,1581,1248,0.862,0.056,0.082,5,1,-70.6,69.4,157,156
1932-07-24,HDS (O),SSS (H),2,1,1496,1379,0.650,0.106,0.244,4,2,-6.8,5.7,143,133
1932-07-24,JMM,Seolto (T),2,0,1435,1427,0.503,0.117,0.380,4,3,16.1,-27.5,148,200
1932-07-24,Rust Roest (Z),Olympia (Z),1,3,1485,1675,0.238,0.109,0.653,1,3,-3.9,4.3,133,145
1932-07-24,SSS (H),Excelsior (Z),1,2,1370,1592,0.206,0.101,0.693,1,3,9.3,-11.5,140,153
1932-07-24,UNI (S),Voorwaarts (M),8,5,1335,1484,0.291,0.104,0.605,3,5,62.6,-51.3,182,164
1932-07-31,Blauw Wit (H),Frisia (Dr),2,0,1467,1395,0.592,0.113,0.295,3,2,14.2,-14.0,186,185
1932-07-31,Blauw Wit (H),VKC (S),3,0,1446,1326,0.656,0.100,0.244,4,2,21.5,-14.0,208,157
1932-07-31,DOS (D),Excelsior (Z),1,2,1450,1581,0.308,0.117,0.575,2,3,0.0,-0.1,141,147
1932-07-31,DTV,Excelsior,2,1,1930,1761,0.714,0.095,0.191,4,1,-10.4,13.9,135,153
1932-07-31,Excelsior,Sparta (Ze),4,1,1767,1678,0.616,0.108,0.276,4,2,22.9,-20.6,181,170
1932-07-31,Friso (A),Hermes (B),3,0,1341,1394,0.412,0.125,0.463,2,3,41.0,-38.5,164,158
1932-07-31,Groen Wit (N),HBS (B),6,5,1389,1561,0.265,0.101,0.635,3,5,52.8,-24.9,214,147
1932-07-31,Kinea (K),WIK (N),3,0,1736,1236,0.941,0.027,0.032,7,1,-15.1,33.9,169,232
1932-07-31,Leeuwarden,Nic,3,0,1699,1751,0.416,0.122,0.462,2,3,33.6,-37.4,148,156
1932-07-31,Leeuwarden,Sparta (Ze),1,0,1696,1658,0.546,0.115,0.339,4,3,2.6,-2.6,159,158
1932-07-31,Leeuwarden,WK,1,4,1699,1981,0.158,0.078,0.764,2,5,-3.0,3.0,169,166
1932-07-31,Moedig Voorwaarts,Rood Zwart,1,3,1641,1708,0.396,0.118,0.486,2,3,-19.2,28.1,155,191
1932-07-31,Nic,DTV,1,2,1739,1950,0.218,0.102,0.680,2,4,11.6,-9.1,168,152
1932-07-31,Nic,UDI (T),2,1,1716,1486,0.776,0.086,0.139,3,0,-14.4,19.7,133,153
1932-07-31,Nic,UNA (L),1,1,1713,1502,0.760,0.085,0.155,4,1,-25.3,48.4,145,196
1932-07-31,Olympia (Z),DOS (D),3,2,1679,1429,0.798,0.075,0.127,4,1,-18.4,20.6,140,147
1932-07-31,Rapide,ZKV (Zz),2,0,1445,1217,0.773,0.087,0.140,3,0,-7.5,4.6,187,160
1932-07-31,Rood Wit,DED,0,8,1613,1807,0.234,0.108,0.658,1,3,-40.3,34.4,175,160
1932-07-31,Rood Zwart,DED,1,3,1736,1842,0.343,0.116,0.541,2,3,-17.4,13.8,171,150
1932-07-31,Rood Zwart,UNA (L),1,2,1747,1550,0.746,0.086,0.168,4,2,-33.8,57.6,139,180
1932-07-31,SSS (H),HDS (O),2,2,1385,1489,0.343,0.121,0.537,2,3,7.1,-8.1,129,138
1932-07-31,Sparta (W),KIOS (R),2,0,1397,1378,0.521,0.113,0.367,4,3,20.9,-21.6,183,187
1932-07-31,Sparta (W),Kinea (K),2,2,1418,1721,0.140,0.079,0.781,1,4,37.8,-36.9,167,165
1932-07-31,UDI (T),Kinea (K),0,4,1558,1699,0.297,0.112,0.590,2,4,-36.1,36.6,183,185
1932-07-31,UDI (T),WIK (N),0,1,1522,1270,0.800,0.074,0.126,4,1,-49.6,91.1,168,223
1932-07-31,UDI (T),WK,2,4,1505,1884,0.093,0.063,0.844,1,4,13.7,-10.3,146,129
1932-07-31,UDI (T),WWMD,2,4,1472,1836,0.101,0.067,0.832,1,4,13.3,-12.4,160,155
1932-07-31,VKC (S),Hermes (B),4,3,1313,1422,0.339,0.115,0.547,3,4,20.5,-27.8,148,173
1932-07-31,WK,DTV,3,1,1985,1941,0.555,0.111,0.335,4,3,13.1,-11.1,157,143
1932-07-31,WK,Nic,1,1,1910,1688,0.771,0.081,0.148,4,1,-25.7,27.7,134,139
1932-07-31,WK,Rood Zwart,0,1,1947,1718,0.781,0.075,0.144,5,2,-37.7,48.4,139,157
1932-07-31,WK,WWMD,1,3,1998,1771,0.778,0.075,0.146,5,2,-50.3,64.7,146,164
1932-07-31,WWMD,Excelsior,2,0,1737,1790,0.415,0.119,0.466,2,3,34.1,-29.1,181,166
1932-07-31,WWMD,Rood Zwart,3,0,1823,1767,0.572,0.112,0.316,4,3,19.9,-19.9,149,149
1932-07-31,WWMD,UNA (L),5,1,1843,1608,0.785,0.077,0.138,5,1,7.9,-10.4,140,168
1932-07-31,Wees Kwiek,Moedig Voorwaarts,0,2,1500,1628,0.316,0.112,0.572,3,4,-17.6,13.2,198,166
1932-07-31,Wees Kwiek,Rood Zwart,0,0,1483,1756,0.164,0.081,0.755,2,5,34.7,-48.9,178,209
1932-07-31,ZKC '19,KIOS (R),10,4,1661,1356,0.846,0.056,0.098,7,2,14.0,-13.5,174,170
1932-07-31,ZKV (Zz),JMM,0,0,1222,1451,0.199,0.100,0.701,1,3,25.4,-21.9,152,142
1932-08-07,HBS (B),Groen Wit (N),6,0,1535,1442,0.625,0.100,0.274,5,3,26.9,-45.6,142,191
1932-08-07,OKC (Oost),Advendo (N),1,0,1211,1279,0.398,0.111,0.490,3,4,17.2,-15.1,159,148
1932-08-07,Rust Roest (Z),HDS (O),3,0,1480,1480,0.488,0.125,0.387,3,2,23.5,-23.5,133,133
1932-08-07,Vitesse (Be),KIA,8,2,1506,1427,0.604,0.105,0.291,4,3,39.0,-47.8,169,190
1932-08-07,WIK (N),FSC²,2,1,1360,1193,0.715,0.091,0.194,5,2,-18.7,19.6,206,210
1932-08-14,DOS (D),Rust Roest (Z),0,4,1449,1504,0.410,0.125,0.465,2,3,-33.2,28.7,138,128
1932-08-14,Dio,Kinea (K),4,3,1531,1684,0.285,0.108,0.607,2,4,30.1,-30.3,161,161
1932-08-14,Dowocs,KIOS (R),4,6,1383,1342,0.555,0.105,0.340,5,4,-42.3,36.0,181,167
1932-08-14,Excelsior (Z),DOS (D),5,0,1580,1416,0.708,0.097,0.195,4,1,19.3,-16.2,143,130
1932-08-14,Excelsior (Z),Rust Roest (Z),2,0,1600,1533,0.581,0.120,0.299,3,1,9.5,-7.8,136,121
1932-08-14,Roda (B),Rapide (B),0,1,1380,1461,0.378,0.115,0.507,3,4,-17.0,13.2,288,241
1932-08-14,SIM,Blauw Wit (H),4,0,1573,1481,0.625,0.097,0.278,5,4,44.8,-26.4,241,174
1932-08-14,Vitesse (Be),Dowocs,4,1,1545,1398,0.692,0.093,0.215,5,3,10.8,-14.9,159,200
1932-08-21,ADO (A),TOV (D),1,1,1409,1508,0.354,0.113,0.533,3,4,9.7,-12.6,175,198
1932-08-21,ADO (A),Trekvogels (R),0,2,1419,1525,0.341,0.117,0.542,2,3,-15.7,18.8,161,179
1932-08-21,BEP,Rohda (A),1,2,1645,1779,0.306,0.116,0.579,2,3,-0.7,0.6,199,203
1932-08-21,Deetos,Zuiden (R),2,2,2060,1980,0.608,0.101,0.291,5,3,-15.6,16.2,155,158
1932-08-21,KZ,Deetos,2,4,1980,2045,0.399,0.117,0.484,2,3,-20.1,17.5,156,145
1932-08-21,Kinea (K),Hermes (B),4,1,1653,1355,0.837,0.065,0.098,4,1,-2.8,2.9,153,154
1932-08-21,Merwede (D),Ready (H),0,1,1486,1668,0.249,0.106,0.645,2,4,10.2,-6.9,222,192
1932-08-21,Olympia (Z),Excelsior (Z),2,1,1661,1609,0.561,0.120,0.319,3,2,1.1,-1.0,143,131
1932-08-21,Olympia (Z),Rust Roest (Z),1,0,1662,1525,0.673,0.106,0.220,3,1,-7.9,6.1,134,119
1932-08-21,Quick (D),Merwede (D),3,1,1610,1502,0.638,0.111,0.251,3,1,12.6,-16.6,202,257
1932-08-21,Ready (H),Quick (D),3,1,1637,1623,0.509,0.120,0.371,3,2,31.3,-23.7,218,185
1932-08-21,Trekvogels (R),TOV (D),1,2,1566,1495,0.590,0.112,0.298,4,2,-40.1,31.9,199,177
1932-08-21,Vreewijk,HSV,4,1,1749,1834,0.373,0.114,0.514,3,4,36.5,-59.6,152,197
1932-08-21,Vreewijk,OSCR,1,1,1775,1627,0.694,0.092,0.214,5,3,-26.1,24.6,162,158
1932-08-21,ZKC '19,KIA,5,5,1675,1380,0.840,0.057,0.104,7,3,-46.3,48.7,173,177
1932-08-28,AKC (Al),Rigtersbleek,0,3,1571,1607,0.433,0.132,0.435,1,2,-41.8,42.1,169,170
1932-08-28,ALO,PSV,0,3,1711,1749,0.439,0.112,0.449,3,4,-45.0,77.3,205,281
1932-08-28,Advendo (P),VIOD (G),3,0,1423,1186,0.787,0.075,0.138,5,2,2.3,-2.5,187,175
1932-08-28,Bildtkers,TDK (B),0,3,1264,1313,0.426,0.109,0.466,3,4,-36.2,36.2,177,177
1932-08-28,Bilthoven,DOS (E),3,4,1868,1837,0.539,0.109,0.352,5,4,-22.2,22.9,161,164
1932-08-28,Bilthoven,Deetos,0,3,1830,2063,0.200,0.089,0.711,3,5,-6.1,5.8,143,139
1932-08-28,Bilthoven,EKCA,1,0,1846,1637,0.758,0.085,0.157,4,1,-16.3,19.4,150,162
1932-08-28,Bilthoven,Hercules,1,3,1824,1831,0.479,0.119,0.402,4,3,-21.9,29.8,135,159
1932-08-28,Blauw Wit,Bilthoven,2,0,1968,1802,0.713,0.090,0.196,5,2,-2.3,1.7,140,128
1932-08-28,Blauw Wit,Deetos,4,4,1957,2068,0.338,0.110,0.552,3,4,10.3,-7.9,150,132
1932-08-28,Blauw Wit,Hercules,5,2,1938,1853,0.610,0.109,0.281,4,2,19.3,-21.8,161,173
1932-08-28,Concordia²,Amstelodamum,0,2,1577,1482,0.616,0.119,0.265,2,1,-65.0,53.7,198,180
1932-08-28,DKC (De),Rozenburg,2,2,1667,1847,0.252,0.105,0.643,2,4,22.1,-16.1,164,141
1932-08-28,DKC (De),Zuiden (R),0,5,1699,2003,0.140,0.076,0.784,2,5,-12.3,10.3,143,129
1932-08-28,DOS (E),HKC (He),3,0,1842,1524,0.852,0.059,0.089,5,1,-4.6,5.8,172,184
1932-08-28,DOS (E),Naas²,0,4,1860,1832,0.536,0.104,0.360,5,4,-45.1,48.3,152,157
1932-08-28,DOS (E),Ons Clubje,3,2,1815,1532,0.824,0.070,0.106,4,1,-19.5,32.2,142,177
1932-08-28,DOS (E),Rigtersbleek,1,1,1788,1631,0.698,0.100,0.202,3,1,-19.2,18.2,129,126
1932-08-28,DTV,DVD²,2,1,1920,1842,0.602,0.108,0.290,4,3,-2.0,3.8,140,174
1932-08-28,DTV,Olympia (B),2,1,1918,1893,0.524,0.119,0.357,3,2,3.6,-5.0,132,162
1932-08-28,Deetos,Hercules,1,1,2061,1861,0.749,0.084,0.167,5,2,-20.7,29.0,125,147
1932-08-28,EKCA,AKC (Al),3,3,1665,1529,0.669,0.110,0.221,3,1,-27.9,21.8,175,156
1932-08-28,Excelsior (Z),SSS (H),4,1,1608,1392,0.763,0.087,0.150,3,1,3.3,-3.6,127,134
1932-08-28,Fluks,HKV,1,3,1783,1965,0.248,0.111,0.642,1,3,-8.1,8.5,174,181
1932-08-28,HKC (He),Bilthoven,1,4,1529,1868,0.116,0.071,0.813,1,4,0.2,-0.0,175,170
1932-08-28,HKC (He),Rigtersbleek,2,1,1530,1618,0.358,0.134,0.508,1,2,24.7,-19.3,166,146
1932-08-28,HSV,DKC (De),3,2,1826,1689,0.675,0.103,0.222,3,2,-8.3,9.5,144,152
1932-08-28,HSV,Ons Eibernest,3,2,1799,1797,0.490,0.126,0.384,3,2,9.1,-10.6,164,179
1932-08-28,Naas²,DOS (E),2,0,1857,1795,0.583,0.103,0.314,5,4,7.7,-7.4,140,137
1932-08-28,Naas²,EKCA,3,1,1791,1670,0.660,0.098,0.242,4,3,4.9,-5.0,185,191
1932-08-28,Naas²,Rigtersbleek,1,0,1881,1599,0.826,0.065,0.109,5,1,-23.6,20.6,146,137
1932-08-28,Olympia (B),DVD²,5,2,1888,1845,0.555,0.110,0.335,4,3,20.8,-23.3,149,159
1932-08-28,Onder Ons,DTV,1,6,1764,1921,0.279,0.107,0.613,2,4,-33.1,20.6,163,126
1932-08-28,Onder Ons,Olympia (B),2,4,1784,1874,0.366,0.111,0.522,3,4,-19.6,19.5,178,178
1932-08-28,Ons Clubje,Naas²,1,2,1546,1865,0.129,0.074,0.797,1,5,23.0,-16.4,154,132
1932-08-28,Ons Eibernest,DKC (De),1,0,1813,1654,0.702,0.099,0.200,4,1,-16.7,12.9,196,176
1932-08-28,Ons Eibernest,Rozenburg,0,1,1786,1831,0.424,0.124,0.452,2,3,-13.0,9.0,163,134
1932-08-28,Regenboog,Velox,2,1,1814,1688,0.663,0.103,0.234,4,2,-10.5,8.8,182,169
1932-08-28,Rigtersbleek,Naas²,0,5,1649,1796,0.293,0.107,0.600,3,4,-31.2,36.5,156,171
1932-08-28,Rigtersbleek,Ons Clubje,2,0,1619,1564,0.558,0.133,0.309,1,0,11.9,-18.0,132,168
1932-08-28,Rozenburg,HSV,0,0,1886,1775,0.644,0.105,0.251,4,2,-20.0,24.5,161,178
1932-08-28,Rozenburg,Zuiden (R),0,3,1866,1997,0.313,0.108,0.579,3,4,-19.0,18.8,151,150
1932-08-28,SVK,Amstelodamum,4,2,1756,1536,0.770,0.079,0.150,5,2,-6.0,8.9,142,166
1932-08-28,SVK,TOGO (A),1,0,1770,1584,0.735,0.086,0.179,5,2,-13.6,21.3,150,182
1932-08-28,Sparta (A)²,KVKV,1,1,1682,1634,0.560,0.112,0.328,4,3,-13.2,28.0,207,296
1932-08-28,Victoria (A),Sparta (A)²,2,4,1620,1587,0.534,0.123,0.343,3,2,-33.6,89.6,170,288
1932-08-28,Zilvermeeuwen,Sparta (A)²,0,2,1459,1676,0.210,0.104,0.686,1,3,-5.6,5.9,186,234
1932-08-28,Zilvermeeuwen,Victoria (A),1,4,1516,1574,0.397,0.143,0.460,0,1,-57.2,46.3,210,186
1932-08-28,Zuiden (R),HSV,1,0,2016,1808,0.757,0.083,0.160,5,2,-15.1,17.9,140,151
1932-08-28,Zuiden (R),Ons Eibernest,5,2,2001,1773,0.776,0.081,0.143,4,1,2.1,-2.2,134,150
1932-09-04,Dowocs,KIA,5,1,1341,1428,0.371,0.110,0.519,3,4,54.9,-55.3,172,173
1932-09-04,Excelsior (Z),Olympia (Z),3,0,1611,1654,0.424,0.131,0.445,1,2,26.3,-29.3,126,133
1932-09-04,HBS (B),BVK,2,1,1562,1317,0.794,0.074,0.132,5,2,-18.9,24.9,146,165
1932-09-04,Rust Roest (Z),SSS (H),2,1,1531,1388,0.678,0.109,0.212,3,1,-6.4,7.8,121,132
1932-09-11,DOS (E),Achilles (A),6,1,1768,1556,0.762,0.083,0.155,4,1,12.6,-24.0,129,189
1932-09-11,KIOL (Z),ODIO,3,6,1161,1476,0.132,0.072,0.795,2,5,-4.2,6.4,284,206
1932-09-11,Olympia (Z),Excelsior (Z),5,1,1624,1638,0.465,0.130,0.404,3,2,29.9,-27.3,128,122
1932-09-11,Zuiden (R),Ons Eibernest,5,1,2013,1770,0.789,0.079,0.132,4,1,7.1,-8.6,131,148
1932-09-18,ALO,Rood Wit (H),4,1,1666,1665,0.484,0.133,0.383,2,1,46.4,-32.9,194,160
1932-09-18,Achilles (A),Rigtersbleek,4,4,1532,1649,0.322,0.126,0.552,1,2,14.9,-7.8,177,130
1932-09-18,Animo²,DED,4,9,1671,1855,0.244,0.112,0.644,1,3,-53.5,29.2,225,158
1932-09-18,Baerne,Excelsior,3,3,1710,1774,0.398,0.121,0.481,2,3,6.3,-3.9,205,162
1932-09-18,Be Quick,Rapiditas,0,0,1634,1642,0.472,0.133,0.395,2,1,-5.0,5.2,194,197
1932-09-18,DVD²,DDV,8,3,1822,1890,0.393,0.118,0.489,2,3,49.8,-62.3,155,175
1932-09-18,Die Haghe,Velox,6,1,1694,1696,0.483,0.128,0.389,3,2,64.4,-46.4,198,165
1932-09-18,Dowocs,ZKC '19,0,9,1396,1629,0.201,0.087,0.712,3,5,-31.1,34.8,163,174
1932-09-18,Fluks,Deetos,2,5,1774,2039,0.169,0.088,0.743,1,4,-6.2,4.5,168,130
1932-09-18,Friso (L),Nic,0,3,1527,1701,0.255,0.114,0.631,1,3,-26.7,16.3,198,147
1932-09-18,GKV,Vreewijk,2,2,1728,1785,0.409,0.117,0.473,2,3,5.1,-2.7,209,153
1932-09-18,Groen Wit (N),BVK,1,8,1396,1342,0.565,0.117,0.318,3,2,-86.7,66.2,186,161
1932-09-18,HBS (H),Spangen,2,4,1655,1690,0.436,0.129,0.435,3,2,-42.6,39.6,215,206
1932-09-18,Haarlem,Advendo,0,2,1672,1703,0.438,0.133,0.429,3,2,-39.0,55.7,204,249
1932-09-18,KIOS (R),Vitesse (Be),5,1,1378,1556,0.256,0.103,0.641,2,4,67.8,-64.8,166,163
1932-09-18,KVD,Bilthoven,3,3,1783,1803,0.462,0.119,0.419,4,3,-2.7,1.5,173,132
1932-09-18,KZ,Blauw Wit,1,3,1960,1965,0.480,0.123,0.397,3,2,-29.4,24.7,155,141
1932-09-18,Kinea (K),Friso (A),4,1,1650,1381,0.812,0.073,0.114,4,1,0.6,-0.3,157,167
1932-09-18,LUTO,ReadyTekca,7,1,1708,1685,0.521,0.121,0.358,3,2,57.7,-61.0,189,195
1932-09-18,Leeuwarden,UDI (T),3,3,1732,1518,0.760,0.088,0.152,3,1,-31.8,32.9,156,158
1932-09-18,Mercedes,DOT (O),11,0,1393,1206,0.731,0.097,0.172,3,1,53.8,-33.1,234,175
1932-09-18,Merwede (D),ADO (A),4,1,1496,1403,0.617,0.113,0.270,3,2,29.3,-19.4,205,160
1932-09-18,Naas²,HKC (He),6,1,1848,1554,0.834,0.065,0.101,5,1,8.2,-10.6,136,159
1932-09-18,ONA,BKC²,7,0,1549,1185,0.883,0.047,0.070,6,1,35.5,-40.6,270,299
1932-09-18,Onder Ons,Noviomagum,4,1,1731,1533,0.746,0.087,0.167,4,2,6.3,-7.2,158,179
1932-09-18,Ons Clubje,AKC (Al),3,3,1569,1551,0.506,0.135,0.359,2,1,-7.2,7.2,154,154
1932-09-18,Ons Eibernest,HKV,0,5,1762,1973,0.214,0.110,0.676,1,2,-23.1,31.9,144,173
1932-09-18,Oosterpark,Groen Geel,5,1,1605,1425,0.723,0.097,0.180,3,1,23.4,-26.9,185,202
1932-09-18,Oranje Wit (T),Volt,3,1,1251,1566,0.132,0.075,0.794,1,5,162.8,-99.0,306,241
1932-09-18,PSV,Oranje Wit (T),7,1,1826,1257,0.959,0.019,0.022,7,1,7.5,-5.4,238,324
1932-09-18,Regenboog,Zuiden (R),3,5,1803,2020,0.214,0.097,0.689,2,4,-0.0,0.8,174,129
1932-09-18,Rozenburg,DKC (De),5,1,1839,1686,0.695,0.100,0.205,4,1,14.5,-16.4,135,145
1932-09-18,Schiedam,VIOS (H),3,1,1502,1489,0.511,0.113,0.376,4,3,47.6,-43.1,309,289
1932-09-18,Sport Vereent,Concordia²,0,1,1541,1511,0.553,0.077,0.370,9,8,-24.6,22.0,197,186
1932-09-18,Sport,BEP,3,7,1548,1645,0.351,0.125,0.524,1,2,-55.9,46.4,210,188
1932-09-18,Swift,DTV,1,4,1881,1941,0.399,0.129,0.472,1,2,-48.4,22.5,196,129
1932-09-18,TOGO (A),District V,2,1,1605,1701,0.352,0.126,0.522,1,2,25.1,-34.9,175,208
1932-09-18,TOV (D),Quick (D),1,3,1527,1599,0.385,0.124,0.491,2,3,-23.9,25.4,173,179
1932-09-18,Tekace,Volt,1,4,1540,1456,0.610,0.106,0.284,4,3,-105.8,109.9,274,280
1932-09-18,VIVA,Fortuna (R),8,0,1362,1187,0.718,0.097,0.185,3,1,33.2,-84.6,175,313
1932-09-18,WK,WWMD,4,2,1873,1851,0.522,0.118,0.361,4,3,14.7,-16.2,145,153
1932-09-18,Westerkwartier,Olympia (B),3,1,1951,1909,0.548,0.118,0.334,3,2,18.0,-13.1,177,148
1932-09-18,Wilskracht,VADA,1,4,1227,1431,0.227,0.099,0.674,2,4,-24.9,20.3,234,202
1932-09-18,ZKC (Zu),EKCA,3,3,1596,1656,0.397,0.136,0.467,0,1,4.7,-3.4,187,160
1932-09-18,Zilvermeeuwen,SVK,3,8,1453,1750,0.143,0.083,0.774,1,4,-21.6,15.0,180,144
1932-09-18,Zwaluwen (H),KCN,2,2,1671,1604,0.583,0.116,0.301,3,2,-21.6,16.8,211,187
1932-09-25,AKC (Al),Naas²,1,3,1558,1856,0.144,0.078,0.778,2,5,7.9,-6.5,146,135
1932-09-25,Achilles (A),Wit Blauw,7,2,1547,1530,0.514,0.118,0.368,4,3,41.9,-59.6,163,199
1932-09-25,Achilles (H),GKV,2,3,1690,1733,0.440,0.095,0.465,5,6,-13.9,11.7,205,186
1932-09-25,Advendo,Sport,6,1,1759,1492,0.809,0.076,0.115,3,0,25.9,-21.2,215,189
1932-09-25,BEP,Haarlem,6,1,1691,1633,0.568,0.124,0.309,2,1,43.0,-48.7,174,187
1932-09-25,BKC²,Rapid (B),2,3,1145,1427,0.154,0.085,0.761,1,4,43.7,-15.0,272,175
1932-09-25,BKC²,Tekace,2,2,1189,1434,0.186,0.091,0.723,2,4,46.5,-47.9,237,240
1932-09-25,BVK,Groen Wit (N),2,1,1408,1310,0.627,0.109,0.264,4,2,-4.5,6.0,152,171
1932-09-25,Be Quick,Noviomagum,1,3,1629,1526,0.627,0.120,0.253,2,1,-57.2,51.6,178,169
1932-09-25,Bilthoven,Baerne,3,2,1805,1717,0.614,0.108,0.278,4,2,-2.3,6.0,128,183
1932-09-25,Blauw Wit,DTV,6,2,1990,1964,0.525,0.121,0.354,3,2,27.3,-23.8,135,126
1932-09-25,Breda,PSV,3,8,1448,1834,0.093,0.051,0.855,3,7,-9.0,11.7,175,232
1932-09-25,Deetos,Regenboog,6,1,2044,1803,0.790,0.075,0.135,5,2,10.1,-15.2,128,163
1932-09-25,Dio,Kinea (K),4,3,1562,1651,0.363,0.119,0.518,2,3,22.7,-19.6,164,153
1932-09-25,EKCA,Onder Ons,3,1,1653,1737,0.369,0.123,0.508,2,3,30.7,-31.1,151,152
1932-09-25,Eendracht,KVD,7,4,1949,1781,0.717,0.088,0.195,5,3,9.5,-8.0,184,159
1932-09-25,GKC,Sprotje,6,1,1088,1231,0.298,0.104,0.597,3,5,192.1,-85.8,350,224
1932-09-25,Groen Geel,Ados²,4,0,1399,1494,0.347,0.136,0.517,0,1,69.6,-79.2,187,201
1932-09-25,HBS (B),BVK,9,0,1544,1404,0.681,0.097,0.222,4,2,28.7,-27.2,148,143
1932-09-25,HKC (He),Ons Clubje,5,1,1544,1562,0.454,0.141,0.405,2,1,43.3,-38.8,155,146
1932-09-25,HKV,Rozenburg,1,4,2005,1854,0.691,0.102,0.207,3,1,-68.2,44.8,162,132
1932-09-25,HSV,Die Haghe,8,1,1818,1759,0.569,0.122,0.309,2,1,35.7,-50.9,147,179
1932-09-25,Hercules,Sportief,6,1,1890,1847,0.547,0.125,0.328,2,1,34.5,-55.8,150,196
1932-09-25,KCN,SAMOS,1,6,1621,1633,0.472,0.122,0.407,4,3,-57.2,81.1,173,210
1932-09-25,KZ,Swift,2,1,1930,1833,0.622,0.116,0.262,3,1,-3.2,5.3,146,176
1932-09-25,Nic,Vitesse (Be),3,2,1717,1719,0.483,0.129,0.389,3,2,7.7,-12.4,142,186
1932-09-25,ODI (H),Emma,4,0,1595,1449,0.686,0.101,0.214,4,2,24.7,-37.1,177,228
1932-09-25,ONA,Oranje Wit (T),1,0,1585,1414,0.719,0.088,0.193,5,2,-21.9,25.5,251,266
1932-09-25,OSCR,ALO,3,1,1651,1712,0.400,0.127,0.473,1,2,30.3,-36.0,160,176
1932-09-25,OTO,LUTO,1,4,1683,1766,0.371,0.121,0.508,2,3,-40.8,33.2,196,174
1932-09-25,Olympia (B),DVD²,6,3,1896,1872,0.526,0.114,0.359,4,3,21.6,-23.2,142,147
1932-09-25,Ons Eibernest,DKC (De),3,2,1739,1670,0.583,0.121,0.296,2,1,-0.5,0.5,139,140
1932-09-25,Oosterkwartier (H),Sport Vereent,1,2,1488,1516,0.479,0.062,0.459,17,16,-9.1,9.5,175,179
1932-09-25,Quick (Z),Excelsior (K),2,0,1145,1283,0.313,0.089,0.598,6,7,58.5,-59.3,232,233
1932-09-25,Rapiditas,Hellas,3,1,1647,1645,0.489,0.127,0.384,3,2,26.1,-26.9,180,183
1932-09-25,Rigtersbleek,DOS (E),1,3,1641,1781,0.296,0.120,0.584,1,3,-8.2,8.7,127,131
1932-09-25,SVK,District V,2,1,1765,1666,0.629,0.105,0.265,4,2,-3.9,7.9,141,187
1932-09-25,Samen Een,Rood Wit,2,0,1528,1572,0.425,0.124,0.451,2,3,44.5,-31.7,216,179
1932-09-25,Schiedam,Ons Huis (R),6,2,1550,1361,0.741,0.082,0.177,5,3,29.4,-16.9,260,175
1932-09-25,TOGO (A),Zilvermeeuwen,7,1,1630,1432,0.740,0.099,0.160,2,0,26.2,-27.9,164,170
1932-09-25,VIOS (H),VIVA,4,0,1447,1395,0.563,0.115,0.321,3,2,64.4,-32.9,250,169
1932-09-25,Volt,ONA,4,4,1467,1563,0.359,0.112,0.529,3,4,13.0,-13.1,224,224
1932-09-25,Wees Kwiek,UNA (L),3,2,1517,1597,0.377,0.120,0.503,2,3,24.8,-22.8,184,176
1932-09-25,Westerkwartier,DDV,6,3,1969,1828,0.680,0.102,0.218,4,2,13.6,-13.3,164,162
1932-09-25,Wilskracht (B),Advendo (V),3,1,1588,1512,0.627,0.054,0.319,19,17,-5.7,0.1,286,175
1932-09-25,ZKV (Za),Volharding (A),1,4,1640,1738,0.346,0.129,0.524,1,2,-39.8,40.4,193,195
1932-09-25,Zuiden (R),Fluks,3,0,2021,1768,0.800,0.074,0.126,4,1,0.4,0.4,127,160
1932-09-25,Zwart Wit (IJ),TOP (U),1,1,1226,1261,0.445,0.110,0.444,5,4,-0.0,0.0,175,175
1932-10-02,ADO (B),Bolnes,1,4,1324,1487,0.275,0.100,0.626,3,5,-18.6,18.6,175,175
1932-10-02,AKC (Al),Wit Blauw,2,1,1569,1473,0.621,0.112,0.266,3,2,-3.1,5.8,142,180
1932-10-02,ALO,HSV,2,9,1679,1856,0.252,0.114,0.634,1,3,-37.2,28.7,163,141
1932-10-02,AW,Bilthoven,4,5,1727,1805,0.377,0.125,0.498,1,2,-11.3,5.1,199,125
1932-10-02,Animo²,Concordia²,0,8,1620,1536,0.600,0.124,0.275,2,1,-106.9,80.2,202,174
1932-10-02,BKC²,Oranje Wit (T),0,1,1237,1442,0.225,0.102,0.673,2,4,11.4,-14.7,215,236
1932-10-02,BVK,HBS (B),1,3,1379,1575,0.236,0.100,0.663,2,4,-2.2,2.2,138,142
1932-10-02,Baerne,Eendracht,1,4,1725,1961,0.198,0.088,0.714,3,5,-8.7,9.0,169,172
1932-10-02,Be Quick,'t Overschotje,0,3,1575,1579,0.476,0.135,0.389,2,1,-44.7,59.8,166,194
1932-10-02,DOS (E),Naas²,5,3,1792,1852,0.408,0.113,0.479,3,4,19.1,-20.8,127,133
1932-10-02,DOT (O),Wilskracht,1,1,1175,1205,0.443,0.130,0.426,3,2,-0.8,1.3,169,211
1932-10-02,District V,Advendo,3,0,1676,1787,0.332,0.123,0.545,2,3,52.0,-69.8,172,201
1932-10-02,GKV,HBS (H),3,1,1747,1615,0.668,0.106,0.226,3,1,5.5,-6.0,172,195
1932-10-02,Groen Zwart,GKC,3,4,1462,1282,0.730,0.086,0.184,5,2,-58.4,93.7,219,275
1932-10-02,HKC (He),Rigtersbleek,4,2,1589,1635,0.414,0.140,0.446,0,1,27.3,-19.8,146,124
1932-10-02,Haarlem,SVK,3,2,1587,1763,0.255,0.109,0.637,2,3,39.9,-25.1,172,137
1932-10-02,Hellas,EKCA,1,7,1620,1686,0.392,0.132,0.477,1,2,-54.7,40.6,169,144
1932-10-02,LUTO,Sportief,2,2,1802,1793,0.499,0.125,0.375,3,2,-6.2,7.5,163,178
1932-10-02,MKC (Ma),Advendo (P),3,2,1489,1427,0.576,0.117,0.307,3,2,1.0,-1.4,217,186
1932-10-02,Markelo²,ODIO,2,7,1525,1485,0.548,0.113,0.339,4,3,-145.7,72.3,293,199
1932-10-02,Onder Ons,Rapiditas,3,1,1708,1675,0.537,0.118,0.345,3,2,13.4,-17.3,144,167
1932-10-02,Ons Clubje,Achilles (A),2,4,1525,1591,0.392,0.129,0.479,1,2,-18.2,22.0,140,154
1932-10-02,Oosterpark,Amstelodamum,5,1,1631,1547,0.606,0.114,0.280,3,2,33.3,-30.6,176,168
1932-10-02,Rood Wit,Moedig Voorwaarts,3,4,1543,1624,0.372,0.128,0.500,1,2,-8.5,8.4,167,166
1932-10-02,Rozenburg,Zuiden (R),5,2,1901,2024,0.322,0.113,0.565,3,4,34.3,-32.8,129,126
1932-10-02,Sperwers,Spartaan,1,3,1429,1388,0.548,0.116,0.336,3,2,-46.1,84.8,204,283
1932-10-02,Sport Vereent,DED,0,0,1528,1887,0.114,0.044,0.842,6,12,44.2,-37.8,166,154
1932-10-02,Sportlust (U),Zwart Wit (IJ),2,1,1403,1228,0.725,0.085,0.190,5,3,-18.3,15.4,175,163
1932-10-02,Stormers,TOP (U),2,2,1303,1263,0.552,0.108,0.340,5,4,-12.5,10.7,175,163
1932-10-02,Swift,Blauw Wit,1,4,1840,2020,0.252,0.108,0.640,2,3,-17.3,11.7,164,131
1932-10-02,TOV (D),Merwede (D),3,1,1506,1528,0.456,0.126,0.418,3,2,25.0,-32.0,163,187
1932-10-02,VIVA,Schiedam,2,2,1364,1582,0.214,0.096,0.690,2,4,21.5,-45.6,160,228
1932-10-02,Volharding (A),ReadyTekca,3,4,1781,1627,0.693,0.106,0.202,3,1,-48.1,49.2,179,181
1932-10-02,WK,UDI (T),6,1,1890,1554,0.863,0.058,0.079,4,0,6.9,-7.9,141,155
1932-10-02,WWMD,Nic,2,2,1837,1727,0.639,0.112,0.249,3,1,-18.5,15.9,147,137
1932-10-02,Westerkwartier,DVD²,4,1,1985,1851,0.674,0.098,0.227,4,2,11.6,-9.8,155,140
1932-10-02,Wez Fluch,Dio,0,0,1630,1587,0.553,0.114,0.333,4,3,-17.7,9.4,209,154
1932-10-02,ZKC (Zu),Noviomagum,8,2,1603,1580,0.519,0.128,0.354,2,1,51.7,-44.4,173,159
1932-10-09,'t Overschotje,Hellas,3,6,1641,1568,0.590,0.119,0.291,3,1,-63.3,50.5,176,157
1932-10-09,Achilles (A),HKC (He),6,2,1615,1618,0.482,0.126,0.392,3,2,34.9,-32.0,146,139
1932-10-09,DOS (E),Wit Blauw,7,0,1813,1481,0.862,0.055,0.083,5,1,8.6,-14.3,124,167
1932-10-09,Dio,Wez Fluch,3,2,1598,1614,0.467,0.120,0.413,4,3,9.1,-13.9,147,186
1932-10-09,EKCA,Noviomagum,4,0,1728,1537,0.735,0.096,0.169,3,1,12.9,-15.1,138,150
1932-10-09,Gooiers²,Victoria (A),4,4,1494,1590,0.348,0.131,0.521,1,2,13.0,-9.1,206,174
1932-10-09,Moedig Voorwaarts,Samen Een,8,0,1634,1577,0.571,0.116,0.313,3,2,39.9,-59.1,156,194
1932-10-09,Naas²,Ons Clubje,6,0,1833,1509,0.856,0.059,0.085,4,1,8.1,-8.8,128,134
1932-10-09,Nic,Leeuwarden,3,2,1745,1705,0.544,0.123,0.333,3,2,2.5,-3.0,133,156
1932-10-09,OTO,Sportief,0,1,1646,1803,0.275,0.118,0.607,1,3,3.1,-2.3,180,164
1932-10-09,Oranje Wit (T),Volt,1,4,1429,1485,0.411,0.121,0.468,2,3,-50.8,47.1,211,202
1932-10-09,Rigtersbleek,AKC (Al),1,1,1618,1567,0.553,0.131,0.316,2,1,-7.8,10.1,121,137
1932-10-09,Sprotje,Groen Zwart,1,3,1149,1406,0.178,0.086,0.736,2,5,4.3,-3.7,210,203
1932-10-09,Thor (M),Advendo (V),2,4,1507,1517,0.499,0.074,0.427,12,11,-48.8,18.5,288,169
1932-10-09,Vitesse (Be),WK,0,7,1711,1899,0.243,0.105,0.652,2,4,-38.8,26.8,172,140
1932-10-09,Wilskracht (B),Voordaan,8,2,1587,1382,0.771,0.054,0.175,12,8,28.5,-36.5,239,291
1932-10-09,Wilskracht,Mercedes,0,2,1208,1452,0.185,0.098,0.717,1,3,-1.5,0.6,188,214
1932-10-16,Advendo (V),OJD,2,3,1536,1451,0.631,0.069,0.300,11,9,-19.9,64.9,162,291
1932-10-16,Be Quick,Onder Ons,0,2,1532,1724,0.236,0.109,0.655,1,3,-5.1,4.4,159,141
1932-10-16,De Tovers,Gooiers²,1,4,1532,1507,0.521,0.127,0.352,3,2,-81.4,55.0,229,185
1932-10-16,EMO,NASB,6,2,1169,1354,0.246,0.107,0.648,2,4,163.2,-63.2,287,175
1932-10-16,HBS (H),Vreewijk,1,4,1612,1787,0.257,0.105,0.638,2,4,-20.3,15.3,182,154
1932-10-16,Oosterkwartier (H),Concordia²,1,3,1484,1618,0.323,0.077,0.600,7,9,-4.5,4.4,167,166
1932-10-16,PSV,Tekace,11,0,1850,1391,0.928,0.031,0.041,7,1,18.3,-18.4,219,220
1932-10-16,Rapiditas,Noviomagum,2,1,1660,1523,0.674,0.107,0.219,3,1,-9.6,7.9,158,145
1932-10-16,Ready (H),Emma,2,2,1666,1417,0.796,0.077,0.127,4,1,-46.7,54.9,193,208
1932-10-16,Rood Wit (H),HSV,0,10,1637,1887,0.179,0.099,0.722,1,3,-28.7,22.5,159,139
1932-10-16,SVK,Sport,5,1,1740,1476,0.811,0.071,0.118,5,1,6.1,-9.0,136,184
1932-10-16,VADA,DOT (O),12,2,1456,1177,0.823,0.068,0.110,5,1,27.9,-20.6,194,162
1932-10-23,AKC (Al),Achilles (A),4,2,1578,1650,0.386,0.124,0.491,2,3,24.1,-26.4,135,142
1932-10-23,BEP,SVK,0,2,1739,1747,0.481,0.116,0.403,4,3,-32.7,21.0,170,134
1932-10-23,BVK,HBS (B),0,1,1379,1579,0.231,0.100,0.669,2,4,8.0,-8.3,140,143
1932-10-23,Bilthoven,Eendracht,3,1,1812,1972,0.278,0.103,0.619,3,4,28.6,-47.9,129,167
1932-10-23,Breda,Tekace,5,2,1443,1373,0.595,0.103,0.302,5,3,22.3,-30.4,176,213
1932-10-23,DOS (E),Ons Clubje,6,0,1822,1500,0.852,0.062,0.085,4,0,8.5,-9.6,127,136
1932-10-23,DTV,Westerkwartier,6,3,1945,1999,0.411,0.126,0.463,1,2,28.3,-37.9,131,153
1932-10-23,EKCA,Be Quick,4,0,1742,1527,0.757,0.096,0.148,2,0,12.2,-14.2,137,151
1932-10-23,Groen Wit²,Rapid (A),1,0,1540,1467,0.598,0.105,0.297,5,3,1.1,-1.8,335,317
1932-10-23,HKV,Fluks,3,0,1941,1773,0.709,0.101,0.189,3,1,11.7,-11.7,161,161
1932-10-23,Helmond²,Rust Roest (E),6,4,1500,1366,0.678,0.093,0.229,5,3,1.4,-1.4,175,175
1932-10-23,Marum,Sparta (Ze),3,5,1327,1660,0.119,0.074,0.807,1,4,11.4,-11.4,175,175
1932-10-23,Mercedes,VADA,1,2,1453,1484,0.448,0.116,0.436,4,3,-18.7,16.4,198,184
1932-10-23,NASB,EKV,7,1,1291,1246,0.553,0.119,0.329,3,2,44.5,-48.2,167,175
1932-10-23,PSV,BKC²,12,1,1869,1251,0.969,0.015,0.016,8,1,8.2,-7.7,212,201
1932-10-23,Regenboog,Rozenburg,3,2,1793,1938,0.292,0.112,0.595,2,3,31.9,-20.4,164,131
1932-10-23,Rood Wit (H),Die Haghe,2,6,1608,1712,0.339,0.130,0.531,1,2,-33.3,41.5,152,172
1932-10-23,SAMOS,Amsterdam Zuid,0,1,1719,1715,0.500,0.113,0.387,4,3,-22.4,36.2,194,251
1932-10-23,Sprotje,GKC,1,4,1154,1378,0.209,0.090,0.700,3,5,-15.0,19.6,196,243
1932-10-23,UDI (T),WWMD,3,5,1548,1821,0.161,0.090,0.749,1,3,4.2,-3.3,157,146
1932-10-23,Volharding (A),LUTO,2,4,1735,1798,0.397,0.129,0.474,1,2,-26.6,22.7,172,158
1932-10-23,Voordaan,OJD,4,4,1346,1516,0.264,0.107,0.629,2,4,34.1,-29.6,255,239
1932-10-23,Wees Kwiek,Dio,1,3,1547,1607,0.404,0.120,0.476,2,3,-26.2,18.0,176,144
1932-10-23,ZKC '19,Moedig Voorwaarts,0,5,1668,1674,0.484,0.114,0.401,4,3,-60.0,46.7,173,151
1932-10-23,ZKC (Zu),Rapiditas,2,1,1657,1651,0.494,0.129,0.376,3,2,9.0,-7.6,165,150
1932-10-23,Zilvermeeuwen,District V,3,2,1408,1730,0.123,0.083,0.794,0,3,58.2,-56.0,169,166
1932-10-30,Advendo,Zilvermeeuwen,5,4,1722,1469,0.795,0.083,0.121,3,0,-28.6,20.5,188,163
1932-10-30,Naas²,Achilles (A),3,1,1844,1626,0.771,0.077,0.153,5,2,-6.7,7.0,133,135
1932-10-30,Ons Ploegje,Oosterkwartier (A),1,1,1371,1459,0.361,0.129,0.510,1,2,6.1,-19.5,175,304
1932-10-30,Oriento,Groen Wit²,3,1,1713,1543,0.719,0.088,0.194,5,3,1.1,6.0,175,281
1932-10-30,Rood Wit,ZKC '19,1,4,1539,1610,0.390,0.117,0.493,2,3,-31.3,30.2,164,160
1932-10-30,Stormers,Zwart Wit (IJ),3,1,1295,1248,0.561,0.108,0.331,4,3,13.8,-12.9,169,163
1932-10-30,Vesta,Wester,3,1,1651,1588,0.581,0.113,0.306,4,2,28.2,-35.7,263,314
1932-11-06,'s Gravenhage,UVO,2,1,1383,1199,0.730,0.094,0.176,3,1,-22.1,21.7,228,226
1932-11-06,AW,Excelsior,6,4,1720,1777,0.405,0.127,0.468,1,2,38.5,-31.5,186,167
1932-11-06,Achilles (H),Spangen,6,1,1682,1736,0.425,0.097,0.478,5,6,61.9,-64.5,195,199
1932-11-06,Advendo (V),Thor (M),11,0,1518,1460,0.594,0.072,0.334,11,9,39.5,-79.2,161,239
1932-11-06,Amersfoort,Rohda (A),2,8,1399,1786,0.087,0.066,0.847,0,3,-23.4,23.6,204,204
1932-11-06,Amicitia (B),Ready (H),1,10,958,1621,0.018,0.019,0.963,-1,6,-5.9,6.5,175,187
1932-11-06,Amsterdam Zuid,KCN,6,3,1753,1571,0.734,0.083,0.183,5,3,9.5,-7.8,217,174
1932-11-06,BEP,Advendo,2,1,1708,1693,0.510,0.121,0.368,3,2,6.5,-7.8,160,178
1932-11-06,Be Quick,ZKC (Zu),1,1,1515,1668,0.277,0.124,0.600,1,2,14.8,-16.6,148,157
1932-11-06,DDV,Swift,2,4,1821,1827,0.480,0.124,0.396,3,2,-32.4,31.7,165,164
1932-11-06,DVD²,DTV,5,7,1845,1975,0.312,0.112,0.575,3,4,-10.1,8.3,146,130
1932-11-06,Deetos,Ons Eibernest,13,1,2061,1745,0.850,0.061,0.089,5,1,13.4,-14.6,141,148
1932-11-06,ECJC,EKV,4,3,1626,1200,0.912,0.039,0.048,5,0,-43.0,37.7,175,165
1932-11-06,GKC,Quick (E),3,4,1399,1443,0.431,0.113,0.456,3,4,-17.9,20.6,218,237
1932-11-06,Gooiers²,De Tovers,7,2,1564,1453,0.641,0.112,0.247,3,1,35.9,-46.3,177,205
1932-11-06,HSV,Velox,4,0,1911,1656,0.802,0.075,0.124,4,1,7.3,-9.5,141,169
1932-11-06,Haarlem,District V,1,1,1631,1676,0.420,0.131,0.449,1,2,1.6,-1.5,170,162
1932-11-06,Kwiek,Ados²,1,3,1540,1422,0.645,0.119,0.236,2,0,-80.9,63.7,217,192
1932-11-06,Marum,Wees Kwiek,0,3,1340,1522,0.250,0.105,0.645,2,4,-17.7,16.8,170,165
1932-11-06,Noviomagum,Hellas,3,5,1533,1620,0.365,0.123,0.513,2,3,-16.1,18.4,146,157
1932-11-06,Olympia (B),Blauw Wit,5,6,1924,2036,0.336,0.114,0.550,3,4,-1.8,1.7,149,139
1932-11-06,Onder Ons,'t Overschotje,4,4,1730,1580,0.694,0.097,0.209,4,2,-20.2,29.8,142,171
1932-11-06,Ons Clubje,Wit Blauw,1,0,1493,1469,0.520,0.126,0.354,3,2,4.6,-6.3,138,169
1932-11-06,Ons Huis (R),Schiedam,0,2,1350,1540,0.245,0.096,0.659,3,5,-4.7,5.1,179,211
1932-11-06,Palvu (H),De Kweek,3,4,1591,1403,0.735,0.091,0.174,4,1,-56.6,135.6,230,350
1932-11-06,Quick (Z),KEV,6,4,1210,1249,0.447,0.097,0.456,5,6,32.8,-39.4,216,240
1932-11-06,Rapiditas,EKCA,1,1,1645,1756,0.332,0.126,0.542,1,2,9.6,-8.5,146,137
1932-11-06,Rigtersbleek,Achilles (A),3,2,1612,1633,0.457,0.127,0.415,3,2,8.2,-8.9,128,133
1932-11-06,Rood Wit (H),OSCR,2,2,1577,1688,0.331,0.126,0.543,1,2,9.4,-11.5,147,163
1932-11-06,Rozenburg,Fluks,6,0,1919,1764,0.698,0.098,0.203,4,1,19.4,-26.9,131,156
1932-11-06,SVK,TOGO (A),10,0,1769,1663,0.639,0.105,0.256,4,2,26.6,-41.0,133,169
1932-11-06,Sportlust (U),Stormers,2,1,1388,1309,0.607,0.103,0.290,5,3,-4.3,3.3,174,158
1932-11-06,TOP (Hg),Naaldwijk,2,2,1336,1393,0.408,0.122,0.470,2,3,3.8,-8.5,238,350
1932-11-06,UNA (L),Dio,2,4,1581,1627,0.424,0.120,0.456,2,3,-28.3,18.9,175,141
1932-11-06,Vitesse (Be),UDI (T),2,2,1675,1554,0.653,0.109,0.238,3,1,-24.0,20.0,168,154
1932-11-06,Vogel,SAMOS,0,2,1653,1699,0.431,0.111,0.458,3,4,-34.4,26.7,210,182
1932-11-06,Volharding (A),Sportief,1,0,1711,1803,0.354,0.132,0.514,1,2,23.7,-23.7,162,162
1932-11-06,WK,Friso (L),18,2,1928,1507,0.911,0.039,0.050,5,0,9.3,-15.0,144,192
1932-11-06,WWMD,Leeuwarden,2,2,1820,1704,0.650,0.105,0.245,4,2,-18.0,20.5,145,154
1932-11-06,Westerkwartier,KZ,7,4,1963,1934,0.529,0.122,0.349,3,2,24.1,-26.0,147,153
1932-11-06,ZKV (Za),Hercules,3,4,1606,1931,0.124,0.076,0.800,1,4,30.8,-20.3,188,156
1932-11-06,Zilvermeeuwen,Sport,3,2,1489,1469,0.513,0.131,0.356,2,1,6.8,-8.4,157,179
1932-11-06,Zuiden (R),HKV,2,3,1995,1955,0.546,0.119,0.335,3,2,-18.2,24.5,135,156
1932-11-13,'t Overschotje,Noviomagum,3,3,1611,1518,0.619,0.114,0.268,3,2,-19.2,14.2,161,139
1932-11-13,Achilles (A),DOS (E),2,4,1625,1834,0.224,0.096,0.681,2,5,-0.3,0.3,128,132
1932-11-13,Achilles (H),Vreewijk,1,1,1746,1806,0.418,0.092,0.490,6,7,4.4,-3.3,178,155
1932-11-13,Advendo,SVK,1,8,1687,1798,0.338,0.112,0.549,3,4,-46.4,29.9,165,130
1932-11-13,Amicitia (B),Emma,0,5,953,1475,0.042,0.035,0.923,0,6,-2.9,2.7,175,200
1932-11-13,Amstelodamum,Kwiek,4,1,1522,1460,0.572,0.126,0.302,2,1,27.4,-35.2,170,196
1932-11-13,Animo²,Sport Vereent,2,0,1518,1578,0.425,0.081,0.494,8,9,28.9,-23.2,194,172
1932-11-13,BKC²,Breda,0,2,1247,1469,0.212,0.089,0.699,3,5,1.5,-0.0,203,170
1932-11-13,Baerne,AW,1,0,1722,1760,0.435,0.123,0.442,2,3,15.6,-15.4,172,171
1932-11-13,Blauw Wit,DDV,6,0,2039,1791,0.797,0.073,0.129,5,2,13.0,-16.8,134,155
1932-11-13,Concordia²,DED,3,1,1626,1854,0.196,0.110,0.694,0,2,58.1,-57.8,163,163
1932-11-13,Dio,Marum,6,2,1648,1324,0.856,0.058,0.086,5,1,2.1,-2.2,135,160
1932-11-13,ECJC,EMO,2,3,1585,1336,0.796,0.075,0.128,4,1,-49.3,104.4,172,244
1932-11-13,EKCA,ZKC (Zu),3,1,1749,1653,0.619,0.117,0.264,2,1,6.7,-8.0,132,149
1932-11-13,Ervea,TCNH,5,2,1319,1543,0.206,0.099,0.696,2,4,139.5,-157.0,301,320
1932-11-13,Excelsior,KVD,6,6,1747,1781,0.442,0.120,0.438,4,3,-0.2,0.3,157,167
1932-11-13,Fluks,Zuiden (R),0,2,1738,1978,0.191,0.094,0.715,2,4,2.0,-1.1,149,130
1932-11-13,HKC (He),AKC (Al),3,1,1590,1605,0.463,0.132,0.406,3,2,21.2,-18.9,144,136
1932-11-13,HKV,DKC (De),6,1,1981,1678,0.839,0.066,0.095,4,0,9.8,-10.1,147,151
1932-11-13,Haarlem,Zilvermeeuwen,4,0,1634,1497,0.668,0.115,0.216,2,0,23.8,-21.5,158,149
1932-11-13,KCN,Vogel,4,1,1564,1620,0.416,0.108,0.475,4,5,37.2,-47.0,166,188
1932-11-13,KZ,DVD²,5,3,1909,1837,0.594,0.110,0.296,4,2,8.5,-7.9,145,140
1932-11-13,LUTO,Hercules,0,2,1824,1912,0.366,0.119,0.515,2,3,-17.2,16.7,154,152
1932-11-13,Leeuwarden,Friso (L),4,2,1726,1493,0.781,0.080,0.139,4,1,-5.8,11.2,147,187
1932-11-13,Merwede (D),Quick (D),1,3,1501,1633,0.305,0.122,0.572,1,2,-17.3,17.1,182,181
1932-11-13,Naas²,Wit Blauw,3,1,1838,1464,0.889,0.045,0.066,6,1,-15.6,22.3,134,157
1932-11-13,OSCR,Die Haghe,1,2,1678,1757,0.376,0.123,0.500,2,3,-7.0,7.9,153,164
1932-11-13,Olympia '22,SGOC,4,0,1193,1222,0.447,0.123,0.430,4,3,116.8,-115.2,330,327
1932-11-13,Ons Eibernest,Rozenburg,1,3,1732,1940,0.221,0.103,0.676,1,3,-1.9,1.8,145,128
1932-11-13,Ons Huis (R),VIOS (H),3,0,1347,1519,0.264,0.102,0.634,3,4,53.6,-94.2,168,225
1932-11-13,PSV,Volt,2,1,1880,1535,0.874,0.046,0.080,8,3,-52.5,41.2,213,192
1932-11-13,Rapiditas,Be Quick,0,2,1656,1531,0.656,0.115,0.229,2,1,-41.2,42.9,139,142
1932-11-13,Rigtersbleek,Ons Clubje,0,0,1622,1499,0.650,0.121,0.229,2,0,-14.9,17.2,124,133
1932-11-13,Rood Wit (H),ALO,2,5,1588,1647,0.400,0.132,0.468,1,2,-27.9,37.4,141,165
1932-11-13,Sparta (Ze),Wees Kwiek,6,1,1652,1541,0.644,0.106,0.250,4,2,33.5,-28.1,172,156
1932-11-13,Sport,District V,1,2,1462,1676,0.213,0.104,0.682,1,3,11.2,-9.3,165,153
1932-11-13,TOGO (A),BEP,2,12,1624,1716,0.358,0.123,0.519,2,3,-47.5,43.5,158,151
1932-11-13,Tekace,ONA,0,3,1346,1558,0.221,0.093,0.686,3,5,-16.0,17.9,195,212
1932-11-13,Ter Gouw,Sperwers,6,1,1542,1388,0.698,0.095,0.207,4,2,43.7,-35.2,227,199
1932-11-13,Trekvogels (R),Spartaan,2,0,1553,1479,0.594,0.113,0.293,3,2,15.0,-21.6,189,244
1932-11-13,VADA,Wilskracht,0,0,1504,1210,0.836,0.062,0.102,5,2,-46.0,52.6,174,185
1932-11-13,Victoria (A),De Tovers,7,1,1585,1408,0.717,0.105,0.178,2,0,30.8,-35.7,172,187
1932-11-13,Volharding (A),ZKV (Za),2,2,1736,1639,0.621,0.116,0.262,3,1,-16.5,22.7,153,178
1932-11-13,WK,Nic,2,1,1939,1751,0.738,0.085,0.177,5,2,-14.7,14.0,143,140
1932-11-13,WWMD,UDI (T),3,2,1803,1576,0.775,0.083,0.142,4,1,-16.3,18.3,140,147
1932-11-13,Westerkwartier,Swift,4,2,1988,1860,0.665,0.104,0.231,4,2,3.0,-3.2,140,154
1932-11-20,'s Gravenhage,TOP (Hg),3,1,1363,1341,0.518,0.124,0.358,3,2,28.8,-31.2,210,220
1932-11-20,Algemeene,Oosterkwartier (A),2,0,1238,1440,0.227,0.103,0.670,2,4,139.1,-78.0,333,247
1932-11-20,Blauw Wit,DVD²,8,3,2052,1829,0.776,0.076,0.148,5,2,10.7,-11.1,132,134
1932-11-20,Breda,Oranje Wit (T),11,0,1469,1383,0.615,0.103,0.282,5,3,39.7,-57.6,162,200
1932-11-20,Concordia²,Sport Vereent,6,1,1684,1554,0.685,0.071,0.244,9,6,16.9,-17.9,155,161
1932-11-20,Deska,Fortuna (A),5,0,1533,1577,0.424,0.128,0.448,1,2,123.0,-125.5,301,304
1932-11-20,District V,SVK,2,2,1667,1829,0.275,0.105,0.620,3,4,16.5,-12.1,147,126
1932-11-20,HKC (He),Naas²,1,2,1611,1823,0.219,0.100,0.682,2,4,8.9,-8.3,138,134
1932-11-20,KIOL (Z),Markelo²,2,5,1165,1385,0.213,0.093,0.694,2,5,-26.6,25.1,264,251
1932-11-20,KVD,AW,6,3,1782,1744,0.544,0.118,0.338,3,2,24.7,-25.6,156,159
1932-11-20,Klimop,Algemene (H),2,0,1466,1331,0.679,0.092,0.230,5,3,1.1,-1.1,175,175
1932-11-20,Marum,UNA (L),1,3,1321,1554,0.197,0.096,0.706,2,4,0.2,-0.5,156,164
1932-11-20,Naaldwijk,UVO,3,4,1386,1222,0.707,0.097,0.195,4,1,-93.0,52.5,276,209
1932-11-20,Noviomagum,EKCA,0,2,1532,1755,0.204,0.104,0.692,1,3,-1.0,1.0,135,129
1932-11-20,OSCR,HSV,1,5,1671,1920,0.182,0.092,0.725,1,4,-13.6,13.0,145,141
1932-11-20,OTO,Hercules,3,7,1653,1929,0.160,0.088,0.752,1,4,-16.9,12.0,178,144
1932-11-20,Olympia (B),Swift,6,3,1924,1857,0.584,0.115,0.301,3,2,18.5,-19.0,144,147
1932-11-20,Ons Eibernest,Fluks,2,2,1729,1739,0.471,0.130,0.399,3,2,-3.0,3.2,140,144
1932-11-20,Oranje Zwart,Zwart Wit,2,3,1378,1456,0.377,0.127,0.497,1,2,-15.9,15.1,241,233
1932-11-20,Ready (H),ODI (H),1,3,1629,1628,0.494,0.117,0.389,4,3,-39.0,37.0,188,183
1932-11-20,Rohda (A),Sparta (A)²,2,1,1812,1677,0.673,0.102,0.225,4,2,-11.1,13.7,196,213
1932-11-20,Sparta (Ze),Dio,4,2,1686,1650,0.541,0.116,0.343,4,3,15.8,-11.4,161,135
1932-11-20,Vitesse (Be),Leeuwarden,1,5,1652,1721,0.391,0.124,0.485,2,3,-40.4,32.9,161,144
1932-11-20,Volt,BKC²,4,0,1576,1248,0.859,0.057,0.084,5,1,4.6,-4.6,185,186
1932-11-20,Voordaan,Wilskracht (B),2,0,1383,1619,0.211,0.060,0.729,8,11,73.6,-72.7,230,228
1932-11-20,Wit Blauw,Rigtersbleek,0,0,1486,1606,0.320,0.124,0.556,1,2,12.4,-7.6,155,122
1932-11-20,ZKC (Zu),'t Overschotje,1,4,1645,1592,0.561,0.122,0.317,3,2,-41.4,47.0,142,152
1932-11-20,Zwaluwen (H),Amsterdam Zuid,2,7,1658,1764,0.345,0.112,0.543,3,4,-56.5,54.1,205,200
1932-11-27,AW,Eendracht,4,3,1718,1928,0.221,0.098,0.681,2,4,33.4,-41.0,150,166
1932-11-27,Advendo,TOGO (A),1,0,1640,1576,0.577,0.120,0.302,3,1,0.1,-0.1,156,152
1932-11-27,Blauw Wit,Westerkwartier,3,1,2063,1992,0.593,0.109,0.298,4,3,6.8,-7.6,130,139
1932-11-27,Breda,ONA,2,2,1508,1576,0.401,0.106,0.493,4,5,4.0,-6.6,154,195
1932-11-27,DED,Animo²,7,2,1796,1547,0.792,0.083,0.125,3,0,16.6,-20.5,157,178
1932-11-27,DOS (E),Rigtersbleek,0,1,1835,1599,0.783,0.082,0.136,4,1,-38.0,31.0,132,120
1932-11-27,DTV,Swift,1,2,1985,1838,0.687,0.103,0.210,3,1,-29.2,32.9,132,140
1932-11-27,DVD²,Olympia (B),5,5,1818,1942,0.321,0.109,0.570,3,4,9.6,-10.5,132,138
1932-11-27,EKV,NASB,3,2,1239,1339,0.350,0.117,0.532,2,3,24.4,-24.1,168,166
1932-11-27,GKV,Achilles (H),2,0,1759,1750,0.515,0.096,0.389,7,6,17.6,-15.6,178,167
1932-11-27,Groen Zwart,Sprotje,1,0,1406,1142,0.811,0.069,0.120,5,2,-34.1,30.6,201,192
1932-11-27,HKV,Deetos,2,1,1991,2076,0.372,0.116,0.512,2,3,18.0,-17.2,147,144
1932-11-27,Hellas,Rapiditas,7,1,1640,1614,0.524,0.124,0.351,3,2,41.7,-34.3,153,138
1932-11-27,Hercules,Volharding (A),3,0,1941,1719,0.767,0.088,0.145,3,0,4.3,-4.6,141,149
1932-11-27,KZ,DDV,2,2,1918,1773,0.685,0.103,0.213,3,1,-20.4,23.9,142,153
1932-11-27,LUTO,OTO,9,1,1806,1636,0.715,0.094,0.190,4,2,25.7,-32.1,149,168
1932-11-27,Naas²,AKC (Al),1,2,1815,1586,0.778,0.079,0.143,4,1,-35.3,37.2,131,134
1932-11-27,Nic,WWMD,1,2,1765,1787,0.455,0.127,0.417,3,2,-12.9,12.9,139,140
1932-11-27,Noviomagum,Be Quick,1,0,1531,1574,0.423,0.134,0.444,1,2,11.4,-12.9,131,140
1932-11-27,ODI (H),Amicitia (B),11,0,1665,950,0.981,0.011,0.009,6,-1,3.1,-3.2,169,174
1932-11-27,Olympiaan,Phoenix (Z),1,1,1578,1469,0.637,0.113,0.250,3,1,-37.4,37.9,276,277
1932-11-27,Onder Ons,ZKC (Zu),3,2,1712,1603,0.640,0.107,0.253,4,2,-5.9,5.2,143,137
1932-11-27,Ons Ploegje,Algemeene,0,4,1378,1377,0.491,0.122,0.387,3,2,-49.6,112.7,174,274
1932-11-27,Rapid (A),Groen Wit²,3,1,1468,1551,0.377,0.112,0.510,3,4,67.9,-54.2,277,245
1932-11-27,Regenboog,Ons Eibernest,2,5,1828,1727,0.629,0.113,0.258,3,1,-61.3,41.6,163,134
1932-11-27,Rust Roest (E),Helmond²,2,4,1368,1505,0.307,0.103,0.590,4,5,-10.9,10.9,174,174
1932-11-27,SVK,Zilvermeeuwen,6,1,1817,1475,0.868,0.055,0.078,5,1,4.5,-5.8,124,146
1932-11-27,Sparta (A)²,Amersfoort,3,0,1691,1377,0.847,0.063,0.090,4,0,-2.4,2.6,194,198
1932-11-27,Spartaan,Sperwers,0,1,1456,1353,0.635,0.107,0.259,4,2,-51.9,39.4,215,187
1932-11-27,TCNH,OSCA,0,5,1386,1444,0.403,0.129,0.468,1,2,-97.2,139.7,275,344
1932-11-27,Tekace,PSV,0,4,1329,1828,0.050,0.034,0.916,2,8,7.1,-10.1,184,205
1932-11-27,UDI (T),WK,1,3,1594,1924,0.123,0.069,0.808,2,5,10.9,-10.2,146,142
1932-11-27,Velox,OSCR,1,2,1648,1657,0.475,0.126,0.399,3,2,-19.7,14.2,167,141
1932-11-27,Zwart Wit (IJ),Stormers,0,3,1237,1314,0.385,0.112,0.503,3,4,-28.4,26.7,161,155
1932-12-04,Achilles (H),HBS (H),1,2,1734,1595,0.690,0.080,0.230,7,5,-32.5,44.2,156,182
1932-12-04,Blauw Wit,KZ,3,3,2070,1898,0.719,0.091,0.189,4,2,-19.4,23.0,126,137
1932-12-04,DDV,DTV,4,2,1797,1956,0.275,0.111,0.614,2,3,39.1,-30.6,146,129
1932-12-04,DED,Oosterkwartier (H),7,3,1813,1483,0.871,0.038,0.091,12,6,-8.0,10.8,153,171
1932-12-04,Die Haghe,ALO,3,0,1765,1685,0.601,0.115,0.284,3,2,20.6,-20.6,159,159
1932-12-04,EKV,EMO,0,10,1263,1440,0.257,0.103,0.640,2,4,-34.8,65.2,157,225
1932-12-04,Excelsior,Bilthoven,3,3,1748,1844,0.355,0.116,0.528,2,3,8.5,-7.1,153,140
1932-12-04,Haarlem,Sport,4,1,1658,1472,0.729,0.097,0.174,3,1,9.1,-9.6,156,161
1932-12-04,KVD,Baerne,8,3,1806,1737,0.591,0.107,0.301,4,3,29.9,-35.3,150,164
1932-12-04,Moedig Voorwaarts,Rood Wit,6,2,1724,1509,0.763,0.085,0.151,4,1,12.7,-13.6,157,163
1932-12-04,Naaldwijk,'s Gravenhage,1,3,1293,1391,0.351,0.119,0.530,2,3,-32.4,22.5,240,192
1932-12-04,Noviomagum,Onder Ons,0,5,1542,1706,0.272,0.107,0.621,2,4,-20.8,24.2,127,138
1932-12-04,OTO,Volharding (A),0,2,1604,1714,0.333,0.124,0.543,1,2,-16.5,13.9,160,144
1932-12-04,Odis (A),Wester,0,2,1333,1553,0.212,0.093,0.695,2,5,-8.8,9.9,334,267
1932-12-04,Olympia (B),Westerkwartier,2,4,1932,1984,0.418,0.117,0.465,2,3,-16.7,16.8,133,134
1932-12-04,Oosterpark,Kwiek,1,2,1670,1424,0.792,0.078,0.130,4,1,-61.9,62.8,182,183
1932-12-04,Oranje Wit (T),Tekace,2,2,1325,1336,0.473,0.121,0.405,4,3,-4.2,4.0,184,180
1932-12-04,Swift,DVD²,1,5,1870,1827,0.554,0.112,0.334,4,3,-42.1,37.6,136,128
1932-12-04,VVGA,SVB,7,1,1793,1411,0.891,0.048,0.062,5,0,14.2,-29.5,175,304
1932-12-04,Velox,HSV,1,5,1628,1933,0.139,0.079,0.783,1,4,-9.7,8.3,155,140
1932-12-04,Volt,Breda,6,2,1581,1512,0.593,0.102,0.305,5,4,32.8,-22.7,181,147
1932-12-04,Zilvermeeuwen,Advendo,4,3,1469,1640,0.258,0.117,0.626,1,2,28.9,-30.3,144,148
1932-12-11,'t Overschotje,ZKC (Zu),0,4,1637,1607,0.531,0.123,0.346,3,2,-49.6,41.0,149,135
1932-12-11,ALO,Velox,3,2,1663,1617,0.552,0.121,0.327,3,2,2.2,-2.2,150,150
1932-12-11,Achilles (A),Naas²,4,9,1623,1778,0.284,0.104,0.612,3,4,-23.3,22.5,134,132
1932-12-11,Amsterdam Zuid,SAMOS,1,4,1816,1725,0.622,0.102,0.277,5,3,-66.5,60.2,187,178
1932-12-11,Bilthoven,KVD,1,3,1836,1835,0.494,0.114,0.392,4,3,-22.5,25.3,135,143
1932-12-11,DOS (E),HKC (He),2,0,1795,1619,0.722,0.093,0.185,4,1,-1.8,2.1,133,139
1932-12-11,DOT (O),Mercedes,0,2,1158,1436,0.157,0.089,0.754,1,3,3.7,-5.4,173,192
1932-12-11,DTV,Blauw Wit,1,5,1924,2049,0.318,0.113,0.569,3,4,-20.4,20.0,126,125
1932-12-11,District V,TOGO (A),6,0,1682,1574,0.636,0.112,0.252,3,1,28.9,-29.5,146,147
1932-12-11,ECJC,NASB,4,1,1533,1313,0.769,0.082,0.149,4,1,4.5,-4.3,173,158
1932-12-11,EKCA,Rapiditas,4,1,1755,1578,0.719,0.099,0.182,3,1,7.1,-7.4,132,135
1932-12-11,Eendracht,Excelsior,3,1,1885,1755,0.672,0.096,0.232,5,3,1.5,-1.5,159,145
1932-12-11,Hellas,Noviomagum,3,1,1680,1520,0.704,0.097,0.199,4,2,-0.9,0.2,147,124
1932-12-11,LUTO,ZKV (Za),8,2,1830,1660,0.717,0.092,0.191,4,2,22.0,-29.3,146,172
1932-12-11,Oosterpark,Ados²,4,0,1606,1485,0.654,0.108,0.238,3,1,27.3,-31.1,173,187
1932-12-11,ReadyTekca,Sportief,2,3,1680,1779,0.349,0.122,0.528,2,3,-6.4,5.2,188,162
1932-12-11,Zwart Wit (IJ),Sportlust (U),1,3,1207,1384,0.258,0.099,0.643,3,5,-4.3,4.8,154,172
1932-12-18,ADO (A),Merwede (D),2,0,1390,1482,0.360,0.121,0.519,2,3,41.0,-40.0,180,178
1932-12-18,AKC (Al),DOS (E),2,3,1621,1793,0.261,0.108,0.631,2,4,4.8,-4.3,137,130
1932-12-18,Ados²,Amstelodamum,1,4,1454,1548,0.353,0.129,0.518,1,2,-34.2,32.5,174,169
1932-12-18,BKC²,ONA,0,3,1241,1568,0.125,0.070,0.805,2,5,0.5,-0.2,186,181
1932-12-18,Be Quick,Hellas,1,1,1559,1680,0.319,0.123,0.557,1,2,10.0,-10.3,139,142
1932-12-18,Blauw Wit,Swift,4,0,2069,1827,0.791,0.075,0.134,5,1,5.3,-6.1,122,134
1932-12-18,Concordia²,Animo²,4,0,1699,1525,0.715,0.103,0.182,2,0,18.8,-22.8,156,175
1932-12-18,DDV,DVD²,1,1,1834,1863,0.452,0.114,0.434,5,4,-0.8,0.6,142,128
1932-12-18,Deetos,Rozenburg,9,1,2057,1940,0.655,0.098,0.248,5,3,28.8,-26.5,143,137
1932-12-18,District V,Zilvermeeuwen,8,2,1711,1496,0.760,0.089,0.151,3,1,17.7,-18.1,140,142
1932-12-18,EMO,ECJC,4,4,1504,1538,0.442,0.119,0.439,4,3,-0.2,0.1,201,165
1932-12-18,Emma,Ready (H),1,3,1477,1589,0.336,0.112,0.552,3,4,-20.8,17.0,203,179
1932-12-18,Fluks,HKV,0,3,1741,2008,0.166,0.092,0.742,1,3,-6.2,6.3,145,146
1932-12-18,KVD,Eendracht,5,5,1860,1887,0.457,0.111,0.433,5,4,-0.9,1.2,137,152
1932-12-18,KZ,Westerkwartier,1,2,1919,1999,0.376,0.121,0.503,2,3,-5.4,5.1,136,132
1932-12-18,Noviomagum,'t Overschotje,0,1,1520,1588,0.392,0.125,0.484,2,3,-5.8,7.6,123,142
1932-12-18,OSCR,Rood Wit (H),5,2,1670,1558,0.641,0.113,0.247,3,1,14.1,-15.1,141,146
1932-12-18,Olympia (B),DTV,3,2,1914,1903,0.504,0.119,0.376,4,3,4.9,-4.3,131,123
1932-12-18,Ons Clubje,Naas²,1,5,1514,1800,0.151,0.084,0.765,1,4,-9.7,8.3,141,128
1932-12-18,Ons Eibernest,Zuiden (R),1,1,1766,1975,0.221,0.101,0.678,2,4,18.9,-19.8,136,139
1932-12-18,ReadyTekca,OTO,0,0,1674,1586,0.613,0.111,0.277,3,2,-20.1,15.6,172,153
1932-12-18,Regenboog,DKC (De),4,4,1765,1666,0.628,0.108,0.264,4,2,-18.8,18.5,159,157
1932-12-18,Rigtersbleek,HKC (He),2,0,1628,1621,0.492,0.135,0.373,2,1,15.0,-17.3,126,135
1932-12-18,SVK,Haarlem,2,1,1820,1665,0.699,0.094,0.207,4,2,-8.9,12.7,130,152
1932-12-18,Spartaan,Ter Gouw,1,7,1403,1585,0.253,0.100,0.648,3,5,-45.1,51.0,198,213
1932-12-18,Sportief,Volharding (A),5,1,1784,1727,0.565,0.127,0.308,2,1,31.4,-27.0,153,141
1932-12-18,TOGO (A),Sport,1,5,1545,1461,0.604,0.117,0.279,3,1,-50.2,61.9,141,157
1932-12-18,Vesta,Odis (A),4,0,1679,1323,0.877,0.051,0.072,5,1,9.3,-8.7,244,279
1932-12-18,Vogel,Amsterdam Zuid,3,4,1571,1750,0.261,0.091,0.649,4,6,9.9,-8.9,180,173
1932-12-18,Vreewijk,Spangen,4,4,1801,1672,0.667,0.102,0.231,4,2,-20.6,31.3,157,191
1932-12-18,ZKC (Zu),Onder Ons,1,2,1648,1729,0.376,0.118,0.506,2,3,-4.7,5.0,131,136
1932-12-18,Zwart Wit,Oranje Zwart,0,0,1470,1361,0.639,0.111,0.251,3,1,-28.7,30.2,213,218
1932-12-26,ADO (B),ADO (M),2,1,1309,1258,0.569,0.104,0.327,5,4,0.2,-0.4,188,175
1932-12-26,Bolnes,Progress,0,7,1487,1267,0.772,0.077,0.151,5,2,-72.3,308.5,170,350
1932-12-26,GSV,Bolnes,2,1,1433,1510,0.386,0.108,0.506,4,5,20.5,-23.5,175,188
1932-12-26,GSV,Progress,1,2,1453,1575,0.325,0.107,0.568,3,5,-1.9,0.3,161,283
1932-12-26,ODIO,KIOL (Z),3,1,1562,1137,0.914,0.037,0.050,7,1,-32.1,46.2,207,240
1932-12-26,Ons Huis (R),VIOS (H),2,0,1399,1422,0.460,0.115,0.426,5,4,24.7,-35.2,172,209
1932-12-26,Oosten (R),VIVA,0,2,1076,1390,0.131,0.078,0.791,1,4,26.5,-2.2,332,180
1932-12-26,Sprotje,Quick (E),1,7,1171,1464,0.149,0.078,0.774,2,5,-27.7,35.2,189,219
1933-01-01,Oosterkwartier (A),Ons Ploegje,4,3,1361,1327,0.533,0.126,0.340,2,1,8.8,-6.0,234,174
1933-01-01,Regenboog,Deetos,3,7,1747,2086,0.118,0.065,0.817,2,6,-4.5,4.1,153,141
1933-01-01,SSS (H),Excelsior (Z),4,2,1402,1617,0.212,0.104,0.683,1,3,58.1,-51.9,169,160
1933-01-01,Wester,Odis (A),1,6,1562,1314,0.797,0.073,0.130,5,2,-158.1,174.7,246,258
1933-01-08,ALO,OSCR,2,3,1665,1684,0.461,0.124,0.415,3,2,-14.9,13.2,151,141
1933-01-08,Baerne,Bilthoven,3,2,1700,1813,0.334,0.113,0.552,3,4,26.2,-18.8,164,139
1933-01-08,DDV,Olympia (B),6,5,1834,1918,0.371,0.117,0.512,2,3,17.0,-15.1,141,133
1933-01-08,DED,Concordia²,2,1,1803,1718,0.601,0.126,0.273,2,0,-1.6,1.4,160,155
1933-01-08,DVD²,Blauw Wit,2,2,1864,2074,0.223,0.092,0.685,3,5,17.9,-17.2,130,127
1933-01-08,Die Haghe,HSV,0,6,1784,1940,0.280,0.110,0.610,2,4,-36.2,31.2,160,148
1933-01-08,District V,Haarlem,1,1,1728,1678,0.558,0.122,0.320,3,2,-10.1,11.4,142,151
1933-01-08,Groen Zwart,Quick (E),0,0,1370,1499,0.314,0.111,0.575,3,4,17.6,-18.4,199,204
1933-01-08,HKV,Regenboog,3,1,2014,1742,0.816,0.071,0.113,4,1,-10.2,10.7,147,149
1933-01-08,KVD,Excelsior,1,1,1859,1753,0.639,0.103,0.258,4,3,-15.6,18.1,138,148
1933-01-08,LUTO,Volharding (A),4,2,1852,1700,0.694,0.100,0.206,3,1,0.6,-0.8,150,141
1933-01-08,Markelo²,KIOL (Z),8,0,1409,1183,0.777,0.076,0.147,5,2,46.3,-44.7,235,230
1933-01-08,OTO,ZKV (Za),6,2,1602,1630,0.448,0.123,0.430,4,3,38.7,-47.9,151,169
1933-01-08,Oranje Wit (T),Breda,1,3,1319,1488,0.268,0.100,0.632,3,5,-6.3,5.2,178,151
1933-01-08,Oriento,Rapid (A),5,1,1714,1535,0.729,0.085,0.186,5,3,20.3,-29.8,187,245
1933-01-08,SVK,Advendo,3,2,1811,1608,0.754,0.082,0.165,5,2,-13.6,18.1,133,152
1933-01-08,Sportief,Hercules,2,4,1816,1943,0.312,0.119,0.569,2,3,-12.1,12.1,151,150
1933-01-08,TOP (Hg),UVO,1,2,1308,1273,0.538,0.121,0.341,3,2,-34.7,34.1,208,206
1933-01-08,Thor (M),Voordaan,5,1,1381,1455,0.386,0.116,0.498,2,3,78.1,-76.7,222,219
1933-01-08,Volt,Tekace,7,0,1612,1339,0.818,0.068,0.113,5,1,21.9,-21.9,176,175
1933-01-08,Zilvermeeuwen,BEP,0,5,1478,1760,0.154,0.087,0.759,1,4,-15.7,19.1,144,161
1933-01-08,Zwaluwen (H),SAMOS,1,6,1600,1785,0.243,0.110,0.647,1,3,-42.8,33.9,198,173
1933-01-15,Amstelodamum,Ados²,4,1,1581,1420,0.700,0.104,0.196,3,1,13.4,-13.8,165,169
1933-01-15,BEP,District V,1,2,1779,1718,0.577,0.113,0.310,4,2,-26.5,20.7,154,137
1933-01-15,Be Quick,EKCA,0,2,1569,1762,0.232,0.116,0.652,0,2,-5.4,5.3,142,141
1933-01-15,Breda,BKC²,9,3,1493,1242,0.802,0.069,0.129,6,2,14.4,-21.2,145,183
1933-01-15,Concordia²,Oosterkwartier (H),2,1,1720,1492,0.790,0.055,0.155,10,6,-20.6,30.9,147,177
1933-01-15,DVD²,Westerkwartier,1,0,1882,2004,0.323,0.109,0.568,3,4,17.4,-20.0,127,136
1933-01-15,De Tovers,Victoria (A),0,1,1370,1615,0.181,0.103,0.716,0,2,16.7,-14.6,192,181
1933-01-15,Excelsior,Baerne,3,4,1771,1727,0.554,0.115,0.331,4,3,-20.2,23.7,141,154
1933-01-15,HBS (H),Achilles (H),2,4,1638,1700,0.412,0.098,0.490,5,6,-21.2,17.5,180,162
1933-01-15,HKC (He),Wit Blauw,3,3,1604,1497,0.635,0.111,0.253,3,1,-15.4,21.6,139,163
1933-01-15,HSV,Rood Wit (H),10,1,1971,1543,0.913,0.040,0.047,5,0,8.0,-8.7,142,148
1933-01-15,Noviomagum,Rapiditas,0,1,1515,1571,0.406,0.128,0.466,1,2,-7.7,9.4,129,143
1933-01-15,PM,Steeds Hooger,1,1,1438,1472,0.446,0.109,0.445,5,4,-0.0,0.0,175,175
1933-01-15,Quick (D),TOV (D),2,1,1649,1535,0.646,0.108,0.247,3,2,-7.8,7.8,185,185
1933-01-15,ReadyTekca,Hercules,0,6,1654,1955,0.140,0.079,0.780,1,4,-21.7,16.5,168,143
1933-01-15,Sport Vereent,Animo²,3,2,1535,1502,0.555,0.080,0.365,9,8,-0.2,0.3,169,172
1933-01-15,Swift,DDV,4,1,1821,1851,0.445,0.123,0.431,4,3,29.0,-27.1,140,135
1933-01-15,Velox,ALO,6,0,1615,1650,0.437,0.127,0.437,1,2,49.9,-43.9,153,143
1933-01-15,Wilskracht,DOT (O),4,0,1261,1162,0.623,0.115,0.262,3,1,37.6,-31.4,194,174
1933-02-05,Algemeene,Ons Ploegje,3,0,1488,1321,0.713,0.094,0.194,4,2,19.2,-12.5,242,173
1933-02-05,BKC²,PSV,0,8,1221,1816,0.028,0.022,0.949,1,8,-7.1,9.0,178,215
1933-02-05,DDV,Blauw Wit,1,5,1824,2057,0.198,0.091,0.710,2,5,-12.3,11.9,136,133
1933-02-05,DTV,Olympia (B),5,5,1899,1904,0.484,0.119,0.397,4,3,-3.5,3.5,137,137
1933-02-05,DVD²,KZ,3,2,1899,1914,0.470,0.117,0.413,4,3,7.0,-8.9,130,147
1933-02-05,Die Haghe,Rood Wit (H),1,1,1748,1535,0.760,0.088,0.152,3,1,-33.2,30.6,159,153
1933-02-05,District V,BEP,3,1,1739,1753,0.470,0.119,0.411,4,3,17.3,-20.6,138,151
1933-02-05,GKV,Spangen,4,2,1775,1703,0.588,0.118,0.294,3,2,15.4,-16.0,184,189
1933-02-05,HSV,OSCR,2,9,1979,1697,0.827,0.064,0.109,5,2,-85.4,81.6,147,143
1933-02-05,Kwiek,Oosterpark,0,3,1486,1634,0.287,0.115,0.598,2,3,-28.3,25.4,191,179
1933-02-05,Mercedes,Wilskracht,2,3,1431,1298,0.668,0.106,0.226,3,1,-50.3,44.4,194,182
1933-02-05,ONA,Volt,0,5,1568,1634,0.399,0.112,0.489,3,4,-54.4,49.1,186,175
1933-02-12,Amstelodamum,Groen Geel,2,1,1595,1475,0.650,0.111,0.239,3,1,-5.6,10.9,164,211
1933-02-12,BEP,Zilvermeeuwen,11,1,1733,1463,0.813,0.073,0.114,4,1,16.8,-18.3,143,151
1933-02-12,Bilthoven,AW,3,1,1795,1750,0.553,0.117,0.331,3,2,12.3,-16.0,145,168
1933-02-12,DKC (De),Zuiden (R),2,2,1685,1956,0.165,0.084,0.751,2,5,34.5,-29.0,166,153
1933-02-12,DTV,KZ,5,5,1896,1905,0.473,0.125,0.402,3,2,-2.7,3.1,132,140
1933-02-12,DVD²,Swift,2,1,1906,1850,0.572,0.111,0.318,4,3,-0.1,0.4,126,142
1933-02-12,EKV,EMO,0,8,1228,1504,0.161,0.081,0.758,2,5,-28.8,35.9,172,195
1933-02-12,Fluks,Ons Eibernest,3,4,1735,1786,0.414,0.127,0.459,1,2,-11.7,10.8,158,151
1933-02-12,Hellas,'t Overschotje,5,0,1670,1596,0.593,0.113,0.294,3,2,32.3,-32.1,154,154
1933-02-12,Hercules,ReadyTekca,16,1,1972,1633,0.866,0.055,0.079,5,1,13.6,-16.8,148,168
1933-02-12,NASB,ECJC,1,3,1310,1539,0.201,0.096,0.703,2,4,-0.2,0.2,172,172
1933-02-12,Naas²,DOS (E),1,3,1809,1789,0.522,0.110,0.368,5,4,-27.5,27.7,146,146
1933-02-12,Ons Clubje,Rigtersbleek,1,5,1504,1643,0.291,0.130,0.578,0,1,-31.5,26.9,156,142
1933-02-12,Oranje Wit (T),BKC²,0,4,1313,1214,0.627,0.110,0.263,3,2,-72.5,74.2,174,177
1933-02-12,Rapiditas,ZKC (Zu),1,3,1581,1643,0.397,0.127,0.476,1,2,-19.5,19.9,145,146
1933-02-12,Regenboog,HKV,2,4,1753,2004,0.180,0.092,0.728,1,4,2.5,-2.3,156,154
1933-02-12,Rohda (A),Amersfoort,5,0,1799,1379,0.909,0.042,0.049,4,0,8.6,-8.7,204,208
1933-02-12,Rozenburg,Deetos,0,4,1914,2090,0.260,0.098,0.642,3,5,-20.1,20.1,151,151
1933-02-12,SAMOS,Vogel,4,0,1820,1582,0.790,0.071,0.139,6,2,9.5,-10.2,172,183
1933-02-12,Sport Vereent,Oosterkwartier (H),1,7,1535,1523,0.533,0.064,0.402,15,14,-46.5,51.7,165,175
1933-02-12,Sport,SVK,1,3,1523,1797,0.163,0.081,0.755,2,5,7.6,-5.0,165,142
1933-02-12,UVO,TOP (Hg),1,2,1308,1274,0.536,0.121,0.344,3,2,-31.4,31.8,195,197
1933-02-12,Velox,Die Haghe,4,2,1665,1715,0.417,0.125,0.459,1,2,26.4,-26.6,152,153
1933-02-12,Volt,PSV,3,2,1683,1825,0.303,0.098,0.599,4,6,25.6,-42.3,163,210
1933-02-12,Vreewijk,HBS (H),3,3,1781,1617,0.710,0.093,0.198,4,2,-28.6,30.7,167,173
1933-02-12,Westerkwartier,Blauw Wit,3,3,1985,2069,0.372,0.115,0.513,3,4,6.0,-5.3,139,130
1933-02-12,Wit Blauw,AKC (Al),3,2,1519,1627,0.338,0.118,0.544,2,3,24.8,-21.9,161,151
1933-02-19,Advendo (V),Voordaan,2,0,1557,1406,0.711,0.063,0.225,11,8,-8.9,9.0,185,185
1933-02-19,District V,Sport,5,1,1756,1530,0.773,0.082,0.144,4,1,8.8,-11.2,135,158
1933-02-19,Eendracht,Bilthoven,5,2,1887,1806,0.608,0.104,0.288,5,3,18.5,-14.0,163,139
1933-02-19,Haarlem,BEP,0,2,1689,1748,0.404,0.122,0.474,2,3,-21.7,18.0,156,141
1933-02-19,Hercules,ZKV (Za),6,2,1985,1582,0.903,0.041,0.056,6,1,-2.6,4.3,146,169
1933-02-19,Olympia (B),KZ,7,4,1906,1907,0.488,0.119,0.393,4,3,23.2,-23.0,135,134
1933-02-19,Quick (E),GKC,0,0,1480,1381,0.632,0.100,0.268,5,3,-23.0,30.2,195,222
1933-02-19,Swift,Westerkwartier,3,0,1849,1990,0.297,0.115,0.588,2,3,40.3,-38.9,136,134
1933-02-19,Ter Gouw,Spartaan,5,2,1635,1357,0.824,0.064,0.112,6,2,-3.1,2.3,208,199
1933-02-19,Voordaan,Thor (M),1,0,1378,1458,0.378,0.115,0.507,3,4,28.0,-28.4,206,208
1933-02-19,Wit Blauw,Ons Clubje,2,0,1542,1472,0.586,0.119,0.295,3,1,11.0,-10.5,152,147
1933-02-19,Zilvermeeuwen,TOGO (A),3,0,1444,1494,0.412,0.131,0.456,1,2,35.0,-39.5,147,157
1933-02-26,Advendo,Haarlem,1,2,1626,1667,0.425,0.130,0.444,1,2,-13.8,11.6,161,147
1933-02-26,Baerne,KVD,0,2,1750,1843,0.361,0.112,0.527,3,4,-15.8,14.3,158,149
1933-02-26,Bredania,Rapid (B),0,1,1285,1418,0.306,0.114,0.580,2,3,-0.4,-0.4,175,211
1933-02-26,DED,Sport Vereent,1,0,1801,1487,0.859,0.043,0.099,10,5,-35.2,31.7,165,158
1933-02-26,DOS (E),AKC (Al),3,0,1816,1604,0.761,0.084,0.155,4,1,3.5,-3.7,142,147
1933-02-26,DTV,DDV,3,6,1892,1811,0.604,0.112,0.284,3,2,-38.1,42.6,130,138
1933-02-26,Die Haghe,OSCR,2,1,1687,1778,0.362,0.119,0.519,2,3,19.0,-18.7,147,146
1933-02-26,EKCA,'t Overschotje,2,0,1766,1563,0.749,0.091,0.160,3,1,-3.6,3.6,149,149
1933-02-26,HSV,ALO,10,0,1893,1606,0.829,0.065,0.105,5,1,16.7,-16.9,149,150
1933-02-26,Helmond²,Rust Roest (E),2,1,1514,1355,0.708,0.086,0.206,6,3,-17.2,17.2,188,188
1933-02-26,Oosterkwartier (A),Algemeene,0,5,1369,1507,0.301,0.114,0.585,2,3,-56.9,57.5,217,218
1933-02-26,ReadyTekca,Volharding (A),2,3,1615,1698,0.368,0.127,0.505,1,2,-7.7,6.7,166,153
1933-02-26,Rigtersbleek,Wit Blauw,4,0,1669,1553,0.646,0.110,0.243,3,1,19.5,-20.7,140,144
1933-02-26,Sportlust (U),TOP (U),4,1,1388,1277,0.648,0.097,0.255,5,3,17.9,-20.0,183,197
1933-02-26,UVO,'s Gravenhage,3,3,1275,1412,0.300,0.118,0.582,2,3,16.3,-20.2,181,201
1933-02-26,Wilskracht (B),OJD,4,1,1544,1487,0.593,0.072,0.335,11,9,21.9,-23.6,230,243
1933-03-05,AKC (Al),HKC (He),2,0,1601,1588,0.502,0.131,0.368,2,1,17.3,-19.1,142,150
1933-03-05,AW,KVD,1,1,1734,1858,0.318,0.115,0.567,2,3,13.5,-10.3,162,142
1933-03-05,Ados²,Oosterpark,3,3,1407,1659,0.177,0.095,0.728,1,3,33.2,-33.2,174,173
1933-03-05,Algemeene,Swift,3,1,1565,1907,0.114,0.070,0.816,1,5,102.0,-40.4,197,127
1933-03-05,Amstelodamum,Vesta,4,5,1565,1689,0.316,0.120,0.564,2,3,-2.2,2.3,150,246
1933-03-05,Amsterdam Zuid,Concordia²,4,0,1753,1699,0.567,0.115,0.318,3,2,34.2,-30.7,169,159
1933-03-05,Avanti²,Victoria (A),4,1,1851,1601,0.794,0.081,0.125,3,0,11.1,-9.2,307,183
1933-03-05,Blauw Wit,Olympia (B),9,4,2064,1930,0.675,0.096,0.229,5,3,18.2,-18.3,132,133
1933-03-05,DDV,Westerkwartier,2,3,1854,1951,0.353,0.118,0.529,2,3,-3.1,3.1,133,132
1933-03-05,DED,AW,5,3,1766,1747,0.510,0.134,0.356,2,1,21.0,-18.4,161,149
1933-03-05,DTV,Oosten²,3,5,1855,1601,0.799,0.077,0.124,4,1,-41.7,81.3,127,175
1933-03-05,EKCA,Hellas,3,0,1764,1702,0.575,0.119,0.306,3,2,19.8,-21.6,144,152
1933-03-05,EMO,NASB,1,4,1540,1309,0.781,0.077,0.142,5,2,-93.6,74.5,187,167
1933-03-05,Groen Geel,Amstelodamum,2,1,1486,1589,0.341,0.127,0.532,1,2,33.6,-23.4,194,161
1933-03-05,Haarlem,TOGO (A),7,1,1679,1455,0.768,0.090,0.142,3,0,17.4,-19.7,140,150
1933-03-05,KCN,Amsterdam Zuid,3,5,1600,1741,0.302,0.103,0.595,3,5,-12.2,11.8,189,184
1933-03-05,LUTO,Westerkwartier,0,2,1837,1954,0.327,0.114,0.559,3,4,-12.0,8.8,149,125
1933-03-05,Naas²,Rigtersbleek,5,0,1781,1689,0.617,0.111,0.272,3,2,27.1,-24.1,144,135
1933-03-05,OSCA,Oosterkwartier (A),11,0,1582,1313,0.810,0.077,0.112,3,0,59.5,-31.5,294,196
1933-03-05,Ons Eibernest,Deetos,0,4,1796,2110,0.133,0.073,0.794,2,5,-7.3,7.4,149,150
1933-03-05,Ons Ploegje,Sparta (A)²,3,0,1309,1687,0.093,0.064,0.844,1,4,86.3,-132.7,172,211
1933-03-05,Oosterpark,Rohda (A),0,6,1626,1808,0.250,0.106,0.644,2,4,-33.2,48.4,162,201
1933-03-05,Oriento,Wester,2,4,1734,1404,0.862,0.054,0.084,6,1,-85.9,138.7,192,239
1933-03-05,Rapiditas,Onder Ons,2,3,1561,1734,0.260,0.108,0.633,2,4,4.8,-6.0,144,157
1933-03-05,Regenboog,Fluks,2,3,1755,1723,0.534,0.120,0.346,3,2,-22.3,22.0,155,154
1933-03-05,Rozenburg,HKV,2,4,1894,2001,0.338,0.121,0.542,2,3,-14.4,14.9,150,153
1933-03-05,SVK,BEP,4,2,1792,1767,0.530,0.110,0.361,5,4,13.0,-12.0,144,138
1933-03-05,SVK,Ons Buiten,7,0,1805,1382,0.913,0.037,0.050,7,1,8.3,-29.5,135,350
1933-03-05,Samen Een,ZKC '19,0,0,1520,1640,0.327,0.107,0.566,3,4,18.8,-14.3,215,189
1933-03-05,Spartaan,Trekvogels (R),1,2,1360,1566,0.223,0.103,0.674,2,4,10.8,-13.3,190,206
1933-03-05,Sport,Advendo,1,2,1520,1613,0.356,0.124,0.520,2,3,-5.4,5.2,155,151
1933-03-05,Sport,Blauw Wit,0,2,1513,2083,0.032,0.028,0.940,0,6,23.5,-17.5,144,126
1933-03-05,Sportief,LUTO,3,2,1804,1853,0.418,0.122,0.460,2,3,15.8,-15.9,161,161
1933-03-05,Swift,KZ,5,3,1891,1885,0.494,0.126,0.380,3,2,15.8,-15.3,134,132
1933-03-05,TOP (Hg),'s Gravenhage,0,2,1305,1392,0.365,0.124,0.511,2,3,-24.3,24.0,184,183
1933-03-05,Tekace,BKC²,1,1,1317,1288,0.530,0.120,0.350,3,2,-11.3,9.6,184,170
1933-03-05,UDI (T),Nic,0,1,1603,1750,0.286,0.120,0.594,1,3,1.5,-1.2,174,166
1933-03-05,VVGA,Sportief,2,1,1806,1819,0.468,0.126,0.406,3,2,15.4,-9.4,196,149
1933-03-05,Vogel,Zwaluwen (H),3,1,1571,1557,0.512,0.113,0.374,4,3,20.9,-24.5,178,196
1933-03-05,Volharding (A),Hercules,1,5,1706,1983,0.158,0.086,0.756,1,4,-11.1,11.5,145,148
1933-03-05,Volt,Oranje Wit (T),3,1,1709,1240,0.929,0.033,0.038,5,0,-24.6,27.6,160,168
1933-03-05,Vreewijk,Achilles (H),1,1,1752,1717,0.551,0.093,0.356,7,6,-10.1,10.6,164,167
1933-03-05,ZKC (Zu),Be Quick,5,2,1663,1564,0.621,0.121,0.258,2,1,17.2,-19.1,144,153
1933-03-05,Zuiden (R),DKC (De),9,0,1926,1719,0.756,0.085,0.159,4,1,24.0,-26.9,153,163
1933-03-12,ALO,Die Haghe,0,0,1589,1706,0.323,0.124,0.554,1,2,10.9,-10.0,149,143
1933-03-12,Achilles (A),Ons Clubje,2,1,1599,1461,0.674,0.107,0.219,3,1,-10.0,8.0,161,146
1933-03-12,Ados²,Groen Geel,1,1,1439,1518,0.370,0.134,0.496,1,2,6.5,-7.5,165,177
1933-03-12,Advendo,District V,2,4,1617,1764,0.287,0.116,0.597,2,3,-8.8,8.3,144,139
1933-03-12,Amsterdam Zuid,Vogel,3,0,1787,1591,0.750,0.076,0.174,7,3,2.5,-2.5,158,166
1933-03-12,BEP,Sport,2,0,1754,1535,0.768,0.082,0.150,4,1,-5.2,6.5,133,144
1933-03-12,DKC (De),Regenboog,5,2,1691,1732,0.430,0.122,0.448,2,3,36.1,-31.9,157,147
1933-03-12,De Kweek,Palvu (H),8,1,1538,1533,0.495,0.122,0.384,3,2,127.7,-86.5,308,243
1933-03-12,Deetos,Zuiden (R),7,3,2117,1951,0.715,0.087,0.198,5,3,13.0,-13.3,146,148
1933-03-12,EMO,ECJC,1,1,1445,1538,0.359,0.118,0.523,2,3,9.7,-8.9,177,169
1933-03-12,Emma,ODI (H),1,2,1455,1665,0.223,0.093,0.684,3,5,15.2,-14.1,205,199
1933-03-12,Excelsior,Eendracht,3,5,1750,1906,0.282,0.106,0.612,3,4,-7.4,7.7,154,158
1933-03-12,Fluks,Rozenburg,2,2,1744,1878,0.305,0.117,0.579,2,3,12.5,-11.9,146,143
1933-03-12,HBS (H),GKV,2,5,1646,1789,0.292,0.118,0.590,2,3,-24.6,27.1,170,180
1933-03-12,HKC (He),DOS (E),0,6,1568,1819,0.179,0.094,0.727,1,3,-20.7,20.4,143,141
1933-03-12,HKV,Ons Eibernest,3,2,2016,1787,0.774,0.086,0.140,3,0,-17.1,17.1,145,145
1933-03-12,Hellas,Be Quick,4,4,1678,1544,0.669,0.109,0.221,3,1,-20.3,20.7,144,146
1933-03-12,KZ,DTV,6,2,1869,1812,0.567,0.120,0.313,3,2,21.9,-21.3,128,126
1933-03-12,Kwiek,Amstelodamum,1,3,1457,1562,0.338,0.128,0.534,1,2,-22.6,14.9,184,145
1933-03-12,Naaldwijk,TOP (Hg),4,0,1258,1280,0.457,0.124,0.419,3,2,76.4,-43.8,232,170
1933-03-12,Nic,Friso (L),8,2,1748,1502,0.791,0.080,0.129,4,1,19.3,-31.0,157,208
1933-03-12,OJD,Wilskracht (B),3,1,1464,1566,0.366,0.076,0.558,9,10,41.4,-38.7,216,208
1933-03-12,Onder Ons,EKCA,1,2,1727,1782,0.409,0.122,0.468,2,3,-9.5,8.3,149,138
1933-03-12,Oosterkwartier (H),Animo²,3,0,1574,1502,0.610,0.078,0.312,9,7,12.8,-13.6,169,176
1933-03-12,Oranje Wit (T),ONA,1,2,1267,1512,0.186,0.091,0.723,2,4,15.2,-18.0,166,179
1933-03-12,PSV,Breda,5,3,1782,1507,0.826,0.057,0.117,8,4,-23.4,14.5,195,160
1933-03-12,Progress,ADO (B),9,2,1575,1309,0.814,0.067,0.119,6,2,40.2,-27.2,248,193
1933-03-12,Rapiditas,'t Overschotje,1,1,1565,1566,0.482,0.129,0.389,3,2,-3.8,4.3,138,147
1933-03-12,Rood Wit (H),Velox,0,1,1564,1691,0.311,0.123,0.566,1,2,-1.2,1.2,158,152
1933-03-12,Schiedam,VIVA,6,2,1545,1387,0.702,0.094,0.204,4,2,32.1,-26.0,223,194
1933-03-12,Spangen,Vreewijk,3,1,1686,1740,0.412,0.123,0.465,2,3,36.2,-26.3,183,154
1933-03-12,Sportief,ReadyTekca,5,1,1808,1607,0.747,0.091,0.162,3,1,12.3,-14.5,142,157
1933-03-12,Steeds Hooger,PM,4,1,1472,1437,0.545,0.107,0.348,5,4,28.2,-28.2,178,178
1933-03-12,Swift,Olympia (B),1,2,1865,1911,0.423,0.121,0.456,2,3,-8.0,8.3,126,129
1933-03-12,TOGO (A),SVK,2,8,1434,1813,0.093,0.060,0.846,1,5,-10.8,9.6,146,136
1933-03-12,TOP (U),Zwart Wit (IJ),2,4,1257,1202,0.573,0.107,0.320,4,3,-45.9,42.1,183,175
1933-03-12,TOV (D),ADO (A),2,0,1542,1431,0.644,0.105,0.251,4,2,7.9,-8.0,187,190
1933-03-12,Trekvogels (R),Ter Gouw,0,4,1551,1632,0.376,0.119,0.505,2,3,-47.8,52.7,189,200
1933-03-12,UDI (T),Leeuwarden,1,2,1603,1751,0.287,0.115,0.598,2,3,1.8,-2.3,162,174
1933-03-12,VADA,Mercedes,5,1,1455,1380,0.597,0.109,0.294,4,2,40.6,-36.1,201,188
1933-03-12,Wit Blauw,Naas²,1,4,1533,1808,0.163,0.082,0.756,2,5,-2.8,2.8,142,138
1933-03-12,Zilvermeeuwen,Haarlem,1,7,1479,1697,0.206,0.110,0.684,0,2,-25.5,22.9,145,137
1933-03-19,Advendo,BEP,0,2,1607,1748,0.297,0.114,0.589,2,3,-8.4,7.7,138,131
1933-03-19,Algemeene,DED,1,7,1665,1787,0.319,0.122,0.559,2,3,-54.1,37.7,188,154
1933-03-19,Amsterdam Zuid,Oosten²,5,2,1789,1681,0.642,0.101,0.257,4,3,13.8,-16.5,152,169
1933-03-19,Avanti²,Vesta,2,3,1861,1690,0.715,0.095,0.190,4,1,-88.9,56.1,265,212
1933-03-19,DTV,DVD²,4,1,1790,1905,0.332,0.114,0.554,3,4,30.4,-36.2,123,134
1933-03-19,EKCA,DOS (E),1,0,1790,1839,0.418,0.124,0.458,2,3,11.8,-12.5,133,137
1933-03-19,Hercules,OTO,8,1,1994,1639,0.876,0.051,0.073,5,1,10.4,-12.9,146,166
1933-03-19,KEV,Quick (Z),0,2,1209,1242,0.453,0.097,0.449,7,6,-38.9,35.4,241,228
1933-03-19,ODIO,Markelo²,1,0,1529,1454,0.598,0.108,0.294,4,3,-1.7,2.2,220,231
1933-03-19,ONA,Tekace,5,1,1494,1304,0.739,0.087,0.174,4,2,16.1,-16.5,169,171
1933-03-19,OSCA,Wester,1,4,1642,1541,0.630,0.109,0.261,3,2,-113.3,85.5,260,224
1933-03-19,OSCR,Velox,3,2,1759,1692,0.584,0.115,0.301,3,2,-0.9,0.9,145,144
1933-03-19,SVK,Ons Ploegje,5,1,1823,1393,0.915,0.037,0.048,6,1,-2.8,5.7,134,169
1933-03-19,VIOS (H),Schiedam,2,2,1386,1576,0.242,0.100,0.658,2,4,30.9,-28.9,208,202
1933-03-19,Vesta,DVD²,2,2,1746,1869,0.322,0.112,0.566,3,4,18.6,-7.6,195,127
1933-03-26,'t Overschotje,EKCA,2,4,1570,1802,0.195,0.104,0.702,1,3,-0.6,0.7,142,129
1933-03-26,AKC (Al),Rigtersbleek,0,0,1617,1664,0.415,0.136,0.449,0,1,1.4,-1.3,142,137
1933-03-26,Adundo,Rasch,1,3,858,1012,0.285,0.104,0.612,3,5,-28.9,18.6,350,236
1933-03-26,Algemene (H),Klimop,2,2,1328,1464,0.307,0.104,0.589,3,5,19.2,-19.2,200,200
1933-03-26,Amersfoort,Sparta (A)²,1,2,1369,1552,0.244,0.112,0.643,1,3,7.8,-7.0,210,203
1933-03-26,Amstelodamum,Oosterpark,1,2,1576,1591,0.467,0.123,0.409,3,2,-13.6,16.9,142,159
1933-03-26,BEP,TOGO (A),14,0,1756,1423,0.861,0.058,0.081,4,0,10.2,-13.1,127,146
1933-03-26,Breda,Volt,4,1,1521,1683,0.277,0.101,0.623,3,5,50.7,-54.4,158,164
1933-03-26,DKC (De),Deetos,1,2,1726,2130,0.083,0.053,0.864,1,6,28.7,-26.0,150,144
1933-03-26,Eendracht,AW,5,1,1914,1727,0.735,0.087,0.177,4,2,13.3,-12.6,152,148
1933-03-26,Fluks,Regenboog,3,1,1757,1700,0.569,0.118,0.313,3,2,10.9,-11.0,142,143
1933-03-26,HKV,Zuiden (R),3,1,1998,1938,0.575,0.116,0.309,3,2,10.6,-10.7,144,145
1933-03-26,Hercules,LUTO,3,3,2004,1823,0.732,0.085,0.183,5,2,-25.2,26.1,144,147
1933-03-26,Leeuwarden,WWMD,1,3,1749,1797,0.420,0.122,0.458,2,3,-25.0,27.4,165,173
1933-03-26,Moedig Voorwaarts,ZKC '19,3,0,1735,1624,0.646,0.100,0.254,4,3,19.1,-18.2,185,179
1933-03-26,OTO,ReadyTekca,2,4,1627,1592,0.537,0.120,0.342,3,2,-37.5,33.8,162,154
1933-03-26,Olympia (B),DDV,3,7,1919,1849,0.590,0.110,0.300,4,3,-40.7,44.6,128,134
1933-03-26,Onder Ons,Be Quick,2,3,1717,1564,0.694,0.101,0.205,3,1,-34.4,34.0,144,143
1933-03-26,Ons Clubje,HKC (He),1,3,1469,1547,0.370,0.139,0.491,0,1,-19.5,18.9,144,141
1933-03-26,Oosterkwartier (H),DED,1,6,1587,1825,0.205,0.066,0.728,6,9,-14.0,12.0,161,147
1933-03-26,PSV,ONA,7,1,1758,1510,0.801,0.066,0.133,7,3,21.3,-16.8,186,161
1933-03-26,Phoenix (Z),Olympiaan,2,3,1504,1538,0.438,0.129,0.433,3,2,-29.9,29.7,266,265
1933-03-26,Rohda (H),VIOS (Kr),1,0,1294,1245,0.565,0.105,0.330,5,4,0.6,-0.6,175,175
1933-03-26,Rozenburg,Ons Eibernest,0,2,1866,1804,0.575,0.118,0.306,3,2,-32.7,34.8,140,144
1933-03-26,SAMOS,KCN,4,1,1828,1587,0.789,0.077,0.134,4,1,3.0,-3.0,176,178
1933-03-26,Spangen,Achilles (H),0,1,1722,1726,0.494,0.101,0.405,6,5,-17.4,15.8,170,161
1933-03-26,Sperwers,Ter Gouw,2,3,1390,1685,0.146,0.079,0.775,2,5,30.1,-22.9,207,184
1933-03-26,Sport,Zilvermeeuwen,3,1,1542,1453,0.608,0.121,0.271,2,1,8.7,-8.7,143,143
1933-03-26,Tekace,Oranje Wit (T),5,0,1287,1282,0.496,0.124,0.380,3,2,45.4,-44.5,163,161
1933-03-26,UNA (L),Sparta (Ze),4,2,1551,1699,0.288,0.113,0.599,2,3,55.6,-53.6,193,189
1933-03-26,Victoria (A),Gooiers²,5,1,1590,1599,0.472,0.129,0.399,3,2,49.5,-61.9,181,205
1933-03-26,Vitesse (Be),Nic,1,4,1609,1767,0.274,0.117,0.609,1,3,-27.4,19.6,189,155
1933-03-26,Wit Blauw,DOS (E),0,5,1530,1827,0.144,0.079,0.777,2,5,-12.8,11.5,141,132
1933-03-26,ZKC (Zu),Hellas,5,3,1680,1658,0.519,0.123,0.359,3,2,15.5,-15.0,144,142
1933-03-26,ZKV (Za),Sportief,3,2,1586,1821,0.194,0.099,0.707,1,3,50.6,-32.7,175,142
1933-04-02,AKC (Al),Ons Clubje,0,0,1620,1451,0.708,0.106,0.186,2,0,-21.7,22.3,136,137
1933-04-02,Amsterdam Zuid,Zwaluwen (H),9,2,1804,1533,0.818,0.067,0.115,5,1,16.1,-23.3,148,184
1933-04-02,BKC²,Volt,1,3,1297,1630,0.119,0.074,0.808,1,4,11.5,-9.6,166,154
1933-04-02,DOS (E),EKCA,3,0,1840,1804,0.539,0.120,0.341,3,2,18.8,-17.8,130,126
1933-04-02,DTV,Ervea,7,2,1822,1458,0.880,0.051,0.068,5,0,6.0,-16.8,123,289
1933-04-02,Excelsior,AW,4,5,1744,1713,0.531,0.122,0.346,3,2,-22.1,17.8,152,136
1933-04-02,Fluks,DKC (De),4,2,1769,1756,0.505,0.124,0.371,3,2,15.1,-17.4,136,148
1933-04-02,GESH (A),MVU,1,0,1517,1271,0.794,0.076,0.130,4,1,-39.0,21.9,224,175
1933-04-02,Groen Wit (N),BVK,0,2,1323,1390,0.394,0.122,0.484,2,3,-33.7,27.0,213,187
1933-04-02,HDT,VZK,1,9,1429,1424,0.497,0.120,0.383,4,3,-182.6,111.7,350,261
1933-04-02,KZ,Olympia (B),3,2,1892,1880,0.507,0.118,0.375,4,3,4.5,-4.2,130,125
1933-04-02,Leeuwarden,Vitesse (Be),3,1,1725,1583,0.681,0.102,0.217,3,1,2.6,-2.7,155,173
1933-04-02,Nic,UDI (T),2,3,1788,1606,0.726,0.097,0.177,3,1,-38.7,44.5,148,158
1933-04-02,OLS,SDW,5,4,1507,1320,0.735,0.089,0.176,4,2,-52.4,8.8,350,175
1933-04-02,ONA,PSV,2,5,1495,1781,0.157,0.073,0.771,3,6,-1.1,0.6,156,177
1933-04-02,OSCA,TCNH,8,1,1531,1287,0.790,0.079,0.131,4,1,41.7,-53.7,228,269
1933-04-02,Onder Ons,Hellas,4,4,1684,1644,0.548,0.114,0.338,4,3,-8.8,8.4,139,136
1933-04-02,Ons Huis (R),VIVA,2,1,1424,1363,0.579,0.111,0.310,4,3,-0.1,0.1,189,186
1933-04-02,Quick (D),ADO (A),3,0,1641,1424,0.765,0.085,0.150,4,1,7.8,-7.4,193,180
1933-04-02,ReadyTekca,LUTO,4,4,1628,1850,0.208,0.096,0.696,2,4,22.8,-21.6,146,142
1933-04-02,Rohda (A),AW,4,2,1857,1716,0.680,0.103,0.217,3,1,2.7,-2.5,171,143
1933-04-02,Rozenburg,Regenboog,5,1,1835,1690,0.686,0.099,0.215,4,2,14.6,-15.0,134,137
1933-04-02,SIM,Wez Fluch,1,3,1625,1603,0.527,0.106,0.367,5,4,-64.3,45.6,262,217
1933-04-02,SSS (E),KIOL,2,1,1315,1260,0.562,0.125,0.313,2,1,3.7,-4.4,175,251
1933-04-02,Samen Een,Moedig Voorwaarts,1,3,1538,1755,0.213,0.098,0.689,2,4,-2.2,2.5,199,172
1933-04-02,Sparta (A)²,Rohda (A),1,3,1547,1860,0.132,0.078,0.790,1,4,11.7,-7.6,186,159
1933-04-02,Sparta (W),Quick '21,2,2,1463,1307,0.696,0.101,0.203,3,1,-38.1,49.1,227,255
1933-04-02,Sperwers,Trekvogels (R),0,3,1421,1505,0.369,0.126,0.505,1,2,-41.0,35.9,192,178
1933-04-02,Sport,Haarlem,1,2,1552,1721,0.260,0.116,0.624,1,3,3.7,-3.8,138,139
1933-04-02,Sportief,ZKV (Za),6,0,1789,1638,0.692,0.101,0.207,3,1,22.0,-30.3,138,165
1933-04-02,TOGO (A),Advendo,1,3,1411,1601,0.238,0.111,0.650,1,3,-4.8,4.4,144,136
1933-04-02,Tekace,Breda,0,3,1334,1573,0.195,0.086,0.719,3,5,-6.1,6.0,153,150
1933-04-02,UNI (S),HBS (B),4,4,1404,1573,0.268,0.100,0.632,3,5,33.4,-21.1,235,189
1933-04-02,VIOD (G),Rivas,1,4,1191,1502,0.134,0.077,0.789,1,4,-3.9,4.4,225,175
1933-04-02,VVGA,Rohda (A),4,4,1822,1857,0.438,0.123,0.439,2,3,0.1,-0.1,183,190
1933-04-02,Vogel,KCN,3,4,1590,1585,0.501,0.110,0.389,5,4,-18.5,20.0,163,170
1933-04-02,Volharding (A),OTO,4,4,1694,1591,0.630,0.115,0.255,3,1,-17.5,18.4,149,152
1933-04-02,WWMD,WK,3,2,1826,1913,0.372,0.111,0.518,3,4,19.6,-24.3,161,180
1933-04-02,Wez Handich,TDK (B),1,2,1329,1356,0.455,0.112,0.433,5,4,-33.0,20.3,295,223
1933-04-02,Wilskracht (B),Thor (M),0,0,1529,1431,0.646,0.070,0.283,11,8,-23.7,25.0,193,198
1933-04-02,Wit Blauw,Achilles (A),0,2,1518,1590,0.389,0.118,0.493,2,3,-15.5,20.0,138,158
1933-04-02,Zuiden (R),Deetos,2,4,1928,2105,0.259,0.100,0.642,3,5,-3.4,3.5,139,142
1933-04-09,'t Overschotje,Onder Ons,3,5,1574,1678,0.344,0.117,0.539,2,3,-12.8,11.7,141,134
1933-04-09,DDV,KZ,1,6,1898,1899,0.487,0.121,0.391,4,3,-40.4,36.6,133,126
1933-04-09,DKC (De),Fluks,2,1,1742,1787,0.423,0.126,0.451,1,2,12.6,-11.1,140,132
1933-04-09,Deetos,HKV,2,2,2111,2013,0.628,0.106,0.266,4,2,-14.8,15.7,137,141
1933-04-09,Dowocs,KIA,3,3,1375,1383,0.483,0.111,0.406,5,4,-5.4,5.8,213,221
1933-04-09,Eendracht,Baerne,7,2,1931,1738,0.744,0.083,0.173,5,2,16.6,-18.9,149,161
1933-04-09,Excelsior (K),KEV,4,2,1234,1174,0.586,0.090,0.324,7,6,17.0,-13.8,253,215
1933-04-09,Frisia (Dr),Wez Handich,1,2,1390,1298,0.619,0.108,0.274,4,2,-51.8,55.1,236,244
1933-04-09,HBS (B),BVK,7,0,1555,1420,0.675,0.099,0.226,4,2,37.6,-36.4,176,173
1933-04-09,Hellas,ZKC (Zu),11,4,1656,1699,0.425,0.124,0.451,2,3,40.2,-45.9,131,141
1933-04-09,Madjoe (V),Sportief (M),3,2,1479,1280,0.752,0.079,0.170,6,3,-21.0,21.0,175,175
1933-04-09,Nic,WK,3,4,1752,1891,0.301,0.108,0.591,3,4,1.4,-2.3,143,166
1933-04-09,Noviomagum,VADA,0,0,1510,1500,0.506,0.116,0.378,4,3,-5.7,8.7,155,190
1933-04-09,ONA,Breda,1,0,1497,1582,0.374,0.107,0.519,4,5,18.0,-16.6,151,145
1933-04-09,Ons Eibernest,Regenboog,1,1,1843,1678,0.708,0.098,0.194,3,1,-23.0,20.5,141,133
1933-04-09,Oranje Wit (T),PSV,1,13,1241,1784,0.038,0.030,0.933,1,7,-8.1,9.3,154,168
1933-04-09,Quick '21,SIM,2,1,1359,1563,0.229,0.093,0.678,3,5,57.8,-57.1,226,225
1933-04-09,Quick (D),Merwede (D),5,0,1652,1445,0.751,0.092,0.157,3,0,26.2,-29.8,181,196
1933-04-09,Rasch,Advendo (P),2,4,1035,1434,0.085,0.055,0.860,1,5,24.9,-25.9,219,223
1933-04-09,Ready (H),Amicitia (B),0,2,1609,948,0.975,0.013,0.012,7,0,-124.9,143.5,198,211
1933-04-09,Rivas,Rohda (H),4,1,1509,1299,0.760,0.081,0.159,5,2,4.1,-4.1,168,165
1933-04-09,Spangen,HBS (H),0,2,1709,1626,0.602,0.119,0.278,2,1,-44.5,47.8,161,167
1933-04-09,Sparta (Ze),UNA (L),0,2,1650,1611,0.544,0.117,0.339,3,2,-42.2,43.4,177,180
1933-04-09,Sport,TOGO (A),7,4,1558,1409,0.687,0.105,0.208,3,1,9.5,-10.2,133,139
1933-04-09,Sportief,OTO,6,1,1814,1612,0.749,0.090,0.162,4,1,14.6,-16.9,134,145
1933-04-09,Trekvogels (R),Sperwers,3,3,1544,1383,0.701,0.101,0.198,3,1,-27.6,31.2,166,176
1933-04-09,VIOS (Kr),VIOD (G),1,4,1249,1190,0.576,0.109,0.315,4,3,-48.0,73.8,165,207
1933-04-09,VKC (S),VEMO (T),7,2,1343,1377,0.443,0.115,0.442,5,4,77.1,-52.7,216,175
1933-04-09,Vreewijk,GKV,2,3,1718,1821,0.346,0.118,0.536,2,3,-3.7,4.3,154,173
1933-04-09,WWMD,Vitesse (Be),3,2,1849,1584,0.809,0.073,0.118,4,1,-21.6,25.3,152,163
1933-04-09,Wester,Amsterdam Zuid,1,2,1631,1823,0.243,0.094,0.663,3,5,15.4,-6.5,208,145
1933-04-09,Westerkwartier,DTV,2,2,1966,1831,0.673,0.103,0.224,3,2,-18.5,15.8,134,124
1933-04-09,ZKV (Za),ReadyTekca,2,2,1611,1653,0.428,0.122,0.450,2,3,1.1,-0.9,156,141
1933-04-09,Zuiden (R),Rozenburg,3,1,1928,1852,0.596,0.111,0.293,4,2,7.3,-6.9,135,131
1933-04-16,Bolnes,ADO (B),3,2,1419,1287,0.674,0.095,0.232,5,3,-13.0,12.3,197,192
1933-04-16,DOS (D),HDS (O),2,4,1361,1514,0.280,0.115,0.605,2,3,-12.9,11.3,183,168
1933-04-16,DOS (D),SSS (H),0,3,1411,1465,0.410,0.125,0.465,1,2,-50.2,44.1,205,190
1933-04-16,Excelsior (Z),HDS (O),2,0,1622,1525,0.620,0.116,0.265,3,1,9.0,-11.5,156,184
1933-04-16,Excelsior (Z),Olympia (Z),1,0,1593,1715,0.316,0.123,0.560,1,2,28.7,-31.3,168,176
1933-04-16,Excelsior (Z),Rust Roest (Z),2,0,1570,1536,0.531,0.130,0.339,2,1,23.1,-25.3,184,194
1933-04-16,HDS (O),SSS (H),3,0,1468,1509,0.428,0.126,0.446,1,2,57.6,-41.5,207,173
1933-04-16,Olympia (Z),SSS (H),5,0,1684,1467,0.762,0.088,0.150,3,1,19.5,-19.2,161,160
1933-04-16,Olympia (Z),Velox (D),4,0,1665,1633,0.532,0.124,0.344,3,2,49.5,-40.7,196,175
1933-04-16,Quick (E),Groen Zwart,3,1,1462,1392,0.588,0.113,0.299,3,2,16.2,-17.7,195,208
1933-04-16,Rust Roest (Z),Velox (D),2,4,1510,1592,0.368,0.131,0.501,1,2,-24.7,21.2,176,161
1933-04-16,Thor (M),Wilskracht (B),1,4,1460,1509,0.439,0.081,0.480,8,9,-29.4,28.4,184,181
1933-04-23,AW,Baerne,6,2,1735,1719,0.509,0.122,0.369,3,2,28.3,-36.4,137,157
1933-04-23,Ados²,Kwiek,2,4,1450,1439,0.497,0.136,0.368,2,1,-37.1,42.6,167,179
1933-04-23,Amsterdam Zuid,Rohda (A),3,0,1817,1816,0.494,0.113,0.392,4,3,24.4,-25.8,143,148
1933-04-23,Annen,Swastika,2,1,1607,1430,0.724,0.090,0.186,4,2,-18.5,28.7,227,269
1933-04-23,DKC (De),HKV,0,2,1755,2029,0.159,0.090,0.751,1,3,3.7,-3.8,137,138
1933-04-23,DOS (U),Adundo,4,1,1106,834,0.818,0.066,0.116,5,2,3.9,-1.3,243,282
1933-04-23,Deetos,Fluks,5,1,2097,1776,0.854,0.058,0.088,5,1,1.4,-1.4,135,130
1933-04-23,Dio,UNA (L),3,2,1641,1655,0.470,0.120,0.410,4,3,12.7,-11.2,181,169
1933-04-23,District V,KCN,4,2,1777,1609,0.714,0.094,0.193,4,2,-1.0,1.7,147,163
1933-04-23,Dowocs,Vitesse (H),2,2,1370,1328,0.553,0.109,0.338,4,3,-9.4,32.6,194,350
1933-04-23,Emma,Amicitia (B),8,0,1475,1092,0.892,0.045,0.063,6,1,18.9,-20.8,198,211
1933-04-23,Excelsior (O),Weest Kwiek,3,7,1209,1430,0.211,0.092,0.697,3,5,-21.6,58.4,175,348
1933-04-23,FSC²,WIK (N),1,2,1223,1352,0.311,0.114,0.575,2,3,-3.3,3.3,255,252
1933-04-23,Friso (L),Sparta (W),9,2,1476,1428,0.555,0.119,0.326,3,2,62.6,-67.0,203,211
1933-04-23,HDS (O),DSS,2,0,1525,1370,0.698,0.096,0.206,4,2,2.0,-0.2,158,225
1933-04-23,HSV,GKV,8,2,1914,1825,0.615,0.107,0.278,4,2,36.2,-36.4,163,163
1933-04-23,KIOS (R),KIA,9,2,1457,1390,0.590,0.103,0.308,5,4,64.3,-55.2,218,199
1933-04-23,Kinea (K),Blauw Wit (H),4,1,1642,1465,0.721,0.095,0.183,4,1,17.0,-19.5,207,232
1933-04-23,Leeuwarden,WK,2,8,1731,1890,0.279,0.103,0.618,3,4,-32.2,33.8,153,158
1933-04-23,Merwede (D),TOV (D),2,4,1416,1555,0.297,0.118,0.585,2,3,-15.8,15.6,186,184
1933-04-23,ODI (H),Ready (H),5,0,1656,1485,0.717,0.092,0.191,4,2,31.4,-32.8,194,199
1933-04-23,OJD,Thor (M),1,5,1510,1430,0.602,0.109,0.288,4,2,-88.8,62.3,204,169
1933-04-23,OKO,GKC²,0,2,1159,1337,0.259,0.097,0.645,3,5,-4.9,4.9,175,175
1933-04-23,Oosterpark,DED,3,4,1613,1841,0.198,0.104,0.699,1,3,11.8,-10.5,157,150
1933-04-23,Roda (B),Advendo (N),0,1,1374,1275,0.629,0.105,0.266,4,2,-76.0,42.4,292,218
1933-04-23,Rohda (A),Vesta,3,5,1856,1790,0.580,0.116,0.304,3,2,-39.7,43.5,159,166
1933-04-23,Rohda (H),Rivas,0,2,1296,1513,0.213,0.095,0.692,2,4,-0.3,0.3,161,163
1933-04-23,Rood Wit (H),Ter Gouw,2,1,1568,1666,0.350,0.120,0.530,2,3,22.5,-28.2,161,181
1933-04-23,SAMOS,Zwaluwen (H),5,1,1836,1513,0.853,0.062,0.085,4,0,6.5,-6.6,175,180
1933-04-23,Steeds Hooger (S),VIOS (H),1,12,1305,1422,0.327,0.116,0.557,2,3,-50.9,63.4,175,198
1933-04-23,TDK (B),Frisia (Dr),0,9,1380,1339,0.548,0.115,0.337,4,3,-97.0,102.5,207,214
1933-04-23,Thor (D),ADO (M),2,6,1205,1261,0.413,0.111,0.475,3,4,-43.4,53.6,175,197
1933-04-23,UNI (S),Groen Wit (N),2,0,1441,1292,0.692,0.095,0.213,4,2,2.0,-2.4,211,194
1933-04-23,VADA,Noviomagum,1,0,1509,1505,0.495,0.118,0.387,4,3,9.0,-6.9,175,150
1933-04-23,VEMO (T),ODA (B),2,3,1325,1455,0.310,0.114,0.576,2,3,-2.3,-0.1,166,314
1933-04-23,Vesta,SVK,4,3,1770,1825,0.414,0.115,0.471,3,4,20.3,-13.0,185,146
1933-04-23,Vitesse (Be),WWMD,0,0,1609,1827,0.210,0.101,0.689,1,3,25.9,-22.8,160,151
1933-04-23,Voordaan,Wilskracht (B),3,1,1420,1537,0.343,0.080,0.576,7,9,40.1,-31.3,190,167
1933-04-23,Wez Fluch,Quick '21,2,1,1652,1418,0.782,0.081,0.138,4,1,-27.5,29.1,202,207
1933-04-23,Wit Blauw,HKC (He),5,2,1506,1570,0.394,0.129,0.477,1,2,33.2,-35.6,138,143
1933-04-23,ZKC '19,Samen Een,3,3,1611,1539,0.593,0.107,0.300,4,3,-16.5,19.1,174,187
1933-04-30,'t Overschotje,Be Quick,4,4,1566,1607,0.424,0.134,0.442,1,2,0.8,-0.9,140,149
1933-04-30,ADO (M),GSV,3,5,1319,1459,0.302,0.104,0.594,3,5,-11.4,12.7,179,192
1933-04-30,Adundo,Advendo (P),2,1,837,1412,0.031,0.027,0.942,0,6,150.9,-102.7,252,214
1933-04-30,Algemeene,VVGA,5,4,1620,1829,0.221,0.099,0.680,2,4,46.2,-42.9,183,176
1933-04-30,Amicitia (B),ODI (H),3,9,1075,1691,0.025,0.021,0.954,1,8,-0.2,0.8,202,181
1933-04-30,Bilthoven,Thor (M),6,2,1801,1496,0.842,0.062,0.096,5,1,4.2,-4.3,158,160
1933-04-30,Blauw Wit,DOS (E),8,2,2073,1866,0.756,0.084,0.160,4,2,18.8,-16.1,147,135
1933-04-30,DDK,DWS²,3,1,1234,1234,0.494,0.109,0.396,5,4,21.5,-21.5,175,175
1933-04-30,DKC (De),Ons Eibernest,4,1,1763,1825,0.397,0.128,0.475,1,2,31.1,-34.6,134,142
1933-04-30,GKV,HSV,0,7,1793,1954,0.274,0.106,0.620,3,4,-34.6,34.4,154,154
1933-04-30,Germanicus,KIOS (R),3,11,1212,1525,0.136,0.068,0.796,3,6,-25.3,30.5,175,196
1933-04-30,HDS (O),DOS (D),6,1,1531,1351,0.724,0.095,0.181,3,1,20.8,-25.6,152,172
1933-04-30,HKC (He),Achilles (A),2,7,1539,1618,0.375,0.125,0.500,1,2,-33.4,42.5,137,156
1933-04-30,Hercules,DDV,1,2,1988,1862,0.664,0.098,0.238,5,3,-33.2,26.2,150,134
1933-04-30,KIA,Vitesse (H),3,3,1338,1365,0.456,0.112,0.433,5,4,-1.1,2.5,183,269
1933-04-30,KIOL,Hermes (G),1,4,1263,1187,0.594,0.117,0.290,3,2,-78.2,113.8,221,270
1933-04-30,Kwiek,Groen Geel,2,2,1485,1519,0.432,0.137,0.431,2,1,-0.1,0.1,166,177
1933-04-30,Leeuwarden,Nic,4,1,1703,1758,0.408,0.126,0.466,1,2,34.9,-33.6,146,143
1933-04-30,MVU,GESH (A),7,4,1300,1486,0.244,0.107,0.649,2,3,63.0,-91.8,175,212
1933-04-30,Noviomagum,ZKC (Zu),3,4,1502,1658,0.275,0.118,0.607,1,3,2.5,-2.4,143,140
1933-04-30,ODA (B),VKC (S),2,0,1459,1424,0.539,0.116,0.344,4,3,32.0,-21.7,250,196
1933-04-30,OJD,Advendo (V),0,4,1425,1556,0.327,0.075,0.598,8,10,-24.0,25.5,185,192
1933-04-30,Quick (D),Ter Gouw,0,1,1683,1642,0.546,0.117,0.336,3,2,-28.4,25.5,176,167
1933-04-30,Rasch,DOS (U),0,6,1065,1114,0.421,0.116,0.462,2,3,-74.5,83.4,211,225
1933-04-30,ReadyTekca,ZKV (Za),3,3,1657,1616,0.546,0.118,0.335,3,2,-8.8,10.3,141,152
1933-04-30,SDW,OLS,1,4,1336,1462,0.316,0.114,0.570,2,3,-25.9,56.3,176,284
1933-04-30,SVK,Amsterdam Zuid,1,2,1816,1846,0.453,0.108,0.439,6,5,-10.3,9.9,140,137
1933-04-30,Samen Een,WIK (N),8,1,1562,1360,0.752,0.085,0.163,4,2,28.6,-43.7,173,223
1933-04-30,Swastika,Rood Wit,3,5,1462,1502,0.431,0.125,0.445,1,2,-46.8,34.6,237,199
1933-04-30,TOP (U),Stormers,3,4,1220,1347,0.318,0.108,0.574,3,4,-0.2,-0.1,182,194
1933-04-30,VIOD (G),Rohda (H),1,1,1268,1299,0.446,0.117,0.437,4,3,-0.7,0.4,190,153
1933-04-30,VIVA,Ons Huis (R),6,2,1373,1432,0.407,0.119,0.474,2,3,50.1,-57.0,169,181
1933-04-30,VIVA,Zuidland,5,4,1370,1310,0.572,0.117,0.311,3,2,3.4,-2.1,178,337
1933-04-30,Vidar,Steeds Hooger (S),2,4,1365,1258,0.637,0.108,0.255,4,2,-53.8,47.2,175,164
1933-04-30,Volharding,Zeelandia,0,10,1195,1668,0.056,0.041,0.903,1,6,-45.1,40.3,311,286
1933-04-30,WK,HKV,0,3,1927,2030,0.348,0.113,0.539,3,4,-22.8,19.0,150,135
1933-04-30,Weest Kwiek,Thor (D),7,0,1492,1165,0.860,0.054,0.086,6,2,35.3,-16.1,275,163
1933-04-30,Wez Handich,WIK '34,4,1,1358,1236,0.660,0.098,0.241,5,3,23.0,-16.3,220,175
1933-04-30,Zeevaartschool,Sportief (M),8,0,1681,1305,0.889,0.045,0.066,6,1,37.2,-16.2,301,171
1933-04-30,Zuiden (R),Regenboog,5,3,1939,1703,0.785,0.078,0.138,4,1,-7.2,7.2,136,136
1933-04-30,Zwart Wit,Ons Clubje,4,1,1449,1481,0.437,0.135,0.429,2,1,68.1,-29.1,227,142
1933-05-07,Advendo (N),DSS,2,0,1323,1375,0.416,0.116,0.467,3,4,38.9,-39.2,203,204
1933-05-07,DED,Oosterpark,6,2,1836,1630,0.752,0.091,0.157,3,1,12.8,-13.6,147,153
1933-05-07,Hercules,Eendracht,6,6,1956,1954,0.498,0.109,0.393,5,4,-4.5,5.1,144,152
1933-05-07,Ons Clubje,Zwart Wit,0,5,1453,1519,0.390,0.132,0.478,1,2,-34.6,66.5,138,197
1933-05-07,Rivas,VIOS (Kr),2,0,1519,1207,0.849,0.059,0.093,5,1,-15.6,17.2,158,164
1933-05-07,Rohda (A),SVK,1,0,1796,1807,0.475,0.116,0.409,4,3,8.1,-7.1,143,134
1933-05-07,Sportlust (U),Stormers,4,1,1416,1348,0.589,0.106,0.305,4,3,26.6,-23.7,190,178
1933-05-07,VIOS (H),Vidar,0,1,1491,1313,0.725,0.091,0.184,4,2,-53.4,42.8,182,164
1933-05-07,Zwaluwen (H),Vogel,3,3,1512,1580,0.394,0.116,0.490,3,4,5.7,-4.9,176,163
1933-05-14,Advendo (P),Adundo,3,0,1311,989,0.855,0.057,0.088,5,1,-3.8,7.9,210,244
1933-05-14,Algemeene,Ons Buiten,3,3,1668,1360,0.846,0.059,0.096,6,2,-33.1,137.8,173,324
1933-05-14,Desto,DVV²,3,4,881,900,0.465,0.114,0.421,5,4,-46.0,13.5,350,175
1933-05-14,FSC²,Samen Een,1,7,1225,1593,0.099,0.064,0.837,1,5,-27.4,17.0,227,168
1933-05-14,Friso (A),Kinea (K),0,6,1397,1665,0.166,0.090,0.745,1,4,-43.4,34.6,226,197
1933-05-14,Groen Wit (N),HBS (B),1,8,1296,1599,0.140,0.076,0.784,2,5,-28.0,25.4,185,175
1933-05-14,OSCR,Spangen,2,2,1768,1671,0.623,0.113,0.264,3,1,-17.8,19.2,156,162
1933-05-14,Olympia (Z),HDS (O),1,1,1708,1553,0.695,0.101,0.204,3,1,-27.4,23.1,162,150
1933-05-14,Roda (B),Advendo (N),0,1,1303,1362,0.407,0.118,0.475,2,3,-19.5,11.8,249,184
1933-05-14,SSS (H),Excelsior (Z),2,6,1453,1636,0.245,0.113,0.642,1,3,-25.8,24.5,161,156
1933-05-14,Schiedam,Oosten (R),3,1,1558,1112,0.921,0.035,0.044,6,1,-24.0,71.2,200,303
1933-05-14,UNI (S),Voorwaarts (M),0,6,1448,1448,0.492,0.114,0.394,4,3,-73.9,101.4,197,235
1933-05-14,VEMO (T),VKC (S),2,5,1328,1404,0.384,0.113,0.502,3,4,-29.6,35.9,165,184
1933-05-14,VIOS (H),VIVA,1,1,1438,1425,0.507,0.120,0.373,3,2,-7.6,6.6,171,160
1933-05-14,VIOS (Kr),Rohda (H),0,0,1224,1301,0.384,0.112,0.505,3,4,6.3,-5.4,159,149
1933-05-14,Vidar,Zuidland,1,3,1356,1310,0.555,0.115,0.330,3,2,-30.6,81.7,157,263
1933-05-14,Vitesse (H),Germanicus,6,1,1369,1188,0.732,0.083,0.186,6,3,35.0,-22.1,227,170
1933-05-14,WIK '34,TDK (B),4,0,1221,1288,0.396,0.113,0.490,3,4,49.2,-63.4,168,192
1933-05-14,Weest Kwiek,ADO (M),6,0,1529,1309,0.773,0.075,0.152,6,2,42.3,-22.6,251,169
1933-05-14,Wez Fluch,Sparta (W),6,0,1630,1366,0.808,0.073,0.118,4,1,25.3,-25.6,193,195
1933-05-14,Wez Handich,AW (DC),2,3,1382,1266,0.653,0.099,0.247,5,3,-34.4,105.5,200,350
1933-05-21,Achilles (A),AKC (Al),4,3,1663,1608,0.565,0.118,0.317,3,2,0.9,-0.9,152,148
1933-05-21,Annen,Rood Wit,0,1,1595,1539,0.567,0.118,0.315,3,2,-41.8,32.1,214,187
1933-05-21,Bilthoven,OJD,2,0,1807,1404,0.902,0.043,0.055,5,0,-20.5,26.0,159,176
1933-05-21,DDV,Eendracht,2,3,1891,1960,0.395,0.112,0.492,3,4,-5.8,6.7,136,147
1933-05-21,DES (P),Vidar,1,5,1385,1326,0.570,0.117,0.312,3,2,-68.2,51.3,175,151
1933-05-21,DOS (M),Madjoe (V),5,2,1599,1465,0.676,0.095,0.229,5,3,26.7,-15.5,263,177
1933-05-21,DOS (M),Volharding,11,2,1626,1130,0.939,0.029,0.032,6,0,17.9,-23.1,225,274
1933-05-21,DOS (U),Advendo (P),1,3,1199,1308,0.337,0.118,0.545,2,3,-23.1,22.4,204,200
1933-05-21,DSS,OKC (Oost),1,0,1337,1246,0.620,0.104,0.276,4,3,-3.9,7.4,187,230
1933-05-21,Deetos,DKC (De),10,0,2105,1796,0.846,0.059,0.095,5,1,13.9,-12.7,142,135
1933-05-21,Excelsior (Z),Rust Roest (Z),7,2,1661,1492,0.709,0.103,0.188,3,1,21.8,-28.0,149,172
1933-05-21,Frisia (Dr),AW (DC),3,2,1448,1372,0.597,0.110,0.293,4,2,0.0,3.5,198,275
1933-05-21,Frisia,Bildtkers,5,0,1562,1245,0.855,0.054,0.092,7,2,32.9,-22.3,350,234
1933-05-21,HDS (O),SSS (H),0,0,1577,1429,0.688,0.103,0.210,3,1,-21.4,24.2,144,153
1933-05-21,HKV,WK,5,3,2051,1907,0.687,0.096,0.218,4,2,0.4,-0.2,136,147
1933-05-21,Hellas,Onder Ons,13,2,1703,1697,0.500,0.115,0.385,4,3,41.0,-42.1,141,143
1933-05-21,JMM,BKC (Br),3,1,1397,1227,0.714,0.096,0.190,4,1,6.4,-1.6,200,350
1933-05-21,JMM,Rapide,0,2,1446,1455,0.473,0.128,0.399,3,2,-48.9,59.3,224,250
1933-05-21,ODA (B),VEMO (T),4,0,1494,1299,0.742,0.088,0.170,4,1,24.9,-14.7,219,155
1933-05-21,OKC (Oost),Roda (B),0,0,1253,1285,0.446,0.117,0.437,4,3,-0.6,0.6,202,213
1933-05-21,Ons Clubje,DOS (E),1,10,1419,1853,0.068,0.053,0.879,0,4,-10.0,10.2,136,138
1933-05-21,Oosten (R),Schiedam,2,2,1184,1535,0.108,0.067,0.825,1,5,98.6,-43.3,281,195
1933-05-21,Quick '21,Friso (L),2,4,1453,1545,0.359,0.121,0.520,2,3,-25.8,24.2,199,192
1933-05-21,Rapide,ZKV (Zz),1,1,1514,1265,0.791,0.084,0.125,3,0,-56.7,50.8,215,205
1933-05-21,Regenboog,HSV,0,5,1713,1991,0.160,0.079,0.761,2,5,-13.2,15.3,139,151
1933-05-21,Rohda (H),VIOD (G),3,2,1297,1270,0.529,0.115,0.356,4,3,3.6,-5.0,142,177
1933-05-21,Rood Wit,Rood Zwart,6,0,1571,1730,0.274,0.114,0.613,2,3,73.8,-121.4,172,223
1933-05-21,Rozenburg,Vreewijk,6,1,1852,1721,0.669,0.101,0.230,4,2,21.6,-26.6,141,159
1933-05-21,SVK,Rohda (A),2,1,1801,1805,0.485,0.117,0.398,4,3,6.2,-6.9,132,140
1933-05-21,Sintpier,BKC (Br),0,2,1079,1226,0.286,0.119,0.594,1,3,-12.9,28.0,165,279
1933-05-21,Spangen,Velox,5,0,1691,1704,0.465,0.130,0.405,3,2,44.0,-46.9,153,158
1933-05-21,Sparta (W),SIM,0,4,1342,1513,0.265,0.100,0.636,3,5,-29.5,37.3,185,213
1933-05-21,Sportlust (U),Vogel,1,4,1444,1576,0.312,0.104,0.584,4,5,-23.5,18.9,177,156
1933-05-21,TDK (B),WIK '34,0,3,1226,1271,0.428,0.115,0.457,3,4,-38.6,31.8,175,158
1933-05-21,Thor (M),De Tovers,5,0,1495,1397,0.623,0.112,0.265,3,2,31.5,-50.7,161,212
1933-05-21,UDI (H),FSC²,0,2,1359,1199,0.703,0.097,0.200,4,2,-129.8,69.3,290,211
1933-05-21,UDI (H),Vitesse (Be),4,3,1230,1642,0.077,0.056,0.867,0,4,131.3,-51.0,246,160
1933-05-21,UNI (S),BVK,5,3,1376,1390,0.468,0.120,0.412,4,3,27.8,-25.9,182,175
1933-05-21,VIVA,Rozenburg,5,3,1433,1874,0.066,0.050,0.885,0,5,71.8,-55.6,151,134
1933-05-21,VKC (S),Hermes (B),1,2,1441,1375,0.583,0.113,0.304,3,2,-27.2,48.7,169,227
1933-05-21,Voorwaarts (M),HBS (B),3,6,1551,1625,0.388,0.111,0.501,3,4,-42.6,29.5,206,167
1933-05-21,ZKV (Zz),Sintpier,2,0,1264,1082,0.723,0.102,0.175,2,0,0.9,-2.5,229,175
1933-05-21,Zeelandia,Volharding,12,0,1711,1152,0.956,0.021,0.023,7,0,20.8,-22.6,269,287
1933-05-21,Zeevaartschool,Zeelandia,2,3,1721,1732,0.480,0.107,0.413,5,4,-32.5,28.9,275,257
1933-05-21,Zuiden (R),OSCR,5,1,1935,1752,0.731,0.089,0.180,4,2,11.7,-13.1,139,149
1933-05-21,Zwaluwen (E),Rapide (B),1,3,1344,1491,0.289,0.114,0.598,2,3,-36.1,29.0,330,276
1933-05-28,'s Gravenhage,Naaldwijk,6,2,1426,1346,0.601,0.115,0.284,3,2,38.4,-48.2,192,220
1933-05-28,Adundo,DOS (U),0,5,998,1177,0.256,0.101,0.643,3,4,-51.4,36.3,228,185
1933-05-28,BVK,Groen Wit (N),3,0,1365,1269,0.621,0.113,0.266,3,2,19.7,-22.9,162,178
1933-05-28,BVK,Voorwaarts (M),0,2,1384,1509,0.317,0.116,0.567,2,3,-12.1,16.8,151,185
1933-05-28,Bolnes,Spido,0,0,1448,1177,0.815,0.070,0.115,5,1,-37.6,33.9,154,147
1933-05-28,Bolnes,Zwaluwen (He),2,2,1443,1529,0.370,0.114,0.515,3,4,6.7,-16.5,179,275
1933-05-28,GKC²,Groen Zwart,0,0,1348,1381,0.444,0.117,0.439,4,3,-0.3,0.4,173,198
1933-05-28,HBS (B),UNI (S),4,0,1655,1404,0.802,0.069,0.129,6,2,6.9,-7.4,157,167
1933-05-28,KIOL,SSS (E),3,0,1188,1329,0.292,0.125,0.584,1,2,81.3,-62.7,207,181
1933-05-28,OSCR,Progress,1,0,1739,1627,0.646,0.103,0.251,4,2,-3.9,15.2,144,242
1933-05-28,OSCR,Zuiden (R),1,0,1739,1907,0.264,0.111,0.626,2,3,24.6,-24.8,133,133
1933-05-28,OSCR,Zwaluwen (He),3,0,1758,1538,0.769,0.081,0.150,5,2,4.8,-7.8,122,342
1933-05-28,Progress,Zuiden (R),4,1,1640,1881,0.190,0.094,0.717,2,4,77.4,-42.0,171,126
1933-05-28,Roda (B),DSS,0,1,1286,1333,0.422,0.120,0.458,2,3,-15.3,13.0,192,175
1933-05-28,Rust Roest (Z),HDS (O),1,4,1464,1556,0.355,0.130,0.516,1,2,-31.4,23.8,162,139
1933-05-28,SSS (H),Olympia (Z),1,4,1453,1682,0.198,0.102,0.700,1,3,-10.3,11.5,146,157
1933-05-28,Spido,Zwaluwen (He),0,6,1196,1512,0.131,0.075,0.794,1,5,-17.8,34.0,153,227
1933-05-28,Steeds Hooger (S),OSCR,2,2,1295,1737,0.065,0.050,0.885,0,5,42.6,-25.9,144,114
1933-05-28,Steeds Hooger (S),Spido,1,0,1308,1197,0.643,0.106,0.251,4,2,-6.4,7.8,162,175
1933-05-28,VIOS (H),DES (P),5,0,1485,1317,0.712,0.097,0.191,3,1,16.9,-24.1,133,162
1933-05-28,VIOS (H),OSCR,0,2,1481,1762,0.155,0.085,0.760,1,4,5.4,-4.2,139,126
1933-05-28,VIOS (H),Progress,0,1,1479,1641,0.273,0.107,0.620,2,4,2.8,-7.7,146,209
1933-05-28,VIOS (H),Vidar,1,0,1431,1378,0.565,0.116,0.319,3,2,0.8,-0.9,162,144
1933-05-28,VIOS (H),Zuiden (R),0,0,1431,1947,0.043,0.036,0.921,0,6,48.4,-39.2,149,136
1933-05-28,VIOS (Kr),Rivas,3,5,1232,1505,0.162,0.085,0.753,2,4,4.9,-5.5,152,159
1933-05-28,VIVA,OSCR,4,1,1484,1711,0.201,0.100,0.699,1,3,46.5,-35.3,128,112
1933-05-28,VIVA,Steeds Hooger (S),3,0,1500,1301,0.747,0.088,0.166,4,1,4.9,-5.3,142,152
1933-05-28,VIVA,Velox,0,4,1504,1673,0.263,0.113,0.625,2,3,-19.9,19.5,136,134
1933-05-28,VIVA,Vidar,4,1,1530,1371,0.702,0.097,0.201,4,2,6.3,-6.4,123,124
1933-05-28,VIVA,Zuidland,2,1,1505,1393,0.645,0.105,0.250,4,2,-4.5,12.7,149,223
1933-05-28,VZK,HDT,1,1,1546,1257,0.830,0.066,0.104,5,1,-65.4,93.3,246,288
1933-05-28,Velox,Bolnes,1,0,1657,1412,0.793,0.076,0.131,4,1,-18.0,31.8,149,192
1933-05-28,Velox,OSCR,2,0,1639,1762,0.316,0.121,0.563,2,3,34.5,-24.0,143,119
1933-05-28,Velox,Steeds Hooger (S),4,0,1692,1337,0.875,0.054,0.071,4,0,0.9,-0.8,127,140
1933-05-28,Vidar,OSCR,1,5,1376,1734,0.104,0.067,0.829,1,4,-4.2,4.2,136,137
1933-05-28,Vidar,Progress,1,4,1371,1632,0.172,0.088,0.740,2,4,-5.0,7.5,131,185
1933-05-28,Vidar,Zuiden (R),1,4,1365,1838,0.054,0.045,0.901,0,4,6.9,-6.3,126,122
1933-05-28,Vreewijk,Zuiden (R),1,5,1695,1832,0.301,0.116,0.583,2,3,-27.7,18.1,151,120
1933-05-28,Zuidland,Bolnes,0,0,1413,1449,0.439,0.119,0.443,2,3,0.2,-0.2,181,167
1933-05-28,Zuidland,Spido,3,0,1405,1204,0.749,0.086,0.164,4,1,8.3,-6.8,196,161
1933-05-28,Zuidland,Zwaluwen (He),1,4,1412,1547,0.306,0.111,0.582,3,4,-22.3,32.8,164,206
1933-06-04,Algemeene,Ons Buiten,3,3,1636,1500,0.679,0.095,0.226,5,3,-20.1,57.9,173,284
1933-06-04,BKC (Br),JMM,1,3,1257,1404,0.289,0.113,0.597,2,3,-17.1,15.0,210,192
1933-06-04,BVK,HBS (B),2,5,1371,1662,0.149,0.078,0.772,2,5,-2.0,1.9,145,153
1933-06-04,Bilthoven,Vogel,0,2,1787,1596,0.743,0.083,0.175,5,2,-56.1,50.3,159,151
1933-06-04,Blauw Wit,DED,2,4,2120,1850,0.813,0.073,0.114,4,1,-56.1,61.6,144,150
1933-06-04,Blauw Wit,Westerkwartier,9,4,2095,1955,0.680,0.099,0.220,4,2,23.8,-22.8,153,149
1933-06-04,DES (P),VIVA,1,8,1292,1537,0.186,0.092,0.722,2,4,-25.9,16.7,155,121
1933-06-04,DVV²,Zwart Wit (IJ),2,0,915,1255,0.117,0.065,0.818,2,6,71.0,-84.5,173,187
1933-06-04,De Tovers,DVV²,1,3,1347,985,0.879,0.051,0.070,5,1,-105.2,74.6,192,164
1933-06-04,EWW,Madjoe (V),1,11,1403,1450,0.428,0.110,0.462,3,4,-62.5,59.9,175,171
1933-06-04,Excelsior (O),GSV,1,5,1194,1475,0.159,0.077,0.764,3,6,-13.5,14.0,180,185
1933-06-04,GKC²,OKO,6,0,1347,1161,0.738,0.082,0.181,6,3,23.4,-26.8,162,175
1933-06-04,Moedig Voorwaarts,Dio,4,3,1768,1661,0.639,0.104,0.257,4,2,-7.4,7.1,181,178
1933-06-04,OSCR,Velox,6,2,1675,1693,0.460,0.127,0.413,3,2,23.1,-29.7,112,127
1933-06-04,Olympia (Z),Excelsior (Z),1,3,1694,1683,0.502,0.124,0.374,3,2,-30.1,28.8,150,147
1933-06-04,Quick (E),Sprotje,4,0,1485,1154,0.861,0.055,0.084,6,1,4.9,-4.6,192,220
1933-06-04,Rapide,BKC (Br),2,0,1457,1254,0.749,0.090,0.160,3,1,-1.8,4.4,203,234
1933-06-04,Rohda (A),District V,3,1,1798,1783,0.510,0.121,0.369,3,2,14.5,-18.3,137,155
1933-06-04,SAMOS,Bilthoven,2,3,1849,1730,0.652,0.107,0.241,3,2,-44.4,30.7,180,150
1933-06-04,SSS (E),Hermes (G),2,6,1265,1304,0.432,0.124,0.444,2,3,-44.3,81.7,169,238
1933-06-04,VIOS (H),Steeds Hooger (S),4,1,1506,1335,0.716,0.093,0.191,4,2,5.4,-6.4,124,139
1933-06-04,VIOS (H),Zuidland,4,2,1502,1389,0.646,0.105,0.249,4,2,3.7,-4.6,130,156
1933-06-04,VIVA,Zwaluwen (He),2,2,1554,1580,0.455,0.115,0.429,4,3,-0.7,1.8,117,186
1933-06-04,VVGA,Ons Buiten,7,4,1789,1557,0.781,0.077,0.142,5,2,4.9,-4.4,175,238
1933-06-04,Vesta,Deska,5,10,1841,1666,0.717,0.100,0.183,3,1,-70.7,213.5,168,294
1933-06-04,Vidar,VIOS (H),0,4,1369,1512,0.295,0.112,0.593,2,3,-16.6,17.4,117,120
1933-06-04,Zuidland,Steeds Hooger (S),4,2,1377,1328,0.559,0.115,0.327,3,2,10.2,-9.8,136,132
1933-06-04,Zuidland,Vidar,3,3,1384,1364,0.518,0.118,0.364,4,3,-7.2,5.0,145,122
1933-06-04,Zwart Wit (IJ),Desto,2,0,1170,836,0.864,0.053,0.083,6,1,-14.7,43.4,176,267
1933-06-11,Adundo,Rohda (H),0,2,946,1300,0.108,0.062,0.830,2,6,24.7,-10.0,205,142
1933-06-11,Adundo,VIOS (Kr),0,0,970,1236,0.170,0.081,0.749,2,5,43.6,-26.0,191,150
1933-06-11,Advendo (N),OKC (Oost),2,0,1375,1253,0.658,0.102,0.241,4,2,5.5,-5.7,179,188
1933-06-11,Advendo (P),UNI (S),0,1,1297,1391,0.356,0.119,0.525,2,3,-5.4,4.5,169,151
1933-06-11,BVK,Rohda (H),0,1,1386,1286,0.627,0.109,0.263,3,2,-25.1,23.6,134,130
1933-06-11,BVK,SDW,0,2,1358,1306,0.561,0.120,0.319,3,2,-24.3,32.7,120,140
1933-06-11,BVK,UNI (S),0,0,1360,1385,0.452,0.123,0.425,4,3,-1.0,1.1,127,134
1933-06-11,Friso (A),Blauw Wit (H),4,0,1355,1452,0.351,0.122,0.528,2,3,79.6,-85.9,212,221
1933-06-11,Friso (L),Quick '21,4,3,1569,1427,0.681,0.100,0.219,4,2,-11.8,12.6,180,185
1933-06-11,Germanicus,KIA,1,8,1167,1340,0.265,0.096,0.639,4,5,-37.9,43.3,170,183
1933-06-11,Groen Wit (N),SDW,1,2,1242,1313,0.388,0.120,0.492,2,3,-7.7,9.9,154,178
1933-06-11,Groen Wit (N),VIOD (G),0,0,1245,1265,0.460,0.122,0.419,4,3,-2.2,2.2,168,168
1933-06-11,HBS (B),KIOL,0,1,1664,1278,0.893,0.046,0.061,5,1,-52.3,78.4,146,176
1933-06-11,MVU,OKO,0,1,1366,1133,0.783,0.075,0.142,5,2,-57.4,50.5,176,166
1933-06-11,OKO,DOS (U),0,0,1191,1213,0.460,0.115,0.426,5,4,-1.4,2.1,147,176
1933-06-11,OKO,GKC²,0,1,1183,1371,0.246,0.097,0.658,3,5,8.7,-8.4,157,155
1933-06-11,Rasch,HBS (B),0,6,993,1664,0.018,0.017,0.966,0,7,2.0,-0.2,201,148
1933-06-11,Rasch,KIOL,0,3,994,1269,0.160,0.087,0.753,1,4,-9.5,9.2,197,190
1933-06-11,Rivas,BVK,0,0,1500,1368,0.667,0.105,0.228,3,1,-22.8,18.7,155,141
1933-06-11,Rohda (H),KIOL,1,1,1297,1370,0.384,0.124,0.493,2,3,3.3,-5.7,119,156
1933-06-11,Rohda (H),VIOS (Kr),1,0,1290,1209,0.605,0.106,0.288,4,3,-2.9,3.2,137,143
1933-06-11,Rohda (H),Voorwaarts (M),0,4,1309,1538,0.202,0.093,0.704,2,4,-11.0,15.2,124,149
1933-06-11,Rood Zwart,Swastika,3,2,1608,1418,0.738,0.088,0.174,4,2,-20.7,24.3,202,216
1933-06-11,SDW,KIOL,1,2,1318,1356,0.433,0.126,0.441,1,2,-12.0,15.1,150,170
1933-06-11,SSS (E),Advendo (P),1,0,1220,1331,0.331,0.125,0.544,1,2,24.3,-33.0,160,187
1933-06-11,SSS (E),UNI (S),0,1,1244,1395,0.284,0.112,0.604,2,3,2.4,-3.2,149,163
1933-06-11,Sparta (Ze),Nic,0,1,1596,1729,0.304,0.118,0.577,2,3,0.4,0.1,165,132
1933-06-11,Sparta (Ze),UDI (T),1,0,1595,1645,0.415,0.125,0.459,1,2,15.0,-13.9,152,146
1933-06-11,Sparta (Ze),UNA (L),0,1,1615,1641,0.451,0.121,0.428,4,3,-18.3,13.9,182,157
1933-06-11,Thor (M),Zwart Wit (IJ),4,1,1526,1155,0.886,0.047,0.067,6,1,-9.0,11.1,158,172
1933-06-11,UDI (T),Nic,1,1,1661,1734,0.382,0.126,0.491,1,2,6.6,-4.3,173,141
1933-06-11,UDI (T),UNA (L),0,1,1666,1654,0.505,0.123,0.373,3,2,-20.4,17.7,158,146
1933-06-11,UNA (L),Nic,1,2,1650,1727,0.379,0.123,0.498,2,3,-8.8,7.0,172,150
1933-06-11,UNI (S),SDW,0,0,1385,1338,0.557,0.115,0.328,3,2,-8.1,8.9,126,131
1933-06-11,UNI (S),Voorwaarts (M),0,2,1395,1527,0.310,0.109,0.581,3,4,-9.0,11.1,142,160
1933-06-11,VIOD (G),SDW,0,0,1266,1322,0.409,0.120,0.471,2,3,2.9,-3.2,155,162
1933-06-11,Vogel,SAMOS,4,0,1645,1804,0.278,0.103,0.619,3,4,50.7,-66.5,146,168
1933-06-11,Voorwaarts (M),Hermes (G),2,0,1525,1386,0.680,0.096,0.224,5,2,2.8,-2.4,172,206
1933-06-11,Voorwaarts (M),KIOL,4,0,1553,1364,0.735,0.092,0.173,4,1,12.4,-12.9,140,144
1933-06-11,ZKV (Zz),JMM,1,1,1316,1418,0.341,0.126,0.533,1,2,13.3,-10.8,197,178
1933-06-11,Zeevaartschool,DOS (M),0,5,1688,1644,0.556,0.108,0.335,4,3,-106.1,92.3,240,222
1933-06-18,AKC (Al),HKC (He),1,2,1628,1550,0.592,0.124,0.284,2,1,-26.4,24.4,143,137
1933-06-18,AKC (Al),Zwart Wit,2,0,1601,1593,0.495,0.128,0.377,3,2,15.8,-21.8,135,161
1933-06-18,AW (DC),WIK '34,6,2,1376,1303,0.595,0.107,0.298,4,3,52.4,-25.8,238,157
1933-06-18,DOS (E),AKC (Al),2,1,1863,1607,0.802,0.073,0.125,4,1,-20.1,21.5,145,149
1933-06-18,DOS (E),Naas²,1,0,1822,1791,0.536,0.112,0.352,4,3,2.3,-3.1,129,160
1933-06-18,DSS,Volharding (B),4,0,1346,1226,0.655,0.102,0.243,4,2,24.4,-26.3,167,175
1933-06-18,DVV²,Thor (M),3,2,1060,1517,0.061,0.043,0.896,1,6,66.2,-60.0,163,156
1933-06-18,Frisia (Dr),TDK (B),3,0,1448,1188,0.807,0.072,0.122,5,1,0.1,-0.9,191,169
1933-06-18,HKC (He),DOS (E),2,3,1508,1842,0.118,0.072,0.810,1,4,22.1,-19.3,148,139
1933-06-18,HKC (He),Zwart Wit,0,3,1574,1571,0.488,0.130,0.382,3,2,-30.6,39.3,130,148
1933-06-18,Naas²,AKC (Al),1,3,1782,1616,0.709,0.097,0.194,4,1,-45.6,37.3,140,127
1933-06-18,Naas²,HKC (He),1,0,1822,1530,0.832,0.066,0.102,4,1,-30.3,21.1,168,142
1933-06-18,Naas²,Zwart Wit,2,0,1787,1588,0.746,0.086,0.167,4,2,-3.7,5.9,147,172
1933-06-18,Roda (B),OKC (Oost),2,0,1269,1246,0.522,0.117,0.360,4,3,20.9,-19.9,179,174
1933-06-18,SAMOS,Sportlust (U),3,1,1737,1421,0.850,0.060,0.090,5,1,-14.6,17.8,157,171
1933-06-18,SSS (H),Rust Roest (Z),1,2,1442,1432,0.497,0.130,0.373,2,1,-18.2,20.7,147,157
1933-06-18,Spangen,Zuiden (R),1,0,1735,1850,0.325,0.125,0.550,1,2,25.3,-16.8,153,124
1933-06-18,UDI (H),WIK (N),2,3,1361,1319,0.550,0.115,0.335,4,3,-41.6,35.2,233,214
1933-06-18,VEMO (T),Hermes (B),3,4,1285,1424,0.298,0.114,0.588,2,3,0.3,-1.8,158,206
1933-06-18,Vitesse (H),KIOS (R),0,3,1405,1558,0.287,0.099,0.614,4,5,-26.9,23.8,212,196
1933-06-18,Vogel,OJD,9,1,1696,1430,0.813,0.067,0.119,5,2,15.7,-23.8,140,178
1933-06-18,Volharding,Zeevaartschool,2,2,1107,1581,0.055,0.042,0.903,1,5,113.5,-67.3,265,211
1933-06-18,Zeelandia,Madjoe (V),8,1,1761,1511,0.802,0.065,0.132,7,3,35.6,-19.9,231,162
1933-06-18,Zwart Wit,DOS (E),0,2,1586,1823,0.194,0.092,0.714,2,4,3.2,-0.5,187,134
1933-06-25,Advendo (N),Roda (B),3,1,1380,1291,0.614,0.111,0.275,3,2,9.7,-9.3,170,166
1933-06-25,Altius,OTO,2,5,1643,1603,0.545,0.119,0.336,3,2,-54.8,49.4,175,166
1933-06-25,BKC (Br),ZKV (Zz),0,0,1240,1329,0.360,0.128,0.513,1,2,10.3,-8.9,194,181
1933-06-25,DVV²,Desto,2,4,1126,879,0.797,0.071,0.132,6,2,-53.2,131.9,161,247
1933-06-25,Excelsior,Zwaluwen (H),9,0,1733,1519,0.760,0.088,0.153,4,1,28.5,-30.4,170,176
1933-06-25,Gooiers²,HE,3,3,1549,1381,0.715,0.090,0.195,5,2,-27.1,84.9,208,350
1933-06-25,Groen Wit (N),Voorwaarts (M),0,13,1234,1566,0.119,0.072,0.808,1,4,-18.6,16.5,149,139
1933-06-25,HDS (O),Olympia (Z),0,3,1580,1663,0.369,0.126,0.506,1,2,-25.2,26.9,143,148
1933-06-25,Hermes (B),ODA (B),2,0,1423,1520,0.350,0.125,0.525,1,2,43.6,-53.7,185,207
1933-06-25,OJD,Sportlust (U),2,4,1406,1439,0.442,0.120,0.438,4,3,-28.5,27.0,171,166
1933-06-25,Rapide (B),Zwaluwen (E),4,1,1521,1309,0.759,0.086,0.155,4,1,18.2,-19.7,251,278
1933-06-25,Rapide,JMM,4,2,1456,1408,0.552,0.126,0.322,2,1,22.0,-17.4,194,168
1933-06-25,Volharding,DOS (M),2,2,1221,1737,0.044,0.034,0.923,1,6,109.8,-68.6,248,202
1933-06-25,Zeevaartschool,Madjoe (V),3,2,1514,1491,0.525,0.113,0.362,4,3,6.8,-4.7,204,157
1933-07-02,Advendo (P),DOS (U),7,2,1290,1214,0.596,0.112,0.292,3,2,34.7,-36.4,162,167
1933-07-02,Blauw Wit (H),Friso (A),1,2,1365,1466,0.346,0.119,0.535,2,3,-6.2,5.5,201,183
1933-07-02,DOS (M),Zeelandia,3,7,1667,1797,0.317,0.099,0.584,4,6,-37.2,42.6,197,214
1933-07-02,Desto,Thor (M),5,6,1010,1456,0.065,0.046,0.890,1,6,63.5,-28.2,223,156
1933-07-02,Excelsior (Z),SSS (H),10,0,1711,1422,0.828,0.068,0.104,4,1,16.4,-15.4,148,143
1933-07-02,Excelsior,Gooiers²,11,1,1761,1521,0.789,0.075,0.135,5,2,24.0,-33.4,162,197
1933-07-02,HE,Altius,0,4,1465,1587,0.324,0.108,0.568,3,4,-71.6,28.6,281,163
1933-07-02,Hermes (G),SSS (E),4,0,1382,1245,0.675,0.102,0.223,4,2,29.0,-18.7,192,148
1933-07-02,Kinea (K),Friso (A),6,5,1700,1434,0.810,0.071,0.118,5,1,-31.9,31.6,197,196
1933-07-02,Madjoe (V),Volharding,2,3,1485,1329,0.703,0.089,0.208,5,3,-29.8,76.0,150,236
1933-07-02,OJD,SAMOS,2,7,1376,1721,0.110,0.070,0.819,1,4,-12.8,12.5,159,156
1933-07-02,OTO,Zwaluwen (H),2,8,1651,1487,0.708,0.097,0.195,4,1,-77.2,89.2,156,167
1933-07-02,Rasch,Adundo,2,1,983,1012,0.451,0.114,0.435,5,4,15.4,-14.5,189,183
1933-07-02,Sparta (W),Friso (L),1,1,1312,1557,0.186,0.092,0.722,2,4,35.3,-31.5,183,174
1933-07-02,Steeds Hooger (S),DES (P),1,3,1317,1264,0.564,0.115,0.321,3,2,-29.4,37.7,137,156
1933-07-02,VIOD (G),VIOS (Kr),1,1,1268,1211,0.571,0.112,0.317,4,3,-12.3,10.9,152,143
1933-07-02,Vogel,Sportlust (U),8,0,1712,1464,0.800,0.067,0.133,6,3,16.5,-19.5,141,155
1933-07-02,Volharding (B),Advendo (N),2,6,1198,1389,0.241,0.101,0.658,2,4,-23.6,22.0,166,160
1933-07-02,Voorwaarts (M),BVK,5,3,1584,1332,0.799,0.073,0.128,5,1,-9.0,7.2,137,125
1933-07-02,WIK '34,AW (DC),2,2,1276,1428,0.287,0.103,0.610,3,5,13.8,-26.3,153,208
1933-07-02,Wez Fluch,SIM,5,0,1656,1550,0.643,0.095,0.262,5,4,38.3,-40.6,195,202
1933-07-02,ZKV (Zz),BKC (Br),1,0,1318,1248,0.584,0.119,0.297,3,2,-0.2,0.4,168,177
1933-07-02,Zuidland,VIOS (H),3,4,1386,1528,0.296,0.111,0.593,2,4,2.0,-1.5,139,127
1933-07-02,Zwaluwen (He),VIVA,3,8,1580,1552,0.532,0.112,0.356,4,3,-68.7,36.2,175,125
1933-07-02,Zwart Wit (IJ),DVV²,1,5,1164,1071,0.622,0.103,0.275,5,3,-69.2,57.2,172,156
1933-07-09,ADO (M),GSV,2,1,1287,1488,0.232,0.092,0.675,3,5,41.6,-43.6,179,183
1933-07-09,AW (DC),TDK (B),7,1,1402,1185,0.767,0.078,0.154,5,2,27.2,-22.6,187,168
1933-07-09,Altius,HE,4,1,1615,1392,0.774,0.077,0.149,5,2,4.1,-3.7,156,232
1933-07-09,DES (P),Zuidland,0,2,1302,1388,0.367,0.119,0.514,2,3,-15.9,13.4,147,134
1933-07-09,DOS (U),Rasch,4,0,1177,998,0.727,0.088,0.185,5,2,14.7,-17.2,157,173
1933-07-09,De Tovers,Desto,0,3,1240,1074,0.711,0.094,0.195,4,2,-82.7,99.3,193,212
1933-07-09,Dowocs,Germanicus,5,2,1367,1128,0.790,0.071,0.139,6,3,-0.6,-0.9,204,167
1933-07-09,Excelsior (Z),HDS (O),1,0,1723,1558,0.709,0.096,0.195,4,1,-10.9,10.1,136,132
1933-07-09,Frisia (Dr),WIK '34,3,0,1448,1290,0.702,0.094,0.204,4,2,12.3,-8.8,185,147
1933-07-09,HBS (B),Groen Wit (N),8,0,1611,1213,0.899,0.044,0.057,5,1,10.1,-9.6,153,148
1933-07-09,HDS (O),Excelsior (Z),1,2,1553,1729,0.255,0.108,0.637,2,3,5.1,-5.6,139,145
1933-07-09,OKC (Oost),Volharding (B),0,0,1225,1174,0.563,0.112,0.325,4,3,-13.2,11.6,167,157
1933-07-09,OSCR,Rozenburg,2,3,1698,1818,0.322,0.117,0.560,2,3,-0.9,0.9,123,150
1933-07-09,OTO,Excelsior,1,10,1574,1787,0.217,0.096,0.687,2,4,-28.8,31.4,150,157
1933-07-09,Rust Roest (Z),Olympia (Z),2,1,1452,1689,0.190,0.100,0.710,1,3,40.5,-35.4,153,143
1933-07-09,Sparta (W),Wez Fluch,0,4,1347,1695,0.109,0.069,0.822,1,4,-8.4,8.9,172,180
1933-07-09,Sportlust (U),SAMOS,2,3,1444,1735,0.149,0.080,0.771,2,5,18.5,-18.9,151,152
1933-07-09,Thor (D),Weest Kwiek,0,1,1151,1572,0.076,0.048,0.876,2,7,34.1,-63.5,180,236
1933-07-09,Thor (M),DVV²,0,4,1429,1129,0.840,0.060,0.100,6,2,-83.3,77.1,155,149
1933-07-09,VKC (S),ODA (B),2,2,1413,1464,0.418,0.119,0.463,2,3,2.5,-2.9,174,189
1933-07-09,Velox,Vreewijk,2,0,1662,1666,0.483,0.120,0.396,4,3,15.8,-20.7,135,156
1933-07-09,Vogel,Bilthoven,6,1,1730,1760,0.450,0.112,0.438,5,4,36.3,-44.7,138,154
1933-07-09,Volharding (B),DSS,0,1,1185,1370,0.247,0.102,0.651,2,4,6.6,-8.5,146,163
1933-07-09,Zwaluwen (He),Vidar,3,4,1511,1351,0.706,0.093,0.202,4,2,-43.1,26.7,161,128
1933-07-09,Zwart Wit (IJ),De Tovers,3,2,1095,1157,0.397,0.128,0.475,1,2,18.1,-22.0,161,179
1933-07-16,Bilthoven,Sportlust (U),4,4,1712,1459,0.800,0.073,0.127,5,1,-32.4,32.6,146,146
1933-07-16,DSS,Roda (B),1,2,1357,1276,0.604,0.109,0.287,4,2,-27.9,30.5,154,161
1933-07-16,SSS (C),SSS (H),1,2,1256,1403,0.287,0.117,0.597,2,3,2.5,-1.2,175,143
1933-07-16,Steeds Hooger (S),Zuidland,3,3,1309,1414,0.343,0.116,0.541,2,3,7.4,-6.8,129,123
1933-07-16,Steeds Hooger (S),Zwaluwen (He),2,1,1284,1465,0.251,0.103,0.646,2,4,25.4,-32.8,135,153
1933-07-16,Vidar,DES (P),4,3,1375,1282,0.618,0.111,0.272,3,2,-3.0,4.0,126,140
1933-07-16,Weest Kwiek,ADO (M),3,0,1505,1325,0.730,0.085,0.185,5,3,10.9,-8.2,221,168
1933-07-16,Zuidland,VIVA,3,3,1398,1587,0.243,0.101,0.656,2,4,15.9,-14.9,130,126
1933-07-23,Advendo (P),Rasch,2,3,1323,977,0.869,0.055,0.076,5,1,-59.0,65.3,158,166
1933-07-23,Altius,Excelsior,3,11,1617,1791,0.259,0.104,0.637,2,4,-34.5,30.4,154,144
1933-07-23,BVK,UNI (S),2,0,1337,1373,0.436,0.123,0.441,2,3,18.7,-20.8,130,137
1933-07-23,Bildtkers,Frisia,1,4,1219,1592,0.099,0.056,0.845,2,7,1.3,-11.4,235,311
1933-07-23,Excelsior (Z),Olympia (Z),2,1,1709,1650,0.570,0.118,0.312,3,2,0.3,-0.3,136,142
1933-07-23,Germanicus,Vitesse (H),1,7,1124,1374,0.185,0.083,0.732,3,6,-24.4,34.3,163,200
1933-07-23,Gooiers²,Zwaluwen (H),0,5,1484,1604,0.322,0.117,0.561,2,3,-49.5,34.2,189,153
1933-07-23,HBS (B),Voorwaarts (M),2,0,1619,1572,0.560,0.107,0.333,4,3,11.7,-10.0,154,140
1933-07-23,HDS (O),Rust Roest (Z),4,2,1564,1489,0.590,0.120,0.290,3,1,8.5,-10.5,132,150
1933-07-23,Hermes (G),KIOL,1,1,1408,1347,0.575,0.116,0.309,3,2,-17.2,12.0,181,152
1933-07-23,OKC (Oost),Advendo (N),0,3,1208,1408,0.230,0.100,0.670,2,4,-12.9,12.6,159,157
1933-07-23,Rivas,VIOD (G),3,1,1473,1252,0.768,0.084,0.148,4,1,-6.8,5.6,160,149
1933-07-23,Roda (B),Volharding (B),1,3,1307,1188,0.653,0.104,0.243,4,2,-44.6,39.8,152,144
1933-07-23,Rozenburg,Zuiden (R),4,6,1816,1829,0.468,0.124,0.408,3,2,-25.3,21.7,145,133
1933-07-23,SSS (H),Rust Roest (Z),2,1,1402,1478,0.376,0.128,0.496,1,2,16.2,-16.6,138,140
1933-07-23,Samen Een,UDI (H),6,0,1607,1316,0.833,0.063,0.104,5,1,19.4,-24.7,183,214
1933-07-23,TDK (B),AW (DC),4,5,1159,1427,0.168,0.082,0.750,2,5,17.8,-21.9,163,179
1933-07-23,Volharding (B),Roda (B),0,0,1227,1261,0.440,0.121,0.439,4,3,-0.0,0.0,136,143
1933-07-23,ZKV (Zz),Rapide,2,6,1314,1474,0.268,0.122,0.610,1,2,-29.9,36.7,163,183
1933-07-23,Zwaluwen (H),Excelsior,2,2,1574,1817,0.188,0.090,0.721,2,4,30.2,-25.9,164,152
1933-07-30,EMO,ONA,1,1,1542,1514,0.530,0.114,0.357,4,3,-11.8,8.6,192,165
1933-07-30,KIA,Dowocs,1,5,1379,1361,0.518,0.110,0.373,5,4,-59.0,66.1,183,194
1933-07-30,NASB,PSV,1,0,1407,1717,0.138,0.069,0.794,3,6,54.6,-54.4,172,172
1933-07-30,ONA,PSV,1,3,1516,1716,0.235,0.088,0.677,4,6,-0.9,0.7,178,187
1933-07-30,ONA,Tekace,0,1,1522,1357,0.710,0.094,0.196,4,2,-38.1,42.7,153,162
1933-07-30,Olympia (Z),Rust Roest (Z),5,2,1647,1458,0.731,0.097,0.172,3,1,6.6,-6.5,136,134
1933-07-30,PSV,EMO,0,1,1795,1460,0.868,0.048,0.085,8,3,-77.7,82.7,197,203
1933-07-30,Rapid (B),VIOS (Wo),0,0,1423,1457,0.439,0.122,0.439,2,3,0.0,-0.0,228,175
1933-07-30,SAMOS,EMO,2,0,1678,1529,0.688,0.101,0.211,3,1,1.8,-1.6,144,173
1933-07-30,SAMOS,NASB,3,0,1710,1389,0.853,0.059,0.087,5,1,-2.8,7.9,153,203
1933-07-30,SAMOS,Tekace,1,0,1707,1320,0.892,0.048,0.060,5,0,-28.4,37.8,147,167
1933-07-30,SSS (H),HDS (O),2,0,1415,1570,0.276,0.116,0.608,2,3,33.3,-31.2,133,128
1933-07-30,Tekace,NASB,0,1,1332,1395,0.399,0.120,0.481,2,3,-11.6,12.3,184,191
1933-07-30,Volt,Bredania,0,3,1625,1290,0.862,0.057,0.081,5,1,-103.0,129.3,186,207
1933-07-30,Voorwaarts (M),Groen Wit (N),14,1,1559,1198,0.879,0.050,0.071,5,1,10.3,-12.7,135,152
1933-07-30,Wez Handich,Frisia,2,5,1343,1578,0.198,0.086,0.715,3,5,-15.1,20.1,208,275
1933-07-30,ZKC '19,Vitesse (H),2,7,1595,1406,0.740,0.081,0.179,6,3,-103.8,97.0,191,185
1933-08-06,Advendo (N),Volharding (B),1,0,1418,1224,0.742,0.087,0.171,4,2,-16.7,12.6,152,134
1933-08-06,DSS,Advendo (N),0,1,1327,1401,0.383,0.119,0.498,2,3,-6.9,6.3,152,144
1933-08-06,Olympia (Z),SSS (H),4,1,1654,1448,0.751,0.089,0.159,4,1,4.2,-4.0,133,129
1933-08-06,Rust Roest (Z),Excelsior (Z),0,3,1451,1706,0.175,0.094,0.731,1,3,-5.7,5.9,131,134
1933-08-06,Swastika,Rood Zwart,0,1,1436,1582,0.291,0.110,0.598,2,4,2.4,-1.9,211,202
1933-08-06,TDK (B),Wez Handich,11,0,1175,1328,0.284,0.105,0.611,3,4,69.7,-102.7,159,195
1933-08-06,Vitesse (H),Dowocs,9,0,1504,1428,0.601,0.103,0.296,5,3,46.4,-48.0,174,177
1933-08-06,Voorwaarts (M),UNI (S),4,3,1572,1349,0.775,0.075,0.150,6,2,-16.4,16.4,135,135
1933-08-13,AW (DC),Frisia (Dr),1,2,1403,1455,0.416,0.118,0.466,2,3,-11.9,12.9,173,181
1933-08-13,Germanicus,Dowocs,0,3,1097,1379,0.157,0.077,0.766,2,6,-2.4,2.4,161,165
1933-08-13,KIA,KIOS (R),3,8,1319,1576,0.179,0.079,0.742,3,6,-20.6,25.4,172,195
1933-08-13,Volharding (B),OKC (Oost),2,0,1236,1192,0.551,0.116,0.333,3,2,10.3,-14.0,131,156
1933-08-13,WIK (N),FSC²,3,4,1348,1263,0.609,0.109,0.282,4,2,-42.6,46.8,207,218
1933-08-20,KIOS (R),Vitesse (H),5,3,1601,1551,0.567,0.101,0.331,5,4,13.6,-11.6,182,165
1933-08-20,Rood Zwart,Rood Wit,3,2,1578,1638,0.401,0.124,0.475,2,3,22.1,-22.4,187,188
1933-08-20,Swastika,Annen,1,1,1437,1546,0.337,0.114,0.549,3,4,13.2,-16.4,194,215
1933-08-20,Velox (D),Excelsior (Z),4,3,1613,1711,0.349,0.121,0.529,2,3,31.7,-16.1,190,134
1933-08-27,Frisia (Dr),Hermes (B),2,6,1466,1459,0.497,0.124,0.380,3,2,-53.9,65.9,169,189
1933-08-27,KIA,Germanicus,8,1,1297,1085,0.764,0.077,0.159,6,3,24.4,-21.7,166,155
1933-08-27,KIOS (R),Germanicus,23,0,1615,1093,0.948,0.023,0.029,8,1,7.5,-6.8,168,158
1933-09-03,Algemeene,Zuiderkwartier³,0,1,1609,1737,0.314,0.111,0.575,3,4,0.0,0.3,191,175
1933-09-03,Blauw Wit (H),Kinea (K),3,8,1352,1662,0.132,0.079,0.788,1,4,-24.9,25.5,199,202
1933-09-03,DED,Eendracht,0,2,1905,1960,0.410,0.120,0.470,2,3,-26.0,25.6,175,173
1933-09-03,DED,Westerkwartier,0,3,1878,1925,0.416,0.131,0.453,1,2,-35.8,40.8,160,172
1933-09-03,Eendracht,Westerkwartier,2,1,1985,1966,0.518,0.113,0.368,4,3,5.2,-5.1,159,157
1933-09-03,Hermes (B),VKC (S),5,1,1525,1409,0.648,0.105,0.246,4,2,26.9,-28.2,173,178
1933-09-03,Madjoe (V),DOS (M),5,5,1448,1623,0.259,0.100,0.641,3,5,19.2,-28.0,165,197
1933-09-03,OKC (A),Olympia '22,1,4,1255,1312,0.408,0.117,0.475,2,3,-31.3,91.0,175,328
1933-09-03,OSCA,Algemeene,2,1,1576,1608,0.441,0.123,0.437,4,3,26.4,-14.1,247,173
1933-09-03,OSCA,Zuiderkwartier³,2,0,1602,1737,0.303,0.115,0.582,2,3,63.5,-38.4,209,161
1933-09-03,Rust Roest (Z),SSS (H),4,0,1444,1442,0.485,0.131,0.384,2,1,31.9,-31.1,137,136
1933-09-03,SIM,Sparta (W),4,2,1502,1331,0.719,0.088,0.193,5,2,-3.0,1.7,201,181
1933-09-03,Sport,KCN,1,2,1568,1610,0.427,0.122,0.451,2,3,-14.6,16.9,179,194
1933-09-03,Swift,Rohda (A),2,2,1861,1805,0.563,0.123,0.314,2,1,-15.8,12.6,182,163
1933-09-10,AW,Rohda (A),3,0,1764,1806,0.425,0.128,0.448,1,2,42.0,-31.7,167,144
1933-09-10,Advendo (P),Hermes (G),0,3,1260,1387,0.310,0.120,0.570,2,3,-26.4,29.4,169,180
1933-09-10,Amstelodamum,TOGO (A),1,2,1567,1399,0.708,0.101,0.191,3,1,-54.7,51.7,190,184
1933-09-10,Amsterdam Zuid,Blauw Wit,1,4,1851,2056,0.227,0.094,0.679,3,5,-13.2,12.8,176,172
1933-09-10,Amsterdam Zuid,Hercules,1,1,1837,1946,0.342,0.106,0.552,4,5,10.6,-12.7,163,178
1933-09-10,Blauw Wit,Fortuna (A),3,0,2028,1709,0.852,0.059,0.089,5,1,-0.3,15.7,143,280
1933-09-10,Blauw Wit,Hercules,1,1,2069,1932,0.677,0.097,0.226,4,2,-23.6,24.4,160,162
1933-09-10,Blauw Wit,LUTO,1,0,2045,1832,0.762,0.082,0.156,5,2,-15.7,26.3,150,188
1933-09-10,DDV,LUTO,2,2,1847,1858,0.473,0.121,0.406,4,3,-3.4,3.2,158,155
1933-09-10,DDV,Volharding (A),0,0,1878,1701,0.720,0.098,0.182,3,1,-30.4,34.0,168,177
1933-09-10,DTV,Sportief,2,1,1847,1854,0.475,0.126,0.398,3,2,11.8,-10.8,174,167
1933-09-10,DVD²,AW,4,1,1854,1806,0.557,0.116,0.327,3,2,22.9,-22.6,154,153
1933-09-10,Deska,AW,1,0,1874,1763,0.636,0.118,0.247,2,1,-10.7,2.6,267,178
1933-09-10,Deska,Blauw Wit,2,1,1904,2028,0.312,0.126,0.561,1,2,39.9,-20.4,196,139
1933-09-10,Deska,DVD²,2,0,1862,1880,0.460,0.127,0.413,3,2,42.6,-24.3,226,165
1933-09-10,Dowocs,KIOS (R),1,4,1380,1627,0.190,0.076,0.734,4,7,-3.4,3.4,165,169
1933-09-10,Eendracht,LUTO,4,1,1967,1860,0.640,0.102,0.259,4,3,12.3,-12.7,142,144
1933-09-10,Eendracht,Swift,1,1,1990,1845,0.685,0.098,0.217,4,2,-21.7,27.5,150,168
1933-09-10,Fortuna (A),DTV,2,0,1454,1901,0.064,0.047,0.889,1,5,255.5,-48.8,313,148
1933-09-10,Groen Wit (N),UNI (S),3,3,1183,1364,0.248,0.109,0.643,2,3,22.0,-16.9,162,143
1933-09-10,HBS (B),Advendo (P),9,0,1646,1232,0.905,0.043,0.052,5,0,9.9,-10.5,151,157
1933-09-10,HBS (B),Rivas,7,3,1627,1462,0.707,0.096,0.197,4,2,18.4,-19.9,161,168
1933-09-10,Hermes (G),HBS (B),2,2,1482,1657,0.258,0.101,0.641,3,4,18.7,-17.6,152,147
1933-09-10,KVD,DTV,0,4,1821,1859,0.434,0.121,0.445,2,3,-50.6,42.1,176,159
1933-09-10,KVD,Sportief,1,2,1851,1829,0.518,0.120,0.361,3,2,-29.4,25.6,196,182
1933-09-10,Kwiek,Oosterpark,1,3,1481,1610,0.307,0.120,0.572,2,3,-19.0,17.7,194,186
1933-09-10,LUTO,Fortuna (A),4,1,1857,1724,0.672,0.099,0.229,4,2,16.1,-27.0,175,250
1933-09-10,LUTO,Volharding (A),1,0,1873,1680,0.738,0.093,0.169,3,1,-15.1,21.8,164,192
1933-09-10,Quick '21,Sparta (W),1,2,1433,1332,0.624,0.116,0.260,3,1,-47.1,35.4,198,171
1933-09-10,Rivas,Hermes (G),0,6,1442,1416,0.523,0.121,0.356,3,2,-59.4,64.8,157,165
1933-09-10,Rohda (A),DVD²,1,2,1817,1866,0.419,0.120,0.461,2,3,-10.4,14.1,154,182
1933-09-10,Rood Wit,Annen,1,3,1615,1529,0.607,0.115,0.279,3,2,-49.6,60.6,177,197
1933-09-10,SVK,Oosterpark,2,3,1800,1695,0.637,0.102,0.260,4,3,-35.6,28.8,166,150
1933-09-10,Sparta (A)²,Oosterpark,2,4,1562,1681,0.322,0.117,0.561,2,3,-23.2,13.9,219,160
1933-09-10,Sportief,Oosterpark,0,1,1843,1628,0.761,0.086,0.153,4,1,-43.5,53.7,154,170
1933-09-10,Treffers,Indo,5,2,1771,900,0.991,0.005,0.003,6,-2,-20.3,24.4,162,175
1933-09-10,Treffers,OSCA,3,0,1746,1664,0.600,0.118,0.282,3,1,25.2,-28.4,175,188
1933-09-10,UVO,Algemene (H),1,1,1296,1351,0.409,0.119,0.472,2,3,4.7,-4.9,221,226
1933-09-10,Victoria (A),District V,1,1,1644,1757,0.326,0.126,0.548,1,2,17.6,-11.9,214,177
1933-09-10,WIK '34,Wez Handich,5,5,1274,1223,0.561,0.113,0.326,4,3,-11.6,15.4,162,186
1933-09-10,WIK (N),UDI (H),8,4,1304,1286,0.513,0.119,0.368,4,3,49.1,-56.5,196,212
1933-09-17,Bolnes,ADO (B),4,2,1402,1298,0.635,0.104,0.261,4,2,8.8,-10.7,184,219
1933-09-17,Frisia,Hermes (B),0,5,1508,1595,0.367,0.116,0.517,3,4,-63.8,37.0,209,154
1933-09-17,Hermes (B),Frisia,4,0,1552,1597,0.425,0.117,0.458,2,3,42.5,-88.6,165,248
1933-09-17,Madjoe (V),Zeelandia,2,10,1468,1834,0.102,0.056,0.841,3,7,-17.2,27.2,159,211
1933-09-17,Phoenix (Z),De Kweek,0,1,1479,1670,0.237,0.108,0.656,1,3,8.6,-11.3,268,290
1933-09-17,Quick '21,Wez Fluch,1,4,1385,1697,0.131,0.079,0.790,1,4,-4.4,4.4,181,192
1933-09-17,TOP (Hg),UVO,0,0,1240,1300,0.398,0.129,0.473,1,2,5.6,-4.8,213,199
1933-09-24,Amersfoort,Vogel,0,2,1381,1761,0.093,0.059,0.848,1,5,32.0,-11.8,235,159
1933-09-24,Bilthoven,Baerne,6,1,1676,1683,0.476,0.124,0.400,3,2,46.7,-63.0,165,194
1933-09-24,DKC (De),Zuiden (R),3,7,1777,1848,0.384,0.126,0.489,1,2,-46.6,35.2,175,150
1933-09-24,EKCA,ZKC (Zu),1,3,1790,1652,0.672,0.109,0.219,3,1,-63.0,63.3,182,182
1933-09-24,Fluks,HKV,1,3,1775,2045,0.160,0.094,0.746,0,3,3.0,-2.6,180,174
1933-09-24,GKV,Rood Wit (H),8,2,1754,1590,0.703,0.104,0.194,3,1,38.6,-40.6,192,198
1933-09-24,HKC (He),Achilles (A),1,2,1535,1657,0.318,0.120,0.562,2,3,-1.9,2.0,160,184
1933-09-24,Haarlem,KVKV,6,1,1720,1672,0.553,0.123,0.325,3,2,46.4,-108.8,190,318
1933-09-24,Hermes (G),HBS (B),0,2,1500,1639,0.300,0.108,0.592,3,4,-8.5,8.2,148,144
1933-09-24,KZ,Olympia (B),5,1,1936,1879,0.569,0.115,0.316,3,2,37.3,-38.0,179,181
1933-09-24,ODI (H),Oosten (R),6,1,1688,1276,0.907,0.039,0.054,6,1,9.2,-9.5,218,275
1933-09-24,ONA,PSV,1,7,1482,1661,0.256,0.097,0.646,3,5,-33.0,38.6,165,180
1933-09-24,OSCR,Velox,4,3,1691,1672,0.510,0.128,0.362,3,2,6.0,-6.6,148,156
1933-09-24,Olympiaan,Sperwers,2,2,1572,1415,0.697,0.101,0.202,3,1,-55.1,32.9,269,212
1933-09-24,Onder Ons,Hellas,2,4,1648,1737,0.365,0.114,0.522,3,4,-19.9,19.7,177,176
1933-09-24,Ons Eibernest,Deetos,1,2,1786,2112,0.123,0.072,0.805,1,5,28.7,-27.7,183,180
1933-09-24,Ons Huis (R),VIVA,4,4,1371,1568,0.233,0.099,0.668,2,4,36.2,-17.9,207,148
1933-09-24,Quick (D),TOV (D),4,2,1650,1570,0.598,0.117,0.285,3,2,17.3,-18.2,205,212
1933-09-24,Rapiditas,VADA,5,4,1565,1518,0.556,0.116,0.328,3,2,3.5,-3.6,195,205
1933-09-24,Ready (H),Spartaan,9,1,1452,1374,0.594,0.119,0.287,3,1,68.4,-71.5,224,230
1933-09-24,Rigtersbleek,DOS (E),1,5,1667,1817,0.282,0.117,0.600,1,3,-39.1,28.8,190,160
1933-09-24,Rozenburg,HSV,4,0,1787,2000,0.218,0.095,0.687,2,4,64.7,-88.0,158,185
1933-09-24,Thor (M),Advendo (V),1,2,1338,1578,0.204,0.063,0.733,7,10,18.5,-29.8,174,215
1933-09-24,Unilever,ADO (B),7,2,1711,1287,0.912,0.038,0.050,6,1,3.8,-3.8,196,197
1933-09-24,Vitesse (D),DOT (O),2,2,1137,1134,0.486,0.131,0.383,2,1,-5.1,9.2,175,231
1933-09-24,Volt,Breda,2,2,1520,1566,0.425,0.115,0.460,3,4,2.3,-2.2,194,191
1933-09-24,Vreewijk,Regenboog,2,1,1638,1693,0.410,0.121,0.469,2,3,18.1,-19.4,171,177
1933-09-24,WK,UDI (H),12,1,1900,1230,0.976,0.012,0.012,7,0,4.7,-5.1,181,192
1933-09-24,WWMD,Leeuwarden,5,2,1804,1734,0.586,0.116,0.298,3,2,30.1,-28.5,192,186
1933-09-24,ZKC '19,Moedig Voorwaarts,5,3,1490,1754,0.170,0.085,0.745,2,5,74.4,-79.4,193,199
1933-09-24,Zwart Wit,Wit Blauw,7,2,1603,1539,0.576,0.118,0.306,3,2,40.6,-45.4,172,183
1933-10-01,ADO (B),VDS,6,2,1285,1324,0.437,0.111,0.452,3,4,56.1,-47.7,191,175
1933-10-01,Achilles (H),Die Haghe,2,2,1748,1703,0.563,0.098,0.339,6,5,-16.0,14.9,207,200
1933-10-01,Advendo (V),Voordaan,0,2,1549,1461,0.630,0.076,0.294,9,7,-46.1,56.1,196,217
1933-10-01,Altius,Thor (M),5,2,1580,1358,0.768,0.086,0.146,4,1,5.8,-5.7,169,166
1933-10-01,Amsterdam Zuid,Volharding (A),4,2,1849,1736,0.645,0.106,0.249,4,2,5.7,-6.3,159,172
1933-10-01,Annen,KIOS (R),2,2,1591,1633,0.439,0.101,0.460,4,5,1.3,-1.1,184,166
1933-10-01,BKC²,Bredania,2,5,1314,1420,0.339,0.119,0.541,2,3,-40.8,41.2,211,212
1933-10-01,Baerne,Hercules,3,6,1621,1958,0.117,0.068,0.815,2,5,2.1,-1.2,176,159
1933-10-01,Be Quick,VADA,0,4,1603,1516,0.611,0.111,0.278,3,2,-79.3,76.8,189,186
1933-10-01,Blauw Wit,KZ,3,3,2009,1976,0.534,0.121,0.346,3,2,-7.5,10.7,141,167
1933-10-01,Breda,EMO,6,1,1565,1527,0.546,0.108,0.346,4,3,43.1,-45.2,175,180
1933-10-01,DED,ZKV (Za),3,4,1843,1624,0.763,0.089,0.148,3,0,-45.0,67.2,158,191
1933-10-01,DES (P),Hillegersberg,3,0,1284,1192,0.615,0.114,0.271,3,2,20.0,-23.1,161,175
1933-10-01,DOS (E),AKC (Al),10,2,1847,1648,0.746,0.088,0.166,4,1,24.1,-27.0,152,162
1933-10-01,DVD²,Westerkwartier,3,6,1879,1962,0.372,0.118,0.510,2,3,-26.0,27.6,151,156
1933-10-01,Dalto²,DVS (U),0,1,1500,1618,0.330,0.105,0.565,4,5,-0.6,0.6,175,175
1933-10-01,Deetos,DKC (De),5,2,2086,1732,0.876,0.050,0.074,6,1,-9.7,8.2,172,162
1933-10-01,Excelsior,Sportief,2,3,1821,1800,0.519,0.119,0.362,3,2,-22.0,20.0,161,154
1933-10-01,GKV,ALO,4,4,1795,1606,0.734,0.094,0.172,3,1,-33.5,43.8,179,203
1933-10-01,HKC (He),Zwart Wit,0,3,1534,1646,0.329,0.125,0.546,1,2,-24.7,27.5,152,161
1933-10-01,HKV,Rozenburg,2,1,2044,1854,0.734,0.093,0.172,3,1,-17.1,14.0,166,151
1933-10-01,HSV,Fluks,5,5,1913,1779,0.673,0.099,0.228,4,2,-25.9,25.4,172,170
1933-10-01,Hellas,EKCA,1,4,1759,1728,0.531,0.121,0.349,3,2,-47.3,50.9,164,170
1933-10-01,KIOL (Z),Excelsior (K),7,4,1144,1253,0.345,0.099,0.555,5,6,87.4,-80.5,270,258
1933-10-01,KIOS (R),Samen Een,3,2,1631,1648,0.475,0.100,0.425,6,5,8.0,-10.1,153,175
1933-10-01,KVD,Bilthoven,4,3,1771,1725,0.553,0.117,0.330,3,2,2.4,-2.2,167,155
1933-10-01,KVKV,KCN,5,3,1564,1628,0.397,0.120,0.483,2,3,60.8,-33.7,254,183
1933-10-01,Leeuwarden,Vitesse (Be),6,4,1706,1586,0.652,0.108,0.240,3,1,7.0,-8.0,172,196
1933-10-01,NASB,Rust Roest (E),5,3,1462,1378,0.608,0.107,0.285,4,3,11.7,-16.2,183,232
1933-10-01,Naas²,Achilles (A),2,3,1731,1660,0.590,0.110,0.300,4,3,-30.9,30.4,170,169
1933-10-01,Nic,WK,1,9,1723,1909,0.249,0.095,0.657,3,5,-37.0,42.7,167,181
1933-10-01,Olympia (B),DTV,9,5,1842,1853,0.472,0.122,0.406,4,3,44.4,-36.9,168,152
1933-10-01,Ons Clubje,ODIO,0,7,1404,1534,0.306,0.122,0.571,1,2,-48.0,82.6,179,245
1933-10-01,Oost Arnhem,Redichem,2,0,1337,1202,0.678,0.092,0.230,5,3,1.1,-1.1,175,175
1933-10-01,Oosterpark,Haarlem,5,2,1725,1769,0.424,0.124,0.452,2,3,32.9,-46.5,149,179
1933-10-01,PSV,Volt,4,4,1702,1523,0.727,0.086,0.187,5,2,-30.3,34.1,168,177
1933-10-01,Regenboog,OSCR,3,3,1674,1698,0.452,0.125,0.423,3,2,-1.5,1.1,164,141
1933-10-01,SAMOS,Amersfoort,5,1,1680,1414,0.805,0.080,0.114,3,0,12.1,-18.8,160,218
1933-10-01,Samen Een,Annen,3,1,1626,1592,0.536,0.117,0.347,4,3,22.1,-17.1,194,167
1933-10-01,Sperwers,Emma,3,3,1449,1495,0.420,0.123,0.457,2,3,2.2,-3.1,197,231
1933-10-01,Sport Vereent,Animo²,0,0,1525,1494,0.549,0.086,0.366,8,7,-13.3,13.8,216,219
1933-10-01,Swift,DDV,5,1,1873,1845,0.525,0.124,0.350,3,2,37.6,-33.7,163,154
1933-10-01,TCNH,Ons Buiten,2,0,1238,1548,0.135,0.075,0.790,2,5,138.5,-104.0,278,242
1933-10-01,TOP (D),Steeds Hooger,1,10,1222,1506,0.156,0.076,0.767,3,6,-29.5,43.6,175,221
1933-10-01,TOV (D),Schiedam,4,1,1553,1487,0.583,0.112,0.305,4,2,29.2,-36.5,192,220
1933-10-01,Tekace,ONA,1,6,1399,1450,0.414,0.124,0.462,2,3,-53.9,44.5,173,156
1933-10-01,Ter Gouw,Vreewijk,2,2,1665,1657,0.501,0.116,0.383,4,3,-8.8,5.4,201,159
1933-10-01,Trekvogels (R),Quick (D),1,3,1518,1669,0.279,0.121,0.600,1,2,-18.1,15.5,208,187
1933-10-01,UDI (H),WWMD,1,3,1226,1836,0.025,0.024,0.952,0,6,38.8,-31.9,192,177
1933-10-01,Union,Quick (Z),3,7,932,1284,0.112,0.055,0.832,4,8,-4.3,2.6,175,249
1933-10-01,ZKC (Zu),Rapiditas,7,3,1716,1571,0.682,0.105,0.212,3,1,24.2,-26.3,171,179
1933-10-01,Zeelandia,DOS (M),12,0,1865,1597,0.817,0.063,0.121,7,3,31.7,-28.1,200,187
1933-10-01,Zuiden (R),Ons Eibernest,6,0,1886,1816,0.583,0.121,0.296,3,1,32.0,-45.6,143,174
1933-10-01,Zwaluwen (H),Vogel,1,3,1636,1750,0.333,0.110,0.556,3,4,-14.5,12.7,168,156
1933-10-08,ALO,Rood Wit (H),4,1,1654,1555,0.621,0.118,0.261,2,1,26.6,-26.1,188,185
1933-10-08,Algemene (H),Klimop,2,5,1352,1456,0.347,0.109,0.544,3,4,-36.0,43.7,207,232
1933-10-08,Amersfoort,Zwaluwen (H),1,0,1399,1626,0.198,0.105,0.697,1,3,62.7,-37.2,203,157
1933-10-08,DDV,Olympia (B),3,4,1815,1892,0.380,0.117,0.503,2,3,-6.0,6.7,146,157
1933-10-08,DOT (O),PM,1,5,1149,1419,0.164,0.086,0.750,1,4,-22.7,25.7,204,222
1933-10-08,DTV,Blauw Wit,2,4,1821,2005,0.243,0.109,0.647,1,3,-4.7,4.3,144,135
1933-10-08,Dio,Leeuwarden,6,3,1667,1718,0.415,0.120,0.465,2,3,55.8,-37.6,202,163
1933-10-08,EKCA,'t Overschotje,4,1,1783,1568,0.759,0.090,0.151,3,0,7.3,-8.7,159,186
1933-10-08,EMO,Volt,0,2,1486,1562,0.379,0.123,0.498,2,3,-21.9,22.0,167,167
1933-10-08,Eendracht,DED,6,8,1986,1802,0.729,0.092,0.179,4,1,-47.8,53.5,145,153
1933-10-08,Excelsior (K),Dedemsvaart,5,3,1177,1133,0.563,0.092,0.345,7,6,17.4,-11.7,227,175
1933-10-08,Fluks,Deetos,1,3,1809,2081,0.163,0.083,0.753,2,5,5.6,-6.3,161,168
1933-10-08,Haarlem,Oosterkwartier (H),1,2,1726,1583,0.698,0.070,0.232,9,6,-32.8,54.0,165,210
1933-10-08,KCN,Oosterpark,5,8,1599,1763,0.270,0.106,0.624,2,4,-19.5,14.2,172,142
1933-10-08,KIOL (Z),KEV,4,5,1237,1167,0.594,0.099,0.307,6,4,-43.6,45.9,234,240
1933-10-08,KZ,DVD²,7,3,1990,1857,0.671,0.100,0.229,4,2,19.9,-17.3,155,143
1933-10-08,Madjoe (V),Zeevaartschool,2,2,1456,1519,0.401,0.116,0.484,3,4,3.8,-6.6,160,210
1933-10-08,Naas²,HKC (He),0,2,1704,1513,0.735,0.094,0.171,3,1,-59.7,48.7,160,144
1933-10-08,OJD,Advendo (V),0,5,1362,1506,0.308,0.077,0.615,7,9,-30.6,29.9,184,181
1933-10-08,OKC (A),TOP (D),4,1,1229,1196,0.537,0.112,0.351,4,3,29.7,-27.1,176,167
1933-10-08,ONA,Breda,7,3,1500,1613,0.335,0.108,0.557,3,4,46.1,-56.0,148,163
1933-10-08,OSCR,Spangen,3,0,1704,1759,0.405,0.130,0.465,1,2,30.1,-50.9,136,180
1933-10-08,Olympiaan,Emma,2,0,1522,1497,0.523,0.122,0.355,3,2,33.4,-26.2,236,203
1933-10-08,Ons Buiten,Oosten²,0,4,1447,1676,0.201,0.095,0.704,2,4,-33.1,31.5,223,216
1933-10-08,Ons Eibernest,HSV,1,3,1773,1891,0.325,0.115,0.560,2,3,-14.0,14.0,162,162
1933-10-08,Rapid (B),Oranje Wit (T),0,1,1427,1240,0.732,0.094,0.174,3,1,-68.7,62.5,216,206
1933-10-08,SGOC,SIOS (A),4,1,1114,912,0.746,0.093,0.161,3,1,26.8,-13.3,333,175
1933-10-08,Sportief (M),PZEM,0,5,1291,1433,0.299,0.104,0.598,3,5,-51.3,36.9,212,175
1933-10-08,Sportlust (U),De Tovers,1,3,1494,1134,0.877,0.054,0.070,4,0,-80.7,103.7,170,190
1933-10-08,TCNH,Algemeene,0,3,1381,1599,0.210,0.098,0.692,2,4,-24.0,14.6,247,173
1933-10-08,TOGO (A),Victoria (A),2,5,1457,1667,0.214,0.110,0.676,1,2,-19.2,22.1,180,197
1933-10-08,Vitesse (Be),Nic,2,2,1582,1690,0.334,0.126,0.540,1,2,12.9,-9.9,180,158
1933-10-08,Volharding (A),Excelsior,7,4,1733,1803,0.387,0.123,0.490,2,3,42.8,-38.1,161,151
1933-10-08,Voordaan,Thor (M),2,2,1521,1356,0.703,0.105,0.192,2,0,-38.6,25.0,195,159
1933-10-08,WWMD,WK,2,3,1809,1957,0.293,0.100,0.608,4,5,4.5,-4.0,175,169
1933-10-08,Westerkwartier,Swift,8,1,1994,1916,0.596,0.117,0.287,3,2,34.2,-36.8,147,153
1933-10-08,Zuiden (R),HKV,3,3,1922,2031,0.334,0.124,0.542,1,2,8.3,-10.9,138,158
1933-10-15,'t Overschotje,Onder Ons,5,0,1562,1637,0.382,0.120,0.498,2,3,63.8,-59.5,175,169
1933-10-15,AW,Eendracht,1,5,1792,1942,0.287,0.108,0.605,3,4,-25.7,21.5,155,140
1933-10-15,Achilles (H),HBS (H),2,2,1739,1683,0.577,0.097,0.326,6,5,-15.2,19.0,189,210
1933-10-15,Advendo (V),Wilskracht (B),3,0,1540,1515,0.551,0.066,0.384,15,13,14.6,-20.6,169,207
1933-10-15,Animo²,SVK,1,9,1515,1774,0.172,0.091,0.737,1,4,-39.9,29.2,199,166
1933-10-15,BEP,Victoria (A),10,2,1780,1692,0.610,0.111,0.278,3,2,53.0,-47.8,193,182
1933-10-15,BKC²,Rapid (B),1,2,1280,1361,0.371,0.125,0.504,1,2,-10.1,10.5,193,199
1933-10-15,Be Quick,EKCA,0,3,1531,1794,0.164,0.100,0.736,0,2,-11.9,9.7,177,153
1933-10-15,Blauw Wit,DDV,7,2,2013,1812,0.747,0.089,0.165,4,1,13.9,-15.4,131,139
1933-10-15,DED,LUTO,4,3,1860,1856,0.490,0.126,0.384,3,2,7.6,-7.8,147,149
1933-10-15,DKC (De),Fluks,1,2,1747,1817,0.387,0.125,0.488,2,3,-8.9,8.3,161,155
1933-10-15,DVD²,DTV,3,7,1843,1818,0.523,0.118,0.359,4,3,-41.5,41.7,139,139
1933-10-15,DVS (U),Desto,2,3,1625,1176,0.924,0.033,0.044,7,1,-63.8,118.7,165,218
1933-10-15,Dalto²,VOG,0,3,1506,1563,0.411,0.111,0.477,3,4,-31.9,35.3,165,175
1933-10-15,De Tovers,Sportlust (U),4,1,1241,1416,0.252,0.113,0.635,1,3,73.0,-59.7,184,166
1933-10-15,Deetos,HSV,7,2,2077,1908,0.717,0.086,0.197,5,3,20.7,-19.1,160,153
1933-10-15,Die Haghe,GKV,0,1,1724,1769,0.420,0.128,0.452,1,2,-15.9,13.9,185,172
1933-10-15,Excelsior,Bilthoven,9,2,1768,1730,0.544,0.115,0.341,4,3,36.9,-39.8,144,150
1933-10-15,Groen Zwart,Oranje Nassau (E),0,2,1383,1492,0.335,0.119,0.546,2,3,-25.4,25.9,216,219
1933-10-15,HKC (He),AKC (Al),2,3,1565,1628,0.391,0.134,0.475,1,2,-8.5,10.4,140,157
1933-10-15,HKV,Ons Eibernest,5,2,2023,1762,0.801,0.080,0.118,3,0,2.3,-2.4,149,153
1933-10-15,Hellas,Rapiditas,3,0,1718,1551,0.710,0.096,0.195,4,2,9.8,-11.1,157,170
1933-10-15,Hercules,Sportief,2,1,1965,1827,0.675,0.101,0.223,4,2,-10.0,8.8,157,148
1933-10-15,KVD,Baerne,3,2,1781,1630,0.692,0.096,0.212,4,2,-11.3,13.4,159,171
1933-10-15,Leeuwarden,UDI (H),3,0,1684,1272,0.906,0.041,0.053,6,1,-9.4,16.6,154,192
1933-10-15,OJD,Voordaan,6,1,1334,1485,0.277,0.122,0.600,1,2,74.1,-83.1,170,181
1933-10-15,Odis (A),Avanti²,1,5,1501,1786,0.152,0.083,0.765,1,4,-39.9,37.2,292,276
1933-10-15,Olympia (B),Westerkwartier,3,3,1902,2033,0.310,0.111,0.579,3,4,12.5,-11.4,148,141
1933-10-15,Oosterkwartier (H),KCN,3,2,1640,1583,0.588,0.079,0.333,9,8,-4.8,3.0,191,160
1933-10-15,PSV,EMO,0,2,1679,1466,0.764,0.077,0.159,6,2,-59.7,55.3,162,156
1933-10-15,PZEM,Sportief (M),5,2,1473,1242,0.782,0.074,0.144,6,2,1.8,-1.1,165,190
1933-10-15,Ready (H),Olympiaan,5,3,1531,1559,0.442,0.133,0.425,3,2,39.4,-40.0,205,207
1933-10-15,Rigtersbleek,Zwart Wit,1,2,1636,1681,0.418,0.133,0.449,1,2,-15.9,12.1,179,154
1933-10-15,Rozenburg,Zuiden (R),1,6,1874,1934,0.402,0.123,0.475,2,3,-41.3,33.5,149,133
1933-10-15,SIOS (A),Swift (E),1,6,901,1145,0.182,0.100,0.718,1,3,-26.3,27.8,169,175
1933-10-15,Schiedam,Trekvogels (R),1,1,1457,1507,0.415,0.125,0.460,1,2,3.1,-2.8,199,190
1933-10-15,Swift,KZ,3,4,1881,2014,0.303,0.119,0.578,2,3,0.1,-0.2,146,148
1933-10-15,TCNH,Oosten²,0,4,1359,1710,0.107,0.069,0.824,1,4,-13.9,12.6,217,198
1933-10-15,Ter Gouw,Regenboog,1,2,1663,1680,0.465,0.119,0.416,4,3,-19.8,14.6,183,156
1933-10-15,Unilever,VDS,9,1,1724,1283,0.920,0.035,0.046,6,1,12.7,-9.9,194,165
1933-10-15,VADA,ZKC (Zu),0,2,1600,1749,0.288,0.107,0.605,3,4,-10.3,9.3,175,164
1933-10-15,VIOS (H),Ons Huis (R),3,1,1530,1416,0.647,0.103,0.250,4,2,5.7,-6.9,161,192
1933-10-15,Velox,Spangen,3,1,1674,1710,0.430,0.132,0.437,1,2,25.8,-29.8,152,165
1933-10-15,Vitesse (Be),Dio,3,2,1598,1726,0.311,0.115,0.574,2,3,28.1,-33.4,166,181
1933-10-15,Wilskracht,Olympia '22,5,0,1355,1412,0.406,0.122,0.472,2,3,89.9,-108.0,236,262
1933-10-15,Wit Blauw,Naas²,0,9,1502,1646,0.292,0.113,0.595,2,3,-47.2,37.5,174,153
1933-10-15,Zeevaartschool,Volharding,6,2,1516,1407,0.638,0.106,0.256,4,2,31.7,-45.4,187,233
1933-10-22,Advendo (V),Altius,2,2,1555,1595,0.449,0.085,0.466,7,8,0.9,-1.0,159,166
1933-10-22,Baerne,Amsterdam Zuid,1,4,1644,1863,0.212,0.092,0.696,3,5,-9.8,9.3,162,156
1933-10-22,Bilthoven,Sportief,5,3,1691,1836,0.286,0.120,0.594,1,2,36.4,-36.6,142,143
1933-10-22,Bolnes,Unilever,4,5,1422,1739,0.130,0.072,0.798,2,5,26.9,-29.8,181,189
1933-10-22,Breda,PSV,4,3,1561,1619,0.412,0.105,0.483,4,5,14.7,-14.7,156,156
1933-10-22,Bredania,Oranje Wit (T),0,4,1470,1306,0.706,0.098,0.197,4,1,-98.4,96.3,196,194
1933-10-22,Concordia²,Groen Geel,3,3,1681,1525,0.689,0.112,0.199,2,0,-38.8,37.2,216,212
1933-10-22,DDV,DTV,1,11,1797,1862,0.394,0.124,0.482,2,3,-39.7,38.3,136,133
1933-10-22,DKAV,Oosterkwartier (A),6,3,1702,1294,0.901,0.047,0.052,4,-1,-5.1,15.6,175,244
1933-10-22,DOS (E),Naas²,1,0,1881,1686,0.744,0.084,0.172,5,2,-16.6,15.2,152,146
1933-10-22,DOS (M),Zeevaartschool,4,2,1577,1549,0.528,0.117,0.355,4,3,20.7,-19.4,182,175
1933-10-22,DVD²,Swift,3,1,1802,1882,0.374,0.121,0.505,2,3,24.3,-26.6,133,139
1933-10-22,District V,Amstelodamum,4,1,1755,1522,0.778,0.083,0.139,4,1,5.9,-6.1,177,187
1933-10-22,EKCA,Rapiditas,5,1,1804,1541,0.804,0.079,0.117,3,0,9.2,-10.4,148,161
1933-10-22,EMO,ONA,4,3,1522,1551,0.446,0.121,0.433,4,3,11.7,-10.7,151,144
1933-10-22,Excelsior,Hercules,3,3,1808,1955,0.291,0.104,0.605,3,5,12.7,-15.1,138,150
1933-10-22,Fluks,Rozenburg,2,4,1826,1833,0.474,0.125,0.401,3,2,-26.5,24.7,146,141
1933-10-22,GKV,Achilles (H),4,3,1784,1725,0.581,0.096,0.323,6,5,-1.5,2.0,160,175
1933-10-22,Groen Zwart (A),Zuiderkwartier³,2,4,1545,1707,0.271,0.107,0.622,2,4,-24.6,10.3,350,168
1933-10-22,HBS (H),Die Haghe,2,3,1703,1709,0.474,0.131,0.396,3,2,-24.3,19.8,189,170
1933-10-22,HBS (M),Sportief (M),2,2,1646,1241,0.903,0.040,0.056,6,1,-57.2,60.4,175,179
1933-10-22,HKC (He),Rigtersbleek,1,6,1557,1621,0.387,0.139,0.473,0,1,-35.1,50.8,135,165
1933-10-22,HSV,DKC (De),5,1,1890,1738,0.694,0.095,0.212,4,2,15.8,-16.6,147,151
1933-10-22,KVKV,Oosterpark,1,6,1634,1782,0.288,0.109,0.603,2,4,-55.7,25.2,220,140
1933-10-22,Klimop,'s Gravenhage,4,1,1504,1469,0.539,0.115,0.346,4,3,38.7,-41.6,207,217
1933-10-22,LUTO,AW,8,4,1849,1767,0.602,0.114,0.284,3,2,23.0,-24.7,142,147
1933-10-22,Madjoe (V),PZEM,9,0,1464,1476,0.474,0.112,0.414,5,4,49.7,-52.0,155,159
1933-10-22,OSCR,Vreewijk,4,3,1738,1671,0.581,0.116,0.303,3,2,-0.4,0.8,134,156
1933-10-22,Olympia '22,Noviomagum,1,1,1304,1511,0.221,0.103,0.676,1,3,40.0,-28.2,226,192
1933-10-22,Onder Ons,VADA,3,4,1577,1590,0.473,0.114,0.414,5,4,-15.3,16.2,158,163
1933-10-22,PM,Vitesse (D),7,1,1449,1141,0.843,0.062,0.095,5,1,22.0,-16.5,206,171
1933-10-22,ReadyTekca,DED,2,10,1654,1868,0.211,0.105,0.684,1,3,-43.5,25.2,190,140
1933-10-22,SGOC,Swift (E),3,1,1145,1175,0.441,0.129,0.430,3,2,61.2,-25.1,274,166
1933-10-22,Spangen,Ter Gouw,3,2,1681,1644,0.538,0.121,0.341,3,2,3.7,-4.1,154,168
1933-10-22,Spartaan,Sperwers,2,2,1312,1459,0.287,0.112,0.600,2,3,24.3,-18.5,211,185
1933-10-22,Sport,Vesta,3,6,1563,1773,0.217,0.102,0.681,1,3,-16.7,19.9,179,202
1933-10-22,Steeds Hooger,OKC (A),4,3,1559,1263,0.838,0.060,0.102,6,2,-43.5,26.6,206,166
1933-10-22,Stormers,HE,0,3,1329,1392,0.402,0.113,0.485,3,4,-45.3,53.8,212,234
1933-10-22,TOGO (A),BEP,3,10,1441,1836,0.086,0.056,0.858,1,5,-16.4,17.4,171,177
1933-10-22,Thor (M),Voordaan,3,2,1385,1403,0.455,0.134,0.411,2,1,11.9,-13.7,155,168
1933-10-22,Trekvogels (R),TOV (D),2,4,1504,1591,0.363,0.124,0.513,2,3,-22.1,23.8,175,182
1933-10-22,UDI (H),Nic,4,2,1288,1683,0.084,0.059,0.857,0,4,97.8,-63.7,186,152
1933-10-22,VOG,Desto,3,4,1599,1295,0.843,0.057,0.099,6,2,-51.5,90.8,162,211
1933-10-22,Victoria (A),Rohda (A),2,2,1645,1784,0.293,0.124,0.583,1,2,16.8,-13.2,169,151
1933-10-22,Volharding (A),KVD,2,5,1781,1770,0.500,0.125,0.375,3,2,-41.2,40.2,154,152
1933-10-22,WK,Leeuwarden,6,0,1957,1675,0.828,0.060,0.112,7,3,13.5,-12.4,161,152
1933-10-22,WWMD,Vitesse (Be),5,0,1817,1627,0.733,0.095,0.171,3,1,23.5,-21.3,166,157
1933-10-22,Westerkwartier,Blauw Wit,4,3,2022,2028,0.478,0.122,0.400,4,3,7.3,-6.7,136,129
1933-10-22,Wit Blauw,Achilles (A),2,3,1455,1699,0.187,0.092,0.722,2,4,15.0,-15.3,162,163
1933-10-22,ZKC (Zu),Be Quick,5,2,1759,1519,0.783,0.085,0.133,3,0,4.4,-4.7,155,167
1933-10-22,Zuiden (R),Deetos,1,2,1969,2100,0.310,0.109,0.581,3,4,0.7,-1.3,129,153
1933-10-22,Zwaluwen (H),SAMOS,1,1,1592,1701,0.330,0.127,0.542,1,2,10.1,-11.0,154,160
1933-10-22,Zwart Wit,AKC (Al),3,2,1693,1639,0.561,0.122,0.317,3,2,1.4,-1.4,146,148
1933-10-29,'t Overschotje,ZKC (Zu),2,2,1626,1762,0.300,0.117,0.583,2,3,15.7,-12.9,165,150
1933-10-29,AKC (Al),Wit Blauw,4,0,1636,1469,0.709,0.099,0.192,3,1,15.1,-17.6,141,155
1933-10-29,Achilles (A),DOS (E),0,1,1682,1863,0.251,0.101,0.648,3,4,7.6,-6.6,156,147
1933-10-29,Achilles (H),Rood Wit (H),4,0,1725,1531,0.748,0.076,0.176,6,3,11.3,-12.7,163,177
1933-10-29,Algemene (H),'s Gravenhage,1,3,1318,1425,0.340,0.116,0.544,2,3,-20.8,21.1,193,195
1933-10-29,Altius,OJD,5,0,1592,1408,0.728,0.094,0.178,3,1,21.0,-22.7,155,162
1933-10-29,Amsterdam Zuid,Bilthoven,4,6,1871,1726,0.687,0.096,0.218,4,2,-46.3,38.7,150,137
1933-10-29,DVD²,Blauw Wit,4,4,1825,2020,0.235,0.100,0.665,2,4,16.4,-15.6,129,125
1933-10-29,Dalto²,Desto,3,3,1473,1385,0.617,0.101,0.283,5,3,-15.4,24.9,158,199
1933-10-29,Dio,WK,1,9,1692,1970,0.163,0.073,0.764,3,7,-26.9,23.2,170,156
1933-10-29,Fortuna (A),Deska,0,6,1705,1953,0.180,0.097,0.723,1,3,-48.1,35.4,229,190
1933-10-29,Groen Zwart,GKC²,4,0,1356,1364,0.477,0.119,0.404,4,3,54.6,-51.7,197,191
1933-10-29,HSV,Zuiden (R),7,1,1905,1967,0.401,0.116,0.484,3,4,46.9,-37.3,142,126
1933-10-29,Haarlem,KCN,3,1,1696,1585,0.638,0.112,0.250,3,1,7.2,-6.8,162,155
1933-10-29,KEV,Oranje Zwart,3,1,1216,1404,0.245,0.097,0.658,3,5,64.3,-98.4,217,269
1933-10-29,KVD,Hercules,3,3,1810,1939,0.312,0.110,0.578,3,4,11.8,-11.5,144,143
1933-10-29,KZ,DTV,1,1,2014,1901,0.644,0.107,0.249,4,2,-18.3,14.5,144,129
1933-10-29,Kameraadschap,Ons Ploegje,2,3,1391,1413,0.452,0.129,0.418,3,2,-17.4,27.9,175,227
1933-10-29,Kwiek,District V,3,2,1470,1759,0.146,0.088,0.766,0,3,65.8,-51.1,190,169
1933-10-29,Naas²,Zwart Wit,8,2,1699,1693,0.496,0.121,0.384,3,2,38.6,-37.7,142,140
1933-10-29,Noviomagum,Wilskracht,1,1,1480,1445,0.533,0.126,0.340,2,1,-10.6,15.2,180,213
1933-10-29,ONA,Volt,2,1,1539,1586,0.419,0.124,0.458,2,3,12.1,-16.4,138,161
1933-10-29,OTO,Sport,6,1,1547,1545,0.488,0.124,0.388,3,2,53.8,-48.3,179,169
1933-10-29,Olympiaan,Spartaan,8,0,1518,1335,0.728,0.093,0.179,4,1,37.7,-38.1,189,190
1933-10-29,Ons Clubje,Markelo²,2,0,1363,1470,0.335,0.124,0.541,1,2,38.5,-78.8,175,257
1933-10-29,Ons Eibernest,Fluks,1,5,1759,1797,0.428,0.130,0.442,1,2,-41.4,35.6,151,139
1933-10-29,Oosten²,Algemeene,1,3,1723,1617,0.635,0.108,0.257,4,2,-61.0,48.5,190,169
1933-10-29,Rapiditas,Onder Ons,2,5,1528,1560,0.440,0.124,0.436,3,2,-35.5,32.7,156,149
1933-10-29,Rohda (A),TOGO (A),6,1,1769,1423,0.867,0.057,0.076,4,0,7.3,-9.0,144,166
1933-10-29,Sportief,Volharding (A),6,1,1798,1738,0.566,0.128,0.306,2,1,29.4,-32.8,137,146
1933-10-29,Sprotje,Rijssen Vooruit,4,1,1151,900,0.798,0.073,0.129,5,2,1.3,-3.4,242,175
1933-10-29,Swift,Olympia (B),1,1,1854,1914,0.401,0.121,0.477,2,3,2.9,-3.4,134,143
1933-10-29,Ter Gouw,Velox,4,1,1638,1699,0.400,0.122,0.478,2,3,39.4,-34.9,157,147
1933-10-29,Union,Dedemsvaart,0,6,935,1124,0.249,0.085,0.666,5,7,-32.7,30.5,176,169
1933-10-29,VADA,EKCA,1,3,1605,1812,0.221,0.100,0.679,2,4,-1.6,1.6,153,145
1933-10-29,VIVA,VIOS (H),3,0,1559,1535,0.523,0.119,0.359,3,2,26.0,-26.7,154,156
1933-10-29,Vitesse (Be),UDI (H),3,1,1603,1385,0.766,0.082,0.152,4,1,-5.3,8.7,151,179
1933-10-29,Wester,Odis (A),9,2,1656,1461,0.743,0.086,0.171,5,2,51.0,-58.1,238,259
1933-10-29,ZKV (Za),ReadyTekca,8,0,1698,1609,0.613,0.111,0.277,3,2,49.6,-45.1,186,176
1933-11-05,'t Overschotje,Be Quick,2,0,1644,1515,0.660,0.111,0.229,3,1,5.4,-5.7,155,163
1933-11-05,ALO,Achilles (H),0,4,1686,1739,0.420,0.103,0.477,4,5,-44.8,34.5,180,156
1933-11-05,BKC²,Oranje Wit (T),1,2,1271,1403,0.305,0.119,0.577,2,3,-0.7,0.6,181,183
1933-11-05,Be Fair,DION,7,4,1159,1200,0.435,0.110,0.455,3,4,39.5,-39.5,175,175
1933-11-05,Blauw Wit,Swift,3,3,2007,1858,0.687,0.103,0.210,3,1,-16.7,18.5,123,129
1933-11-05,DDV,KZ,4,4,1758,1997,0.190,0.095,0.716,1,4,21.3,-22.9,134,138
1933-11-05,DED,AW,6,2,1896,1743,0.691,0.103,0.205,3,1,16.1,-16.9,139,143
1933-11-05,DOS (M),Sportief (M),6,0,1599,1303,0.837,0.061,0.102,6,2,15.7,-16.7,170,177
1933-11-05,DOT (O),Vitesse (D),3,6,1131,1125,0.490,0.131,0.379,2,1,-61.3,46.2,196,169
1933-11-05,DTV,Westerkwartier,0,2,1917,2031,0.330,0.117,0.553,2,3,-9.5,10.5,126,133
1933-11-05,Dedemsvaart,KIOL (Z),1,2,1158,1199,0.438,0.104,0.458,4,5,-10.1,17.1,160,215
1933-11-05,EMO,Breda,1,4,1535,1577,0.432,0.113,0.455,3,4,-28.2,29.7,146,150
1933-11-05,Excelsior,Baerne,6,0,1821,1635,0.735,0.085,0.179,5,2,17.6,-22.5,136,156
1933-11-05,Fluks,Zuiden (R),3,2,1836,1932,0.351,0.122,0.527,2,3,17.6,-14.8,134,122
1933-11-05,GKV,HBS (H),2,2,1783,1679,0.630,0.112,0.257,3,1,-17.6,23.0,154,175
1933-11-05,HKV,HSV,0,3,2027,1955,0.592,0.110,0.298,4,2,-47.0,38.3,150,135
1933-11-05,Hellas,VADA,4,1,1730,1605,0.663,0.096,0.240,5,3,11.8,-10.8,155,146
1933-11-05,LUTO,ZKV (Za),6,2,1874,1752,0.659,0.101,0.240,4,2,17.1,-24.7,139,172
1933-11-05,Mercedes,Olympia '22,4,0,1359,1345,0.507,0.121,0.372,3,2,67.8,-53.7,235,205
1933-11-05,Moedig Voorwaarts,ZKC '19,5,4,1686,1576,0.642,0.102,0.256,4,2,-8.4,8.0,196,191
1933-11-05,Nic,Leeuwarden,5,1,1620,1663,0.422,0.131,0.447,1,2,43.5,-43.0,152,151
1933-11-05,Olympia (B),DVD²,3,8,1912,1844,0.588,0.106,0.305,4,3,-49.6,42.0,137,126
1933-11-05,Onder Ons,ZKC (Zu),2,4,1596,1751,0.279,0.109,0.612,2,4,-6.8,6.9,142,143
1933-11-05,Oosterkwartier (H),Oosterpark,0,4,1637,1809,0.275,0.074,0.651,7,10,-17.7,11.6,179,139
1933-11-05,PSV,ONA,2,1,1606,1553,0.568,0.106,0.326,5,3,-0.3,0.0,150,133
1933-11-05,Quick (Z),KEV,6,1,1297,1283,0.519,0.098,0.382,7,6,67.9,-51.6,234,200
1933-11-05,Ready (H),Emma,4,2,1573,1475,0.621,0.115,0.264,3,1,12.5,-12.6,190,192
1933-11-05,Rigtersbleek,Naas²,0,1,1673,1741,0.388,0.126,0.486,1,2,-8.8,6.9,156,136
1933-11-05,Rood Wit (H),Die Haghe,0,3,1520,1729,0.214,0.111,0.675,1,2,-16.6,15.6,167,161
1933-11-05,Sportief,KVD,6,4,1831,1824,0.497,0.121,0.382,3,2,14.7,-15.9,132,138
1933-11-05,Sportlust (U),HDS,3,1,1358,1258,0.629,0.104,0.267,4,3,8.7,-20.4,162,350
1933-11-05,Union,Oranje Zwart,2,3,904,1307,0.082,0.053,0.865,1,6,27.3,-60.5,165,233
1933-11-05,Volharding (A),Hercules,0,5,1707,1929,0.205,0.099,0.695,1,4,-19.4,18.8,139,137
1933-11-05,WK,Vitesse (Be),7,0,1997,1600,0.901,0.039,0.060,7,2,7.5,-7.1,151,146
1933-11-05,Wilskracht (B),Voordaan,1,3,1495,1390,0.651,0.077,0.272,8,6,-52.4,36.7,190,159
1933-11-05,Zwart Wit,DOS (E),1,2,1658,1858,0.229,0.100,0.671,2,4,7.6,-8.4,134,141
1933-11-12,AW,ReadyTekca,4,0,1727,1567,0.702,0.099,0.199,3,1,14.9,-20.4,139,167
1933-11-12,Avanti²,Wester,4,2,1827,1712,0.648,0.104,0.249,4,2,13.1,-11.5,252,219
1933-11-12,Be Quick,Rapiditas,2,1,1510,1496,0.500,0.133,0.367,2,1,7.7,-7.3,154,150
1933-11-12,Bilthoven,Volharding (A),2,4,1769,1688,0.598,0.119,0.283,2,1,-34.2,33.8,136,135
1933-11-12,DVD²,DDV,5,4,1888,1780,0.640,0.103,0.257,4,2,-4.7,5.4,123,131
1933-11-12,Dedemsvaart,Union,6,2,1148,932,0.772,0.068,0.160,8,4,6.4,-6.8,152,161
1933-11-12,Die Haghe,ALO,2,5,1746,1641,0.629,0.116,0.255,2,1,-54.0,62.5,154,166
1933-11-12,Dio,Nic,0,2,1668,1666,0.489,0.125,0.386,3,2,-34.0,26.6,164,144
1933-11-12,EKCA,Onder Ons,4,1,1818,1590,0.774,0.082,0.144,4,1,2.6,-2.5,143,137
1933-11-12,HKV,Fluks,5,0,1981,1854,0.657,0.110,0.232,3,1,24.1,-19.9,143,129
1933-11-12,Hercules,Amsterdam Zuid,9,3,1950,1829,0.659,0.096,0.245,5,3,22.1,-26.2,133,146
1933-11-12,KIOL (Z),Oranje Zwart,3,1,1216,1248,0.441,0.125,0.434,3,2,32.9,-42.0,190,218
1933-11-12,KZ,Westerkwartier,2,1,1976,2042,0.393,0.122,0.485,2,3,14.1,-12.9,135,129
1933-11-12,Naas²,Wit Blauw,4,2,1749,1454,0.834,0.065,0.101,5,1,-9.9,13.8,131,151
1933-11-12,Noviomagum,Mercedes,2,3,1473,1428,0.546,0.127,0.328,2,1,-26.7,39.0,170,207
1933-11-12,OSCA,VVGA,2,0,1648,1800,0.280,0.114,0.606,2,3,54.0,-66.8,190,212
1933-11-12,OSCR,Ter Gouw,4,2,1740,1681,0.571,0.114,0.315,3,2,9.5,-11.3,136,150
1933-11-12,OTO,Vesta,3,6,1605,1796,0.238,0.103,0.659,2,4,-16.2,19.6,168,190
1933-11-12,Olympia (B),Blauw Wit,0,4,1864,1991,0.313,0.112,0.575,3,4,-21.7,18.6,132,121
1933-11-12,Oranje Nassau (E),GKC²,4,1,1521,1315,0.755,0.084,0.162,5,2,7.9,-7.1,202,177
1933-11-12,Ready (H),Sperwers,5,0,1586,1443,0.679,0.106,0.215,3,1,32.0,-32.3,176,177
1933-11-12,Rohda (A),BEP,3,2,1781,1857,0.382,0.113,0.504,3,4,15.7,-22.7,145,176
1933-11-12,Rozenburg,DKC (De),2,1,1861,1724,0.674,0.103,0.223,4,2,-8.0,9.3,141,150
1933-11-12,Schiedam,Quick (D),1,9,1463,1695,0.195,0.098,0.707,1,4,-39.3,38.5,187,185
1933-11-12,Sparta (A)²,Concordia²,5,0,1551,1645,0.350,0.131,0.520,1,2,89.0,-83.4,209,202
1933-11-12,Sport Vereent,SVK,2,7,1522,1807,0.162,0.058,0.780,6,11,-13.0,10.1,204,166
1933-11-12,Swift,DTV,4,4,1878,1908,0.442,0.127,0.431,3,2,-0.4,0.4,126,123
1933-11-12,UDI (H),WK,2,5,1397,2006,0.026,0.020,0.954,2,9,25.4,-18.4,172,150
1933-11-12,VADA,'t Overschotje,3,6,1595,1650,0.411,0.118,0.471,2,3,-26.1,28.7,141,148
1933-11-12,Volharding,Madjoe (V),0,2,1365,1517,0.285,0.105,0.610,3,4,-12.5,7.8,212,151
1933-11-12,Volt,PSV,0,5,1573,1606,0.443,0.116,0.441,4,3,-45.6,39.5,154,142
1933-11-12,ZKC (Zu),Hellas,3,1,1760,1743,0.512,0.118,0.370,4,3,14.2,-16.1,138,148
1933-11-12,ZKV (Za),Eendracht,2,7,1728,1967,0.193,0.088,0.719,2,5,-21.3,17.4,161,144
1933-11-12,Zeelandia,Zeevaartschool,0,2,1909,1532,0.891,0.042,0.066,7,2,-108.7,75.2,199,168
1933-11-19,'t Overschotje,Hellas,1,3,1679,1726,0.421,0.121,0.458,2,3,-19.4,19.3,141,141
1933-11-19,ADO (A),Merwede (D),1,3,1433,1413,0.513,0.125,0.362,3,2,-58.6,56.5,232,227
1933-11-19,Achilles (H),GKV,4,2,1775,1767,0.509,0.102,0.389,6,5,14.7,-14.6,151,150
1933-11-19,Amstelodamum,District V,5,4,1518,1712,0.233,0.108,0.659,1,3,46.1,-37.9,184,167
1933-11-19,Amsterdam Zuid,Sportief,1,5,1803,1847,0.426,0.118,0.456,2,3,-33.9,29.7,140,131
1933-11-19,Bolnes,VDS,8,1,1451,1276,0.722,0.089,0.189,5,2,33.4,-31.2,179,173
1933-11-19,Breda,Volt,2,2,1608,1527,0.605,0.107,0.288,4,3,-14.2,14.2,145,145
1933-11-19,DOS (M),Madjoe (V),4,3,1616,1525,0.620,0.103,0.277,4,3,-5.6,4.0,167,146
1933-11-19,HBS (H),Rood Wit (H),3,1,1703,1504,0.742,0.096,0.163,3,0,-2.4,2.1,166,161
1933-11-19,HSV,Rozenburg,2,1,1994,1852,0.683,0.095,0.221,5,2,-8.8,9.2,134,136
1933-11-19,Hercules,Excelsior,3,2,1973,1841,0.673,0.094,0.233,5,3,-7.8,8.6,130,136
1933-11-19,Hillegersberg,DES (P),1,2,1179,1315,0.299,0.119,0.582,2,3,0.2,0.0,177,167
1933-11-19,LUTO,ReadyTekca,12,1,1894,1545,0.871,0.053,0.076,5,1,11.4,-14.4,138,158
1933-11-19,Moedig Voorwaarts,KIOS (R),3,4,1679,1650,0.538,0.100,0.362,6,5,-25.6,19.9,183,160
1933-11-19,Olympia (B),KZ,4,4,1841,1990,0.288,0.110,0.603,2,4,11.6,-12.0,128,130
1933-11-19,Onder Ons,Be Quick,5,1,1587,1517,0.584,0.118,0.298,3,2,22.5,-26.3,134,146
1933-11-19,Ons Eibernest,Zuiden (R),3,6,1721,1918,0.229,0.109,0.663,1,3,-13.4,9.7,148,123
1933-11-19,Oosten (R),ODI (H),2,0,1279,1711,0.070,0.047,0.883,1,6,164.9,-109.5,267,222
1933-11-19,Oosterkwartier (H),KVKV,3,2,1620,1580,0.562,0.083,0.355,8,7,-0.3,1.1,168,200
1933-11-19,Oranje Zwart,Quick (Z),8,3,1205,1367,0.273,0.104,0.623,3,4,86.7,-98.8,194,207
1933-11-19,Regenboog,Vreewijk,2,3,1698,1674,0.521,0.119,0.359,3,2,-21.4,20.7,158,155
1933-11-19,Rigtersbleek,AKC (Al),1,1,1665,1655,0.494,0.134,0.372,2,1,-5.7,5.2,149,143
1933-11-19,Rood Wit,ZKC '19,3,0,1578,1586,0.478,0.118,0.404,4,3,40.0,-37.7,185,179
1933-11-19,Spartaan,Ready (H),1,6,1299,1619,0.126,0.078,0.796,1,4,-19.9,17.0,183,166
1933-11-19,Steeds Hooger,TOP (D),9,1,1519,1175,0.870,0.050,0.080,6,2,21.2,-16.1,200,169
1933-11-19,Swift (E),SGOC,2,2,1152,1209,0.402,0.129,0.469,1,2,3.0,-6.1,165,232
1933-11-19,TOV (D),Quick (D),1,0,1617,1735,0.323,0.118,0.558,2,3,29.5,-29.0,175,173
1933-11-19,UVO,TOP (Hg),1,2,1307,1258,0.554,0.124,0.322,2,1,-35.1,38.2,198,207
1933-11-19,VIOS (H),ENCK,2,1,1511,1187,0.854,0.060,0.086,4,0,-25.7,34.9,153,175
1933-11-19,WWMD,Dio,3,4,1843,1634,0.756,0.087,0.157,4,1,-50.5,43.4,165,154
1933-11-19,Westerkwartier,DDV,7,1,2029,1786,0.789,0.078,0.134,4,1,12.0,-12.4,125,127
1933-11-19,Wit Blauw,Zwart Wit,0,0,1467,1666,0.229,0.105,0.666,2,3,21.1,-17.1,148,134
1933-11-19,ZKC (Zu),VADA,3,0,1774,1569,0.754,0.083,0.163,5,2,2.8,-2.9,133,135
1933-11-19,Zeevaartschool,PZEM,4,1,1606,1426,0.728,0.088,0.184,5,2,7.5,-7.0,165,157
1933-11-26,ADO (B),Unilever,2,4,1353,1713,0.105,0.060,0.835,2,6,19.0,-18.7,189,188
1933-11-26,ALO,GKV,2,1,1705,1753,0.417,0.128,0.455,1,2,16.2,-13.3,158,143
1933-11-26,Amersfoort,SAMOS,2,1,1468,1693,0.199,0.108,0.693,0,2,59.9,-39.2,198,161
1933-11-26,DDV,Swift,2,6,1774,1879,0.340,0.122,0.538,2,3,-23.2,23.2,126,126
1933-11-26,DOS (E),Wit Blauw,7,0,1852,1488,0.880,0.050,0.070,5,1,9.3,-9.4,142,142
1933-11-26,DTV,Olympia (B),2,2,1909,1854,0.568,0.113,0.319,4,3,-8.6,8.8,123,125
1933-11-26,Deetos,HKV,7,2,2102,2006,0.622,0.108,0.270,4,2,29.7,-25.0,155,141
1933-11-26,Die Haghe,Achilles (H),2,1,1693,1791,0.358,0.102,0.539,4,5,19.1,-17.5,149,143
1933-11-26,EWW,Madjoe (V),1,9,1347,1529,0.251,0.098,0.651,3,5,-56.0,27.1,211,140
1933-11-26,Emma,Sperwers,2,1,1464,1411,0.562,0.118,0.320,3,2,1.9,-1.9,182,169
1933-11-26,Fluks,HSV,4,3,1835,1986,0.285,0.108,0.607,2,4,21.5,-21.9,129,130
1933-11-26,HDS,De Tovers,3,1,1240,1318,0.375,0.123,0.502,2,3,73.4,-35.2,271,181
1933-11-26,KIOL (Z),Quick (Z),5,0,1250,1269,0.468,0.107,0.425,5,4,51.4,-57.3,178,189
1933-11-26,KVD,Amsterdam Zuid,3,9,1810,1769,0.550,0.110,0.340,4,3,-49.7,47.1,138,134
1933-11-26,KZ,Blauw Wit,2,0,1979,2011,0.440,0.123,0.437,4,3,17.7,-16.5,126,122
1933-11-26,Maccabi,TOP (Hg),1,0,1213,1296,0.366,0.129,0.505,1,2,24.3,-27.6,175,187
1933-11-26,Naas²,AKC (Al),1,1,1740,1661,0.598,0.115,0.287,3,2,-12.2,12.9,133,137
1933-11-26,Odis (A),Wester,1,0,1407,1701,0.146,0.078,0.776,2,5,87.0,-62.8,236,202
1933-11-26,Ons Buiten,TCNH,0,0,1421,1349,0.589,0.113,0.297,3,2,-21.7,21.4,214,213
1933-11-26,Oosterpark,Oosterkwartier (H),5,1,1823,1620,0.764,0.061,0.175,10,6,3.3,-3.6,140,159
1933-11-26,Rohda (A),Victoria (A),4,1,1797,1665,0.663,0.111,0.225,3,1,13.1,-17.3,142,168
1933-11-26,Rozenburg,Ons Eibernest,2,2,1862,1708,0.692,0.103,0.205,3,1,-19.2,22.1,132,142
1933-11-26,Schiedam,TOV (D),2,6,1424,1647,0.206,0.096,0.698,2,4,-22.3,19.4,177,163
1933-11-26,VADA,Be Quick,1,0,1566,1491,0.592,0.115,0.293,3,2,-1.4,1.6,132,140
1933-11-26,VIVA,Ons Huis (R),8,8,1590,1413,0.724,0.089,0.187,5,2,-25.1,38.3,153,187
1933-11-26,Velox,OSCR,3,3,1669,1750,0.369,0.126,0.505,1,2,6.4,-5.2,148,134
1933-11-26,Volharding (A),Sportief,1,6,1723,1878,0.274,0.121,0.606,1,2,-25.3,23.0,134,127
1933-11-26,Westerkwartier,DVD²,1,2,2042,1885,0.702,0.093,0.206,5,2,-26.6,26.5,124,124
1933-11-26,Zuiden (R),DKC (De),6,0,1929,1733,0.742,0.090,0.168,4,1,14.4,-20.4,121,147
1933-11-26,Zwart Wit,HKC (He),1,0,1649,1524,0.654,0.113,0.233,3,1,-5.4,6.6,130,142
1933-12-03,'t Overschotje,EKCA,1,1,1661,1822,0.269,0.115,0.616,1,3,14.3,-15.8,138,144
1933-12-03,AKC (Al),Zwart Wit,2,3,1674,1644,0.528,0.124,0.348,3,2,-17.5,16.3,132,127
1933-12-03,AW,ZKV (Za),2,3,1744,1708,0.540,0.117,0.343,4,3,-18.8,23.7,140,158
1933-12-03,DVD²,KZ,1,2,1912,1997,0.371,0.113,0.515,3,4,-3.3,3.4,122,123
1933-12-03,EWW,Sportief (M),4,1,1291,1288,0.498,0.111,0.391,5,4,37.5,-33.2,190,177
1933-12-03,Emma,Spartaan,1,0,1467,1280,0.733,0.089,0.178,4,2,-16.7,18.5,168,176
1933-12-03,Grasshoppers,Treffers,0,16,900,1766,0.005,0.008,0.987,-2,5,-2.4,2.6,175,187
1933-12-03,HKC (He),DOS (E),1,0,1532,1862,0.120,0.073,0.807,1,4,40.8,-43.4,137,141
1933-12-03,HSV,Deetos,0,2,1965,2132,0.270,0.097,0.633,4,5,-3.1,3.7,127,147
1933-12-03,LUTO,Eendracht,1,1,1909,1987,0.384,0.107,0.509,4,5,5.2,-5.6,140,145
1933-12-03,Onder Ons,Rapiditas,4,4,1611,1490,0.656,0.104,0.240,4,2,-16.0,20.0,133,148
1933-12-03,Ons Eibernest,DKC (De),3,1,1731,1714,0.510,0.125,0.366,3,2,15.1,-16.0,137,142
1933-12-03,Oosterkwartier (A),DKAV,1,7,1314,1702,0.087,0.062,0.851,0,4,-28.8,19.2,239,182
1933-12-03,Oranje Wit (T),Bredania,2,1,1406,1374,0.533,0.120,0.347,3,2,5.3,-6.0,176,192
1933-12-03,Regenboog,Velox,1,0,1678,1676,0.489,0.123,0.387,3,2,7.9,-6.9,151,141
1933-12-03,Swift,Westerkwartier,2,2,1903,2016,0.329,0.118,0.552,2,3,7.7,-7.6,123,122
1933-12-03,Vogel,Zwaluwen (H),1,0,1775,1605,0.717,0.089,0.194,5,2,-16.0,14.1,167,158
1933-12-03,Wilskracht,Mercedes,1,0,1465,1469,0.480,0.125,0.394,3,2,13.7,-12.7,198,190
1933-12-03,Wit Blauw,Rigtersbleek,1,1,1480,1660,0.247,0.114,0.640,1,3,17.0,-17.9,141,145
1933-12-03,Zeevaartschool,DOS (M),0,6,1616,1612,0.494,0.116,0.389,4,3,-57.0,56.9,159,159
1933-12-03,Zuiden (R),Rozenburg,2,1,1944,1843,0.629,0.108,0.263,4,2,-3.7,4.4,120,129
1933-12-24,Blauw Wit,DVD²,7,3,1995,1909,0.612,0.106,0.282,4,3,17.7,-16.9,128,125
1933-12-24,Excelsior (K),KEV,1,1,1203,1233,0.456,0.097,0.447,7,6,-0.7,0.6,218,196
1933-12-24,Excelsior,Amsterdam Zuid,4,6,1851,1817,0.543,0.105,0.352,5,4,-27.9,26.3,143,138
1933-12-24,HKV,Zuiden (R),3,2,1982,1941,0.545,0.121,0.335,3,2,2.4,-2.0,144,124
1933-12-24,Maccabi,UVO,0,0,1238,1273,0.435,0.128,0.437,1,2,0.1,-0.1,170,189
1933-12-24,Spangen,OSCR,1,3,1688,1746,0.403,0.128,0.470,1,2,-25.5,18.2,166,138
1933-12-31,Rood Wit (T),NASB (B),6,2,1461,1240,0.774,0.073,0.152,6,3,10.9,-10.9,175,175
1934-01-07,Achilles (H),Vreewijk,2,1,1775,1697,0.607,0.093,0.299,6,5,-4.0,4.8,150,162
1934-01-07,Algemeene,Ons Buiten,3,0,1671,1401,0.815,0.068,0.116,5,1,-0.1,1.5,180,203
1934-01-07,Amsterdam Zuid,Vesta,2,4,1844,1819,0.529,0.108,0.363,5,4,-23.3,44.1,136,190
1934-01-07,Avanti²,Odis (A),6,0,1842,1496,0.871,0.053,0.077,5,1,23.8,-22.5,233,224
1934-01-07,Blauw Wit,Hercules,2,0,2014,1968,0.556,0.111,0.333,4,3,9.0,-11.0,128,143
1934-01-07,Bredania,Rapid (B),2,2,1369,1377,0.476,0.122,0.402,3,2,-4.3,5.3,184,203
1934-01-07,DED,ZKV (Za),6,2,1917,1732,0.731,0.091,0.179,4,2,15.1,-15.6,156,159
1934-01-07,DTV,Sportief,4,1,1902,1903,0.486,0.122,0.392,3,2,23.7,-24.9,135,138
1934-01-07,ECJC,Rust Roest (E),2,0,1549,1375,0.720,0.090,0.190,5,2,-0.7,-0.0,239,228
1934-01-07,Excelsior,Volharding (A),4,2,1824,1699,0.660,0.102,0.238,4,2,2.8,-2.8,139,143
1934-01-07,HKC (He),Wit Blauw,1,1,1573,1498,0.592,0.119,0.290,3,1,-13.5,13.8,145,147
1934-01-07,HKV,DKC (De),3,2,1985,1698,0.826,0.070,0.105,4,1,-20.7,22.9,140,147
1934-01-07,Olympia (B),KZ,2,5,1864,2001,0.303,0.110,0.588,3,4,-15.7,14.8,136,132
1934-01-07,Rapiditas,ZKC (Zu),1,4,1511,1779,0.164,0.089,0.746,1,4,-5.9,5.7,152,147
1934-01-07,Rood Wit (H),GKV,0,4,1508,1741,0.193,0.101,0.706,1,3,-21.2,17.5,168,150
1934-01-07,Rozenburg,HSV,2,0,1849,1963,0.332,0.111,0.557,3,4,28.8,-28.0,137,136
1934-01-07,SAMOS,KVD,1,3,1655,1762,0.338,0.119,0.543,2,3,-16.8,13.5,166,146
1934-01-07,SIOS (A),SGOC,2,1,880,1205,0.122,0.078,0.800,1,4,62.1,-83.2,185,212
1934-01-07,Swift,DVD²,4,8,1911,1893,0.516,0.116,0.368,4,3,-37.4,33.9,132,125
1934-01-07,Volt,ONA,6,0,1543,1556,0.468,0.123,0.409,3,2,47.3,-44.9,155,150
1934-01-07,Westerkwartier,LUTO,7,3,2010,1915,0.623,0.104,0.273,4,3,17.6,-21.0,131,145
1934-01-07,Zwart Wit,Naas²,3,2,1661,1729,0.391,0.120,0.489,2,3,14.1,-15.6,136,143
1934-01-14,Be Quick,Onder Ons,0,1,1494,1596,0.344,0.121,0.535,2,3,-3.6,3.3,150,143
1934-01-14,De Tovers,HDS,0,3,1285,1315,0.444,0.122,0.433,4,3,-43.0,67.6,184,237
1934-01-14,Naas²,DOS (E),2,1,1714,1819,0.343,0.113,0.544,3,4,17.8,-21.8,136,151
1934-01-14,SVK,Animo²,9,1,1821,1480,0.866,0.055,0.079,5,1,18.8,-24.2,178,208
1934-01-14,VIOS (Wo),ECJC,1,6,1471,1548,0.377,0.123,0.499,2,3,-66.2,68.8,211,216
1934-01-14,Volharding (A),Haarlem,4,2,1696,1709,0.463,0.133,0.403,2,1,19.1,-29.9,138,176
1934-01-21,'s Gravenhage,Algemene (H),1,5,1452,1303,0.691,0.096,0.213,4,2,-96.6,95.7,200,199
1934-01-21,ALO,HBS (H),4,4,1723,1703,0.514,0.124,0.362,3,2,-7.9,9.1,165,176
1934-01-21,AW,Amstelodamum,2,0,1726,1567,0.700,0.099,0.200,3,1,1.3,-0.5,151,188
1934-01-21,Achilles (A),Naas²,1,6,1695,1732,0.437,0.118,0.445,2,3,-56.6,33.6,174,132
1934-01-21,Algemeene,Oosten²,0,0,1671,1667,0.494,0.120,0.386,4,3,-5.8,7.5,175,198
1934-01-21,Baerne,Volharding (A),2,2,1615,1715,0.346,0.122,0.532,2,3,11.5,-6.7,173,133
1934-01-21,Be Quick,ZKC (Zu),1,3,1491,1785,0.143,0.087,0.770,0,3,5.1,-5.3,143,145
1934-01-21,Blauw Wit,DTV,5,1,2023,1926,0.624,0.109,0.268,4,2,17.4,-18.6,128,133
1934-01-21,DOS (E),Zwart Wit,4,0,1797,1675,0.657,0.103,0.240,4,2,18.6,-16.4,143,134
1934-01-21,De Kweek,Phoenix (Z),3,1,1673,1502,0.715,0.096,0.190,4,1,5.5,-5.9,275,263
1934-01-21,Deetos,Zuiden (R),7,3,2137,1940,0.747,0.083,0.170,5,2,11.7,-8.8,156,131
1934-01-21,Deska,Fortuna (A),5,3,1995,1662,0.860,0.059,0.081,4,0,-18.7,25.7,201,226
1934-01-21,EKCA,Hellas,4,1,1807,1748,0.571,0.116,0.313,3,2,21.8,-22.2,154,156
1934-01-21,Fluks,DKC (De),4,2,1858,1721,0.673,0.103,0.224,4,2,2.4,-2.4,145,146
1934-01-21,HSV,Ons Eibernest,5,3,1935,1747,0.735,0.088,0.177,4,2,-3.0,4.0,134,148
1934-01-21,NASB,ECJC,2,2,1487,1617,0.310,0.116,0.574,2,3,18.6,-17.1,202,194
1934-01-21,OEC,SVA,3,2,1544,1494,0.565,0.104,0.331,5,4,0.5,-0.5,175,175
1934-01-21,OSCR,Regenboog,2,1,1765,1686,0.598,0.113,0.289,3,2,-1.8,2.5,141,158
1934-01-21,Olympia (B),DDV,2,0,1849,1752,0.625,0.105,0.270,4,3,4.9,-5.3,134,142
1934-01-21,Onder Ons,'t Overschotje,2,3,1600,1676,0.381,0.118,0.501,2,3,-5.5,6.3,137,149
1934-01-21,PM,DOT (O),4,0,1477,1074,0.902,0.042,0.056,6,1,-2.5,1.1,217,198
1934-01-21,Quick (Z),Oranje Zwart,10,2,1213,1295,0.376,0.112,0.512,3,4,78.0,-84.1,188,195
1934-01-21,Rigtersbleek,HKC (He),1,2,1643,1560,0.597,0.126,0.277,2,1,-31.0,26.2,154,142
1934-01-21,Rood Wit (H),Achilles (H),0,3,1486,1771,0.157,0.073,0.770,3,6,-0.2,0.6,162,146
1934-01-21,Spangen,Velox,3,1,1664,1670,0.475,0.130,0.395,3,2,24.0,-21.1,162,151
1934-01-21,Sport Vereent (W),Avance,10,1,1193,929,0.813,0.064,0.123,6,3,24.3,-24.3,175,175
1934-01-21,Sport,OTO,8,2,1502,1591,0.362,0.120,0.517,2,3,74.1,-71.6,182,179
1934-01-21,Sportief,Amsterdam Zuid,2,3,1878,1821,0.572,0.109,0.319,4,3,-20.1,19.9,136,135
1934-01-21,Swift,DVD²,4,4,1874,1927,0.415,0.117,0.469,2,3,2.1,-1.9,130,125
1934-01-21,TOP (D),OKC (A),3,4,1161,1294,0.309,0.107,0.584,3,4,1.0,-1.2,182,188
1934-01-21,Vreewijk,Ter Gouw,4,1,1702,1672,0.533,0.114,0.353,4,3,24.4,-27.4,155,165
1934-01-21,Wit Blauw,AKC (Al),6,0,1511,1658,0.287,0.116,0.596,2,3,58.4,-59.2,143,144
1934-01-21,ZKV (Za),DED,3,2,1717,1932,0.213,0.099,0.688,2,4,37.3,-36.0,155,152
1934-01-28,Algemeene,TCNH,14,0,1668,1375,0.833,0.065,0.102,5,1,20.3,-30.4,163,208
1934-01-28,Bilthoven,Excelsior,5,4,1740,1829,0.366,0.113,0.522,3,4,20.8,-16.6,158,140
1934-01-28,DDV,Westerkwartier,6,7,1750,2030,0.156,0.083,0.760,1,4,15.3,-14.5,137,134
1934-01-28,DED,ReadyTekca,17,1,1899,1536,0.879,0.052,0.069,5,0,12.1,-16.6,146,175
1934-01-28,DTV,KZ,0,4,1910,2019,0.337,0.117,0.546,2,3,-23.0,24.7,129,133
1934-01-28,EKCA,VADA,4,2,1832,1569,0.808,0.072,0.120,5,1,-9.9,10.6,146,150
1934-01-28,Eendracht,ZKV (Za),7,4,1985,1757,0.780,0.074,0.146,6,2,0.4,-0.6,156,148
1934-01-28,Groen Geel,Concordia²,1,1,1570,1566,0.486,0.136,0.377,2,1,-8.4,7.2,219,203
1934-01-28,HBS (H),GKV,2,4,1715,1761,0.420,0.125,0.455,1,2,-25.9,22.0,164,150
1934-01-28,HKV,Deetos,0,3,1967,2151,0.247,0.102,0.650,2,4,-12.1,13.0,143,150
1934-01-28,Hellas,Onder Ons,3,1,1729,1597,0.671,0.097,0.232,5,3,1.2,-1.3,147,132
1934-01-28,KVD,Sportief,2,5,1778,1861,0.373,0.118,0.509,2,3,-24.9,20.5,145,131
1934-01-28,Naas²,Rigtersbleek,7,0,1768,1615,0.692,0.102,0.205,3,1,20.5,-26.3,128,147
1934-01-28,Oranje Zwart,KIOL (Z),4,2,1214,1306,0.359,0.119,0.522,2,3,40.0,-41.8,178,182
1934-01-28,Victoria (A),TOGO (A),2,5,1652,1423,0.774,0.085,0.141,3,1,-84.4,96.7,176,188
1934-02-04,Amsterdam Zuid,Hercules,6,3,1844,1960,0.333,0.105,0.563,4,5,33.4,-39.3,133,145
1934-02-04,DDV,Blauw Wit,3,6,1765,2043,0.158,0.083,0.759,2,5,-2.5,2.4,134,128
1934-02-04,DTV,DVD²,4,4,1887,1928,0.434,0.115,0.452,3,4,0.6,-0.6,125,125
1934-02-04,District V,Kwiek,4,0,1679,1545,0.669,0.106,0.225,3,1,27.9,-34.4,180,205
1934-02-04,Emma,Olympiaan,0,4,1454,1566,0.331,0.118,0.551,2,3,-38.8,48.9,178,203
1934-02-04,Excelsior,KVD,4,3,1813,1753,0.577,0.106,0.317,5,3,-0.9,0.9,135,139
1934-02-04,Ons Eibernest,HKV,1,3,1754,1955,0.225,0.108,0.667,1,3,-3.5,3.3,146,138
1934-02-04,Oosterpark,KVKV,12,2,1831,1586,0.793,0.075,0.132,5,1,23.0,-34.0,160,201
1934-02-04,ReadyTekca,ZKV (Za),2,8,1519,1756,0.194,0.091,0.715,2,4,-29.0,21.5,171,144
1934-02-04,Rood Wit (H),HBS (H),0,1,1489,1689,0.226,0.110,0.665,1,3,8.4,-7.8,158,153
1934-02-04,Rust Roest (E),VIOS (Wo),3,4,1378,1407,0.449,0.116,0.435,4,3,-21.1,17.9,213,195
1934-02-04,Sportief,Bilthoven,8,2,1881,1761,0.654,0.105,0.241,4,2,21.3,-28.3,127,148
1934-02-04,VOG,DVS (U),0,3,1555,1570,0.471,0.113,0.417,5,4,-47.0,50.0,189,195
1934-02-04,Volharding (A),Sport Vereent,10,0,1712,1514,0.758,0.064,0.178,9,5,18.3,-41.1,132,210
1934-02-04,Wester,Avanti²,2,6,1643,1869,0.204,0.094,0.702,2,4,-28.9,32.6,208,225
1934-02-04,Westerkwartier,Olympia (B),14,4,2016,1856,0.704,0.092,0.204,5,2,21.9,-22.5,131,133
1934-02-11,AKC (Al),DOS (E),2,5,1602,1819,0.211,0.099,0.690,2,4,-9.6,9.6,144,143
1934-02-11,AW,LUTO,4,2,1730,1897,0.268,0.105,0.628,3,4,40.2,-39.5,151,149
1934-02-11,Achilles (A),Rigtersbleek,0,2,1641,1589,0.560,0.121,0.319,3,2,-42.4,32.5,165,144
1934-02-11,Achilles (H),ALO,1,2,1774,1718,0.577,0.099,0.324,6,4,-21.4,25.1,148,160
1934-02-11,Advendo (V),Thor (M),4,1,1564,1405,0.717,0.068,0.215,10,6,2.4,-2.4,184,182
1934-02-11,Bilthoven,DVD²,2,2,1732,1927,0.237,0.097,0.666,3,5,19.7,-14.2,142,121
1934-02-11,Blauw Wit,Westerkwartier,3,3,2046,2040,0.500,0.115,0.386,4,3,-4.1,4.2,126,128
1934-02-11,Concordia²,Sparta (A)²,2,5,1573,1646,0.381,0.130,0.489,1,2,-41.1,50.7,188,211
1934-02-11,DKC (De),Rozenburg,1,3,1722,1880,0.275,0.111,0.614,2,3,-7.3,7.1,146,143
1934-02-11,Deetos,Fluks,4,2,2164,1863,0.841,0.060,0.099,6,2,-13.9,13.7,146,145
1934-02-11,Eendracht,ReadyTekca,7,3,1986,1490,0.939,0.027,0.033,7,1,-7.6,8.7,153,161
1934-02-11,HKC (He),Naas²,3,4,1589,1789,0.228,0.104,0.668,2,3,8.2,-6.5,142,129
1934-02-11,Hellas,Be Quick,3,1,1730,1499,0.778,0.082,0.140,4,1,-6.4,6.5,144,145
1934-02-11,Hercules,Volharding (A),5,4,1920,1732,0.735,0.090,0.175,4,1,-13.6,11.9,138,131
1934-02-11,KCN,Oosterkwartier (H),2,3,1587,1621,0.456,0.086,0.457,7,8,-11.5,11.0,180,175
1934-02-11,KEV,Excelsior (K),1,5,1238,1206,0.545,0.095,0.359,7,6,-61.2,69.7,192,206
1934-02-11,KVD,Excelsior,4,3,1754,1812,0.410,0.112,0.478,3,4,12.0,-11.5,133,130
1934-02-11,KZ,DDV,8,3,2044,1763,0.824,0.067,0.110,5,1,7.8,-7.8,132,131
1934-02-11,ODIO,Ons Clubje,4,0,1634,1410,0.770,0.085,0.146,4,1,27.6,-20.4,243,195
1934-02-11,ODO²,ADO (A),6,1,1586,1379,0.756,0.084,0.161,4,2,68.0,-36.7,350,225
1934-02-11,OJD,Altius,0,8,1394,1623,0.199,0.097,0.703,1,4,-39.6,37.8,186,182
1934-02-11,Olympia '22,Wilskracht,4,3,1297,1483,0.245,0.105,0.651,2,4,52.7,-45.9,212,198
1934-02-11,Olympia (B),Swift,3,1,1834,1879,0.425,0.119,0.456,2,3,19.2,-19.7,130,132
1934-02-11,Olympiaan,Ready (H),1,3,1615,1642,0.447,0.126,0.427,3,2,-34.2,34.2,184,184
1934-02-11,Quick (Z),KIOL (Z),1,2,1294,1265,0.539,0.102,0.359,6,5,-24.5,22.8,177,171
1934-02-11,Rust Roest (E),NASB,3,1,1357,1509,0.285,0.106,0.609,3,4,54.1,-52.4,191,188
1934-02-11,Trekvogels (R),Schiedam,3,3,1490,1406,0.605,0.113,0.282,3,2,-21.8,20.3,195,188
1934-02-11,VADA,Rapiditas,2,0,1580,1508,0.592,0.110,0.298,4,3,9.1,-9.9,149,157
1934-02-11,VDS,ADO (B),1,2,1250,1377,0.318,0.104,0.578,4,5,0.3,-0.7,188,201
1934-02-11,Vesta,Sport,5,2,1866,1579,0.828,0.065,0.106,5,1,-2.9,2.3,181,173
1934-02-11,Voordaan,Wilskracht (B),1,3,1433,1449,0.482,0.088,0.431,8,7,-25.7,31.1,181,201
1934-02-11,Vreewijk,Velox,3,0,1729,1652,0.597,0.114,0.289,3,2,19.1,-18.3,152,148
1934-02-11,ZKC (Zu),Onder Ons,7,2,1782,1596,0.734,0.088,0.178,4,2,17.3,-14.4,146,132
1934-02-11,Zuiden (R),HSV,3,1,1934,1935,0.490,0.114,0.396,4,3,14.8,-15.2,134,137
1934-02-18,AW,Sport,3,0,1771,1581,0.736,0.091,0.174,4,1,6.4,-7.8,144,167
1934-02-18,Algemeene,Indo,8,0,1688,942,0.985,0.008,0.008,10,1,0.5,0.4,164,219
1934-02-18,Amsterdam Zuid,Concordia²,9,0,1866,1532,0.862,0.056,0.081,5,1,9.9,-17.5,125,173
1934-02-18,Animo²,Sport Vereent,3,3,1459,1472,0.485,0.090,0.425,8,7,-4.3,3.8,205,195
1934-02-18,Baerne,KVD,4,5,1630,1766,0.303,0.110,0.587,3,4,2.1,-0.9,167,129
1934-02-18,Bilthoven,Hercules,4,5,1751,1907,0.280,0.106,0.613,3,4,3.5,-3.4,137,135
1934-02-18,Blauw Wit,Sparta (A)²,8,1,2042,1697,0.870,0.053,0.077,5,1,8.2,-17.1,123,190
1934-02-18,Bredania,BKC²,6,1,1368,1277,0.615,0.111,0.273,3,2,39.6,-45.9,181,197
1934-02-18,DDV,DVD²,3,2,1754,1912,0.279,0.103,0.618,3,5,22.4,-18.9,130,120
1934-02-18,DED,Eendracht,4,3,1911,1979,0.397,0.110,0.493,3,4,15.5,-16.1,150,153
1934-02-18,DOS (E),Achilles (A),8,0,1829,1598,0.780,0.077,0.143,5,2,17.7,-21.5,139,155
1934-02-18,Deetos,Ons Eibernest,5,2,2151,1750,0.901,0.042,0.057,6,1,-9.6,9.6,143,143
1934-02-18,EWW,Zeelandia,1,14,1333,1805,0.057,0.038,0.905,2,8,-18.3,21.5,194,216
1934-02-18,Fortuna (A),OSCA,0,5,1691,1734,0.429,0.117,0.454,2,3,-76.3,60.0,218,191
1934-02-18,GKV,Die Haghe,2,3,1783,1716,0.580,0.119,0.301,3,2,-24.6,32.0,148,169
1934-02-18,Groen Zwart (A),TCNH,2,0,1528,1344,0.731,0.090,0.180,4,2,-4.6,-1.7,291,200
1934-02-18,HBS (H),Achilles (H),3,4,1681,1752,0.394,0.105,0.501,4,5,-5.6,5.1,149,141
1934-02-18,Haarlem,Oosterpark,4,2,1682,1856,0.257,0.108,0.635,2,3,52.0,-44.1,171,157
1934-02-18,Hellas,ZKC (Zu),2,2,1723,1800,0.381,0.117,0.502,2,3,5.1,-5.2,141,142
1934-02-18,Hercules,KCN,4,4,1904,1575,0.860,0.055,0.085,5,1,-28.9,50.8,128,166
1934-02-18,KKK,DED,1,9,909,1927,0.002,0.003,0.995,-1,8,0.7,-0.3,175,140
1934-02-18,KZ,Swift,7,2,2052,1858,0.740,0.089,0.170,4,1,14.0,-13.4,131,127
1934-02-18,LUTO,Odis (A),7,0,1851,1476,0.889,0.046,0.066,6,1,8.5,-18.5,134,221
1934-02-18,Madjoe (V),Zeevaartschool,2,2,1561,1562,0.490,0.113,0.396,4,3,-4.8,5.4,164,174
1934-02-18,OSCA,Kameraadschap,10,2,1707,1383,0.854,0.061,0.085,4,0,25.3,-24.1,202,196
1934-02-18,Olympia '22,Mercedes,0,1,1350,1460,0.335,0.117,0.548,2,3,-4.3,4.3,193,195
1934-02-18,Ons Ploegje,Victoria (A),1,4,1450,1568,0.321,0.125,0.554,1,2,-46.0,29.1,226,173
1934-02-18,Oosterpark,Volharding (A),3,1,1812,1753,0.571,0.115,0.314,3,2,11.0,-7.9,147,122
1934-02-18,Oriento,Vesta,3,2,1670,1864,0.238,0.098,0.664,3,4,79.2,-33.2,267,174
1934-02-18,Rapiditas,EKCA,1,6,1497,1822,0.121,0.079,0.800,0,3,-13.7,13.6,148,148
1934-02-18,Redichem,Oost Arnhem,0,2,1216,1354,0.305,0.102,0.593,4,5,-14.1,14.1,204,204
1934-02-18,Rood Wit,KIOS (R),4,0,1623,1675,0.422,0.103,0.475,4,5,57.5,-49.1,195,179
1934-02-18,Rozenburg,HKV,1,3,1887,1958,0.385,0.126,0.489,1,2,-16.8,16.6,138,137
1934-02-18,SVK,District V,6,0,1843,1707,0.677,0.095,0.228,5,3,36.0,-32.8,181,172
1934-02-18,Spartaan,Olympiaan,2,3,1303,1580,0.158,0.085,0.757,1,4,23.8,-18.9,188,170
1934-02-18,Sportief (M),PZEM,1,2,1258,1424,0.271,0.101,0.628,3,5,6.9,-6.1,187,178
1934-02-18,Sportief,Excelsior,4,2,1903,1800,0.634,0.103,0.263,4,3,3.5,-3.5,127,126
1934-02-18,Swift (E),SIOS (A),10,1,1159,945,0.761,0.087,0.152,4,1,32.6,-33.8,184,187
1934-02-18,Swift,Eendracht,10,0,1844,1962,0.328,0.111,0.561,3,4,43.4,-58.1,122,142
1934-02-18,TOV (D),Trekvogels (R),3,1,1671,1468,0.750,0.088,0.162,4,1,-4.7,4.6,180,179
1934-02-18,Unilever,Bolnes,5,0,1699,1491,0.759,0.080,0.161,5,2,26.6,-25.1,202,194
1934-02-18,Union,KIOL (Z),1,11,930,1287,0.108,0.059,0.833,3,7,-24.4,19.1,184,160
1934-02-18,VOG,Dalto²,2,1,1507,1467,0.551,0.109,0.340,4,3,2.5,-2.6,176,185
1934-02-18,Velox,Regenboog,5,2,1632,1692,0.401,0.125,0.474,1,2,33.1,-40.2,142,157
1934-02-18,Volharding (A),Amsterdam Zuid,2,2,1744,1877,0.307,0.109,0.584,3,4,10.2,-10.8,128,132
1934-02-18,Volt,EMO,3,4,1593,1513,0.600,0.114,0.286,3,2,-29.1,34.6,159,173
1934-02-18,Wester,DKAV,7,0,1613,1725,0.334,0.116,0.550,2,3,87.0,-89.5,194,197
1934-02-18,Westerkwartier,DTV,6,3,2044,1888,0.700,0.094,0.206,4,2,6.0,-6.0,125,125
1934-02-18,ZKV (Za),LUTO,3,3,1779,1857,0.383,0.111,0.506,3,4,5.3,-5.4,143,143
1934-02-18,Zuiden (R),PSV,9,1,1948,1652,0.838,0.059,0.102,6,2,11.7,-18.4,130,169
1934-02-18,Zuiderkwartier³,Oosten²,9,1,1726,1678,0.557,0.116,0.327,3,2,61.1,-55.3,196,186
1934-02-18,Zwart Wit,Rigtersbleek,4,1,1662,1621,0.541,0.128,0.331,2,1,21.8,-21.7,138,138
1934-02-25,Achilles (A),AKC (Al),5,4,1575,1591,0.464,0.124,0.412,3,2,10.1,-9.1,150,142
1934-02-25,Advendo (V),OJD,11,0,1566,1353,0.775,0.060,0.166,10,6,29.1,-29.6,175,177
1934-02-25,Amsterdam Zuid,KVD,6,2,1877,1766,0.649,0.095,0.255,5,3,13.6,-13.7,125,126
1934-02-25,Baerne,Bilthoven,2,0,1632,1755,0.320,0.114,0.567,2,4,38.0,-27.6,156,132
1934-02-25,DION,Be Fair,2,2,1167,1206,0.440,0.108,0.452,4,5,0.8,-0.8,194,194
1934-02-25,DKC (De),Deetos,4,5,1714,2141,0.072,0.049,0.879,1,6,27.5,-27.5,143,143
1934-02-25,DOS (E),Rigtersbleek,4,1,1847,1598,0.795,0.078,0.127,4,1,0.9,-0.9,136,133
1934-02-25,DOS (M),Sportief (M),5,2,1673,1265,0.906,0.040,0.055,6,1,-14.4,13.8,176,173
1934-02-25,DTV,Swift,2,5,1882,1889,0.477,0.122,0.401,3,2,-26.2,25.1,123,120
1934-02-25,DVD²,Olympia (B),4,2,1893,1853,0.550,0.108,0.341,4,3,7.8,-9.2,118,129
1934-02-25,HDS,Sportlust (U),3,0,1385,1373,0.509,0.113,0.378,4,3,44.4,-35.9,215,190
1934-02-25,Hellas,'t Overschotje,3,0,1728,1685,0.550,0.116,0.334,3,2,18.5,-23.0,135,152
1934-02-25,KEV,Union,11,0,1176,905,0.821,0.059,0.120,7,3,25.2,-24.6,179,176
1934-02-25,KIOL (Z),Dedemsvaart,4,1,1308,1161,0.696,0.084,0.220,6,4,7.6,-9.1,156,180
1934-02-25,Madjoe (V),PZEM,7,2,1556,1417,0.682,0.092,0.225,5,3,22.7,-26.0,154,167
1934-02-25,Mercedes,Noviomagum,3,1,1463,1451,0.502,0.128,0.370,3,2,24.6,-27.5,179,190
1934-02-25,Ons Eibernest,Rozenburg,4,0,1759,1869,0.333,0.121,0.547,2,3,47.0,-40.8,142,132
1934-02-25,Oosten²,TCNH,11,0,1621,1342,0.821,0.070,0.108,4,1,23.1,-27.0,172,189
1934-02-25,Oosterkwartier (H),Haarlem,2,2,1632,1734,0.361,0.087,0.552,6,8,10.3,-9.6,165,160
1934-02-25,Quick (Z),Excelsior (K),4,4,1269,1276,0.491,0.098,0.412,7,6,-4.0,5.2,167,188
1934-02-25,ReadyTekca,LUTO,3,12,1498,1860,0.103,0.061,0.835,2,6,-18.6,13.2,163,134
1934-02-25,Regenboog,Ter Gouw,4,2,1651,1648,0.495,0.117,0.388,4,3,17.3,-20.9,148,164
1934-02-25,Rood Wit (H),ALO,3,2,1496,1743,0.181,0.100,0.719,1,3,42.3,-41.2,155,153
1934-02-25,SVK,Treffers,4,2,1879,1772,0.652,0.080,0.268,8,6,1.4,-0.6,169,209
1934-02-25,Spangen,Vreewijk,2,3,1691,1748,0.405,0.125,0.470,1,2,-10.8,9.2,161,147
1934-02-25,Sperwers,Olympiaan,3,2,1413,1561,0.287,0.114,0.599,2,3,38.3,-29.6,185,162
1934-02-25,Sportief,Hercules,4,2,1907,1875,0.536,0.115,0.349,4,3,10.2,-10.7,124,128
1934-02-25,Thor (M),Altius,2,1,1401,1662,0.171,0.091,0.737,1,4,50.4,-50.4,173,173
1934-02-25,Vesta,OTO,3,4,1830,1522,0.844,0.061,0.095,5,1,-59.1,66.4,166,175
1934-02-25,Victoria (A),BEP,1,7,1597,1839,0.190,0.089,0.721,2,4,-26.1,34.7,163,192
1934-02-25,Vogel,Amersfoort,4,0,1763,1533,0.780,0.077,0.143,5,2,14.2,-16.5,183,206
1934-02-25,Voordaan,OJD,2,2,1406,1322,0.600,0.124,0.276,2,1,-18.5,17.4,170,166
1934-02-25,ZKC (Zu),EKCA,1,4,1794,1836,0.427,0.125,0.447,1,2,-27.3,30.8,136,145
1934-02-25,Zeevaartschool,EWW,5,3,1567,1314,0.802,0.072,0.127,5,2,-9.7,14.7,161,189
1934-03-04,ADO (A),ODO²,1,2,1341,1654,0.132,0.076,0.791,1,4,24.8,-51.8,215,290
1934-03-04,AW,OSCA,1,4,1777,1794,0.462,0.124,0.413,3,2,-31.5,47.6,143,178
1934-03-04,Achilles (A),HKC (He),1,5,1586,1597,0.470,0.127,0.403,3,2,-40.0,40.3,142,142
1934-03-04,Amsterdam Zuid,Baerne,3,1,1891,1669,0.774,0.075,0.151,6,2,-5.8,9.1,123,147
1934-03-04,Blauw Wit,KZ,6,2,2051,2067,0.467,0.119,0.414,4,3,27.4,-29.4,126,131
1934-03-04,Breda,ONA,5,0,1599,1514,0.612,0.103,0.285,5,3,35.6,-31.2,173,160
1934-03-04,DED,Westerkwartier,4,5,1927,2050,0.324,0.106,0.571,4,5,0.6,-0.3,145,126
1934-03-04,DKC (De),HSV,2,4,1741,1918,0.256,0.103,0.641,2,4,-4.0,3.8,142,137
1934-03-04,DTV,KVD,4,2,1855,1751,0.634,0.107,0.260,4,2,3.6,-3.7,120,123
1934-03-04,Deska,Sparta (A)²,7,3,1979,1653,0.854,0.062,0.084,4,0,8.0,-6.9,202,170
1934-03-04,Die Haghe,Rood Wit (H),2,1,1748,1538,0.753,0.094,0.153,3,0,-17.6,15.0,160,149
1934-03-04,Fluks,Ons Eibernest,2,3,1876,1806,0.586,0.118,0.296,3,2,-26.3,22.4,148,136
1934-03-04,KCN,Vogel,2,2,1626,1777,0.287,0.104,0.609,3,5,16.8,-19.0,164,174
1934-03-04,KIOS (R),ZKC '19,5,1,1625,1552,0.603,0.093,0.305,7,5,25.6,-33.0,169,196
1934-03-04,KVKV,Oosterkwartier (H),6,2,1552,1642,0.377,0.087,0.535,7,8,60.2,-39.5,194,155
1934-03-04,Klimop,Algemene (H),3,0,1550,1402,0.694,0.091,0.215,5,3,17.7,-15.0,222,195
1934-03-04,LUTO,Oriento,2,5,1875,1748,0.668,0.095,0.237,5,3,-36.4,107.8,133,230
1934-03-04,Markelo²,ODIO,2,4,1399,1661,0.172,0.086,0.742,2,5,5.0,-2.7,246,223
1934-03-04,Noviomagum,Olympia '22,0,0,1423,1345,0.597,0.116,0.287,3,2,-17.7,18.9,174,179
1934-03-04,OJD,Thor (M),1,8,1339,1451,0.329,0.125,0.545,1,2,-42.3,46.4,156,164
1934-03-04,OKC (A),Steeds Hooger,1,3,1296,1546,0.184,0.084,0.732,3,5,3.0,-6.0,184,218
1934-03-04,Onder Ons,EKCA,1,3,1581,1867,0.151,0.084,0.765,1,4,5.2,-5.4,135,138
1934-03-04,Ons Huis (R),VIOS (H),0,0,1455,1490,0.440,0.118,0.442,2,3,0.1,-0.1,201,182
1934-03-04,Oranje Wit (T),BKC²,2,0,1415,1230,0.730,0.094,0.176,3,1,-1.6,1.2,190,183
1934-03-04,Oranje Zwart,KEV,1,4,1254,1203,0.565,0.110,0.325,4,3,-53.7,51.9,174,171
1934-03-04,PZEM,Zeelandia,0,10,1390,1829,0.069,0.043,0.888,2,7,-13.7,21.5,158,209
1934-03-04,Quick (D),Trekvogels (R),1,1,1711,1471,0.784,0.084,0.133,3,0,-48.4,38.1,192,172
1934-03-04,Rapiditas,Be Quick,2,1,1482,1504,0.450,0.135,0.415,2,1,11.5,-11.4,147,146
1934-03-04,ReadyTekca,Eendracht,1,6,1479,1903,0.074,0.049,0.877,1,6,-4.6,4.0,158,139
1934-03-04,Regenboog,Spangen,3,1,1668,1679,0.469,0.128,0.402,3,2,19.3,-21.9,141,151
1934-03-04,Rozenburg,Deetos,1,3,1828,2114,0.152,0.081,0.767,2,5,5.2,-6.7,128,142
1934-03-04,Sparta (A)²,Groen Geel,1,1,1679,1562,0.648,0.110,0.243,3,1,-24.6,30.1,184,203
1934-03-04,TOGO (A),Rohda (A),0,5,1519,1814,0.144,0.083,0.773,1,4,-23.2,19.9,186,170
1934-03-04,UDI (H),Vitesse (Be),3,3,1427,1599,0.261,0.107,0.632,2,4,27.2,-22.0,202,182
1934-03-04,UNA (L),Sparta (Ze),0,2,1682,1621,0.575,0.118,0.308,3,2,-62.1,63.5,218,221
1934-03-04,UVO,Maccabi,2,2,1276,1242,0.533,0.127,0.340,2,1,-12.8,11.2,192,179
1934-03-04,Union,Excelsior (K),1,1,880,1281,0.086,0.047,0.866,3,8,48.5,-50.4,169,172
1934-03-04,VADA,Hellas,2,1,1588,1746,0.279,0.105,0.617,3,4,27.8,-21.7,148,131
1934-03-04,VDS,Unilever,2,4,1249,1726,0.055,0.040,0.905,1,6,26.6,-31.1,178,190
1934-03-04,Vesta,SVK,6,6,1771,1880,0.339,0.111,0.550,3,4,10.9,-10.8,161,160
1934-03-04,Voordaan,Altius,0,4,1387,1610,0.202,0.107,0.691,0,2,-21.6,22.6,160,164
1934-03-04,WK,Nic,4,0,1993,1697,0.838,0.060,0.102,6,2,4.7,-4.6,184,175
1934-03-04,Wilskracht (B),Advendo (V),1,3,1480,1597,0.350,0.067,0.582,12,14,-5.0,4.4,186,166
1934-03-04,Wit Blauw,DOS (E),0,3,1572,1848,0.160,0.083,0.756,2,5,-3.6,3.2,151,134
1934-03-04,ZKC (Zu),'t Overschotje,2,2,1766,1661,0.633,0.111,0.256,3,2,-14.2,17.4,131,144
1934-03-04,Zuiderkwartier³,Groen Zwart (A),4,1,1788,1523,0.811,0.070,0.119,5,1,2.6,0.8,181,250
1934-03-11,AKC (Al),Rigtersbleek,1,1,1580,1594,0.461,0.136,0.403,2,1,-2.4,2.3,138,134
1934-03-11,ALO,Die Haghe,2,2,1699,1728,0.442,0.131,0.427,3,2,-0.7,0.8,150,154
1934-03-11,BEP,Groen Geel,9,1,1873,1589,0.827,0.065,0.108,5,1,23.5,-24.6,181,186
1934-03-11,Desto,Dalto²,7,2,1417,1461,0.431,0.111,0.458,3,4,77.7,-53.1,215,175
1934-03-11,EKCA,Be Quick,9,1,1859,1490,0.880,0.055,0.065,3,-1,9.5,-10.1,135,140
1934-03-11,ENCK,Ons Huis (R),0,2,1225,1453,0.203,0.093,0.704,2,4,0.1,0.6,200,182
1934-03-11,Eendracht,AW,6,6,1906,1742,0.708,0.093,0.199,4,2,-21.9,21.6,138,137
1934-03-11,Emma,Ready (H),1,11,1412,1674,0.169,0.093,0.738,1,3,-32.6,32.9,175,176
1934-03-11,Excelsior (K),Union,10,0,1228,926,0.845,0.054,0.101,7,3,19.2,-18.7,167,165
1934-03-11,Fluks,OSCR,7,2,1847,1764,0.604,0.115,0.281,3,2,27.1,-30.9,141,151
1934-03-11,GKC²,Groen Zwart,4,1,1310,1418,0.340,0.116,0.544,2,3,63.6,-71.1,202,214
1934-03-11,HSV,HKV,1,1,1920,1972,0.414,0.122,0.464,2,3,1.9,-2.1,133,137
1934-03-11,Hercules,KVD,6,3,1862,1745,0.652,0.101,0.247,4,2,9.3,-8.5,127,121
1934-03-11,KEV,KIOL (Z),2,0,1253,1313,0.410,0.107,0.483,4,5,27.1,-24.5,160,152
1934-03-11,KVKV,Haarlem,3,3,1610,1722,0.330,0.125,0.545,1,2,13.1,-9.9,176,154
1934-03-11,LUTO,DED,4,5,1836,1926,0.369,0.107,0.525,4,5,-2.9,3.1,130,138
1934-03-11,Moedig Voorwaarts,Rood Wit,1,3,1656,1678,0.455,0.126,0.419,3,2,-40.1,34.1,199,182
1934-03-11,Nic,Dio,6,4,1689,1680,0.500,0.124,0.376,3,2,22.0,-25.4,168,183
1934-03-11,Ons Buiten,Algemeene,0,5,1403,1688,0.153,0.083,0.764,1,4,-28.5,20.7,207,169
1934-03-11,Oosterpark,KCN,6,2,1820,1640,0.728,0.089,0.183,4,2,12.9,-14.4,146,155
1934-03-11,Oranje Zwart,Dedemsvaart,4,3,1197,1149,0.563,0.108,0.329,4,3,0.9,-0.8,163,170
1934-03-11,PZEM,Zeevaartschool,3,1,1374,1556,0.250,0.105,0.646,2,4,44.5,-46.2,155,159
1934-03-11,Quick (D),Schiedam,6,0,1659,1424,0.783,0.080,0.137,4,1,25.3,-25.2,181,181
1934-03-11,Rijssen Vooruit,Sprotje,4,8,903,1159,0.177,0.087,0.736,2,5,-24.4,32.1,205,249
1934-03-11,SAMOS,Vogel,2,1,1639,1755,0.328,0.115,0.557,2,3,28.7,-25.3,173,163
1934-03-11,Sparta (Ze),UNA (L),3,0,1681,1617,0.578,0.118,0.304,3,2,33.1,-32.6,199,197
1934-03-11,Sportief (M),EWW,0,2,1276,1326,0.421,0.114,0.465,3,4,-24.6,27.0,172,181
1934-03-11,Sportief,Baerne,15,1,1915,1676,0.786,0.079,0.135,4,1,14.7,-18.9,125,143
1934-03-11,VIOS (H),VIVA,2,1,1487,1567,0.376,0.120,0.504,2,3,21.3,-24.3,169,180
1934-03-11,Vesta,Deska,1,1,1780,1986,0.222,0.106,0.673,1,3,20.2,-33.1,152,192
1934-03-11,Volharding (A),Bilthoven,6,5,1742,1724,0.511,0.126,0.363,3,2,4.3,-4.7,126,131
1934-03-11,WK,WWMD,2,0,1996,1796,0.752,0.080,0.168,5,2,-6.4,8.0,176,191
1934-03-11,Wit Blauw,HKC (He),4,2,1566,1635,0.387,0.128,0.485,1,2,28.1,-24.7,146,136
1934-03-11,Zwaluwen (H),Amersfoort,4,2,1621,1513,0.633,0.117,0.250,2,1,11.1,-12.1,181,194
1934-03-11,Zwart Wit,Achilles (A),3,2,1681,1543,0.677,0.102,0.221,4,2,-8.5,8.1,139,136
1934-03-18,AW,DED,0,0,1762,1927,0.271,0.103,0.626,3,4,14.1,-14.0,134,133
1934-03-18,Baerne,Excelsior,0,5,1654,1792,0.302,0.109,0.589,3,4,-27.1,24.4,140,132
1934-03-18,Die Haghe,HBS (H),1,1,1726,1670,0.563,0.124,0.312,2,1,-11.2,11.8,145,149
1934-03-18,GKC²,OKO,2,1,1372,1195,0.726,0.087,0.187,5,2,-16.2,25.3,184,222
1934-03-18,NASB (B),Rood Wit (T),2,0,1228,1471,0.191,0.084,0.724,3,6,67.1,-67.1,188,188
1934-03-18,Ons Eibernest,Zuiden (R),3,3,1824,1957,0.305,0.116,0.578,2,3,10.9,-11.3,135,137
1934-03-18,Oranje Wit (T),Rapid (B),7,0,1409,1381,0.526,0.124,0.349,3,2,54.6,-66.4,180,201
1934-03-18,Oranje Zwart,Union,6,0,1196,904,0.833,0.064,0.102,5,1,13.6,-14.6,153,160
1934-03-18,PM,Steeds Hooger,2,5,1473,1536,0.405,0.110,0.485,3,4,-48.4,41.1,220,201
1934-03-18,Velox,Rozenburg,0,3,1661,1828,0.263,0.115,0.622,1,3,-16.1,13.4,144,130
1934-03-18,Westerkwartier,Bilthoven,6,4,2046,1718,0.859,0.056,0.084,5,1,-12.0,12.3,126,127
1934-03-25,HBS (B),Voorwaarts (M),2,6,1661,1568,0.624,0.099,0.276,5,3,-78.7,85.9,195,204
1934-03-25,MVU,Groen Wit (N),2,6,1314,1219,0.621,0.112,0.267,3,2,-117.8,89.8,242,210
1934-03-25,TOP (Ap),Rivas,0,2,1247,1395,0.288,0.112,0.600,2,3,-34.5,17.5,350,207
1934-03-25,UNI (S),BVK,2,0,1361,1365,0.480,0.126,0.395,3,2,31.4,-32.7,199,204
1934-04-01,Advendo (N),Zwaluwen (E),1,1,1419,1295,0.660,0.104,0.236,4,2,-25.1,54.4,210,301
1934-04-01,DOS (D),HDS (O),0,8,1355,1566,0.217,0.105,0.678,1,3,-48.5,42.1,202,186
1934-04-01,Excelsior (Z),DOS (D),4,0,1693,1335,0.876,0.053,0.071,4,0,5.9,-5.5,184,249
1934-04-01,Excelsior (Z),HDS (O),2,1,1708,1551,0.698,0.101,0.201,3,1,-15.1,15.5,201,204
1934-04-01,OKC (Oost),Advendo (N),0,1,1184,1394,0.219,0.102,0.679,2,4,13.2,-12.0,201,194
1934-04-01,OKC (Oost),Rapide (B),0,3,1190,1546,0.105,0.068,0.827,1,4,-4.9,1.2,215,286
1934-04-01,Olympia (Z),Excelsior (Z),3,1,1689,1699,0.472,0.126,0.401,3,2,30.7,-26.9,190,177
1934-04-01,Olympia (Z),SSS (H),4,0,1671,1424,0.791,0.080,0.128,4,1,18.4,-17.5,205,198
1934-04-01,SSS (H),DOS (D),0,0,1406,1329,0.594,0.117,0.288,3,2,-17.0,27.3,184,231
1934-04-01,Zwaluwen (E),Rapide (B),0,2,1348,1546,0.231,0.105,0.664,2,3,-12.8,13.0,250,254
1934-04-02,ADO (B),VDS,0,1,1371,1271,0.633,0.100,0.267,5,3,-42.8,36.8,195,181
1934-04-02,ODA (B),Quick '21,1,0,1468,1394,0.590,0.119,0.291,3,1,0.5,-1.0,241,224
1934-04-02,Ons Huis (R),Unilever,2,0,1451,1691,0.193,0.088,0.719,2,5,59.8,-70.9,176,191
1934-04-02,Thor (D),DES (P),1,2,1192,1316,0.319,0.114,0.567,2,3,-2.5,2.8,243,196
1934-04-02,VDS,Vidar,0,2,1307,1383,0.384,0.117,0.499,2,3,-20.6,24.5,167,184
1934-04-02,Vidar,ADO (B),1,0,1382,1328,0.569,0.112,0.320,4,3,1.1,-1.4,206,177
1934-04-08,AKC (Al),HKC (He),3,3,1575,1608,0.436,0.133,0.431,3,2,-0.2,0.2,141,140
1934-04-08,Baerne,Vesta,3,2,1626,1797,0.261,0.107,0.632,2,4,26.3,-31.7,140,154
1934-04-08,Be Quick,'t Overschotje,7,1,1477,1674,0.229,0.112,0.659,1,3,67.5,-69.4,147,149
1934-04-08,Bilthoven,KVD,6,6,1730,1734,0.485,0.118,0.398,4,3,-3.4,3.2,133,128
1934-04-08,DDV,Sportief,5,5,1773,1930,0.278,0.107,0.615,2,4,15.2,-12.9,143,132
1934-04-08,DOS (E),EKCA,3,1,1847,1868,0.460,0.120,0.420,4,3,19.5,-19.6,142,143
1934-04-08,DOS (M),Zeevaartschool,5,1,1655,1507,0.690,0.098,0.212,4,2,24.5,-19.3,183,158
1934-04-08,DTV,Blauw Wit,1,6,1855,2075,0.210,0.097,0.693,2,4,-16.9,18.0,130,134
1934-04-08,Dedemsvaart,KEV,2,5,1146,1277,0.318,0.095,0.588,5,6,-18.6,17.1,166,158
1934-04-08,Desto,VOG,4,1,1493,1505,0.477,0.111,0.412,5,4,42.4,-35.1,197,177
1934-04-08,Eendracht,LUTO,2,2,1882,1832,0.567,0.105,0.328,5,4,-10.5,9.4,142,135
1934-04-08,Excelsior (K),KIOL (Z),2,3,1247,1286,0.440,0.107,0.453,4,5,-12.5,10.3,169,152
1934-04-08,KCN,Haarlem,1,3,1623,1710,0.364,0.125,0.511,1,2,-18.8,18.3,156,154
1934-04-08,Markelo²,Ons Clubje,4,2,1400,1384,0.507,0.127,0.366,3,2,35.2,-27.8,228,198
1934-04-08,NKC (No),Quick (Ad),0,0,1512,1242,0.812,0.075,0.113,4,0,-115.8,31.9,311,175
1934-04-08,PZEM,Madjoe (V),2,6,1416,1575,0.279,0.102,0.619,3,5,-23.7,24.9,156,160
1934-04-08,Quick (Z),Union,4,2,1261,889,0.889,0.042,0.068,8,2,-25.5,22.9,168,161
1934-04-08,Rapiditas,Hellas,1,5,1489,1720,0.198,0.098,0.704,1,4,-16.8,14.5,151,139
1934-04-08,Rigtersbleek,Achilles (A),1,1,1594,1549,0.550,0.125,0.326,2,1,-9.2,9.6,138,140
1934-04-08,Rohda (H),TOP (Ap),8,2,1307,1212,0.623,0.107,0.270,4,2,53.9,-81.1,214,275
1934-04-08,Rood Wit (H),Ready (H),1,3,1549,1706,0.273,0.119,0.608,1,2,-10.1,12.1,155,174
1934-04-08,SDW,OLS,3,3,1353,1528,0.257,0.108,0.636,2,4,23.8,-47.4,219,303
1934-04-08,SVK,Volharding (A),0,1,1866,1745,0.657,0.102,0.241,4,2,-37.3,24.8,161,131
1934-04-08,Spangen,Regenboog,1,2,1653,1683,0.441,0.129,0.430,3,2,-14.0,12.8,153,146
1934-04-08,Sperwers,Spartaan,10,1,1447,1322,0.661,0.104,0.235,4,2,42.9,-46.1,181,189
1934-04-08,VDS,Bolnes,2,3,1286,1461,0.259,0.103,0.638,3,4,5.3,-9.2,156,194
1934-04-08,VIOD (G),Rivas,1,3,1267,1413,0.289,0.118,0.594,2,3,-19.9,16.9,220,196
1934-04-08,Velox,Ter Gouw,9,4,1644,1622,0.520,0.120,0.360,3,2,34.0,-44.3,143,165
1934-04-08,Vitesse (Be),WWMD,1,5,1572,1801,0.198,0.104,0.698,1,3,-25.1,26.5,179,185
1934-04-08,Vitesse (H),KIA,6,3,1553,1336,0.770,0.075,0.155,6,3,6.1,-6.1,220,221
1934-04-08,Voordaan,Advendo (V),1,4,1361,1597,0.205,0.071,0.724,5,8,-2.1,2.0,162,166
1934-04-08,Vreewijk,OSCR,1,3,1753,1731,0.520,0.120,0.359,3,2,-32.3,31.6,153,152
1934-04-08,WK,KZ,0,2,1987,2033,0.430,0.109,0.461,3,4,-25.6,16.6,174,138
1934-04-08,Wilskracht,Noviomagum,3,1,1432,1400,0.530,0.128,0.342,2,1,25.7,-20.3,197,172
1934-04-08,ZKC '19,Rood Wit,0,5,1514,1710,0.235,0.101,0.664,2,4,-35.7,31.9,187,175
1934-04-08,ZKV (Za),AW,5,2,1780,1776,0.495,0.119,0.385,4,3,28.2,-22.7,152,135
1934-04-15,BVK,Rohda (H),2,2,1332,1363,0.443,0.125,0.431,3,2,-0.7,0.8,189,197
1934-04-15,Blauw Wit (H),TOGO (J),3,3,1341,1464,0.317,0.121,0.563,2,3,23.8,-12.1,242,175
1934-04-15,Frisia (Dr),ODA (B),1,1,1426,1468,0.425,0.128,0.447,1,2,1.6,-1.5,222,215
1934-04-15,Hermes (B),Quick '21,2,3,1647,1393,0.798,0.078,0.124,4,1,-77.5,73.7,209,204
1934-04-15,Madjoe (V),Zeelandia,1,8,1601,1849,0.190,0.077,0.733,4,7,-22.8,39.4,152,209
1934-04-15,NKC (No),GKC²,1,5,1396,1356,0.544,0.119,0.337,3,2,-121.4,58.6,269,181
1934-04-15,PZEM,EWW,2,3,1393,1351,0.551,0.111,0.338,4,3,-20.3,28.4,148,176
1934-04-15,Rivas,UNI (S),1,0,1430,1392,0.541,0.121,0.338,3,2,4.7,-4.9,181,186
1934-04-15,SIM,Friso (A),3,1,1514,1479,0.543,0.109,0.348,4,3,27.8,-28.3,241,244
1934-04-15,SSS (E),KIOL,1,4,1233,1369,0.297,0.127,0.576,1,2,-43.4,42.3,226,222
1934-04-15,Sparta (Ze),Voorwaarts (M),5,4,1713,1655,0.574,0.109,0.317,4,3,0.3,-0.3,190,190
1934-04-15,TOP (Ap),VIOD (G),2,3,1131,1247,0.328,0.116,0.556,2,3,-4.4,4.0,235,197
1934-04-15,TOP (D),SGOC,2,1,1161,1121,0.547,0.117,0.336,3,2,4.7,-5.4,192,222
1934-04-15,VIOS (Ni),Advendo (TI),2,6,1442,1345,0.625,0.108,0.267,4,2,-169.3,169.3,350,350
1934-04-15,Wez Handich,TDK (B),8,0,1254,1260,0.483,0.115,0.402,4,3,86.8,-83.2,228,223
1934-04-22,ADO (B),Bolnes,4,0,1326,1452,0.317,0.111,0.572,3,4,60.7,-67.8,170,180
1934-04-22,Advendo (TI),TOGO (J),3,2,1515,1452,0.577,0.117,0.307,3,2,0.2,-2.2,294,165
1934-04-22,Altius,Advendo (V),3,6,1630,1600,0.548,0.086,0.366,8,7,-41.3,36.8,170,160
1934-04-22,Avanti²,Blauw Wit,3,4,1899,2094,0.235,0.101,0.663,2,4,16.8,-4.9,222,134
1934-04-22,Frisia,Friso (L),4,2,1458,1533,0.386,0.114,0.500,3,4,53.8,-54.2,240,241
1934-04-22,Hermes (B),Frisia (Dr),3,1,1569,1427,0.679,0.104,0.217,3,1,5.6,-5.7,196,199
1934-04-22,Hermes (G),Sparta (Ze),4,4,1505,1714,0.220,0.101,0.678,2,4,35.6,-25.5,205,175
1934-04-22,KLM,Velox,1,7,1319,1680,0.101,0.068,0.831,0,4,-55.8,14.0,350,140
1934-04-22,Kinea (K),SIM,3,1,1703,1542,0.710,0.087,0.203,5,3,-1.5,-0.4,245,214
1934-04-22,Madjoe (V),Sportief (M),4,2,1578,1249,0.861,0.053,0.085,6,2,-15.1,21.8,147,172
1934-04-22,ODA (B),TFS,5,1,1466,1404,0.577,0.115,0.308,3,2,41.0,-54.6,194,229
1934-04-22,OKO,NKC (No),3,2,1221,1274,0.412,0.123,0.464,2,3,23.7,-27.2,209,226
1934-04-22,Oriento,SVK,3,5,1853,1829,0.528,0.110,0.361,4,3,-52.9,28.7,214,155
1934-04-22,Rivas,TOP (Ap),3,1,1434,1127,0.843,0.063,0.094,4,1,-13.3,22.5,168,206
1934-04-22,SBO (K),BVK,6,3,1387,1332,0.562,0.126,0.312,2,1,30.1,-29.8,175,174
1934-04-22,TOP (D),OKC (A),9,3,1166,1295,0.314,0.109,0.576,3,4,76.0,-83.0,178,186
1934-04-22,TOP (Hg),Maccabi,2,1,1270,1249,0.513,0.128,0.359,2,1,10.7,-8.4,211,180
1934-04-22,VIOS (Ni),Blauw Wit (H),1,2,1272,1365,0.358,0.120,0.522,2,3,-14.5,9.4,294,210
1934-04-22,VIVA,ENCK,4,7,1541,1223,0.851,0.060,0.089,5,1,-94.1,114.8,178,195
1934-04-22,VVGA,OSCA,5,2,1735,1838,0.343,0.119,0.538,2,3,82.4,-50.1,231,177
1934-04-22,VZK,HDT,4,0,1488,1357,0.667,0.103,0.230,4,2,61.1,-68.0,295,319
1934-04-22,Victoria (A),Hercules,4,4,1567,1871,0.138,0.081,0.781,1,4,42.1,-26.5,172,138
1934-04-22,Wez Handich,Wez Dapper,5,0,1342,1359,0.467,0.115,0.418,4,3,66.7,-51.1,203,175
1934-04-22,Zuiderkwartier³,Treffers,6,7,1787,1768,0.530,0.093,0.376,7,6,-22.5,26.3,187,203
1934-04-29,Annen,Rood Zwart,1,2,1588,1615,0.448,0.125,0.427,3,2,-22.7,26.8,216,237
1934-04-29,BVK,UNI (S),4,0,1302,1387,0.366,0.125,0.509,1,2,52.7,-59.8,162,173
1934-04-29,DOS (M),Zeelandia,2,3,1681,1890,0.227,0.086,0.687,4,6,12.8,-16.2,175,193
1934-04-29,DSS,OKC (Oost),2,1,1333,1197,0.673,0.103,0.224,4,2,-14.6,10.1,221,192
1934-04-29,HBS (B),Sparta (Ze),1,0,1582,1689,0.342,0.115,0.543,3,4,30.6,-23.8,188,165
1934-04-29,OLS,Swastika,2,4,1481,1464,0.513,0.119,0.368,4,3,-63.9,57.9,255,242
1934-04-29,Quick (Ad),NKC (No),4,4,1274,1246,0.523,0.128,0.349,2,1,-9.4,12.6,174,201
1934-04-29,Rohda (H),SBO (K),3,3,1363,1418,0.410,0.124,0.466,2,3,3.5,-2.8,181,163
1934-04-29,Rust Roest (Z),Excelsior (Z),2,2,1490,1672,0.246,0.114,0.640,1,3,30.8,-20.9,206,171
1934-04-29,VIOD (G),TOP (Ap),1,0,1251,1148,0.632,0.108,0.260,4,2,-5.9,7.0,184,195
1934-04-29,Voorwaarts (M),Hermes (G),1,2,1655,1541,0.651,0.097,0.251,5,3,-38.2,42.7,177,187
1934-05-06,Advendo (P),Adundo,3,1,1236,1005,0.778,0.081,0.140,4,1,-6.6,10.2,222,247
1934-05-06,Blauw Wit (H),VIOS (Ni),6,3,1374,1257,0.650,0.106,0.244,3,2,23.4,-32.5,196,244
1934-05-06,DDV,DED,7,8,1789,1913,0.321,0.107,0.572,3,4,0.4,-0.4,145,145
1934-05-06,DKC (De),Die Haghe,6,3,1734,1715,0.512,0.125,0.363,3,2,28.9,-28.1,157,155
1934-05-06,DOS (M),EWW,8,0,1693,1380,0.850,0.058,0.092,6,1,17.3,-17.7,165,167
1934-05-06,Deetos,KZ,9,9,2104,2050,0.568,0.111,0.321,4,3,-12.9,10.2,158,141
1934-05-06,Dio,UDI (H),1,0,1654,1451,0.754,0.082,0.165,5,2,-20.9,25.6,183,200
1934-05-06,Dowocs,MKC (Me),5,3,1391,1158,0.783,0.076,0.141,5,2,-2.6,22.2,224,350
1934-05-06,Frisia (Dr),Quick '21,1,2,1421,1467,0.421,0.127,0.452,1,2,-15.7,17.3,186,196
1934-05-06,Friso (L),Leeuwarden,2,8,1478,1623,0.291,0.115,0.594,2,3,-60.6,53.1,215,199
1934-05-06,Hermes (G),HBS (B),5,1,1583,1612,0.450,0.116,0.434,4,3,47.5,-46.8,174,172
1934-05-06,ODIO,Achilles (A),1,0,1655,1558,0.626,0.107,0.268,4,2,-9.4,2.9,220,143
1934-05-06,OKO,GKC²,4,0,1244,1415,0.264,0.102,0.634,3,4,83.3,-69.4,192,175
1934-05-06,ONA,EMO,4,2,1479,1544,0.395,0.121,0.483,2,3,33.2,-37.9,171,184
1934-05-06,OSCA,Algemeene,4,3,1788,1708,0.602,0.112,0.286,3,2,-2.4,2.9,168,178
1934-05-06,Oost Arnhem,PM,1,3,1365,1425,0.407,0.112,0.481,3,4,-29.8,30.3,205,208
1934-05-06,Ready (H),Rood Wit (H),3,1,1719,1539,0.723,0.099,0.179,3,1,-0.9,0.3,169,155
1934-05-06,Roda (B),Advendo (N),0,2,1272,1382,0.334,0.121,0.545,2,3,-27.1,20.9,221,188
1934-05-06,Rood Zwart,SDW,6,2,1641,1377,0.808,0.074,0.118,4,1,15.7,-15.7,208,208
1934-05-06,Rozenburg,Fluks,3,2,1842,1874,0.441,0.125,0.433,3,2,11.2,-12.8,143,154
1934-05-06,SBO (K),Rivas,3,3,1415,1421,0.476,0.130,0.394,3,2,-3.8,4.4,154,166
1934-05-06,Surhuisterveen,WIK '34,0,9,1234,1277,0.430,0.116,0.454,2,3,-60.0,90.8,175,221
1934-05-06,Swastika,Annen,5,0,1522,1564,0.428,0.122,0.450,2,3,79.1,-66.8,215,195
1934-05-06,TOP (Ap),Rohda (H),1,3,1155,1367,0.218,0.097,0.685,2,4,-1.7,1.9,180,167
1934-05-06,Ter Gouw,TOV (D),1,1,1579,1663,0.372,0.116,0.512,3,4,6.7,-9.5,162,191
1934-05-06,UNI (S),SBO (K),1,0,1326,1411,0.367,0.124,0.508,2,3,22.0,-17.5,161,143
1934-05-06,VKC (S),VZK,1,4,1395,1549,0.282,0.108,0.609,2,4,-35.3,42.2,231,260
1934-05-06,Veendam,BVK,2,9,1380,1355,0.526,0.117,0.356,4,3,-197.3,44.8,350,153
1934-05-06,Westerkwartier,Ons Eibernest,4,1,2036,1835,0.749,0.086,0.165,4,2,4.3,-4.4,142,147
1934-05-06,Wez Dapper,TDK (B),5,0,1307,1176,0.671,0.098,0.231,4,2,27.7,-39.2,166,203
1934-05-06,Wilskracht,Be Quick,4,0,1459,1547,0.361,0.129,0.511,1,2,69.3,-45.8,185,149
1934-05-13,Achilles (A),ODIO,3,1,1561,1646,0.370,0.118,0.512,2,3,24.4,-46.6,139,195
1934-05-13,BVK,SBO (K),2,0,1402,1394,0.497,0.128,0.375,3,2,19.0,-16.3,149,137
1934-05-13,Blauw Wit (H),Advendo (TI),2,2,1399,1516,0.326,0.118,0.556,2,3,12.1,-21.9,183,243
1934-05-13,DDV,Sportief,3,4,1791,1920,0.314,0.110,0.576,3,4,0.5,-0.5,139,140
1934-05-13,DKC (De),Ons Eibernest,6,7,1764,1831,0.393,0.123,0.484,2,3,-8.0,7.4,148,142
1934-05-13,Excelsior (O),SSS (O),3,1,1189,1064,0.664,0.097,0.239,5,3,6.5,-5.6,256,175
1934-05-13,Frisia (Dr),TFS,2,1,1406,1350,0.569,0.115,0.316,3,2,1.5,-1.3,171,207
1934-05-13,Frisia,Wez Fluch,1,12,1513,1718,0.227,0.096,0.677,2,5,-55.3,66.1,216,241
1934-05-13,GSV,ADO (M),4,2,1454,1329,0.664,0.097,0.239,5,3,9.2,-9.1,249,240
1934-05-13,HDT,VZK,2,3,1290,1592,0.139,0.079,0.781,1,4,42.9,-26.9,274,226
1934-05-13,KIA,MKC (Me),2,2,1332,1182,0.697,0.090,0.213,5,3,-30.1,60.0,211,290
1934-05-13,KIOS (R),Rood Wit,1,5,1649,1744,0.363,0.103,0.534,4,5,-37.7,35.7,179,174
1934-05-13,KZ,Deetos,5,1,2063,2093,0.449,0.114,0.437,5,4,31.6,-37.6,136,149
1934-05-13,NKC (No),OKO,3,7,1260,1329,0.391,0.122,0.488,2,3,-48.8,45.6,184,177
1934-05-13,Ons Huis (R),ENCK,5,0,1512,1340,0.720,0.090,0.190,5,2,26.1,-29.4,177,190
1934-05-13,Quick '21,ODA (B),2,0,1485,1509,0.451,0.128,0.421,3,2,30.2,-31.8,178,184
1934-05-13,Rivas,Rohda (H),3,3,1426,1370,0.568,0.118,0.314,3,2,-12.4,13.0,155,158
1934-05-13,SSS (C),Volharding,0,2,1270,1355,0.369,0.122,0.509,2,3,-36.4,34.6,242,234
1934-05-13,Thor (D),Weest Kwiek,3,3,1191,1528,0.118,0.068,0.814,2,5,53.5,-83.4,220,269
1934-05-13,VIOD (G),UNI (S),1,1,1246,1349,0.344,0.121,0.535,2,3,11.4,-8.6,174,151
1934-05-13,VIOS (Ni),TOGO (J),1,4,1226,1451,0.204,0.098,0.698,2,4,-18.5,12.5,215,164
1934-05-13,WIK '34,Wez Dapper,9,0,1370,1336,0.541,0.112,0.347,4,3,64.0,-43.9,195,158
1934-05-20,ADO (M),Excelsior (O),1,4,1321,1197,0.663,0.098,0.240,5,3,-86.8,91.5,216,222
1934-05-20,Excelsior (Z),Die Haghe,1,3,1653,1689,0.433,0.130,0.437,1,2,-29.4,23.9,167,149
1934-05-20,GSV,Thor (D),3,2,1464,1246,0.770,0.078,0.152,5,2,-31.1,26.6,221,207
1934-05-20,Groen Wit (N),MVU,6,0,1313,1200,0.644,0.108,0.248,3,2,50.0,-58.2,206,226
1934-05-20,KIOL,SSS (E),4,0,1414,1192,0.766,0.091,0.144,3,0,24.4,-24.8,208,210
1934-05-20,OKO,Quick (Ad),3,3,1377,1267,0.642,0.106,0.252,4,2,-21.0,21.9,164,168
1934-05-20,Rohda (H),UNI (S),1,3,1384,1341,0.551,0.117,0.333,3,2,-33.7,31.3,150,144
1934-05-20,SSS (H),Rust Roest (Z),2,1,1391,1523,0.303,0.125,0.573,1,2,35.1,-37.3,185,191
1934-05-20,SSS (O),Weest Kwiek,0,4,1060,1446,0.090,0.058,0.852,1,5,-5.6,5.8,167,242
1934-05-20,Veendam,SBO (K),0,0,1185,1378,0.237,0.103,0.659,2,4,51.9,-12.1,264,132
1934-05-20,Wez Dapper,Wez Handich,2,2,1293,1411,0.327,0.111,0.561,3,4,10.0,-16.2,150,189
1934-05-20,Zwaluwen (E),Advendo (N),2,4,1338,1405,0.393,0.124,0.483,2,3,-39.6,24.6,233,177
1934-05-27,Achilles (A),ODIO,2,2,1587,1600,0.470,0.120,0.410,4,3,-2.3,3.9,137,178
1934-05-27,DES (P),Vidar,2,1,1321,1410,0.362,0.124,0.514,2,3,29.5,-26.2,195,184
1934-05-27,DKC (De),OSCR,4,3,1758,1765,0.478,0.122,0.400,4,3,8.0,-9.6,143,159
1934-05-27,DSS,Roda (B),1,1,1320,1246,0.592,0.116,0.292,3,2,-21.4,20.4,205,201
1934-05-27,ENCK,VIOS (H),0,4,1311,1510,0.230,0.105,0.665,2,3,-27.7,27.9,180,180
1934-05-27,Excelsior (K),Oranje Zwart,3,0,1237,1214,0.525,0.112,0.362,4,3,29.3,-29.3,171,171
1934-05-27,Excelsior (O),GSV,7,3,1288,1433,0.295,0.106,0.598,3,4,80.9,-83.2,201,204
1934-05-27,Excelsior (Z),HDS (O),0,0,1623,1612,0.502,0.126,0.373,3,2,-5.8,8.7,155,189
1934-05-27,ODA (B),Frisia (Dr),0,1,1478,1408,0.583,0.121,0.296,2,1,-32.8,29.9,171,164
1934-05-27,Ons Clubje,Groen Zwart,0,2,1360,1347,0.500,0.133,0.367,2,1,-45.7,53.3,194,211
1934-05-27,Rapide (B),Zwaluwen (E),2,2,1562,1298,0.808,0.074,0.118,4,1,-69.9,49.6,237,203
1934-05-27,Rust Roest (Z),Olympia (Z),1,6,1485,1723,0.190,0.102,0.709,1,3,-29.1,32.8,176,189
1934-05-27,Sportief,DED,3,4,1921,1917,0.499,0.111,0.389,5,4,-14.2,15.6,137,144
1934-05-27,TDK (B),Surhuisterveen,3,3,1138,1176,0.437,0.117,0.445,2,3,0.5,-0.4,190,169
1934-05-27,TFS,Hermes (B),1,0,1349,1577,0.202,0.096,0.701,2,4,50.9,-51.6,188,190
1934-05-27,TOGO (J),Advendo (TI),4,3,1465,1495,0.444,0.124,0.432,3,2,12.4,-21.0,159,213
1934-05-27,Thor (D),ADO (M),8,1,1272,1233,0.547,0.112,0.341,4,3,58.6,-60.5,193,197
1934-05-27,VADA,Onder Ons,3,3,1615,1584,0.536,0.112,0.352,4,3,-10.2,9.3,168,161
1934-05-27,Westerkwartier,Blauw Wit,5,2,2042,2092,0.421,0.116,0.463,3,4,31.2,-30.5,144,142
1934-06-03,ADO (M),Weest Kwiek,3,5,1171,1451,0.158,0.082,0.761,2,5,4.8,-10.4,180,225
1934-06-03,Advendo (P),Rivas,2,5,1231,1414,0.243,0.115,0.642,1,2,-28.8,16.8,211,152
1934-06-03,Advendo (TI),Blauw Wit (H),2,1,1473,1412,0.576,0.116,0.308,3,2,0.3,-0.5,189,176
1934-06-03,DED,DDV,10,1,1931,1792,0.684,0.092,0.225,5,3,25.2,-25.7,138,139
1934-06-03,Excelsior (O),Thor (D),0,1,1370,1331,0.549,0.109,0.343,4,3,-28.5,26.6,184,178
1934-06-03,Frisia,Leeuwarden,2,1,1458,1679,0.210,0.094,0.696,2,5,55.3,-48.3,202,189
1934-06-03,GESH (A),Groen Wit (N),1,0,1406,1363,0.551,0.118,0.331,3,2,6.9,-5.1,282,192
1934-06-03,Groen Zwart,Ons Clubje,4,2,1400,1312,0.606,0.122,0.273,2,1,15.2,-13.8,190,179
1934-06-03,HDS (O),Rust Roest (Z),5,1,1619,1455,0.705,0.102,0.193,3,1,22.4,-21.2,172,166
1934-06-03,ODA (B),Hermes (B),0,2,1443,1524,0.372,0.128,0.501,1,2,-20.6,24.7,160,177
1934-06-03,OKC (Oost),Roda (B),2,1,1208,1265,0.406,0.124,0.469,2,3,21.6,-20.9,187,184
1934-06-03,Olympia (Z),SSS (H),2,1,1756,1425,0.858,0.060,0.082,4,0,-33.9,32.9,176,174
1934-06-03,Rohda (H),BVK,0,1,1349,1421,0.386,0.121,0.492,2,3,-7.0,7.1,145,147
1934-06-03,SBO (K),TOP (Ap),6,1,1364,1154,0.757,0.087,0.156,4,1,14.0,-22.3,133,175
1934-06-03,Sparta (Ze),Hermes (G),3,1,1666,1633,0.536,0.118,0.347,3,2,17.2,-17.7,165,168
1934-06-03,Surhuisterveen,Wez Handich,18,0,1175,1394,0.212,0.094,0.694,2,5,80.0,-97.5,158,175
1934-06-03,UNI (S),Veendam,1,3,1371,1235,0.677,0.098,0.225,4,2,-35.1,89.7,141,225
1934-06-03,VIOD (G),Adundo,0,0,1258,1016,0.789,0.077,0.134,4,1,-32.9,66.8,166,229
1934-06-03,VIOS (H),Spido,4,2,1537,1220,0.849,0.062,0.089,4,0,-11.4,30.9,169,245
1934-06-03,VZK,VKC (S),0,2,1566,1361,0.755,0.084,0.162,4,2,-88.6,88.7,214,214
1934-06-03,Voorwaarts (M),HBS (B),6,3,1618,1567,0.568,0.106,0.327,5,4,25.0,-23.1,175,167
1934-06-10,Adundo,VIOD (G),0,1,1082,1224,0.296,0.114,0.590,2,3,2.2,-0.4,210,160
1934-06-10,DSS,OKC (Oost),1,3,1297,1230,0.584,0.116,0.301,3,2,-53.5,44.6,189,172
1934-06-10,Excelsior (Z),Olympia (Z),6,5,1615,1721,0.339,0.124,0.538,1,2,21.6,-27.6,150,171
1934-06-10,Friso (L),Leeuwarden,6,2,1419,1630,0.218,0.101,0.680,2,4,100.8,-78.0,201,177
1934-06-10,Friso (L),Wez Fluch,0,5,1520,1787,0.169,0.085,0.746,2,5,-25.2,33.7,183,220
1934-06-10,Nic,UDI (H),3,1,1713,1477,0.783,0.079,0.138,4,1,-8.6,10.0,184,194
1934-06-10,SBO (K),UNI (S),0,4,1379,1335,0.547,0.124,0.329,3,2,-41.1,44.9,131,137
1934-06-10,SIM,Kinea (K),1,4,1542,1703,0.277,0.101,0.622,3,5,-26.1,30.1,209,229
1934-06-10,Spido,Vidar,0,1,1250,1382,0.307,0.116,0.577,2,3,-0.3,1.2,227,172
1934-06-10,Surhuisterveen,Wez Handich,0,1,1258,1295,0.439,0.114,0.447,3,4,-11.1,13.0,151,164
1934-06-10,TDK (B),Wez Dapper,1,5,1115,1302,0.245,0.101,0.653,2,4,-24.1,19.8,167,149
1934-06-10,Thor (D),SSS (O),5,1,1357,1052,0.844,0.059,0.097,6,2,3.4,-3.4,165,167
1934-06-10,WIK '34,TDK (B),18,0,1436,1138,0.839,0.060,0.100,6,2,23.9,-22.2,183,175
1934-06-10,WIK '34,Wez Handich,3,4,1464,1308,0.704,0.089,0.208,5,3,-45.7,34.5,174,151
1934-06-10,Zuidland,VIOS (H),4,3,1420,1525,0.341,0.120,0.539,2,3,40.7,-22.8,222,165
1934-06-17,Adundo,Advendo (P),2,3,1083,1202,0.324,0.119,0.557,2,3,-3.1,3.2,188,192
1934-06-17,Advendo (N),Zwaluwen (E),3,0,1429,1346,0.603,0.113,0.283,3,2,23.2,-28.7,173,196
1934-06-17,GKC²,Quick (Ad),3,2,1347,1288,0.573,0.115,0.313,3,2,0.4,-0.5,176,165
1934-06-17,HBS (B),Hermes (G),4,3,1543,1614,0.390,0.115,0.494,3,4,18.2,-18.2,160,160
1934-06-17,Haarlem,SAMOS,4,9,1730,1668,0.571,0.127,0.302,2,1,-68.1,86.4,167,189
1934-06-17,Kinea (K),Friso (A),3,4,1733,1452,0.823,0.068,0.108,4,1,-74.3,94.7,205,229
1934-06-17,OLS,Rood Zwart,2,4,1418,1659,0.189,0.094,0.716,2,4,-0.2,1.5,233,205
1934-06-17,OSCA,Vesta,3,5,1787,1768,0.517,0.118,0.365,4,3,-36.7,36.0,170,168
1934-06-17,Oosterpark,SVK,3,4,1834,1859,0.458,0.112,0.430,5,4,-15.6,14.4,172,165
1934-06-17,Rivas,VIOD (G),0,0,1431,1222,0.754,0.091,0.155,3,1,-29.2,30.7,149,153
1934-06-17,Rust Roest (Z),Excelsior (Z),1,3,1433,1637,0.222,0.108,0.670,1,3,-3.9,3.5,161,143
1934-06-17,SDW,Swastika,1,2,1363,1603,0.191,0.092,0.717,2,4,19.2,-18.4,205,202
1934-06-17,SSS (H),HDS (O),0,5,1457,1642,0.243,0.111,0.646,1,3,-33.7,31.7,171,165
1934-06-17,Surhuisterveen,Wez Dapper,1,5,1246,1322,0.385,0.113,0.502,3,4,-30.6,30.3,144,143
1934-06-17,TDK (B),WIK '34,1,8,1090,1418,0.125,0.067,0.808,2,6,-18.2,19.4,157,164
1934-06-17,TFS,Quick '21,1,3,1399,1515,0.328,0.116,0.556,2,3,-17.5,16.5,180,174
1934-06-17,TOP (P),Germanicus,0,2,1092,1079,0.512,0.112,0.376,4,3,-33.3,56.1,175,232
1934-06-17,UNI (S),Rohda (H),0,0,1380,1341,0.545,0.118,0.337,3,2,-7.9,9.1,132,141
1934-06-17,Voorwaarts (M),Sparta (Ze),4,1,1643,1682,0.436,0.115,0.448,3,4,37.4,-34.2,165,158
1934-06-17,Wez Fluch,Frisia,9,4,1820,1512,0.847,0.058,0.096,6,2,13.9,-12.8,201,188
1934-06-17,Zeelandia,Rapide,10,0,1875,1524,0.876,0.048,0.076,6,2,22.1,-34.0,191,252
1934-06-17,Zuiderkwartier³,AW,2,4,1767,1755,0.506,0.120,0.374,3,2,-42.8,29.5,188,154
1934-06-24,Dowocs,KIA,6,4,1390,1302,0.615,0.105,0.280,4,3,14.1,-12.9,221,206
1934-06-24,Excelsior (Z),SSS (H),9,1,1641,1422,0.764,0.087,0.148,3,1,19.1,-24.8,139,161
1934-06-24,HDS (O),Olympia (Z),1,5,1674,1693,0.458,0.126,0.416,3,2,-44.9,47.6,156,161
1934-06-24,Leeuwarden,Friso (L),3,0,1551,1494,0.569,0.117,0.314,3,2,25.8,-27.6,169,176
1934-06-24,MKC (Me),Vitesse (H),2,2,1242,1562,0.130,0.069,0.802,2,6,72.6,-53.1,255,221
1934-06-24,Quick '21,Hermes (B),2,2,1531,1548,0.462,0.127,0.411,3,2,-2.6,2.8,163,168
1934-06-24,Rivas,SBO (K),1,2,1401,1336,0.575,0.124,0.301,2,1,-25.4,20.6,145,130
1934-06-24,Rood Zwart,Annen,6,2,1660,1498,0.705,0.098,0.197,4,1,26.0,-26.2,191,192
1934-06-24,SSS (C),TOGO (G),0,4,1233,1555,0.124,0.080,0.796,0,3,-19.8,14.3,222,175
1934-06-24,Swastika,OLS,7,1,1584,1418,0.712,0.094,0.195,4,2,34.9,-42.3,187,210
1934-06-24,TFS,ODA (B),2,0,1381,1421,0.429,0.124,0.447,2,3,29.3,-25.9,167,156
1934-06-24,UNI (S),TOP (Ap),6,1,1371,1131,0.788,0.078,0.134,4,1,10.6,-17.1,128,170
1934-06-24,Veendam,Rohda (H),0,3,1324,1349,0.456,0.116,0.427,4,3,-55.2,25.8,204,135
1934-06-24,Vesta,SVK,3,2,1804,1874,0.393,0.113,0.494,3,4,17.4,-16.8,157,155
1934-06-24,Wez Handich,Surhuisterveen,4,1,1342,1215,0.667,0.098,0.235,5,3,10.9,-9.6,148,138
1934-07-01,ADO (M),SSS (O),2,3,1176,1048,0.667,0.097,0.236,5,3,-42.4,37.2,178,167
1934-07-01,Altius,Excelsior,7,9,1590,1819,0.202,0.091,0.706,2,5,1.5,-0.8,179,164
1934-07-01,Emos,SSS (C),0,8,972,1213,0.187,0.098,0.715,1,3,-34.3,44.9,175,205
1934-07-01,Frisia (Dr),Hermes (B),2,2,1437,1550,0.330,0.121,0.549,2,3,10.2,-11.1,151,157
1934-07-01,Friso (L),Frisia,1,2,1465,1499,0.444,0.113,0.443,5,4,-12.8,15.8,163,183
1934-07-01,Olympia (B),OTO,8,7,1841,1587,0.803,0.071,0.127,5,2,-23.2,35.8,168,203
1934-07-01,Olympia (Z),Excelsior (Z),1,0,1741,1661,0.601,0.112,0.286,3,2,-2.8,2.1,151,136
1934-07-01,Rapide (B),Advendo (N),2,1,1491,1452,0.543,0.122,0.336,3,2,6.1,-4.3,225,165
1934-07-01,Rapide,Zeelandia,1,3,1489,1898,0.081,0.049,0.870,2,7,37.7,-21.0,236,187
1934-07-01,Roda (B),OKC (Oost),2,1,1243,1274,0.444,0.123,0.433,4,3,15.3,-13.8,176,166
1934-07-01,Rust Roest (Z),SSS (H),2,1,1428,1397,0.529,0.126,0.345,3,2,4.7,-4.6,155,154
1934-07-01,SAMOS,Haarlem,4,1,1755,1662,0.615,0.118,0.267,2,1,24.1,-20.5,176,160
1934-07-01,Sport Vereent,Olympia (B),8,11,1473,1819,0.120,0.049,0.831,6,11,17.9,-8.2,213,160
1934-07-01,TFS,Frisia (Dr),1,1,1409,1437,0.450,0.120,0.430,4,3,-1.0,1.1,156,164
1934-07-01,VEMO (T),Advendo (TI),1,2,1294,1473,0.254,0.102,0.643,2,4,13.4,-5.2,251,180
1934-07-01,Voordaan,HE,8,10,1360,1451,0.360,0.122,0.519,2,3,-21.3,39.8,180,263
1934-07-01,Weest Kwiek,Excelsior (O),5,4,1441,1340,0.633,0.102,0.265,4,3,-9.0,5.5,211,176
1934-07-01,Wez Dapper,Surhuisterveen,3,1,1352,1204,0.692,0.092,0.215,5,3,-0.8,0.6,140,134
1934-07-01,Zuidland,DES (P),1,4,1461,1349,0.643,0.106,0.250,4,2,-80.5,70.3,200,187
1934-07-08,Excelsior (O),ADO (M),1,2,1347,1134,0.764,0.079,0.157,5,2,-48.9,49.2,166,167
1934-07-08,GSV,Weest Kwiek,2,4,1350,1434,0.373,0.114,0.513,3,4,-24.5,23.4,196,191
1934-07-08,UNI (S),Adundo,4,0,1384,1081,0.841,0.062,0.097,5,1,3.2,-4.1,130,178
1934-07-08,Volharding,Zeelandia,0,10,1391,1878,0.053,0.035,0.912,2,8,-19.9,14.6,221,180
1934-07-15,Excelsior (Z),Rust Roest (Z),5,2,1660,1434,0.773,0.084,0.143,4,1,2.8,-3.2,129,149
1934-07-15,Hermes (G),Voorwaarts (M),4,4,1597,1682,0.374,0.109,0.517,3,4,7.1,-7.4,158,162
1934-07-15,Olympia (Z),HDS (O),4,3,1739,1629,0.640,0.109,0.251,3,2,-5.5,6.1,147,153
1934-07-15,Quick (Ad),GKC²,2,1,1288,1348,0.404,0.119,0.477,2,3,17.4,-18.9,163,170
1934-07-15,SSS (H),Excelsior (Z),1,3,1393,1664,0.163,0.089,0.748,1,4,4.4,-3.3,149,135
1934-07-15,Spido,Zuidland,0,2,1250,1381,0.310,0.114,0.577,2,3,-19.0,16.0,207,186
1934-07-15,Weest Kwiek,Thor (D),4,0,1457,1362,0.625,0.103,0.271,4,3,28.8,-27.2,175,170
1934-07-15,Zwaluwen (H),Sport Vereent,7,10,1634,1494,0.694,0.073,0.233,9,6,-74.9,72.9,204,201
1934-07-22,Adundo,Rivas,0,2,1076,1376,0.141,0.080,0.779,1,4,9.6,-6.1,173,146
1934-07-22,Frisia,Leeuwarden,1,4,1516,1578,0.403,0.115,0.481,3,4,-34.8,32.3,172,166
1934-07-22,HDS (O),Excelsior (Z),5,7,1635,1663,0.448,0.122,0.430,4,3,-23.6,18.4,146,128
1934-07-22,OKC (Oost),DSS,2,0,1260,1244,0.512,0.120,0.368,3,2,18.6,-23.8,161,184
1934-07-22,SDW,Annen,3,6,1382,1473,0.361,0.119,0.519,2,3,-39.6,35.3,198,185
1934-07-22,SSS (H),Olympia (Z),0,4,1396,1733,0.115,0.074,0.811,1,4,-6.8,6.6,144,141
1934-07-22,Zeelandia,SSS (C),10,0,1894,1260,0.971,0.014,0.015,8,1,4.9,-5.4,179,193
1934-07-29,Advendo (N),Rapide (B),2,4,1448,1498,0.415,0.126,0.459,1,2,-24.5,36.2,164,203
1934-07-29,Advendo (TI),VEMO (T),5,2,1468,1308,0.705,0.093,0.202,4,2,12.8,-17.3,177,223
1934-07-29,Olympia (Z),Rust Roest (Z),2,0,1740,1430,0.844,0.064,0.092,4,0,-11.2,13.0,139,148
1934-07-29,Rohda (H),Rivas,1,1,1376,1370,0.495,0.123,0.382,3,2,-4.9,4.9,143,143
1934-07-29,VIOD (G),SBO (K),1,5,1253,1358,0.338,0.126,0.535,1,2,-36.2,27.7,160,138
1934-07-29,Wez Fluch,Leeuwarden,2,2,1837,1610,0.776,0.079,0.146,5,2,-52.0,29.9,201,155
1934-08-05,DOS (Ka),Emos,3,0,1154,938,0.762,0.088,0.151,3,1,7.3,-7.3,175,175
1934-08-05,DOS (M),Deetos,0,12,1714,2056,0.116,0.064,0.821,2,6,-27.1,22.6,187,168
1934-08-05,OLS,SDW,3,2,1376,1343,0.537,0.116,0.347,4,3,5.6,-5.0,202,182
1934-08-05,Rivas,Advendo (P),8,2,1374,1206,0.709,0.101,0.190,3,1,20.7,-36.6,137,189
1934-08-05,Roda (B),DSS,2,0,1260,1220,0.545,0.119,0.336,3,2,17.7,-17.6,172,171
1934-08-05,Rohda (H),Veendam,12,5,1370,1270,0.632,0.103,0.265,4,3,26.5,-48.8,137,192
1934-08-05,SBO (K),VIOD (G),5,1,1386,1217,0.711,0.100,0.189,3,1,13.6,-16.8,133,150
1934-08-05,Sparta (Ze),HBS (B),7,2,1648,1563,0.611,0.108,0.281,4,2,33.2,-33.7,163,165
1934-08-05,Swastika,Rood Zwart,2,2,1621,1688,0.395,0.117,0.488,2,3,5.7,-5.8,186,188
1934-08-05,Zeevaartschool,Deetos,1,12,1490,2081,0.028,0.024,0.947,1,7,-9.2,7.2,187,160
1934-08-12,BVK,Veendam,5,3,1430,1222,0.757,0.082,0.161,5,2,-5.9,7.3,163,175
1934-08-12,KIA,Vitesse (H),1,1,1292,1511,0.214,0.088,0.697,3,6,33.1,-39.3,201,218
1934-08-12,MKC (Me),Dowocs,4,4,1316,1407,0.364,0.111,0.524,3,4,14.1,-10.6,240,210
1934-08-12,MVU,GESH (A),0,5,1142,1415,0.162,0.086,0.752,1,4,-35.9,42.4,223,249
1934-08-12,Rohda (H),VIOD (G),2,0,1400,1200,0.747,0.087,0.165,4,1,-3.6,4.6,133,145
1934-08-12,Seolto (T),Rapide,0,3,1428,1528,0.345,0.122,0.532,2,3,-83.1,45.6,336,229
1934-08-12,Sportief (M),Emos,0,4,1274,931,0.869,0.054,0.078,5,1,-135.9,94.2,198,167
1934-08-12,UNI (S),Rivas,2,0,1388,1397,0.474,0.124,0.401,3,2,18.6,-16.9,141,134
1934-08-12,Zwaluwen (E),Rapide (B),0,5,1319,1535,0.212,0.100,0.688,2,4,-35.5,32.8,194,185
1934-08-19,Advendo (P),VIOD (G),0,1,1170,1204,0.435,0.130,0.435,1,2,-17.5,11.3,178,141
1934-08-19,Quick '21,Kinea (K),3,3,1531,1661,0.308,0.115,0.577,2,3,13.6,-21.0,169,209
1934-08-19,Rood Wit,Vitesse (Be),0,3,1764,1551,0.758,0.088,0.154,3,1,-82.6,107.8,180,205
1934-08-19,Rood Wit,Vitesse (H),2,0,1783,1471,0.848,0.059,0.093,5,1,-19.1,21.3,190,198
1934-08-19,SBO (K),Veendam,5,1,1401,1230,0.718,0.091,0.191,4,2,11.9,-17.2,134,167
1934-08-19,UNA (L),ZKC '19,3,2,1569,1483,0.612,0.107,0.281,4,3,-3.9,4.8,196,209
1934-08-19,UNI (S),Rivas,2,0,1407,1380,0.525,0.123,0.352,3,2,13.4,-12.4,135,129
1934-08-19,VIOS (G),Dowocs,2,2,1362,1397,0.441,0.117,0.442,2,3,0.1,-0.1,175,192
1934-08-19,Vidar,Spido,2,0,1385,1232,0.695,0.099,0.206,4,2,2.4,-2.2,183,196
1934-08-19,Vitesse (Be),Vitesse (H),4,0,1659,1504,0.699,0.095,0.206,4,2,24.7,-22.1,189,176
1934-08-19,Vitesse (Be),WWMD,1,4,1684,1836,0.280,0.116,0.604,1,3,-24.2,25.0,174,177
1934-08-19,Vitesse (H),WWMD,0,2,1491,1833,0.114,0.069,0.817,1,5,13.1,-17.7,187,209
1934-08-19,WWMD,Rood Wit,5,2,1814,1680,0.668,0.109,0.223,3,1,21.4,-17.3,194,169
1934-08-19,WWMD,Zwart Wit,1,0,1861,1639,0.768,0.086,0.146,4,1,-19.8,19.4,163,162
1934-08-19,Zwart Wit,UNA (L),2,0,1676,1587,0.612,0.112,0.275,3,2,12.8,-16.3,186,222
1934-08-19,Zwart Wit,ZKC '19,1,2,1688,1487,0.750,0.084,0.166,5,2,-48.8,58.8,172,188
1934-08-26,'t Overschotje (Z),VIOS (Kr),2,6,900,1233,0.120,0.069,0.811,2,5,-10.6,15.5,175,252
1934-08-26,Annen,Swastika,3,0,1509,1627,0.326,0.114,0.560,3,4,57.0,-54.7,180,176
1934-08-26,Quick '21,Leeuwarden,1,1,1543,1640,0.351,0.121,0.528,2,3,9.1,-8.9,160,158
1934-08-26,Roda (B),Advendo (N),2,2,1278,1424,0.289,0.115,0.596,2,3,16.8,-16.0,165,162
1934-08-26,TOP (Ap),SBO (K),1,8,1115,1413,0.142,0.080,0.777,1,4,-27.5,15.6,181,131
1934-08-26,VIOD (G),Rohda (H),0,7,1214,1395,0.249,0.108,0.644,2,3,-26.2,25.6,135,134
1934-08-26,Veendam,UNI (S),6,2,1211,1419,0.223,0.097,0.681,2,4,69.2,-46.9,158,130
1934-08-26,Vitesse (H),MKC (Me),5,4,1480,1330,0.695,0.091,0.214,5,3,-11.1,19.8,167,212
1934-08-26,Voorwaarts (M),Sparta (Ze),4,1,1675,1683,0.481,0.113,0.406,5,4,31.8,-30.1,164,159
1934-09-02,GKC²,NKC (No),6,2,1328,1212,0.648,0.107,0.245,3,2,27.4,-35.2,172,200
1934-09-02,Rapide,Seolto (T),1,1,1572,1342,0.775,0.085,0.140,3,1,-45.2,75.2,215,270
1934-09-02,SSS (C),Emos,7,2,1254,1024,0.775,0.085,0.140,3,1,27.4,-20.3,202,168
1934-09-02,TOP (Ap),UNI (S),0,5,1086,1371,0.152,0.084,0.764,1,4,-20.1,12.1,171,127
1934-09-02,VIOD (G),Advendo (P),2,0,1186,1150,0.534,0.130,0.336,2,1,12.8,-19.4,131,166
1934-09-09,Annen,SDW,1,5,1564,1336,0.775,0.082,0.143,4,1,-87.0,96.7,169,178
1934-09-09,DED,Sportief,2,5,1958,1905,0.568,0.106,0.326,5,4,-48.9,49.6,166,167
1934-09-09,Dowocs,Vitesse (H),1,11,1394,1467,0.386,0.117,0.497,2,3,-61.0,50.5,179,161
1934-09-09,Groen Wit (N),GESH (A),0,5,1356,1455,0.349,0.121,0.531,2,3,-58.7,70.7,205,229
1934-09-09,Leeuwarden,Kinea (K),2,0,1629,1637,0.474,0.124,0.402,3,2,20.2,-30.8,152,192
1934-09-09,MKC (Me),KIA,2,0,1348,1322,0.530,0.110,0.360,5,4,21.5,-21.0,195,192
1934-09-09,Rood Zwart,OLS,8,2,1680,1380,0.838,0.064,0.098,5,1,18.9,-20.6,182,191
1934-09-09,Seolto (T),BKC (Br),1,1,1416,1258,0.700,0.099,0.202,4,1,-40.4,52.9,240,271
1934-09-09,Sparta (W),Wez Handich,3,0,1383,1353,0.530,0.120,0.350,3,2,57.0,-27.8,254,167
1934-09-09,TOP (Ap),VIOS (Kr),5,4,1064,1247,0.248,0.103,0.649,2,4,31.0,-62.1,163,230
1934-09-09,Vitesse (H),Swastika,1,5,1519,1569,0.419,0.117,0.464,2,3,-35.9,43.6,150,166
1934-09-16,'t Overschotje,ZKC (Zu),1,1,1605,1749,0.291,0.116,0.593,2,3,19.8,-19.6,192,191
1934-09-16,AKC (Al),DOS (E),2,6,1576,1868,0.147,0.082,0.771,1,4,-16.5,16.6,186,187
1934-09-16,Achilles (A),Naas²,2,2,1582,1779,0.233,0.101,0.666,2,4,23.3,-31.4,170,196
1934-09-16,Ajax,DED,2,8,1671,1908,0.195,0.089,0.716,2,5,-43.6,24.4,220,156
1934-09-16,Breda,Volt,3,3,1632,1561,0.592,0.108,0.301,4,3,-22.0,21.0,216,211
1934-09-16,DKC (De),HSV,2,4,1764,1921,0.280,0.106,0.615,3,4,-9.4,10.6,174,189
1934-09-16,DTV,DVD²,2,4,1838,1898,0.405,0.117,0.478,2,3,-25.6,26.9,180,185
1934-09-16,Deetos,Rozenburg,7,4,2088,1854,0.785,0.073,0.142,6,2,1.1,-0.8,171,179
1934-09-16,Dio,Nic,3,3,1633,1703,0.387,0.125,0.488,1,2,7.3,-6.8,209,201
1934-09-16,Fluks,HKV,5,6,1861,1969,0.335,0.124,0.541,1,2,-5.2,5.4,186,192
1934-09-16,Groen Geel,District V²,6,2,1563,1563,0.482,0.133,0.385,2,1,72.0,-45.6,227,175
1934-09-16,Groen Zwart,GKC²,4,1,1414,1355,0.573,0.113,0.314,4,2,33.7,-23.6,203,165
1934-09-16,HBS (H),OSCR,3,4,1683,1754,0.386,0.126,0.489,1,2,-12.5,11.0,198,183
1934-09-16,HKC (He),Wit Blauw,4,2,1610,1594,0.508,0.126,0.366,3,2,25.0,-27.8,186,197
1934-09-16,KVKV,Amstelodamum,3,1,1623,1566,0.566,0.119,0.315,3,2,22.9,-26.3,215,235
1934-09-16,Kinea (K),Quick '21,2,2,1605,1549,0.566,0.119,0.315,3,2,-15.0,11.9,174,156
1934-09-16,LUTO,Rohda (A),3,4,1842,1832,0.505,0.116,0.380,4,3,-22.6,30.9,183,216
1934-09-16,ODO²,Merwede (D),1,2,1599,1472,0.662,0.106,0.233,3,2,-80.1,68.7,292,270
1934-09-16,OKO,Club Brothers,4,5,1354,1477,0.322,0.108,0.570,3,4,-0.4,0.6,191,175
1934-09-16,OSCA,Vogel,6,1,1873,1729,0.686,0.094,0.219,5,2,32.4,-38.5,188,208
1934-09-16,Olympia (B),KZ,2,1,1812,2094,0.156,0.080,0.764,2,5,55.3,-51.6,178,173
1934-09-16,Oosterpark,Excelsior,4,3,1817,1819,0.490,0.112,0.398,5,4,10.1,-9.4,186,179
1934-09-16,PM,Mercedes,1,1,1456,1485,0.447,0.120,0.433,4,3,-1.1,1.1,221,221
1934-09-16,PSV,ONA,10,1,1630,1512,0.654,0.097,0.248,5,3,60.0,-50.1,220,198
1934-09-16,Rapid (B),Rood Wit (T),0,5,1315,1405,0.363,0.117,0.520,2,3,-70.2,67.8,228,224
1934-09-16,Rapiditas,Hellas,3,1,1473,1736,0.169,0.090,0.741,1,4,78.0,-72.0,194,186
1934-09-16,ReadyTekca,Animo²,6,3,1471,1452,0.513,0.126,0.361,3,2,45.2,-55.4,211,238
1934-09-16,SAMOS,Hercules,1,2,1779,1845,0.394,0.121,0.485,2,3,-11.4,11.1,186,183
1934-09-16,Sparta (A)²,Amsterdam Zuid,4,3,1644,1883,0.194,0.087,0.719,3,5,66.5,-48.5,219,188
1934-09-16,Sportief,Blauw Wit,6,5,1954,2059,0.344,0.114,0.542,3,4,22.1,-26.5,157,173
1934-09-16,THB,Concordia²,2,2,1332,1510,0.249,0.113,0.638,1,3,58.7,-22.4,350,224
1934-09-16,Trekvogels (R),Spartaan,4,3,1506,1277,0.776,0.083,0.141,4,1,-29.1,29.0,218,218
1934-09-16,VADA,Wilskracht,3,1,1603,1529,0.594,0.111,0.296,4,2,14.3,-16.2,190,206
1934-09-16,VIOS (H),Ons Huis (R),3,5,1501,1538,0.437,0.120,0.444,2,3,-30.9,36.3,185,203
1934-09-16,VIOS (Kr),TOP (Ap),4,3,1184,1095,0.616,0.107,0.278,4,2,-6.5,3.0,203,156
1934-09-16,Velox,GKV,3,4,1696,1755,0.401,0.125,0.474,1,2,-12.9,15.3,185,205
1934-09-16,Vreewijk,ALO,1,3,1721,1697,0.521,0.122,0.357,3,2,-46.1,48.3,194,199
1934-09-16,WIK '34,Surhuisterveen,6,0,1437,1204,0.786,0.071,0.143,6,3,23.2,-17.7,185,157
1934-09-16,WK,Vitesse (Be),6,1,1962,1655,0.845,0.058,0.097,6,2,13.9,-10.8,206,169
1934-09-16,WWMD,Rood Wit,7,3,1837,1659,0.719,0.100,0.180,3,1,19.5,-20.3,164,167
1934-09-16,Westerkwartier,Swift,3,5,2072,1912,0.704,0.094,0.202,4,2,-58.2,67.3,173,186
1934-09-16,Wez Handich,Sparta (W),1,4,1324,1439,0.327,0.119,0.555,2,3,-24.3,41.2,159,216
1934-09-16,Zuiden (R),Ons Eibernest,5,2,1947,1839,0.638,0.108,0.255,4,2,22.9,-20.3,191,177
1934-09-16,Zwaluwen (H),Amersfoort,1,1,1558,1500,0.564,0.126,0.310,2,1,-16.7,21.1,203,227
1934-09-23,ALO,Ready (H),2,3,1746,1719,0.523,0.124,0.353,3,2,-26.7,32.2,181,200
1934-09-23,AW,Hercules,1,2,1784,1856,0.387,0.119,0.494,2,3,-9.4,8.7,177,169
1934-09-23,BEP,KCN,2,2,1897,1605,0.835,0.060,0.105,6,2,-69.5,52.5,225,198
1934-09-23,Baerne,Zwaluwen (H),2,0,1654,1541,0.643,0.110,0.247,3,1,9.3,-9.1,189,186
1934-09-23,Be Quick,PM,1,2,1501,1455,0.553,0.118,0.329,3,2,-30.6,34.6,186,198
1934-09-23,Blauw Wit,DTV,5,3,2033,1813,0.769,0.081,0.150,4,1,-6.8,7.5,160,166
1934-09-23,Breda,ONA,1,0,1610,1462,0.692,0.092,0.215,5,3,-15.9,13.7,195,183
1934-09-23,Club Brothers,OKO,1,6,1478,1354,0.663,0.097,0.240,5,3,-72.1,82.1,164,175
1934-09-23,DED,Sparta (A)²,3,3,1933,1711,0.775,0.075,0.151,6,2,-28.0,51.1,151,199
1934-09-23,DKC (De),Deetos,0,5,1755,2090,0.120,0.064,0.816,2,6,-11.2,11.3,163,164
1934-09-23,DKC (Do)²,SKC,1,1,1500,1534,0.445,0.110,0.446,3,4,0.1,-0.1,175,175
1934-09-23,DOS (E),Achilles (A),2,1,1885,1606,0.823,0.067,0.110,5,1,-31.1,25.2,177,161
1934-09-23,DVD²,Sportief,5,7,1925,1977,0.418,0.114,0.468,3,4,-24.4,19.1,170,149
1934-09-23,Dedemsvaart,Excelsior (K),5,6,1129,1265,0.311,0.094,0.595,5,6,3.8,-3.2,204,194
1934-09-23,Die Haghe,Ter Gouw,5,1,1711,1586,0.660,0.105,0.235,3,2,28.6,-32.0,182,194
1934-09-23,Dio,WWMD,2,7,1640,1858,0.210,0.101,0.689,1,4,-34.0,24.5,189,156
1934-09-23,EKCA,VADA,2,1,1849,1617,0.781,0.078,0.141,5,1,-27.3,23.1,189,176
1934-09-23,Excelsior,KVD,6,1,1810,1740,0.591,0.105,0.304,5,3,34.8,-40.6,166,181
1934-09-23,HKC (He),Zwart Wit,3,3,1635,1654,0.456,0.131,0.413,3,2,-2.4,2.2,171,165
1934-09-23,HSV,Zuiden (R),1,0,1932,1970,0.435,0.116,0.448,2,3,15.5,-15.7,174,176
1934-09-23,Haarlem,Animo²,6,2,1640,1396,0.785,0.087,0.128,3,0,16.9,-21.6,177,209
1934-09-23,Hellas,ZKC (Zu),1,3,1664,1729,0.394,0.122,0.484,2,3,-24.9,25.1,176,176
1934-09-23,KVKV,Sport,2,0,1646,1570,0.594,0.114,0.292,3,2,15.9,-18.8,195,219
1934-09-23,KZ,Westerkwartier,4,8,2042,2014,0.531,0.114,0.356,4,3,-54.2,53.8,165,164
1934-09-23,Kinea (K),Leeuwarden,4,1,1590,1648,0.404,0.124,0.472,2,3,41.5,-34.9,162,148
1934-09-23,Markelo²,ODIO,1,2,1437,1602,0.268,0.106,0.626,2,4,8.2,-4.3,241,197
1934-09-23,Mercedes,Noviomagum,1,0,1486,1381,0.629,0.118,0.254,2,1,-4.6,5.5,198,208
1934-09-23,Naas²,Wit Blauw,3,0,1748,1566,0.729,0.090,0.181,4,2,9.9,-9.9,180,180
1934-09-23,OKC (A),VIOS (Oss),1,2,1213,1347,0.305,0.111,0.584,3,4,1.3,-0.1,213,175
1934-09-23,Onder Ons,'t Overschotje,3,1,1592,1625,0.441,0.122,0.438,4,3,32.9,-29.8,187,177
1934-09-23,Ons Eibernest,Fluks,3,3,1819,1857,0.432,0.124,0.444,2,3,0.6,-0.7,166,172
1934-09-23,Ons Huis (R),Trekvogels (R),3,2,1575,1478,0.624,0.109,0.267,4,2,-4.7,6.3,183,202
1934-09-23,Oranje Wit (T),NASB,1,3,1467,1453,0.505,0.123,0.372,3,2,-51.1,57.0,219,232
1934-09-23,Rigtersbleek,AKC (Al),3,1,1586,1560,0.518,0.133,0.349,2,1,25.8,-23.3,187,176
1934-09-23,Rohda (A),OSCA,5,2,1863,1906,0.426,0.122,0.451,2,3,50.5,-42.6,193,176
1934-09-23,Rood Wit (H),Olympiaan,1,4,1539,1529,0.498,0.130,0.372,2,1,-56.9,69.6,191,214
1934-09-23,Rozenburg,HKV,2,1,1853,1975,0.316,0.122,0.562,2,3,29.4,-31.1,171,176
1934-09-23,SGOC,Swift (E),1,1,1116,1191,0.378,0.127,0.495,1,2,9.5,-9.0,236,230
1934-09-23,Schiedam,Sperwers,3,4,1398,1494,0.354,0.117,0.529,2,3,-8.5,8.1,224,215
1934-09-23,Sparta (W),Advendo (TI),2,5,1481,1480,0.488,0.124,0.388,3,2,-55.6,50.8,192,183
1934-09-23,Swift,Olympia (B),1,3,1980,1867,0.647,0.103,0.251,4,2,-52.7,49.9,174,169
1934-09-23,TOGO (A),Amstelodamum,2,2,1493,1540,0.419,0.125,0.455,1,2,2.9,-2.4,228,208
1934-09-23,Union,Oranje Zwart,2,6,913,1182,0.165,0.086,0.750,1,4,-22.2,20.3,206,194
1934-09-23,VDS,Bolnes,0,6,1293,1384,0.361,0.115,0.524,3,4,-61.4,66.7,200,209
1934-09-23,VIOS (Wo),SVA,1,3,1423,1494,0.389,0.116,0.495,3,4,-36.0,33.9,237,229
1934-09-23,VVGA,Avanti²,5,4,1818,1916,0.351,0.118,0.531,2,3,39.3,-37.8,239,234
1934-09-23,Vesta,LUTO,1,5,1820,1820,0.493,0.114,0.394,4,3,-55.2,51.7,176,170
1934-09-23,Vogel,SVK,2,2,1690,1856,0.271,0.099,0.630,3,5,24.2,-20.2,190,175
1934-09-23,Volt,PSV,2,4,1582,1692,0.339,0.111,0.551,3,4,-18.8,19.9,192,199
1934-09-23,Wilskracht,Rapiditas,6,3,1512,1551,0.429,0.128,0.443,1,2,48.6,-45.9,187,181
1934-09-23,ZKV (Za),Volharding (A),1,0,1810,1771,0.543,0.118,0.339,3,2,4.8,-4.5,195,184
1934-09-30,'t Overschotje,Hellas,4,0,1595,1638,0.424,0.124,0.452,2,3,47.9,-47.1,165,163
1934-09-30,ADO (A),Merwede (D),1,0,1363,1541,0.251,0.111,0.638,1,3,63.0,-58.1,251,241
1934-09-30,AKC (Al),Naas²,0,3,1536,1758,0.206,0.099,0.695,1,4,-12.4,13.0,164,170
1934-09-30,Achilles (A),Rigtersbleek,3,4,1631,1612,0.510,0.129,0.362,2,1,-20.9,25.1,156,172
1934-09-30,Advendo (TI),Sparta (W),4,3,1532,1426,0.634,0.111,0.256,3,2,-5.6,6.2,169,176
1934-09-30,Ajax,ZKV (Za),5,8,1627,1815,0.243,0.103,0.653,2,4,-22.2,18.5,201,178
1934-09-30,Algemeene,Oosten²,2,4,1712,1644,0.583,0.114,0.303,3,2,-56.7,66.4,207,224
1934-09-30,Altius,Stormers,6,1,1592,1289,0.841,0.062,0.097,5,1,17.6,-27.2,193,271
1934-09-30,Bilthoven,Rohda (A),2,3,1730,1915,0.245,0.105,0.650,2,4,8.9,-7.8,186,176
1934-09-30,Breda,Oranje Wit (T),4,0,1594,1415,0.727,0.088,0.185,5,2,19.4,-22.1,181,197
1934-09-30,Club Brothers,OKO,6,3,1406,1437,0.447,0.114,0.439,5,4,32.1,-35.5,155,164
1934-09-30,DED,Amsterdam Zuid,3,0,1905,1835,0.595,0.099,0.305,5,4,15.4,-21.7,147,179
1934-09-30,DES (P),KLM,3,1,1420,1264,0.696,0.101,0.203,3,1,7.6,-7.0,198,321
1934-09-30,DTV,Swift,5,5,1820,1927,0.338,0.120,0.542,2,3,10.3,-10.8,159,163
1934-09-30,De Kweek,Phoenix (Z),3,4,1679,1497,0.727,0.094,0.179,4,1,-94.0,90.1,292,286
1934-09-30,Dedemsvaart,Quick (Z),7,2,1133,1238,0.351,0.099,0.550,5,6,66.9,-86.2,186,213
1934-09-30,Deetos,Ons Eibernest,5,1,2102,1819,0.827,0.062,0.110,6,2,3.8,-3.8,158,155
1934-09-30,Excelsior (K),Union,5,0,1263,891,0.889,0.042,0.069,8,2,3.7,-3.7,179,191
1934-09-30,Excelsior,SAMOS,4,0,1845,1767,0.599,0.109,0.291,4,2,26.5,-31.7,156,173
1934-09-30,Fluks,DKC (De),3,3,1856,1743,0.645,0.106,0.249,4,2,-20.7,20.1,160,158
1934-09-30,GKV,Regenboog,8,4,1772,1698,0.590,0.116,0.294,3,2,38.1,-40.6,187,194
1934-09-30,HKV,HSV,0,2,1944,1947,0.483,0.122,0.395,3,2,-31.6,31.0,164,162
1934-09-30,Haarlem,THB,1,1,1658,1391,0.811,0.073,0.116,4,1,-32.4,98.3,169,279
1934-09-30,Hekkensluiters,Genemuiden,2,2,1187,1221,0.445,0.110,0.446,3,4,0.1,-0.1,175,175
1934-09-30,Hercules,DDV,5,4,1864,1765,0.629,0.104,0.268,4,3,-5.1,6.6,158,174
1934-09-30,Hermes (G),UDI (H),2,3,1603,1486,0.652,0.101,0.248,4,3,-35.6,53.8,173,212
1934-09-30,KCN,KVKV,5,3,1658,1662,0.482,0.121,0.397,4,3,28.1,-26.0,189,180
1934-09-30,KVD,AW,2,9,1699,1774,0.381,0.120,0.498,2,3,-52.3,50.2,168,164
1934-09-30,LUTO,SVK,3,2,1872,1835,0.545,0.107,0.347,5,4,2.3,-2.4,159,164
1934-09-30,Leeuwarden,Quick '21,6,0,1613,1561,0.558,0.122,0.320,3,2,33.2,-37.6,141,150
1934-09-30,NASB,Volt,2,2,1511,1563,0.410,0.126,0.464,1,2,4.0,-2.9,206,177
1934-09-30,OTO,Baerne,3,3,1623,1663,0.432,0.119,0.449,2,3,1.3,-0.9,213,175
1934-09-30,Olympia (B),Blauw Wit,4,6,1917,2027,0.338,0.111,0.551,3,4,-13.8,13.1,160,155
1934-09-30,Olympiaan,ODI (H),1,9,1599,1603,0.484,0.115,0.401,4,3,-70.4,137.5,191,279
1934-09-30,Oost Arnhem,PM,5,0,1336,1489,0.284,0.103,0.613,3,5,110.2,-73.5,223,181
1934-09-30,Oriento,VVGA,6,2,1801,1858,0.409,0.118,0.474,2,3,79.4,-68.5,230,211
1934-09-30,Rood Wit,Nic,3,3,1639,1697,0.401,0.132,0.467,1,2,3.2,-4.3,162,186
1934-09-30,SKC,SIOS (A),4,1,1534,909,0.969,0.016,0.015,6,0,-16.7,40.7,163,234
1934-09-30,Seolto (T),Rapide,0,4,1375,1525,0.280,0.120,0.600,1,2,-50.3,44.9,221,207
1934-09-30,Spangen,ALO,5,3,1640,1719,0.372,0.130,0.498,1,2,48.3,-35.7,198,169
1934-09-30,Sperwers,Ons Huis (R),5,3,1502,1571,0.393,0.116,0.491,3,4,40.9,-32.2,194,171
1934-09-30,Sportief,KZ,1,4,1997,1988,0.503,0.116,0.381,4,3,-33.7,39.7,142,155
1934-09-30,Sportlust (U),HDS,4,4,1334,1428,0.359,0.114,0.526,3,4,12.8,-14.4,232,244
1934-09-30,Swift (E),DKC (Do)²,4,2,1182,1500,0.130,0.073,0.798,2,5,98.3,-60.2,205,163
1934-09-30,TCNH,Ons Ploegje,1,2,1312,1401,0.359,0.125,0.515,1,2,-12.5,13.7,235,251
1934-09-30,Trekvogels (R),Oosten (R),3,1,1484,1446,0.538,0.123,0.338,3,2,20.5,-45.6,185,307
1934-09-30,VADA,Onder Ons,1,1,1640,1625,0.512,0.114,0.374,4,3,-7.4,7.7,168,172
1934-09-30,VIOS (H),Schiedam,1,2,1471,1389,0.602,0.113,0.285,3,2,-32.4,43.0,173,200
1934-09-30,VIOS (Kr),TOP (Ap),3,2,1179,1098,0.603,0.108,0.289,4,3,-4.1,2.2,186,152
1934-09-30,Vogel,Vesta,3,6,1714,1765,0.419,0.115,0.466,3,4,-37.5,33.0,176,164
1934-09-30,Volharding,TOGO (G),0,4,1369,1569,0.227,0.106,0.668,1,3,-41.9,32.1,231,195
1934-09-30,Vreewijk,Ready (H),2,3,1675,1751,0.379,0.122,0.499,2,3,-9.4,9.5,180,182
1934-09-30,WK,Dio,10,1,1977,1606,0.887,0.044,0.069,7,2,19.2,-16.0,197,175
1934-09-30,WWMD,Vitesse (Be),4,2,1883,1645,0.783,0.083,0.134,3,1,-6.1,8.2,150,167
1934-09-30,Westerkwartier,DVD²,8,1,2069,1902,0.715,0.087,0.198,5,3,25.9,-27.0,154,158
1934-09-30,Wilskracht,EKCA,0,3,1562,1822,0.171,0.092,0.737,1,4,-9.5,10.0,172,179
1934-09-30,ZKC (Zu),Rapiditas,2,3,1754,1506,0.793,0.079,0.128,4,1,-53.2,56.0,164,168
1934-09-30,Zuiden (R),Rozenburg,6,4,1954,1883,0.588,0.114,0.297,3,2,11.7,-11.3,163,160
1934-09-30,Zwart Wit,DOS (E),3,2,1656,1854,0.231,0.104,0.666,2,4,34.1,-41.2,155,170
1934-10-07,ALO,HBS (H),1,3,1684,1672,0.501,0.127,0.372,3,2,-32.2,42.6,158,184
1934-10-07,AW,DDV,0,5,1827,1773,0.565,0.114,0.321,4,2,-57.4,63.6,154,162
1934-10-07,Amersfoort,OTO,1,1,1522,1626,0.342,0.121,0.537,2,3,14.1,-12.0,205,190
1934-10-07,Amsterdam Zuid,Ajax,2,4,1813,1607,0.757,0.081,0.162,5,2,-59.2,73.4,166,184
1934-10-07,BVK,Rivas,1,1,1423,1365,0.566,0.123,0.311,2,1,-15.4,10.4,172,143
1934-10-07,BVK,UNI (S),3,2,1407,1375,0.531,0.124,0.345,3,2,4.4,-3.3,158,129
1934-10-07,Blauw Wit,Westerkwartier,4,5,2041,2097,0.412,0.113,0.474,3,4,-8.2,8.4,147,148
1934-10-07,Club Brothers,VIOS (Kr),4,0,1440,1176,0.810,0.069,0.121,5,2,6.1,-7.3,147,171
1934-10-07,DKC (De),Zuiden (R),1,2,1764,1967,0.226,0.100,0.674,2,4,9.1,-9.6,150,154
1934-10-07,DOS (E),Naas²,4,2,1814,1772,0.549,0.114,0.337,4,3,14.5,-14.6,160,161
1934-10-07,DOS (M),Volharding,5,1,1686,1327,0.878,0.051,0.072,5,1,2.9,-2.5,194,207
1934-10-07,DOT (O),VIOS (Oss),2,1,1077,1348,0.161,0.089,0.750,1,4,99.5,-41.5,253,167
1934-10-07,DVD²,Olympia (B),7,7,1875,1904,0.450,0.113,0.437,5,4,-0.6,0.6,151,151
1934-10-07,Emma,Olympiaan,3,1,1380,1529,0.284,0.116,0.600,2,3,72.9,-47.8,223,179
1934-10-07,HSV,Deetos,3,3,1979,2107,0.317,0.102,0.581,4,5,12.6,-12.9,152,154
1934-10-07,Hellas,VADA,1,3,1592,1633,0.430,0.119,0.452,2,3,-22.4,23.6,153,157
1934-10-07,Hillegersberg,Vlug en Lenig²,2,1,1183,1183,0.485,0.127,0.389,3,2,18.6,-10.5,247,175
1934-10-07,KIOL (Z),Dedemsvaart,1,2,1299,1202,0.630,0.096,0.274,6,4,-43.5,32.5,200,173
1934-10-07,KIOS (R),ZKC '19,4,3,1612,1544,0.594,0.095,0.311,6,5,-3.8,2.8,207,189
1934-10-07,KVKV,TOGO (A),4,1,1637,1497,0.677,0.102,0.221,4,2,15.0,-20.2,167,204
1934-10-07,Madjoe (V),TOGO (G),19,0,1565,1602,0.436,0.120,0.444,2,3,78.0,-68.2,196,182
1934-10-07,Markelo²,Groen Zwart,2,1,1446,1449,0.483,0.120,0.397,4,3,14.5,-11.6,214,188
1934-10-07,OEC,VIOS (Wo),4,5,1546,1388,0.702,0.094,0.204,4,2,-68.3,56.3,232,211
1934-10-07,Onder Ons,Wilskracht,1,0,1633,1553,0.601,0.112,0.287,3,2,-2.5,2.7,160,163
1934-10-07,Ons Eibernest,HKV,1,1,1816,1912,0.349,0.126,0.525,1,2,8.3,-8.5,152,153
1934-10-07,Oosten (R),VIOS (H),2,3,1401,1439,0.431,0.126,0.442,1,2,-26.7,12.8,247,163
1934-10-07,Ready (H),Spangen,5,1,1762,1690,0.586,0.120,0.294,3,1,33.1,-37.2,168,179
1934-10-07,ReadyTekca,Concordia²,2,3,1519,1490,0.526,0.126,0.348,3,2,-30.5,35.6,196,212
1934-10-07,Regenboog,Die Haghe,1,4,1659,1742,0.368,0.125,0.507,1,2,-35.9,33.8,178,172
1934-10-07,Rigtersbleek,HKC (He),1,0,1638,1634,0.486,0.135,0.378,2,1,9.6,-9.9,160,162
1934-10-07,Rivas,UNI (S),2,1,1375,1384,0.471,0.129,0.400,3,2,8.0,-8.4,135,138
1934-10-07,Rood Zwart,Swastika,4,0,1702,1615,0.611,0.110,0.279,4,2,33.3,-27.6,181,162
1934-10-07,Rozenburg,Fluks,4,2,1872,1836,0.538,0.120,0.342,3,2,14.8,-14.8,151,152
1934-10-07,SAMOS,Oosterpark,3,1,1736,1829,0.356,0.120,0.524,2,3,34.6,-40.5,161,175
1934-10-07,SIOS (A),Swift (E),0,3,950,1282,0.119,0.074,0.808,1,4,-3.1,4.0,231,192
1934-10-07,Schiedam,Trekvogels (R),0,1,1433,1505,0.384,0.124,0.493,2,3,-10.4,9.7,182,175
1934-10-07,Spartaan,Sperwers,0,4,1307,1545,0.193,0.093,0.714,2,4,-26.6,20.9,206,177
1934-10-07,Swift,Sportief,2,3,1918,1964,0.423,0.119,0.458,2,3,-10.9,8.7,153,136
1934-10-07,Ter Gouw,Velox,2,2,1555,1685,0.310,0.114,0.576,2,3,16.4,-15.3,182,176
1934-10-07,UDI (H),Voorwaarts (M),1,1,1541,1706,0.272,0.099,0.629,3,5,24.9,-18.3,192,165
1934-10-07,UNA (L),Hermes (G),0,1,1564,1568,0.480,0.123,0.396,3,2,-24.6,17.9,193,163
1934-10-07,Vesta,OSCA,5,3,1800,1865,0.396,0.120,0.484,2,3,27.9,-32.2,154,166
1934-10-07,Vitesse (Be),Rood Wit,2,0,1654,1644,0.498,0.128,0.374,3,2,21.2,-19.4,160,153
1934-10-07,Vogel,LUTO,3,6,1678,1875,0.236,0.093,0.671,3,5,-11.6,10.3,163,150
1934-10-07,Volharding (A),DED,3,3,1767,1922,0.281,0.108,0.611,2,4,20.2,-13.2,173,141
1934-10-07,WK,WWMD,4,1,1999,1879,0.659,0.096,0.245,5,3,16.8,-11.2,190,146
1934-10-07,Wit Blauw,AKC (Al),2,2,1557,1524,0.532,0.124,0.345,3,2,-10.9,8.9,172,156
1934-10-07,ZKV (Za),Sparta (A)²,6,2,1835,1763,0.593,0.108,0.299,4,3,29.9,-36.5,168,188
1934-10-07,Zwart Wit,Achilles (A),0,3,1692,1611,0.600,0.115,0.285,3,2,-47.6,47.6,148,148
1934-10-14,'s Gravenhage,TOP (Hg),3,1,1358,1282,0.589,0.121,0.290,2,1,26.6,-24.0,250,233
1934-10-14,Achilles (H),Velox,3,2,1756,1669,0.618,0.097,0.285,5,4,-7.9,4.1,208,164
1934-10-14,Ajax,Volharding (A),1,3,1680,1787,0.335,0.124,0.541,1,2,-19.1,16.8,173,161
1934-10-14,Baerne,Amersfoort,3,2,1663,1536,0.660,0.109,0.231,3,1,-7.5,10.0,166,186
1934-10-14,Concordia²,Animo²,6,2,1525,1376,0.680,0.116,0.204,2,0,32.4,-34.6,191,198
1934-10-14,DED,ZKV (Za),5,5,1908,1866,0.554,0.106,0.340,5,4,-8.3,11.2,136,158
1934-10-14,DKC (De),Rozenburg,4,1,1772,1887,0.328,0.118,0.554,2,3,40.8,-40.6,144,144
1934-10-14,DOS (M),Swift (M),9,4,1689,1375,0.849,0.059,0.092,5,1,13.3,-14.3,187,198
1934-10-14,EMO,ONA,1,5,1508,1476,0.533,0.120,0.347,3,2,-84.4,59.5,213,176
1934-10-14,Excelsior (K),Lenig en Flink,4,0,1268,1120,0.696,0.084,0.220,6,4,18.5,-18.2,176,175
1934-10-14,Fluks,Zuiden (R),0,5,1821,1957,0.302,0.114,0.584,2,3,-29.3,30.5,144,147
1934-10-14,GKC²,Markelo²,1,5,1332,1460,0.314,0.111,0.575,3,4,-30.5,40.2,163,191
1934-10-14,GKV,Ter Gouw,7,5,1812,1571,0.789,0.077,0.135,5,1,-10.3,9.2,175,168
1934-10-14,Groen Zwart,ODIO,1,3,1437,1599,0.270,0.111,0.619,2,3,-10.1,11.2,174,187
1934-10-14,HBS (H),Spangen,6,3,1715,1652,0.572,0.124,0.304,2,1,26.9,-26.3,169,166
1934-10-14,HKC (He),DOS (E),2,2,1623,1828,0.222,0.104,0.674,1,3,22.2,-21.8,152,151
1934-10-14,KZ,DVD²,5,1,2029,1875,0.698,0.093,0.209,5,2,15.4,-14.5,148,143
1934-10-14,LUTO,OSCA,3,2,1886,1832,0.567,0.110,0.322,4,3,0.3,-0.2,144,155
1934-10-14,NASB,Breda,1,3,1515,1615,0.352,0.112,0.536,3,4,-19.8,17.4,187,173
1934-10-14,Naas²,Rigtersbleek,1,5,1757,1647,0.637,0.113,0.250,3,1,-61.1,60.2,152,150
1934-10-14,ODI (H),Emma,3,1,1743,1453,0.833,0.062,0.105,6,2,-25.2,16.2,234,198
1934-10-14,OEC,Rust Roest (E),1,8,1478,1410,0.589,0.104,0.307,5,3,-97.5,124.0,209,239
1934-10-14,OSCR,Ready (H),5,2,1766,1795,0.445,0.124,0.431,3,2,42.1,-34.6,176,158
1934-10-14,OTO,Zwaluwen (H),2,1,1613,1532,0.601,0.114,0.285,3,2,-2.3,2.4,175,178
1934-10-14,Olympia (B),Sportief,2,3,1906,1972,0.397,0.114,0.490,3,4,-6.6,5.7,143,131
1934-10-14,Ons Eibernest,HSV,3,7,1823,1991,0.265,0.108,0.627,2,4,-21.1,21.3,144,145
1934-10-14,Ons Huis (R),Schiedam,0,1,1539,1422,0.653,0.101,0.246,4,2,-34.9,37.3,162,168
1934-10-14,Oosterpark,Hercules,3,3,1788,1860,0.388,0.115,0.497,3,4,5.8,-5.1,163,153
1934-10-14,Oranje Nassau (E),Ons Clubje,0,6,1533,1299,0.778,0.086,0.136,3,0,-204.9,118.3,267,204
1934-10-14,Rapiditas,'t Overschotje,1,4,1563,1644,0.370,0.126,0.504,1,2,-31.9,29.5,164,157
1934-10-14,Sparta (Ze),Hermes (G),3,0,1651,1585,0.580,0.116,0.303,3,2,23.8,-21.2,164,154
1934-10-14,Sperwers,Trekvogels (R),6,4,1565,1514,0.558,0.121,0.321,3,2,16.0,-15.2,167,163
1934-10-14,Sport,KCN,0,9,1552,1687,0.302,0.115,0.583,2,3,-60.6,47.9,200,175
1934-10-14,Swift,Blauw Wit,3,3,1906,2033,0.314,0.113,0.573,2,4,11.6,-10.8,145,140
1934-10-14,UNA (L),UDI (H),2,3,1538,1565,0.449,0.121,0.430,4,3,-16.7,16.8,176,176
1934-10-14,Union,KIOL (Z),1,2,888,1255,0.100,0.060,0.840,2,6,35.5,-33.5,187,182
1934-10-14,VADA,ZKC (Zu),1,1,1656,1702,0.423,0.121,0.456,2,3,1.5,-1.7,148,160
1934-10-14,VIOS (H),Spartaan,1,0,1452,1280,0.715,0.096,0.189,4,1,-11.9,18.8,155,189
1934-10-14,Vesta,Rohda (A),4,1,1828,1908,0.375,0.120,0.505,2,3,36.1,-46.8,146,167
1934-10-14,Volt,Oranje Wit (T),4,1,1561,1393,0.708,0.101,0.191,3,1,12.7,-14.8,167,185
1934-10-14,Wester,VVGA,1,3,1700,1790,0.362,0.116,0.521,2,3,-32.6,23.2,238,194
1934-10-14,Westerkwartier,DTV,6,3,2105,1832,0.818,0.067,0.115,5,2,-1.9,2.7,141,153
1934-10-14,Wit Blauw,Achilles (A),1,1,1545,1658,0.331,0.118,0.552,2,3,11.7,-9.2,160,142
1934-10-14,ZKC '19,Moedig Voorwaarts,3,2,1546,1617,0.389,0.118,0.492,2,3,19.5,-33.8,175,235
1934-10-14,Zeelandia,Madjoe (V),2,2,1900,1647,0.807,0.061,0.132,8,4,-53.6,41.6,200,178
1934-10-21,'t Overschotje,VADA,2,0,1673,1657,0.511,0.119,0.370,3,2,16.5,-15.1,148,141
1934-10-21,AKC (Al),HKC (He),3,5,1532,1645,0.326,0.127,0.547,1,2,-15.0,14.2,151,146
1934-10-21,AW,Excelsior,2,2,1768,1873,0.344,0.113,0.543,3,4,9.1,-9.7,149,154
1934-10-21,Amstelodamum,Sport,2,0,1538,1490,0.553,0.122,0.325,3,2,21.5,-19.2,195,182
1934-10-21,Animo²,THB,0,0,1341,1489,0.284,0.116,0.599,2,3,16.6,-31.9,184,250
1934-10-21,Avance,Vreeland,9,1,907,900,0.502,0.110,0.388,5,4,92.4,-53.4,239,175
1934-10-21,Avanti²,Wester,5,2,1880,1667,0.762,0.082,0.156,5,2,9.2,-9.0,214,208
1934-10-21,Blauw Wit,KZ,4,1,2022,2044,0.457,0.118,0.425,4,3,25.1,-28.2,134,143
1934-10-21,DOS (E),Rigtersbleek,3,2,1806,1708,0.622,0.115,0.264,3,1,-3.9,3.8,145,144
1934-10-21,DOT (O),OKC (A),3,1,1176,1215,0.430,0.125,0.445,1,2,46.3,-36.2,226,197
1934-10-21,DTV,Olympia (B),2,5,1834,1898,0.399,0.117,0.485,2,3,-27.6,23.4,149,136
1934-10-21,EKCA,Rapiditas,4,2,1833,1530,0.837,0.067,0.096,4,0,-15.6,11.5,173,153
1934-10-21,EMO,NASB,2,2,1423,1495,0.385,0.123,0.492,2,3,7.1,-5.7,190,172
1934-10-21,HSV,Fluks,5,4,2013,1791,0.771,0.080,0.149,5,2,-16.5,16.3,139,138
1934-10-21,Hercules,KVD,10,2,1855,1647,0.757,0.082,0.161,5,2,21.1,-25.6,145,161
1934-10-21,KCN,TOGO (A),3,3,1736,1476,0.805,0.073,0.122,5,1,-37.5,50.6,164,188
1934-10-21,KIOL (Z),Quick (Z),3,1,1221,1152,0.589,0.105,0.305,5,3,11.7,-13.8,175,195
1934-10-21,ODO²,ADO (A),3,3,1520,1427,0.617,0.111,0.272,3,2,-33.6,25.3,258,226
1934-10-21,ONA,Volt,2,2,1536,1574,0.431,0.126,0.443,1,2,0.6,-0.6,165,159
1934-10-21,OSCA,Bilthoven,2,5,1831,1739,0.617,0.109,0.274,4,2,-45.3,65.3,147,177
1934-10-21,Oranje Zwart,Lenig en Flink,8,0,1205,1101,0.635,0.104,0.261,4,2,48.4,-38.3,188,165
1934-10-21,PM,Noviomagum,3,1,1416,1387,0.527,0.122,0.351,3,2,20.0,-24.4,174,195
1934-10-21,Ready (H),HBS (H),1,6,1760,1742,0.511,0.123,0.365,3,2,-51.0,56.8,149,158
1934-10-21,Rohda (A),Vogel,4,1,1860,1666,0.742,0.086,0.172,5,2,5.5,-5.5,156,157
1934-10-21,Rood Wit,Dio,2,3,1623,1591,0.532,0.122,0.346,3,2,-19.8,27.8,147,175
1934-10-21,Rozenburg,Ons Eibernest,2,3,1846,1802,0.548,0.121,0.331,3,2,-19.9,20.1,138,138
1934-10-21,Rust Roest (E),Odilo,2,2,1535,1605,0.394,0.109,0.497,3,4,8.0,-5.4,210,175
1934-10-21,SAMOS,DDV,4,6,1770,1837,0.392,0.122,0.486,2,3,-20.2,20.3,155,155
1934-10-21,SGOC,SKC,8,1,1127,1518,0.086,0.060,0.854,1,4,172.8,-102.6,214,168
1934-10-21,SVA,OEC,2,2,1529,1380,0.694,0.091,0.215,5,3,-37.6,30.9,210,192
1934-10-21,SVK,Vesta,3,3,1834,1864,0.447,0.116,0.437,4,3,-0.5,0.4,159,140
1934-10-21,Schiedam,Oosten (R),3,5,1458,1374,0.605,0.112,0.282,3,2,-38.9,69.1,158,213
1934-10-21,Spartaan,Ons Huis (R),0,1,1298,1503,0.224,0.098,0.678,2,4,12.6,-9.2,176,154
1934-10-21,Sperwers,VIOS (H),0,1,1582,1439,0.680,0.103,0.217,3,1,-38.1,34.6,157,150
1934-10-21,Sportief,Westerkwartier,3,5,1978,2104,0.317,0.108,0.575,3,4,-7.5,8.7,127,139
1934-10-21,Swift (M),Volharding,10,2,1360,1324,0.541,0.116,0.343,4,3,58.5,-64.6,189,200
1934-10-21,Ter Gouw,Regenboog,3,3,1580,1622,0.429,0.119,0.452,2,3,1.2,-1.2,162,167
1934-10-21,Velox,Die Haghe,8,7,1672,1776,0.340,0.125,0.535,1,2,23.1,-25.3,156,163
1934-10-21,Vicus Orientis,Algemene,3,1,1614,1521,0.623,0.099,0.277,5,3,7.3,-7.3,175,175
1934-10-21,Vitesse (H),KIOS (R),1,3,1484,1608,0.325,0.097,0.578,5,6,-9.0,12.3,155,189
1934-10-21,Volharding (A),Sparta (A)²,5,2,1804,1726,0.595,0.116,0.288,3,2,19.7,-25.1,152,175
1934-10-21,Voorwaarts (M),UNA (L),4,2,1687,1521,0.711,0.092,0.197,4,2,-1.3,1.5,159,163
1934-10-21,Vreewijk,OSCR,1,1,1667,1809,0.293,0.114,0.593,2,3,17.3,-15.4,171,162
1934-10-21,WWMD,Nic,7,1,1866,1693,0.713,0.101,0.185,3,1,22.5,-31.5,144,174
1934-10-21,ZKC (Zu),Wilskracht,5,2,1699,1554,0.682,0.104,0.214,3,1,12.1,-12.9,150,157
1934-10-21,ZKV (Za),Amsterdam Zuid,6,5,1877,1753,0.663,0.095,0.242,5,3,-8.2,9.8,149,161
1934-10-21,Zuiden (R),Deetos,2,3,1988,2094,0.345,0.107,0.548,4,5,-1.5,1.6,141,149
1934-10-21,Zwart Wit,Naas²,1,1,1643,1695,0.411,0.125,0.464,2,3,2.3,-2.3,144,145
1934-10-28,Amsterdam Zuid,Volharding (A),1,2,1761,1821,0.403,0.119,0.478,2,3,-8.8,8.0,153,145
1934-10-28,Be Fair,DION,1,1,1201,1164,0.546,0.108,0.346,5,4,-16.5,16.5,240,240
1934-10-28,Bilthoven,Vesta,4,1,1802,1861,0.405,0.118,0.477,2,3,41.8,-28.5,164,134
1934-10-28,DKC (De),Ons Eibernest,3,2,1810,1819,0.474,0.123,0.403,3,2,8.1,-7.4,141,133
1934-10-28,DVD²,Blauw Wit,5,2,1857,2044,0.245,0.098,0.656,3,5,47.3,-39.9,141,130
1934-10-28,De Tovers,HDS,3,3,1241,1411,0.259,0.112,0.629,1,3,33.8,-27.1,244,220
1934-10-28,Die Haghe,GKV,1,1,1748,1799,0.413,0.125,0.462,1,2,2.3,-2.8,153,170
1934-10-28,Fortuna (A),Ervea,0,1,1610,1459,0.692,0.097,0.210,4,2,-59.2,113.7,254,350
1934-10-28,Hercules,Excelsior,0,2,1875,1860,0.514,0.110,0.376,5,4,-25.3,26.9,141,145
1934-10-28,KVD,Oosterpark,6,3,1618,1791,0.261,0.104,0.636,2,4,52.3,-52.5,155,155
1934-10-28,KZ,Swift,4,4,2013,1915,0.624,0.109,0.266,4,2,-14.6,15.7,136,141
1934-10-28,Lenig en Flink,Quick (Z),1,1,1059,1135,0.387,0.105,0.507,4,5,5.6,-7.4,156,178
1934-10-28,Merwede (D),ODO²,1,3,1480,1483,0.480,0.126,0.394,3,2,-49.7,51.2,221,225
1934-10-28,Odilo,SVA,3,1,1596,1488,0.642,0.099,0.259,5,3,5.3,-6.3,164,192
1934-10-28,Oost Arnhem,Noviomagum,3,1,1444,1359,0.607,0.113,0.281,3,2,14.9,-12.2,205,178
1934-10-28,Oosten (R),Ons Huis (R),1,2,1441,1491,0.417,0.120,0.463,2,3,-14.9,9.4,190,148
1934-10-28,Oosterkwartier (H),Victoria (A),7,0,1598,1609,0.487,0.092,0.421,7,6,74.0,-73.6,217,216
1934-10-28,Rapiditas,Onder Ons,3,3,1538,1627,0.362,0.121,0.517,2,3,7.1,-7.7,150,156
1934-10-28,Rood Wit (H),Emma,2,0,1480,1465,0.504,0.130,0.366,2,1,26.0,-27.6,185,191
1934-10-28,SIOS (A),SGOC,1,4,943,1298,0.105,0.070,0.826,1,4,-0.9,1.6,216,202
1934-10-28,Sparta (Ze),UNA (L),2,0,1672,1519,0.691,0.104,0.205,3,1,2.1,-2.1,157,155
1934-10-28,Sportief,DTV,2,0,1967,1803,0.708,0.094,0.198,4,2,-0.9,1.6,124,141
1934-10-28,Swift (M),TOGO (G),2,1,1418,1530,0.331,0.118,0.551,2,3,28.2,-27.9,174,173
1934-10-28,THB,ReadyTekca,1,0,1454,1485,0.444,0.118,0.438,4,3,20.6,-15.4,216,184
1934-10-28,TOGO (A),BEP,2,3,1524,1826,0.142,0.074,0.785,2,5,22.8,-35.6,179,217
1934-10-28,Treffers,Oosten²,7,1,1794,1709,0.620,0.088,0.292,7,5,57.4,-47.4,231,206
1934-10-28,Unilever,VIVA,3,1,1619,1447,0.719,0.091,0.190,4,2,-0.1,-0.4,232,222
1934-10-28,Union,Dedemsvaart,2,5,920,1231,0.137,0.067,0.796,3,7,2.5,-1.6,181,167
1934-10-28,VIOS (Wo),Rust Roest (E),2,3,1442,1540,0.352,0.115,0.533,3,4,-6.0,5.6,199,188
1934-10-28,Velox,Regenboog,1,0,1694,1618,0.594,0.115,0.291,3,2,-1.6,1.9,147,156
1934-10-28,WK,Rood Wit,4,0,2013,1600,0.908,0.039,0.054,6,1,-6.3,2.9,179,141
1934-10-28,Wester,Oriento,2,1,1655,1880,0.206,0.093,0.702,2,5,50.4,-58.8,194,209
1934-10-28,Wilskracht,'t Overschotje,2,1,1538,1687,0.284,0.118,0.598,1,3,28.0,-24.9,150,141
1934-10-28,ZKC '19,Vitesse (H),8,2,1563,1471,0.619,0.105,0.276,4,3,37.5,-30.2,167,148
1934-10-28,Zeelandia,Volharding,4,0,1843,1256,0.963,0.017,0.020,8,1,-17.2,15.3,190,182
1934-11-04,ALO,OSCR,5,1,1648,1790,0.293,0.118,0.590,2,3,59.2,-58.1,157,156
1934-11-04,Achilles (A),HKC (He),5,3,1645,1656,0.469,0.126,0.405,3,2,19.3,-19.4,142,142
1934-11-04,Amstelodamum,KVKV,4,2,1557,1649,0.356,0.123,0.520,2,3,42.6,-36.4,180,166
1934-11-04,Blauw Wit,Sportief,5,1,2003,1965,0.544,0.113,0.342,4,3,22.1,-20.7,127,122
1934-11-04,Breda,PSV,0,2,1629,1710,0.381,0.105,0.515,4,5,-17.0,21.7,166,191
1934-11-04,Concordia²,Haarlem,3,4,1555,1623,0.382,0.139,0.479,0,1,-13.1,12.0,182,173
1934-11-04,DDV,KVD,8,2,1855,1671,0.732,0.086,0.182,5,2,21.1,-20.6,149,147
1934-11-04,DED,Ajax,1,1,1897,1657,0.790,0.073,0.137,5,2,-26.8,40.1,137,166
1934-11-04,DKC (Do)²,SGOC,2,4,1437,1299,0.677,0.099,0.224,4,2,-50.9,67.3,167,192
1934-11-04,DOS (M),Zeelandia,2,3,1700,1826,0.321,0.101,0.577,4,5,0.8,-0.9,184,189
1934-11-04,DVD²,DTV,2,4,1904,1804,0.631,0.104,0.265,4,3,-34.4,34.8,136,137
1934-11-04,De Tovers,Sportlust (U),0,1,1274,1345,0.384,0.127,0.489,1,2,-14.6,14.4,216,214
1934-11-04,EKCA,Onder Ons,2,0,1814,1619,0.741,0.089,0.169,4,1,-4.6,2.9,169,147
1934-11-04,Excelsior,Oosterpark,2,3,1886,1738,0.692,0.092,0.215,5,3,-30.3,34.3,139,148
1934-11-04,Groen Zwart (A),OBZB,7,1,1519,1588,0.392,0.119,0.490,2,3,133.0,-58.0,278,175
1934-11-04,HBS (H),Vreewijk,6,0,1796,1680,0.648,0.107,0.245,3,2,29.7,-33.7,151,163
1934-11-04,HKV,Fluks,6,2,1900,1804,0.619,0.115,0.266,3,1,25.5,-21.1,153,138
1934-11-04,HSV,DKC (De),3,2,1993,1818,0.722,0.089,0.188,5,2,-12.6,11.8,139,135
1934-11-04,KIOL (Z),Lenig en Flink,6,2,1230,1064,0.713,0.089,0.198,5,3,16.8,-13.9,166,148
1934-11-04,Mercedes,Oost Arnhem,3,1,1479,1459,0.517,0.119,0.364,3,2,24.4,-22.9,193,186
1934-11-04,Moedig Voorwaarts,Vitesse (H),2,1,1579,1441,0.678,0.100,0.222,4,2,-17.0,6.8,208,142
1934-11-04,Nic,WK,0,5,1658,2006,0.111,0.065,0.825,2,5,-12.2,13.1,167,175
1934-11-04,Noviomagum,Be Quick,2,1,1346,1468,0.313,0.131,0.556,1,2,28.8,-34.5,167,183
1934-11-04,ODI (H),Rood Wit (H),4,4,1715,1506,0.757,0.084,0.159,4,1,-55.1,31.8,220,171
1934-11-04,Ons Eibernest,Zuiden (R),3,2,1811,1983,0.259,0.109,0.632,2,3,23.4,-26.9,129,138
1934-11-04,Ons Huis (R),Oosten (R),3,1,1500,1425,0.594,0.111,0.295,4,2,8.5,-11.7,142,173
1934-11-04,Oosterkwartier (H),Sport Vereent,1,1,1673,1565,0.661,0.064,0.275,13,11,-24.6,30.1,195,214
1934-11-04,Oranje Wit (T),ONA,1,2,1375,1533,0.273,0.114,0.613,2,3,4.3,-3.0,178,157
1934-11-04,Oriento,Avanti²,1,0,1820,1886,0.395,0.118,0.487,2,3,23.0,-24.9,192,200
1934-11-04,Quick (D),TOV (D),0,2,1684,1652,0.532,0.121,0.347,3,2,-61.8,56.2,234,222
1934-11-04,Rigtersbleek,Wit Blauw,4,0,1708,1553,0.693,0.105,0.203,3,1,16.8,-19.8,141,155
1934-11-04,Rohda (A),LUTO,0,4,1862,1883,0.460,0.117,0.422,4,3,-41.9,37.5,153,144
1934-11-04,Rood Wit,WWMD,0,3,1602,1887,0.150,0.089,0.762,1,3,-4.5,4.6,141,142
1934-11-04,Rozenburg,Deetos,1,6,1822,2092,0.167,0.080,0.753,2,5,-12.9,14.4,135,144
1934-11-04,SAMOS,AW,7,4,1747,1774,0.445,0.129,0.426,3,2,32.8,-31.0,149,144
1934-11-04,SVK,OSCA,4,3,1830,1782,0.557,0.112,0.330,4,3,1.2,-1.1,152,144
1934-11-04,Spartaan,Schiedam,0,0,1307,1416,0.335,0.117,0.548,2,3,11.9,-10.0,167,154
1934-11-04,Sport,BEP,2,14,1467,1790,0.127,0.070,0.803,2,5,-25.3,32.9,171,200
1934-11-04,Swift,Westerkwartier,5,8,1930,2110,0.253,0.102,0.646,3,4,-11.1,11.1,136,136
1934-11-04,TOGO (G),Volharding,2,2,1502,1270,0.776,0.084,0.139,3,1,-34.1,43.4,162,181
1934-11-04,Vitesse (Be),Dio,2,1,1671,1615,0.567,0.117,0.316,3,2,1.0,-1.0,158,165
1934-11-04,Volt,EMO,8,0,1570,1427,0.680,0.104,0.216,3,1,29.9,-38.4,153,176
1934-11-04,Zwart Wit,AKC (Al),7,0,1642,1514,0.659,0.111,0.230,3,1,26.9,-28.8,141,146
1934-11-11,'t Overschotje,Rapiditas,1,2,1660,1545,0.646,0.110,0.244,3,1,-28.1,31.0,138,146
1934-11-11,AKC (Al),Achilles (A),3,2,1484,1664,0.248,0.110,0.642,1,3,28.7,-26.8,140,136
1934-11-11,AW,Oosterpark,2,1,1743,1771,0.447,0.121,0.432,4,3,10.0,-10.5,138,142
1934-11-11,Algemeene,Treffers,1,11,1652,1852,0.239,0.081,0.680,5,7,-48.1,51.8,199,208
1934-11-11,Amersfoort,Zwaluwen (H),1,1,1542,1530,0.498,0.132,0.369,2,1,-7.7,7.1,179,172
1934-11-11,Avanti²,VVGA,4,1,1860,1810,0.560,0.116,0.324,3,2,29.8,-31.0,182,186
1934-11-11,BEP,Amstelodamum,5,2,1825,1599,0.777,0.075,0.148,5,2,2.0,-2.4,188,167
1934-11-11,Concordia²,THB,4,2,1541,1473,0.580,0.122,0.298,2,1,14.5,-18.4,168,195
1934-11-11,Excelsior,DDV,2,4,1855,1876,0.462,0.112,0.426,5,4,-19.5,22.1,135,144
1934-11-11,Fluks,Ons Eibernest,2,5,1782,1834,0.413,0.123,0.464,2,3,-25.4,22.7,133,126
1934-11-11,Genemuiden,Hekkensluiters,4,2,1218,1184,0.542,0.107,0.350,5,4,16.2,-16.2,174,174
1934-11-11,HE,Leusderkwartier,1,0,1490,1343,0.693,0.089,0.218,5,3,-25.0,10.3,251,175
1934-11-11,HKV,Rozenburg,5,2,1926,1808,0.647,0.112,0.241,3,1,14.5,-12.3,146,133
1934-11-11,Haarlem,ReadyTekca,6,1,1635,1468,0.708,0.098,0.194,3,1,24.5,-27.5,162,173
1934-11-11,KZ,DTV,4,1,1997,1838,0.702,0.096,0.202,4,2,7.4,-7.1,135,132
1934-11-11,Klimop,Vicus Orientis,9,1,1564,1617,0.417,0.111,0.472,3,4,121.8,-56.3,259,168
1934-11-11,LUTO,Bilthoven,7,6,1920,1843,0.600,0.105,0.295,4,3,-2.3,3.2,137,156
1934-11-11,Madjoe (V),DOS (M),2,1,1685,1700,0.471,0.111,0.418,5,4,11.4,-10.6,177,170
1934-11-11,Mercedes,PM,7,3,1503,1432,0.587,0.114,0.298,3,2,34.8,-31.8,176,167
1934-11-11,Noorderkwartier,Algemene,1,3,1411,1509,0.356,0.108,0.536,4,5,-17.1,16.0,175,168
1934-11-11,OEC,Odilo,1,3,1407,1601,0.239,0.096,0.665,3,5,-2.7,2.7,183,158
1934-11-11,OSCR,Spangen,3,2,1730,1622,0.635,0.114,0.251,3,1,-4.7,6.0,148,164
1934-11-11,Olympia (B),Westerkwartier,1,4,1919,2121,0.230,0.093,0.677,3,5,-8.0,7.5,137,132
1934-11-11,Ons Huis (R),VIOS (H),4,1,1508,1470,0.541,0.119,0.340,3,2,20.1,-23.5,137,149
1934-11-11,Oost Arnhem,Be Quick,1,1,1435,1432,0.491,0.122,0.387,3,2,-5.8,5.6,172,169
1934-11-11,Oosten (R),Sperwers,4,4,1412,1539,0.313,0.116,0.571,2,3,13.5,-12.5,161,155
1934-11-11,PSV,Oranje Wit (T),4,0,1731,1378,0.875,0.050,0.075,6,1,-0.3,-0.1,174,165
1934-11-11,Quick (Z),Oranje Zwart,2,3,1127,1251,0.318,0.112,0.570,3,4,-0.7,0.6,167,178
1934-11-11,Ready (H),ALO,6,2,1705,1707,0.483,0.125,0.392,3,2,35.2,-35.9,147,149
1934-11-11,SAMOS,KVD,5,0,1780,1650,0.667,0.103,0.230,4,2,22.1,-22.4,141,143
1934-11-11,SVA,VIOS (Wo),3,6,1481,1434,0.556,0.114,0.331,4,3,-55.3,57.8,179,183
1934-11-11,SVK,Vogel,9,1,1831,1656,0.723,0.086,0.191,5,3,23.4,-26.9,144,156
1934-11-11,Spartaan,Trekvogels (R),2,4,1317,1496,0.250,0.111,0.639,1,3,-6.8,7.0,157,161
1934-11-11,Swift (E),SKC,5,1,1282,1412,0.310,0.115,0.575,2,3,77.1,-60.3,191,168
1934-11-11,Swift,DVD²,5,2,1919,1869,0.561,0.112,0.327,4,3,16.6,-16.6,132,132
1934-11-11,TOGO (A),Sport,4,2,1546,1441,0.632,0.111,0.257,3,2,8.6,-8.0,173,165
1934-11-11,Vitesse (Be),WWMD,1,2,1671,1891,0.207,0.103,0.689,1,3,10.5,-8.8,150,139
1934-11-11,Volharding (A),ZKV (Za),3,2,1828,1866,0.434,0.121,0.445,2,3,11.5,-12.5,141,148
1934-11-11,Volt,NASB,3,3,1600,1485,0.646,0.109,0.245,3,1,-17.8,22.8,147,165
1934-11-11,Voorwaarts (M),Sparta (Ze),8,2,1682,1673,0.504,0.116,0.380,4,3,44.6,-42.3,157,153
1934-11-11,Wilskracht,Hellas,3,3,1565,1565,0.487,0.124,0.389,3,2,-4.2,4.8,145,155
1934-11-11,Zeelandia,Swift (M),9,2,1825,1445,0.892,0.042,0.066,7,2,11.3,-10.4,174,165