1914-11-22,AW,HOC²,1,5,1349,1497,0.295,0.096,0.609,4,6,-26.6,33.1,170,194
1914-11-22,Deventer,DOS (E),4,2,1320,1435,0.335,0.102,0.562,4,5,47.5,-47.4,199,199
1914-11-22,HSV,Onder Ons,0,15,1579,1609,0.450,0.112,0.438,5,4,-57.3,62.7,162,170
1914-11-22,Haarlem,Excelsior,2,6,1483,1525,0.437,0.105,0.458,4,5,-42.6,46.0,170,178
1914-11-22,Quick (Arn),EKCA,1,2,1632,1355,0.821,0.067,0.112,5,1,-58.8,76.3,175,197
1914-11-22,Wilhelmina,Naas,1,4,1406,1366,0.554,0.101,0.345,6,5,-61.9,59.6,206,201
1914-11-29,Baarn,Bussum,4,13,1034,1552,0.046,0.026,0.928,4,11,-9.3,7.9,188,166
1914-11-29,DVD²,DEV,2,5,1766,1783,0.476,0.098,0.426,7,6,-36.5,34.7,170,166
1914-11-29,Dordt,RSGV,3,1,1562,1540,0.524,0.109,0.367,5,4,22.2,-30.6,197,240
1914-11-29,HSV,Vitesse (Leiden),2,1,1520,1961,0.067,0.045,0.888,2,6,55.7,-65.2,152,164
1914-11-29,Hercules,DVS,5,1,1518,1263,0.805,0.066,0.129,6,3,9.8,-8.1,214,174
1914-11-29,LB,UKC,9,2,1780,1729,0.551,0.134,0.316,1,0,61.8,-45.7,197,166
1914-11-29,Naas,Deventer,4,2,1425,1367,0.578,0.100,0.322,6,4,12.5,-12.3,184,182
1914-11-29,OSCA,DTV,1,4,1562,1783,0.213,0.086,0.701,3,6,-8.2,8.5,164,167
1914-11-29,OSCR,Fluks,4,5,1618,1793,0.259,0.102,0.639,3,4,7.1,-7.1,171,170
1914-11-29,Quick (Arn),EDO,6,1,1572,1637,0.400,0.113,0.487,3,4,54.6,-70.9,168,194
1914-11-29,TOP (H),Wilhelmina,12,3,1653,1343,0.850,0.053,0.097,7,3,25.3,-22.7,199,187
1914-11-29,Victoria,Onder Ons,1,12,1372,1674,0.144,0.069,0.787,3,7,-40.0,23.5,216,158
1914-12-06,DOS (E),TOP (H),2,5,1387,1681,0.151,0.070,0.779,3,7,-0.5,0.3,184,190
1914-12-06,DOS,OSCA,7,4,1818,1553,0.814,0.064,0.123,6,3,-4.2,3.1,171,156
1914-12-06,DVD²,DED,8,5,1730,1690,0.556,0.096,0.348,6,5,20.0,-24.0,159,176
1914-12-06,Fluks,HSV,2,0,1786,1576,0.761,0.081,0.159,5,2,-7.2,6.1,160,150
1914-12-06,HSV,EKCA,0,17,1582,1430,0.693,0.098,0.209,4,2,-65.7,113.4,143,189
1914-12-06,KZ,Excelsior,5,5,1546,1571,0.463,0.101,0.436,7,6,-1.8,1.3,191,167
1914-12-06,RSGV,OKK,3,2,1510,1675,0.271,0.100,0.629,3,5,42.7,-55.3,209,238
1914-12-06,WIK,MAAS,3,1,1717,1581,0.681,0.088,0.230,6,4,0.2,-0.1,177,180
1914-12-13,Baarn,LB,5,0,1025,1843,0.008,0.007,0.985,1,11,146.0,-137.3,186,181
1914-12-13,Bussum,UKC,11,2,1562,1683,0.321,0.119,0.561,2,3,73.6,-67.8,167,160
1914-12-13,DVD²,DTV,4,1,1749,1792,0.438,0.100,0.462,5,6,28.8,-32.8,150,161
1914-12-13,RSGV,Spartaan,5,0,1552,1220,0.863,0.053,0.084,6,2,11.4,-13.3,192,221
1914-12-13,Victoria,EDO,1,4,1332,1565,0.201,0.087,0.713,3,5,-11.4,9.9,201,178
1914-12-13,Vitesse (Haag),Fluks,8,0,1830,1779,0.571,0.100,0.329,5,4,44.3,-39.4,164,154
1914-12-20,DED,OSCA,3,3,1669,1559,0.648,0.094,0.258,6,4,-21.8,18.8,166,154
1914-12-20,DOS,DEV,8,4,1816,1821,0.493,0.100,0.407,6,5,36.8,-34.3,166,160
1914-12-20,EKCA,EDO,1,3,1546,1578,0.447,0.116,0.437,4,3,-29.7,27.1,177,168
1914-12-20,Fluks,Velox,9,2,1742,1523,0.771,0.078,0.151,5,2,19.3,-27.0,146,177
1914-12-20,UNI,TOP (Sch),2,8,1675,1367,0.849,0.054,0.097,7,3,-140.0,241.4,222,287
1914-12-20,Victoria,HSV,4,3,1323,1529,0.227,0.095,0.677,3,5,49.1,-26.9,186,138
1914-12-20,Vitesse (Haag),HSV,5,2,1878,1519,0.882,0.045,0.073,7,2,-11.6,9.5,154,142
1914-12-27,EKCA,Victoria,10,1,1515,1371,0.689,0.093,0.218,5,3,33.6,-36.6,164,172
1915-01-03,Baarn,UKC,4,2,1172,1617,0.071,0.034,0.895,5,11,95.8,-61.6,191,156
1915-01-03,DED,DVD²,2,7,1645,1780,0.315,0.094,0.591,5,6,-30.4,26.9,159,148
1915-01-03,DTV,DOS,6,2,1760,1851,0.371,0.100,0.529,5,6,45.3,-46.4,156,158
1915-01-03,HSV,Velox,10,1,1500,1494,0.501,0.115,0.385,4,3,37.9,-56.5,137,170
1915-01-03,Rozenburg,Residentie,12,0,1464,909,0.956,0.020,0.024,8,1,7.7,-8.8,177,194
1915-01-10,DED,DOS,5,10,1605,1795,0.248,0.088,0.664,4,6,-21.7,21.5,150,149
1915-01-10,DEV,DTV,2,4,1775,1796,0.470,0.101,0.429,7,6,-23.2,20.9,156,148
1915-01-10,EDO,Victoria,5,2,1594,1324,0.818,0.064,0.118,6,2,-3.3,3.4,162,164
1915-01-10,UD,AW,4,3,1537,1313,0.780,0.069,0.151,7,3,-29.2,23.7,191,174
1915-01-10,Velox,HSV,3,4,1428,1528,0.352,0.112,0.536,3,4,-3.2,2.5,158,133
1915-01-17,DED,DEV,4,4,1583,1752,0.272,0.091,0.637,5,6,16.0,-16.8,144,147
1915-01-17,DOS,DTV,3,4,1816,1817,0.499,0.101,0.400,6,5,-13.8,13.4,143,141
1915-01-17,Quick (Arn),Victoria,4,3,1619,1328,0.835,0.060,0.105,6,2,-31.9,26.9,172,159
1915-01-17,RSGV,Dordt,0,5,1555,1575,0.465,0.112,0.423,5,4,-65.6,66.4,193,194
1915-01-17,UD,Excelsior,6,9,1508,1563,0.418,0.107,0.475,4,5,-36.0,32.1,180,168
1915-01-17,Velox,OSCR,2,2,1424,1617,0.241,0.097,0.661,3,5,18.7,-26.0,149,174
1915-01-17,Wilhelmina,TOP (H),3,11,1312,1672,0.107,0.056,0.837,3,7,-23.9,23.5,192,189
1915-01-24,AW,Excelsior,2,9,1337,1596,0.179,0.079,0.743,3,6,-27.1,24.0,169,158
1915-01-24,DOS,DVD²,2,8,1803,1797,0.509,0.099,0.392,6,5,-42.3,48.5,137,147
1915-01-24,DTV,OSCA,7,0,1830,1567,0.814,0.064,0.122,6,3,13.0,-17.0,135,157
1915-01-24,EDO,Quick (Arn),1,12,1591,1587,0.498,0.114,0.388,4,3,-61.2,65.7,160,166
1915-01-24,HOC²,Haarlem,12,4,1522,1431,0.625,0.094,0.281,6,4,51.1,-43.6,194,177
1915-01-24,OKK,Spartaan,7,3,1611,1199,0.907,0.039,0.053,6,1,-3.3,2.9,222,217
1915-01-24,OSCR,HSV,3,3,1591,1531,0.577,0.111,0.312,4,3,-14.9,9.6,163,132
1915-01-24,Onder Ons,EKCA,2,3,1691,1539,0.701,0.087,0.212,6,3,-42.3,38.9,170,163
1915-01-24,Rozenburg,MAAS,2,0,1462,1572,0.344,0.101,0.556,5,6,39.9,-40.4,181,182
1915-01-24,UD,KZ,8,5,1472,1536,0.411,0.098,0.491,5,6,35.7,-44.5,166,186
1915-02-07,DEV,DVD²,3,7,1736,1846,0.347,0.096,0.558,5,6,-24.0,22.9,146,143
1915-02-07,DOS,DED,4,4,1761,1600,0.713,0.081,0.206,7,4,-20.5,23.4,135,144
1915-02-07,EDO,EKCA,0,5,1530,1578,0.423,0.116,0.461,3,4,-42.8,45.3,153,158
1915-02-07,HSV,Quick (Arn),1,11,1541,1653,0.336,0.110,0.553,3,4,-31.9,44.8,131,158
1915-02-07,OSCR,Vitesse (Haag),2,3,1577,1856,0.162,0.074,0.764,3,6,18.9,-22.0,155,166
1915-02-07,Vitesse (Leiden),Velox,16,1,1888,1444,0.922,0.033,0.045,7,1,12.2,-8.8,181,148
1915-02-14,Deventer,TOP (H),1,4,1347,1696,0.114,0.057,0.829,3,8,7.5,-7.1,190,187
1915-02-14,Onder Ons,EDO,18,0,1649,1487,0.712,0.086,0.202,6,3,32.8,-25.9,165,145
1915-02-14,Quick (Arn),HSV,26,1,1698,1509,0.740,0.084,0.177,5,2,24.6,-18.6,148,127
1915-02-14,Rozenburg,WIK,3,1,1502,1709,0.229,0.087,0.684,4,6,51.2,-59.8,172,186
1915-02-14,Velox,Fluks,1,6,1435,1751,0.133,0.071,0.796,2,5,-11.9,13.5,148,160
1915-02-21,DEV,OSCA,7,2,1714,1552,0.712,0.085,0.203,6,3,16.9,-20.7,142,160
1915-02-21,DTV,DED,5,6,1846,1626,0.777,0.069,0.154,7,4,-38.0,38.1,141,142
1915-02-21,EKCA,Quick (Arn),3,1,1626,1725,0.358,0.105,0.538,4,5,29.9,-27.0,151,143
1915-02-21,Fluks,Vitesse (Haag),3,2,1767,1836,0.399,0.105,0.496,4,5,15.7,-17.0,155,161
1915-02-21,HSV,OSCR,7,3,1493,1598,0.344,0.115,0.541,3,4,35.1,-51.0,126,152
1915-02-21,HSV,Victoria,3,3,1528,1358,0.720,0.087,0.193,5,3,-16.4,32.0,120,165
1915-02-21,KZ,AW,17,2,1494,1313,0.738,0.074,0.188,8,4,34.6,-31.3,177,168
1915-02-21,Naas,DOS (E),7,4,1432,1381,0.569,0.102,0.329,5,4,28.2,-28.6,193,195
1915-02-21,TOP (Sch),DOSO,4,3,1599,1549,0.570,0.099,0.330,6,5,0.0,-1.5,270,199
1915-02-28,DOS (E),Naas,4,1,1352,1461,0.345,0.104,0.551,4,5,51.2,-50.5,179,177
1915-02-28,DTV,DEV,2,4,1808,1732,0.607,0.095,0.299,6,5,-30.5,30.5,138,138
1915-02-28,TOP (H),Deventer,11,5,1692,1356,0.868,0.048,0.084,8,3,11.5,-11.7,181,183
1915-02-28,UNI,DOSO,3,4,1527,1547,0.469,0.105,0.426,6,5,-23.7,16.4,226,185
1915-02-28,Vitesse (Haag),Vitesse (Leiden),3,2,1818,1902,0.381,0.098,0.521,5,6,16.1,-22.8,151,182
1915-03-07,TOP (Sch),UNI,9,3,1600,1503,0.632,0.095,0.273,6,4,58.3,-45.7,230,199
1915-03-14,DEV,DTV,1,8,1762,1777,0.477,0.103,0.420,6,5,-42.6,42.7,136,136
1915-03-14,Dordt,Spartaan,5,0,1645,1205,0.920,0.035,0.046,6,1,3.1,-2.5,192,219
1915-03-14,HKC (He),Ready,6,4,1546,1411,0.681,0.088,0.231,6,4,0.1,-0.1,175,175
1915-03-14,KZ,UD,4,4,1532,1511,0.532,0.095,0.373,7,6,-8.9,8.7,172,170
1915-03-14,OSCA,DOS,5,5,1531,1743,0.222,0.090,0.688,3,5,24.7,-20.1,157,143
1915-03-14,Quick (Arn),Onder Ons,2,11,1697,1685,0.517,0.099,0.383,6,5,-50.5,65.7,143,164
1915-03-14,RSGV,Rozenburg,1,8,1492,1556,0.406,0.107,0.487,4,5,-65.3,52.5,191,169
1915-03-14,Velox,Vitesse (Leiden),1,13,1426,1879,0.064,0.041,0.895,2,7,-11.8,14.1,152,169
1915-03-14,Victoria,EKCA,1,8,1389,1655,0.171,0.081,0.748,3,5,-24.7,21.5,161,149
1915-03-14,Wilhelmina,Deventer,3,4,1291,1345,0.420,0.105,0.474,4,5,-12.6,10.7,197,179
1915-03-21,DVD²,Vitesse (Haag),5,2,1872,1834,0.554,0.095,0.350,7,6,18.2,-18.1,150,150
1915-03-21,OKK,Dordt,1,2,1611,1648,0.440,0.114,0.446,3,4,-21.0,15.2,225,188
1915-03-21,Onder Ons,Victoria,19,0,1752,1364,0.899,0.039,0.063,8,3,11.6,-11.7,153,154
1915-03-21,Spartaan,RSGV,6,4,1202,1427,0.207,0.091,0.701,3,5,80.8,-54.6,212,174
1915-03-21,Vitesse (Leiden),OSCR,6,3,1896,1547,0.876,0.047,0.078,7,2,-12.0,9.6,166,152
1915-03-21,Wilhelmina,TOP (H),5,4,1278,1705,0.075,0.044,0.882,3,8,70.3,-70.8,179,179
1915-03-28,DVD²,Onder Ons,12,1,1890,1767,0.671,0.080,0.249,8,6,28.5,-31.9,143,152
1915-03-28,EDO,HSV,4,2,1464,1512,0.423,0.118,0.459,2,3,25.9,-19.2,153,131
1915-03-28,OKK,RSGV,5,0,1589,1372,0.769,0.078,0.153,5,2,24.0,-18.0,198,165
1915-03-28,Velox,ALO,3,2,1413,1614,0.232,0.096,0.672,3,5,29.1,-66.7,153,230
1915-04-04,DED,DOS,2,13,1665,1724,0.415,0.102,0.482,5,6,-48.5,43.8,152,143
1915-04-04,DVD²,ALO,5,1,1920,1547,0.890,0.042,0.068,7,2,-2.0,8.2,138,204
1915-04-04,Ready,HKC (He),2,7,1412,1547,0.312,0.099,0.589,4,6,-35.1,35.1,169,169
1915-04-04,Vitesse (Haag),Onder Ons,11,4,1815,1735,0.616,0.088,0.296,7,6,29.9,-29.9,145,145
1915-04-11,DOS (E),Wilhelmina,3,10,1402,1347,0.575,0.102,0.323,5,4,-76.9,77.8,177,178
1915-04-11,DVD²,DTV,8,6,1916,1819,0.635,0.091,0.275,7,5,2.4,-2.5,137,139
1915-04-11,Onder Ons,Vitesse (Haag),2,6,1702,1845,0.307,0.089,0.604,6,7,-17.7,17.7,139,139
1915-04-18,ALO,Velox,4,3,1552,1440,0.647,0.101,0.252,4,3,-11.1,5.8,198,153
1915-04-18,Bussum,Animo,3,1,1628,1565,0.584,0.106,0.310,5,3,14.2,-12.2,193,175
1915-04-18,Onder Ons,DVD²,1,7,1684,1919,0.204,0.074,0.721,5,8,-15.8,15.6,134,133
1915-04-25,Naas,Wilhelmina,5,11,1407,1425,0.472,0.104,0.423,6,5,-63.4,55.5,180,168
1915-04-25,TOP (H),DOS (E),14,0,1631,1323,0.849,0.054,0.097,7,3,22.8,-19.6,183,167
1915-04-25,Vitesse (Haag),DVD²,7,5,1862,1934,0.397,0.098,0.504,5,6,21.3,-19.2,137,130
1915-05-02,ALO,Velox,2,2,1540,1444,0.625,0.105,0.270,4,3,-23.6,15.5,183,149
1915-05-02,VOMOS,UNA (S),2,3,1353,1483,0.315,0.105,0.580,3,5,-0.4,-0.3,213,234
1915-05-06,UNI,Hercules,0,0,1454,1520,0.402,0.108,0.490,4,5,5.4,-7.7,199,236
1915-05-09,DVD²,Vitesse (Haag),4,1,1915,1884,0.546,0.097,0.357,6,5,14.8,-16.0,129,134
1915-05-09,UNA (S),DDK (Z),15,0,1483,1205,0.825,0.063,0.112,6,2,32.1,-24.2,207,175
1915-05-16,TOP (Ap),LKC,2,5,1090,1357,0.171,0.078,0.751,3,6,-8.2,7.0,262,175
1915-05-23,DDK (Z),Quick (OP),3,0,1186,947,0.791,0.072,0.137,6,2,0.5,-0.4,171,175
1915-05-23,UNI,Hercules,7,2,1465,1518,0.419,0.110,0.471,3,4,60.8,-75.3,186,210
1915-05-24,DOS (E),Deventer,1,0,1319,1369,0.424,0.110,0.466,3,4,15.5,-18.4,170,186
1915-05-24,EKCA,TOP (H),4,1,1692,1673,0.524,0.104,0.371,5,4,26.2,-30.8,166,182
1915-05-24,Naas,AKV,4,1,1360,1472,0.340,0.103,0.556,4,5,49.4,-50.3,173,175
1915-05-24,TOP (H),EKCA,6,1,1641,1718,0.388,0.106,0.506,4,5,55.8,-48.6,166,154
1915-05-30,Hercules,UNI,1,0,1443,1528,0.376,0.109,0.515,4,5,25.0,-21.1,188,172
1915-06-06,VOMOS,DDK (Z),2,2,1360,1187,0.723,0.086,0.191,5,3,-41.7,27.7,201,166
1915-06-13,TOP (Ap),UNA (S),1,10,1085,1526,0.069,0.043,0.888,2,7,-27.0,21.5,235,203
1915-06-13,VOMOS,LKC,7,1,1318,1368,0.425,0.110,0.466,3,4,66.9,-59.7,186,175
1915-06-20,DDK (Z),TOP (Ap),4,2,1215,1057,0.706,0.088,0.206,5,3,-0.2,3.6,161,222
1915-06-20,UNA (S),NKC (Nw),15,2,1549,903,0.973,0.012,0.014,9,1,5.8,-5.0,195,175
1915-07-25,LKC,DDK (Z),8,3,1316,1223,0.625,0.100,0.275,5,3,34.2,-31.1,174,165
1915-08-29,Advendo,ODIS,1,3,1409,1547,0.307,0.102,0.590,4,5,-11.7,24.0,175,295
1915-08-29,DOS,DEV,0,7,1784,1734,0.571,0.097,0.332,6,5,-79.7,81.0,184,186
1915-08-29,DTV,DEV,2,0,1896,1815,0.612,0.094,0.293,6,5,6.5,-6.7,164,169
1915-08-29,HOC²,Haarlem,1,6,1591,1406,0.741,0.076,0.184,7,4,-132.3,122.2,233,224
1915-08-29,Haarlem,ODIS,9,1,1528,1570,0.438,0.105,0.457,4,5,76.7,-101.9,204,240
1915-08-29,Vitesse (Haag),DTV,0,4,1884,1833,0.571,0.097,0.331,6,5,-54.7,62.5,168,180
1915-09-05,Baarn,Bussum,0,4,1278,1661,0.100,0.041,0.859,6,12,11.1,-6.5,245,214
1915-09-05,Bussum,UKC,2,0,1654,1565,0.610,0.118,0.272,3,1,16.0,-18.4,201,222
1915-09-05,DVD²,Vitesse (Leiden),3,2,1949,1900,0.571,0.094,0.335,7,5,-0.2,1.4,167,209
1915-09-26,DED,OSCA,4,4,1632,1573,0.580,0.102,0.318,5,4,-17.1,19.0,197,207
1915-09-26,DVD²,DEV,12,2,1948,1809,0.688,0.084,0.227,7,4,33.7,-34.9,162,166
1915-09-26,Dordt,Rozenburg,6,5,1679,1626,0.572,0.103,0.325,5,4,0.7,-0.9,224,214
1915-09-26,Haarlem,AW,3,1,1608,1298,0.852,0.052,0.096,8,3,-22.0,30.5,193,220
1915-09-26,KZ,HOC²,7,2,1540,1459,0.614,0.090,0.296,7,5,45.3,-46.2,215,217
1915-09-26,Quick (Arn),BKC (DB),7,1,1663,1401,0.814,0.060,0.126,8,4,23.3,-39.8,198,291
1915-09-26,UNA (S),VOMOS,6,5,1568,1397,0.726,0.077,0.197,7,4,-25.2,20.3,218,199
1915-09-26,UNI,Animo,7,2,1516,1570,0.418,0.111,0.471,3,4,66.2,-74.8,195,209
1915-09-26,Velox,ALO,3,9,1479,1535,0.412,0.116,0.472,3,4,-61.9,73.9,189,209
1915-09-26,Vitesse (Haag),Fluks,3,1,1830,1799,0.540,0.106,0.354,5,4,14.6,-21.9,165,210
1915-09-26,Wilhelmina,TOP (H),1,6,1501,1700,0.240,0.084,0.676,5,7,-33.7,31.1,202,192
1915-10-03,AW,KZ,5,4,1328,1586,0.182,0.072,0.745,5,8,60.6,-53.7,207,195
1915-10-03,Avanti,DVS,5,1,1467,1267,0.754,0.078,0.169,6,3,14.8,-23.4,175,247
1915-10-03,BKC (DB),EKCA,1,2,1362,1672,0.138,0.068,0.794,3,6,49.0,-23.3,256,187
1915-10-03,Bussum,UKC,3,4,1670,1546,0.656,0.111,0.233,3,1,-46.2,53.3,191,205
1915-10-03,DED,DOS,5,9,1615,1706,0.372,0.101,0.527,5,6,-38.3,37.6,181,179
1915-10-03,DEV,DTV,7,6,1774,1904,0.319,0.099,0.583,4,6,24.3,-26.7,157,165
1915-10-03,DOS,Wilhelmina,3,2,1744,1468,0.827,0.058,0.115,7,3,-27.1,35.8,164,185
1915-10-03,HOC²,Haarlem,2,6,1414,1586,0.267,0.092,0.641,4,6,-29.6,26.8,197,185
1915-10-03,HSV,OSCR,4,2,1509,1574,0.400,0.117,0.482,2,3,37.0,-43.5,189,207
1915-10-03,OKK,Dordt,4,4,1631,1681,0.421,0.114,0.465,3,4,3.7,-2.7,232,200
1915-10-03,Olympia,Baarn,3,2,1314,1289,0.551,0.067,0.382,14,13,-0.1,1.3,175,232
1915-10-03,Purmerend,Velocitas,4,5,1634,1542,0.626,0.095,0.279,6,4,-33.9,33.9,175,175
1915-10-03,Vitesse (Haag),Vitesse (Leiden),3,1,1845,1902,0.419,0.101,0.480,5,6,23.0,-34.3,156,193
1915-10-10,DOS,DVD²,3,12,1717,1985,0.173,0.073,0.754,4,7,-25.6,25.1,159,157
1915-10-10,DTV,DEV,7,5,1878,1799,0.609,0.096,0.295,6,4,6.1,-5.8,155,149
1915-10-10,EKCA,Onder Ons,2,5,1648,1687,0.443,0.104,0.453,4,5,-36.9,40.6,178,188
1915-10-10,HKC (He),DOS (E),7,8,1600,1338,0.812,0.065,0.123,6,3,-78.4,68.3,212,199
1915-10-10,HOC²,AW,7,4,1384,1389,0.489,0.107,0.405,5,4,34.1,-37.8,181,191
1915-10-10,HSV,ALO,8,3,1547,1611,0.400,0.117,0.483,2,3,59.2,-69.0,175,190
1915-10-10,KZ,Haarlem,7,6,1533,1614,0.387,0.096,0.517,6,7,21.4,-19.1,183,172
1915-10-10,OSCR,Fluks,3,6,1530,1777,0.185,0.089,0.726,2,5,-10.5,10.7,186,190
1915-10-10,Victoria,AKV,3,14,1369,1425,0.416,0.108,0.475,4,5,-81.0,75.1,211,202
1915-10-17,ALO,Vitesse (Haag),3,5,1542,1868,0.127,0.066,0.807,2,6,15.4,-10.9,173,151
1915-10-17,Baarn,Bussum,2,9,1291,1624,0.128,0.050,0.821,6,11,-21.0,17.4,205,180
1915-10-17,DOS (E),Naas,5,2,1407,1414,0.487,0.108,0.405,5,4,36.6,-41.9,188,203
1915-10-17,DOSO,UNI,1,6,1582,1585,0.492,0.106,0.402,6,5,-90.4,58.8,232,183
1915-10-17,DTV,DOS,8,1,1885,1691,0.749,0.076,0.175,7,4,20.4,-21.8,147,153
1915-10-17,Haarlem,UD,3,1,1596,1538,0.581,0.097,0.322,6,5,9.6,-15.3,161,219
1915-10-17,NKC (Nw),DDK (Z),0,20,910,1195,0.157,0.074,0.770,3,6,-40.2,31.9,207,180
1915-10-17,ODIS,Purmerend,0,2,1471,1600,0.318,0.102,0.580,4,5,-17.0,11.1,220,166
1915-10-17,OSCA,DED,5,6,1593,1578,0.519,0.106,0.375,5,4,-25.9,20.4,192,170
1915-10-17,TOP (Ap),LKC,6,2,1072,1355,0.159,0.075,0.766,3,6,133.9,-88.7,228,187
1915-10-17,UKC,Olympia,7,2,1600,1314,0.838,0.049,0.113,9,4,5.1,-4.8,190,167
1915-10-17,Velox,Vitesse (Leiden),3,8,1418,1867,0.066,0.042,0.893,2,7,-3.1,3.1,179,177
1915-10-24,AW,UD,2,3,1339,1509,0.269,0.095,0.636,4,6,7.1,-9.0,177,194
1915-10-24,DOS,DTV,8,5,1656,1893,0.199,0.082,0.720,4,6,54.1,-50.6,147,142
1915-10-24,HSV,Fluks,2,2,1594,1776,0.252,0.102,0.646,2,4,20.8,-24.9,165,180
1915-10-24,Noviomagum,EKCA,0,10,1350,1598,0.185,0.090,0.726,2,4,-76.1,31.0,290,168
1915-10-24,OSCR,Velox,1,3,1506,1402,0.638,0.102,0.260,4,3,-52.2,50.4,177,174
1915-10-24,Onder Ons,BKC (DB),7,2,1715,1398,0.858,0.048,0.094,9,4,6.7,-7.7,175,233
1915-10-24,TOP (Ap),VOMOS,1,6,1167,1429,0.175,0.080,0.745,3,6,-25.0,22.4,191,179
1915-10-24,UNI,Animo,3,1,1631,1484,0.694,0.090,0.216,5,3,0.1,0.8,171,194
1915-10-24,VOMOS,TOP (Ap),6,1,1406,1194,0.766,0.076,0.159,6,3,22.9,-25.9,192,208
1915-10-24,Victoria,HS,4,1,1275,1028,0.799,0.069,0.132,6,2,5.5,1.0,192,324
1915-10-24,Vitesse (Leiden),ALO,8,3,1858,1544,0.853,0.053,0.094,7,2,7.7,-7.4,173,166
1915-10-31,ALO,Fluks,0,7,1534,1748,0.218,0.095,0.687,2,4,-31.2,33.3,162,168
1915-10-31,Animo,DOSO,5,4,1481,1475,0.504,0.109,0.387,5,4,7.8,-9.7,179,205
1915-10-31,BKC (DB),Noviomagum,6,1,1387,1270,0.657,0.094,0.249,5,3,43.6,-53.1,217,246
1915-10-31,Baarn,UKC,3,14,1254,1591,0.125,0.053,0.822,4,9,-28.9,26.2,194,183
1915-10-31,DED,DEV,6,4,1583,1779,0.242,0.088,0.670,4,6,46.7,-39.0,162,148
1915-10-31,Naas,HKC (He),2,5,1356,1507,0.292,0.097,0.611,4,6,-21.2,24.2,186,202
1915-10-31,ODIS,Advendo,1,2,1437,1385,0.569,0.106,0.324,5,3,-34.2,30.0,197,184
1915-10-31,OSCA,DVD²,3,3,1552,1997,0.068,0.042,0.891,2,8,58.8,-44.5,177,156
1915-10-31,Quick (Arn),EKCA,2,6,1673,1628,0.559,0.106,0.335,5,4,-74.5,51.5,197,162
1915-10-31,Rozenburg,Dordt,0,4,1612,1664,0.422,0.108,0.470,4,5,-54.8,49.2,202,190
1915-10-31,TOP (H),DOS (E),9,7,1718,1429,0.836,0.057,0.108,7,3,-21.3,18.4,187,176
1915-10-31,Vitesse (Haag),OSCR,8,3,1842,1451,0.898,0.041,0.060,7,2,2.3,-2.2,150,166
1915-11-07,DED,DTV,2,6,1626,1836,0.227,0.086,0.688,4,6,-14.9,12.9,153,141
1915-11-07,DOS,OSCA,8,2,1704,1607,0.632,0.098,0.270,5,3,27.4,-37.5,145,173
1915-11-07,TOP (Sch),Animo,3,7,1658,1485,0.725,0.084,0.192,6,3,-156.8,64.6,261,167
1915-11-07,Vitesse (Haag),Velox,6,2,1841,1445,0.901,0.040,0.059,7,2,-4.0,5.7,149,166
1915-11-07,Vitesse (Leiden),HSV,2,2,1860,1608,0.804,0.066,0.130,6,3,-41.8,36.2,170,159
1915-11-07,Wilhelmina,HKC (He),2,6,1484,1528,0.436,0.104,0.460,4,5,-48.2,47.7,185,184
1915-11-14,ALO,HSV,2,5,1499,1645,0.293,0.109,0.598,3,4,-19.1,18.6,156,154
1915-11-14,HKC (He),TOP (H),1,2,1577,1695,0.336,0.097,0.567,5,6,0.2,-0.4,170,181
1915-11-21,ALO,OSCR,6,1,1480,1446,0.539,0.114,0.346,4,3,33.9,-42.2,148,167
1915-11-21,DVD²,DTV,5,3,1950,1851,0.636,0.092,0.272,6,4,3.3,-2.9,159,139
1915-11-21,Deventer,TOP (H),0,6,1337,1694,0.109,0.056,0.835,3,7,-21.4,14.4,219,167
1915-11-21,HOC²,UD,3,5,1401,1495,0.365,0.105,0.530,4,5,-17.6,18.7,178,185
1915-11-21,Quick (Arn),Onder Ons,2,4,1595,1718,0.330,0.095,0.575,5,6,-11.8,11.1,183,176
1915-11-21,Vitesse (Haag),HSV,5,3,1839,1664,0.726,0.084,0.190,5,3,-4.0,3.8,150,147
1915-11-28,Avanti,Hercules,1,3,1465,1463,0.498,0.110,0.392,5,4,-33.9,48.0,183,221
1915-11-28,EKCA,Noviomagum,10,0,1678,1214,0.928,0.033,0.039,6,0,10.0,-16.5,161,222
1915-12-05,BKC (DB),Quick (Arn),0,3,1429,1583,0.288,0.094,0.617,4,6,-23.3,17.4,206,171
1915-12-05,DTV,DED,5,6,1848,1613,0.790,0.067,0.143,7,3,-36.7,46.6,138,154
1915-12-05,Deventer,Naas,2,3,1315,1332,0.471,0.108,0.421,5,4,-21.7,17.1,206,181
1915-12-05,Dordt,OKK,4,3,1711,1617,0.623,0.104,0.273,4,3,-4.5,7.6,183,219
1915-12-05,Hercules,Avanti,9,4,1511,1430,0.607,0.102,0.291,5,3,43.8,-34.5,196,170
1915-12-05,Rozenburg,RSGV,2,2,1554,1353,0.754,0.078,0.168,6,3,-36.9,54.3,191,228
1915-12-05,UD,Haarlem,2,15,1514,1587,0.393,0.104,0.503,4,5,-57.2,54.3,172,167
1915-12-12,Bussum,Olympia,4,6,1625,1291,0.872,0.040,0.088,11,5,-84.7,75.6,187,178
1915-12-12,DEV,DOS,4,4,1737,1734,0.502,0.103,0.394,6,5,-5.3,5.0,155,150
1915-12-12,Velocitas,Purmerend,1,1,1559,1593,0.448,0.107,0.446,6,5,-0.1,0.1,183,174
1915-12-19,Advendo,ODIS,3,3,1413,1400,0.511,0.112,0.378,5,4,-7.9,8.7,184,192
1915-12-19,DED,DVD²,4,11,1660,1954,0.152,0.068,0.780,4,7,-18.5,19.7,152,158
1915-12-19,HKC (He),DEV,9,3,1577,1767,0.248,0.090,0.662,4,6,81.5,-55.1,169,138
1915-12-19,HS,AKV,1,14,1024,1486,0.061,0.040,0.899,2,7,-36.8,22.1,284,202
1915-12-19,Noviomagum,Quick (Arn),0,8,1197,1601,0.083,0.052,0.865,2,6,-25.7,16.2,219,164
1915-12-19,OSCA,DEV,2,11,1571,1732,0.277,0.099,0.623,3,5,-43.9,32.6,173,146
1915-12-19,OSCR,Vitesse (Haag),2,6,1403,1836,0.071,0.046,0.883,2,6,2.4,-1.8,163,152
1915-12-19,Onder Ons,EKCA,5,4,1729,1690,0.555,0.100,0.346,6,5,1.1,-1.1,171,164
1915-12-19,Vitesse (Leiden),Fluks,4,3,1820,1780,0.553,0.105,0.343,5,4,1.8,-1.8,174,172
1915-12-26,EKCA,Quick (Arn),2,1,1688,1618,0.595,0.101,0.303,5,4,-2.6,2.9,155,161
1915-12-26,HSV,Vitesse (Haag),0,1,1668,1834,0.271,0.100,0.629,3,5,5.7,-5.6,152,150
1916-01-02,OSCA,DOS,3,4,1526,1740,0.221,0.090,0.690,3,5,13.2,-10.5,163,148
1916-01-02,UNI,TOP (Sch),12,3,1627,1503,0.666,0.091,0.242,6,4,41.9,-66.2,182,239
1916-01-02,Vitesse (Leiden),Vitesse (Haag),5,2,1822,1828,0.490,0.103,0.407,6,5,29.4,-22.9,165,144
1916-01-09,Advendo,Purmerend,1,4,1405,1593,0.246,0.095,0.659,3,5,-14.7,13.9,174,169
1916-01-09,BKC (DB),Onder Ons,0,11,1405,1731,0.130,0.060,0.810,4,8,-30.6,22.9,195,164
1916-01-09,DVS,Hercules,4,6,1227,1556,0.124,0.066,0.810,2,6,24.0,-12.0,241,187
1916-01-09,Fluks,OSCR,3,3,1778,1406,0.887,0.047,0.066,6,1,-50.8,50.3,166,165
1916-01-09,HSV,Velox,7,0,1673,1453,0.771,0.078,0.151,5,2,19.8,-28.0,148,181
1916-01-09,ODIS,Velocitas,0,1,1409,1559,0.291,0.101,0.607,3,5,4.3,-4.0,180,175
1916-01-16,Fluks,Vitesse (Haag),3,0,1727,1804,0.384,0.111,0.505,3,4,42.1,-31.9,162,140
1916-01-16,Naas,Wilhelmina,5,2,1350,1438,0.372,0.104,0.524,4,5,47.1,-52.3,179,190
1916-01-16,OSCA,DTV,3,6,1540,1812,0.166,0.079,0.756,3,6,-2.7,2.7,157,148
1916-01-16,RSGV,Dordt,3,4,1408,1707,0.144,0.076,0.780,2,5,34.0,-22.8,216,182
1916-01-16,Rozenburg,OKK,3,1,1517,1626,0.343,0.106,0.551,4,5,43.2,-49.9,190,206
1916-01-23,DTV,DVD²,3,5,1815,1975,0.282,0.093,0.625,4,6,-4.0,4.6,144,162
1916-01-23,EKCA,BKC (DB),12,7,1685,1373,0.851,0.055,0.094,7,2,7.2,-9.1,155,186
1916-01-23,Fluks,ALO,11,0,1768,1515,0.802,0.072,0.126,5,2,20.1,-22.4,152,162
1916-01-23,TOP (H),Deventer,10,2,1710,1293,0.912,0.035,0.053,8,2,12.1,-13.8,180,197
1916-01-23,Velox,OSCR,4,1,1424,1456,0.447,0.115,0.438,5,4,38.8,-35.2,173,164
1916-01-30,Advendo,Velocitas,3,3,1389,1554,0.273,0.099,0.628,3,5,19.6,-19.7,168,169
1916-01-30,DEV,DED,7,4,1711,1642,0.597,0.096,0.307,6,5,14.8,-16.9,148,160
1916-01-30,Naas,Deventer,1,0,1397,1279,0.658,0.094,0.248,5,3,-8.8,11.9,169,192
1916-01-30,Onder Ons,Quick (Arn),8,1,1755,1620,0.684,0.084,0.233,7,5,30.6,-29.8,164,161
1916-01-30,UD,AW,6,2,1457,1342,0.655,0.094,0.251,6,4,24.2,-28.2,176,193
1916-01-30,Vitesse (Haag),ALO,7,0,1771,1491,0.826,0.063,0.111,6,2,12.9,-16.1,138,156
1916-01-30,Vitesse (Leiden),Velox,0,11,1851,1463,0.898,0.040,0.062,7,2,-112.1,111.6,161,161
1916-01-30,Wilhelmina,DOS (E),6,4,1385,1447,0.409,0.106,0.485,4,5,30.3,-36.5,176,194
1916-02-06,DVD²,DOS,8,2,1980,1729,0.805,0.063,0.133,7,4,13.9,-13.6,155,153
1916-02-06,Hercules,DVS,3,5,1545,1251,0.838,0.058,0.104,6,2,-77.0,117.4,185,226
1916-02-06,KZ,UD,8,0,1539,1481,0.582,0.093,0.324,7,5,59.6,-42.3,201,166
1916-02-06,Purmerend,Advendo,1,4,1607,1409,0.751,0.079,0.169,6,3,-71.3,64.5,166,158
1916-02-06,TOP (H),HKC (He),10,4,1723,1661,0.588,0.095,0.317,6,5,42.5,-39.9,178,172
1916-02-06,UNI,DOSO,4,2,1671,1464,0.762,0.074,0.164,6,3,-7.9,12.3,180,210
1916-02-06,Velox,Fluks,1,8,1576,1790,0.219,0.090,0.690,3,5,-29.4,26.9,158,151
1916-02-13,Naas,TOP (H),4,5,1387,1766,0.097,0.052,0.851,3,8,31.0,-32.5,162,166
1916-02-13,OSCR,Vitesse (Leiden),3,6,1419,1737,0.131,0.069,0.800,2,6,1.2,-1.3,159,161
1916-02-20,ALO,Velox,3,5,1473,1545,0.392,0.111,0.497,3,4,-18.2,17.5,157,153
1916-02-20,DOS,DED,5,3,1714,1624,0.624,0.093,0.282,6,4,4.4,-4.5,151,156
1916-02-20,Fluks,HSV,1,3,1817,1692,0.663,0.099,0.238,4,2,-41.4,46.7,147,157
1916-02-20,HKC (He),Naas,3,3,1620,1418,0.756,0.076,0.168,6,3,-33.2,30.9,164,158
1916-02-20,RSGV,OKK,2,3,1441,1574,0.310,0.108,0.582,3,4,0.7,-0.3,207,194
1916-03-05,DOS,DEV,4,4,1719,1726,0.487,0.104,0.409,6,5,-3.5,3.7,147,152
1916-03-05,DVD²,DED,10,3,1994,1619,0.892,0.040,0.068,8,3,8.2,-7.7,158,150
1916-03-05,DVS,Avanti,4,0,1368,1396,0.455,0.109,0.436,5,4,63.6,-49.2,216,187
1916-03-05,Deventer,DOS (E),5,3,1289,1409,0.328,0.105,0.567,4,5,44.5,-44.5,185,185
1916-03-05,Dordt,RSGV,5,6,1683,1441,0.792,0.073,0.135,5,2,-61.8,64.5,186,190
1916-03-05,Fluks,Velox,11,0,1775,1563,0.765,0.077,0.158,6,3,21.4,-22.3,145,148
1916-03-05,HSV,Vitesse (Leiden),3,6,1739,1736,0.497,0.111,0.392,5,4,-35.8,39.7,152,160
1916-03-05,OSCR,ALO,5,0,1420,1455,0.441,0.117,0.442,2,3,48.1,-43.7,159,151
1916-03-05,Olympia,UKC,2,4,1368,1617,0.193,0.067,0.740,5,9,10.1,-12.2,195,209
1916-03-05,Velocitas,Advendo,6,2,1533,1472,0.581,0.104,0.315,5,4,30.2,-27.7,168,160
1916-03-05,Wilhelmina,Naas,2,8,1415,1448,0.449,0.107,0.444,6,5,-57.8,47.0,173,155
1916-03-12,DVD²,OSCA,6,5,2005,1537,0.932,0.029,0.040,8,2,-38.1,45.3,156,168
1916-03-12,Fluks,Vitesse (Leiden),1,4,1799,1778,0.525,0.108,0.367,5,4,-33.5,38.2,141,151
1916-03-12,TOP (H),Wilhelmina,8,0,1735,1358,0.893,0.040,0.067,8,3,11.8,-11.0,168,160
1916-03-12,Velox,Vitesse (Haag),0,6,1541,1785,0.191,0.082,0.727,3,6,-19.3,20.7,144,149
1916-03-19,ALO,Vitesse (Leiden),4,8,1411,1816,0.083,0.052,0.865,2,6,0.3,-0.2,146,143
1916-03-19,DEV,DVD²,5,9,1731,1967,0.201,0.079,0.720,4,7,-10.8,11.8,146,155
1916-03-19,KZ,AW,10,4,1600,1314,0.835,0.055,0.111,8,4,16.7,-16.5,192,191
1916-03-19,Noviomagum,BKC (DB),0,15,1172,1366,0.240,0.094,0.666,3,5,-62.8,47.4,227,193
1916-03-19,OKK,OSCR,9,4,1575,1469,0.638,0.103,0.260,4,3,37.5,-26.5,185,152
1916-03-19,Velox,HSV,1,2,1520,1704,0.250,0.098,0.651,3,5,6.7,-7.5,139,147
1916-04-02,Animo,UNI,2,6,1554,1664,0.341,0.106,0.553,4,5,-44.8,38.7,203,186
1916-04-02,Haarlem,KZ,13,2,1646,1618,0.542,0.093,0.365,7,6,62.6,-58.9,192,185
1916-04-02,Onder Ons,DVD²,2,13,1787,1979,0.248,0.083,0.669,5,8,-40.4,31.5,174,151
1916-04-02,Wilhelmina,Deventer,6,5,1346,1335,0.511,0.107,0.381,5,4,5.8,-6.7,163,178
1916-04-09,DOS (E),Deventer,7,0,1366,1329,0.548,0.106,0.346,5,4,52.4,-44.6,180,164
1916-04-09,DTV,OSCA,5,1,1812,1583,0.782,0.072,0.146,6,3,8.8,-9.5,164,173
1916-04-09,Onder Ons,Vitesse (Leiden),2,8,1746,1816,0.400,0.099,0.501,5,6,-45.5,37.6,163,147
1916-04-09,UD,KZ,5,0,1439,1558,0.333,0.095,0.572,5,6,65.2,-62.5,175,171
1916-04-16,DOS (E),HKC (He),3,2,1419,1587,0.270,0.096,0.634,4,6,32.4,-35.0,166,173
1916-04-16,DOSO,Animo,4,19,1477,1508,0.449,0.110,0.441,5,4,-87.1,69.5,211,186
1916-04-23,ALO,OKK,4,3,1412,1614,0.230,0.097,0.673,2,4,32.9,-45.0,154,180
1916-04-23,DVD²,Vitesse (Leiden),3,2,2013,1855,0.711,0.080,0.209,7,4,-14.1,12.6,150,143
1916-04-23,Haarlem,Excelsior,2,7,1711,1626,0.617,0.094,0.289,6,4,-65.8,139.0,180,268
1916-04-24,DOS (E),TOP (H),9,9,1451,1747,0.149,0.068,0.783,4,7,32.5,-41.4,157,176
1916-04-24,ODIS,Olympia,4,3,1413,1378,0.557,0.083,0.360,9,8,0.1,-0.2,197,195
1916-04-24,Velocitas,DOS,2,15,1565,1716,0.291,0.098,0.611,4,5,-45.6,38.3,172,156
1916-04-30,DEV,OSCA,6,6,1718,1570,0.696,0.087,0.217,6,3,-23.2,28.4,154,170
1916-04-30,Deventer,HKC (He),0,5,1281,1550,0.169,0.078,0.752,3,6,-17.2,18.0,160,164
1916-04-30,Excelsior,Haarlem,8,3,1763,1642,0.664,0.089,0.247,6,4,43.8,-27.2,227,170
1916-04-30,Hercules,Haarlem,6,1,1466,1615,0.295,0.097,0.608,4,6,90.9,-58.9,200,160
1916-04-30,OKK,ALO,3,2,1566,1443,0.661,0.099,0.239,4,2,-10.1,7.5,168,148
1916-04-30,Vitesse (Leiden),DVD²,1,2,1865,1996,0.317,0.096,0.587,5,6,2.1,-2.3,138,144
1916-05-07,HKC (He),Wilhelmina,6,4,1563,1346,0.771,0.074,0.155,6,3,-8.7,9.5,157,163
1916-05-07,Naas,DOS (E),0,16,1491,1478,0.514,0.107,0.379,5,4,-67.7,59.0,166,154
1916-05-07,OKK,ALO,0,0,1551,1445,0.638,0.104,0.258,4,2,-20.1,16.2,158,142
1916-05-07,OSCA,Excelsior,1,1,1594,1803,0.225,0.091,0.684,3,5,22.0,-36.0,160,202
1916-05-14,Excelsior,OSCA,7,0,1766,1616,0.697,0.090,0.213,5,3,37.7,-27.2,185,153
1916-05-21,Noviomagum,TOP (Sch),1,23,1102,1431,0.123,0.068,0.809,2,5,-38.5,45.6,218,243
1916-05-21,UNI,Velocitas,5,0,1740,1476,0.813,0.065,0.122,6,2,12.3,-10.8,170,156
1916-05-21,Velocitas,UNI,0,7,1513,1696,0.252,0.095,0.653,3,5,-35.6,42.7,167,185
1916-09-17,TOG (L),AKC (Al),1,8,1294,1430,0.310,0.099,0.592,4,6,-44.7,44.7,175,175
1916-09-24,DEV,Haarlem,14,1,1695,1554,0.689,0.085,0.226,7,4,45.4,-46.8,192,196
1916-09-24,DOS,DVD²,0,6,1755,1993,0.200,0.078,0.722,4,7,-32.3,29.8,194,185
1916-09-24,Excelsior,OSCA,3,3,1809,1591,0.770,0.075,0.155,6,3,-50.0,40.2,208,188
1916-09-24,Fluks,Vitesse (Leiden),1,2,1763,1865,0.350,0.107,0.543,4,5,-3.9,3.6,197,182
1916-09-24,OKK,Rozenburg,10,2,1534,1558,0.459,0.111,0.430,5,4,67.3,-99.6,192,240
1916-09-24,Velox,ALO,3,2,1524,1464,0.577,0.108,0.315,4,3,-0.4,0.1,195,182
1916-09-24,Vitesse (Haag),HSV,2,3,1804,1694,0.646,0.099,0.255,5,3,-46.5,44.5,203,199
1916-10-01,DTV,Haarlem,13,2,1819,1507,0.852,0.053,0.096,7,3,28.1,-22.6,207,181
1916-10-01,DVD²,Excelsior,10,0,2024,1759,0.816,0.061,0.123,7,3,24.4,-29.2,174,193
1916-10-01,OSCA,DED,3,11,1632,1611,0.526,0.105,0.369,5,4,-70.9,96.2,178,210
1916-10-01,Quick (Arn),Onder Ons,0,7,1589,1699,0.345,0.098,0.557,5,6,-69.4,59.8,222,204
1916-10-01,TOP (H),EKCA,6,2,1706,1694,0.515,0.102,0.383,6,5,49.9,-54.4,211,222
1916-10-08,AKV,ZKC (Zu),5,3,1510,1384,0.672,0.085,0.243,7,5,0.0,-2.6,263,175
1916-10-08,ALO,HSV,0,5,1464,1738,0.162,0.084,0.754,2,4,-21.5,24.4,172,185
1916-10-08,BKC (DB),Quick (Arn),1,1,1414,1518,0.353,0.100,0.547,5,6,16.6,-12.0,231,198
1916-10-08,DED,DEV,7,4,1709,1744,0.450,0.100,0.450,5,6,39.9,-37.1,188,181
1916-10-08,Excelsior,DTV,1,7,1728,1849,0.329,0.102,0.569,4,5,-47.2,53.2,183,196
1916-10-08,OSCA,DOS,1,0,1561,1722,0.277,0.098,0.625,4,5,31.1,-37.7,166,183
1916-10-08,OSCR,Vitesse (Haag),0,6,1442,1758,0.133,0.070,0.798,2,6,-27.6,23.9,206,188
1916-10-08,TOP (Sch),DOSO,2,8,1487,1388,0.636,0.091,0.273,6,5,-132.5,113.0,253,232
1916-10-15,AW,UNI,1,6,1298,1759,0.061,0.040,0.899,2,7,-6.1,6.3,235,205
1916-10-15,DTV,DED,2,3,1905,1752,0.704,0.082,0.214,7,4,-44.7,41.5,179,173
1916-10-15,Fluks,ALO,6,1,1761,1444,0.851,0.058,0.090,5,1,11.4,-9.8,184,164
1916-10-15,Haarlem,OSCA,1,0,1486,1593,0.346,0.105,0.549,4,5,26.9,-21.3,177,157
1916-10-15,Naas,Wilhelmina,4,4,1429,1363,0.590,0.101,0.309,5,4,-19.4,19.6,202,203
1916-10-15,Onder Ons,EKCA,4,2,1761,1641,0.663,0.088,0.248,6,4,2.6,-2.4,188,201
1916-10-15,Spartaan,Dordt,2,6,1286,1624,0.118,0.067,0.815,2,5,-25.4,19.6,314,234
1916-10-22,Avanti,Advendo,5,2,1348,1446,0.355,0.110,0.535,3,4,74.7,-65.8,233,217
1916-10-22,DEV,DOS,8,3,1709,1686,0.530,0.102,0.368,6,5,41.0,-41.9,170,172
1916-10-22,Dordt,OKK,4,6,1644,1606,0.546,0.112,0.342,4,3,-57.3,41.2,219,184
1916-10-22,Gazelle,AKV,2,9,1078,1513,0.072,0.041,0.887,3,8,-12.7,18.3,175,228
1916-10-22,Haarlem,Excelsior,1,5,1512,1683,0.267,0.096,0.637,4,5,-23.1,25.1,164,172
1916-10-22,KZ,Velocitas,2,4,1496,1471,0.534,0.099,0.367,6,5,-47.3,40.3,215,197
1916-10-22,OSCR,Fluks,0,5,1415,1772,0.106,0.063,0.831,2,5,-15.6,13.6,195,177
1916-10-22,Vitesse (Haag),Vitesse (Leiden),2,9,1784,1871,0.372,0.106,0.521,4,5,-55.6,52.4,181,175
1916-10-29,Advendo,DVS,8,0,1387,1441,0.417,0.111,0.472,3,4,74.1,-113.1,196,249
1916-10-29,DTV,DOS,5,1,1866,1650,0.770,0.073,0.157,6,3,9.8,-9.0,171,160
1916-10-29,Excelsior,DED,2,7,1715,1800,0.376,0.104,0.520,4,5,-39.2,41.0,161,166
1916-10-29,KZ,UNI,4,4,1455,1773,0.134,0.063,0.803,4,7,47.3,-50.9,193,199
1916-10-29,OSCA,DEV,2,3,1577,1757,0.257,0.095,0.649,4,5,7.5,-8.3,152,159
1916-10-29,Onder Ons,Quick (Arn),7,0,1771,1514,0.809,0.063,0.129,7,3,21.9,-23.8,177,187
1916-10-29,TOP (Sch),Hercules,1,3,1363,1567,0.231,0.087,0.682,4,6,-2.3,2.2,226,228
1916-10-29,Velox,Vitesse (Haag),2,8,1533,1735,0.232,0.092,0.676,3,5,-37.3,30.9,186,167
1916-11-05,AKC (Al),AOC,2,4,1491,1694,0.232,0.088,0.679,4,6,-0.2,0.2,177,175
1916-11-05,ALO,Vitesse (Haag),0,3,1441,1767,0.125,0.069,0.806,2,5,1.5,-1.2,164,159
1916-11-05,Animo,DOSO,6,17,1590,1512,0.606,0.099,0.295,5,4,-120.1,109.8,226,215
1916-11-05,Be Quick,HS,2,2,1401,996,0.904,0.040,0.056,6,1,-41.3,168.7,175,321
1916-11-05,DED,DOS,3,3,1842,1641,0.756,0.074,0.170,7,4,-30.3,30.0,155,154
1916-11-05,DEV,DTV,1,5,1749,1877,0.321,0.098,0.581,5,6,-23.9,27.4,151,163
1916-11-05,DVS,Avanti,2,3,1327,1431,0.349,0.108,0.543,4,5,-4.9,4.7,215,208
1916-11-05,Dordt,RSGV,3,1,1594,1516,0.602,0.106,0.292,4,3,13.8,-18.1,197,241
1916-11-05,HSV,Fluks,0,4,1773,1794,0.461,0.117,0.422,4,3,-54.5,49.9,181,172
1916-11-05,Naas,HKC (He),1,1,1418,1570,0.288,0.100,0.612,4,5,20.0,-23.8,189,205
1916-11-05,OSCA,Haarlem,4,0,1585,1496,0.619,0.101,0.280,5,3,20.7,-23.9,145,158
1916-11-05,Rozenburg,Spartaan,9,2,1469,1268,0.754,0.079,0.168,6,3,41.6,-60.5,217,276
1916-11-05,TOG (L),Boekelo,5,3,1263,1141,0.666,0.087,0.247,7,4,5.3,-3.1,177,350
1916-11-12,DVD²,DTV,2,5,2057,1902,0.705,0.082,0.212,7,4,-71.5,52.6,178,153
1916-11-12,Excelsior,DOS,5,4,1673,1668,0.501,0.110,0.389,5,4,6.3,-5.9,154,149
1916-11-12,Haarlem,DED,1,5,1468,1809,0.119,0.060,0.821,3,7,-2.3,2.3,149,150
1916-11-12,OKK,Spartaan,11,1,1652,1204,0.923,0.034,0.044,6,1,13.0,-21.0,176,242
1916-11-12,OSCR,Velox,3,3,1403,1493,0.366,0.112,0.522,3,4,10.2,-8.7,189,175
1916-11-12,Quick (Arn),TOP (H),6,4,1488,1764,0.164,0.074,0.762,3,7,64.0,-80.9,180,201
1916-11-12,RSGV,Rozenburg,2,4,1494,1509,0.474,0.109,0.417,5,4,-40.0,37.0,212,203
1916-11-12,UD (Al),AKC (Al),1,3,1285,1487,0.233,0.089,0.678,4,6,-0.2,0.5,175,166
1916-11-12,Vitesse (Leiden),ALO,9,3,1930,1439,0.938,0.028,0.034,7,1,2.8,-2.7,168,159
1916-11-12,Wilhelmina,HKC (He),4,3,1387,1543,0.285,0.099,0.617,4,5,38.0,-36.1,191,186
1916-11-19,BKC (DB),Onder Ons,1,15,1441,1795,0.112,0.054,0.833,4,8,-32.9,23.5,213,174
1916-11-19,Excelsior,DVD²,2,2,1683,1988,0.142,0.069,0.790,3,7,29.7,-39.6,146,167
1916-11-19,PSV,Helmond,2,6,1289,1312,0.462,0.106,0.432,6,5,-47.8,47.8,175,175
1916-11-26,ALO,Fluks,1,15,1446,1851,0.081,0.054,0.865,1,5,-16.0,16.9,160,165
1916-11-26,Amersfoort,Olympia,3,6,1379,1394,0.492,0.072,0.437,13,12,-27.8,47.0,175,234
1916-11-26,HSV,OSCR,7,1,1725,1423,0.839,0.063,0.098,5,1,16.2,-16.9,171,175
1916-11-26,Haarlem,DOS,1,2,1475,1672,0.238,0.092,0.670,3,6,9.6,-9.0,149,144
1916-12-03,AW,Velocitas,2,3,1308,1528,0.212,0.089,0.698,3,5,21.9,-13.6,233,191
1916-12-03,Animo,Hercules,6,2,1479,1579,0.354,0.107,0.539,4,5,73.8,-77.5,208,214
1916-12-03,DVD²,DEV,2,2,1956,1733,0.778,0.069,0.153,7,4,-35.7,30.7,163,151
1916-12-03,HSV,Be Quick,5,3,1705,1368,0.864,0.055,0.081,5,1,-15.4,22.3,153,179
1916-12-03,HSV,Vitesse (Haag),0,3,1743,1775,0.447,0.114,0.439,5,4,-36.9,34.9,166,161
1916-12-03,Haarlem,DTV,2,7,1485,1966,0.055,0.037,0.909,2,7,-0.1,-0.1,143,152
1916-12-03,Lycurgus,PSV,0,16,1055,1248,0.243,0.091,0.666,4,6,-41.2,37.0,175,165
1916-12-03,OC,Gazelle,7,3,1385,1082,0.846,0.053,0.101,8,3,0.4,-0.1,175,182
1916-12-03,Quick (Arn),BKC (DB),3,4,1563,1415,0.696,0.086,0.218,6,4,-40.4,54.1,175,202
1916-12-03,Spartaan,RSGV,2,4,1194,1465,0.165,0.081,0.754,2,5,9.6,-4.8,235,194
1916-12-03,TOG (L),AOC,2,12,1278,1703,0.075,0.046,0.880,2,7,-17.2,16.4,177,171
1916-12-03,Velox,Vitesse (Leiden),0,15,1496,1945,0.065,0.042,0.893,2,7,-14.6,15.0,168,171
1916-12-03,Wilhelmina,DOS (E),1,0,1437,1564,0.321,0.099,0.580,4,6,28.4,-37.7,181,208
1916-12-10,DED,Excelsior,5,5,1834,1731,0.638,0.095,0.267,6,4,-18.5,17.0,154,148
1916-12-10,DOS (E),Naas,9,3,1536,1457,0.607,0.100,0.294,5,4,45.4,-43.6,188,184
1916-12-10,DOS,DTV,2,6,1675,1977,0.143,0.070,0.787,3,6,-5.8,6.3,142,151
1916-12-10,Helmond,PSV,1,5,1379,1299,0.610,0.096,0.294,6,4,-61.2,53.8,167,156
1916-12-10,OSCR,HSV,4,3,1418,1700,0.155,0.082,0.763,2,4,54.1,-41.1,172,150
1916-12-10,TOP (H),Onder Ons,4,8,1705,1840,0.315,0.090,0.594,6,7,-32.4,26.7,193,173
1916-12-10,UNI,KZ,9,1,1742,1523,0.775,0.069,0.156,7,4,33.4,-32.0,197,193
1916-12-10,Vitesse (Haag),Velox,5,0,1820,1491,0.861,0.053,0.086,6,2,6.0,-6.7,152,165
1916-12-10,ZKC (Zu),AKV,3,2,1411,1560,0.296,0.092,0.611,5,7,31.1,-46.8,184,226
1916-12-17,DVS,Advendo,3,6,1342,1483,0.301,0.104,0.595,3,5,-28.2,26.1,203,194
1916-12-17,EKCA,Quick (Arn),4,4,1666,1534,0.673,0.095,0.232,5,3,-33.3,23.0,200,168
1916-12-17,Excelsior,Haarlem,5,4,1748,1496,0.803,0.068,0.129,6,2,-20.2,21.2,142,145
1916-12-17,HSV,ALO,7,0,1659,1442,0.766,0.082,0.152,4,2,19.8,-23.7,146,162
1916-12-17,OC,ZKC (Zu),5,3,1397,1442,0.434,0.101,0.464,5,6,26.1,-26.3,171,172
1916-12-17,OSCA,DTV,0,18,1626,1984,0.106,0.061,0.833,2,6,-17.4,16.3,152,147
1916-12-17,RSGV,Dordt,1,1,1472,1628,0.281,0.106,0.614,3,4,20.5,-22.3,185,193
1916-12-17,Rozenburg,OKK,2,5,1569,1690,0.328,0.102,0.570,4,5,-27.9,25.3,193,182
1916-12-17,Velocitas,AW,8,2,1525,1340,0.736,0.083,0.181,5,3,29.3,-37.4,182,210
1916-12-17,Vitesse (Haag),OSCR,8,3,1826,1472,0.876,0.049,0.074,6,1,4.8,-5.3,149,163
1916-12-24,Animo,TOP (Sch),15,1,1565,1381,0.738,0.077,0.185,7,4,39.7,-48.6,193,217
1916-12-24,BKC (DB),TOP (H),5,3,1481,1673,0.246,0.086,0.668,5,7,57.3,-51.2,190,179
1916-12-24,DTV,Excelsior,8,2,2004,1729,0.824,0.061,0.116,7,3,11.0,-10.4,144,139
1916-12-24,Haarlem,DVS,2,3,1517,1314,0.756,0.077,0.166,6,3,-34.2,59.4,142,185
1916-12-24,Hercules,DVD²,6,9,1512,1931,0.077,0.048,0.875,2,7,14.8,-8.6,196,161
1916-12-24,Spartaan,Rozenburg,1,7,1215,1541,0.126,0.066,0.807,2,6,-27.7,20.2,216,176
1916-12-24,Velocitas,UNI,3,1,1556,1777,0.212,0.089,0.699,3,5,54.5,-64.8,172,187
1916-12-24,Vitesse (Leiden),HSV,7,1,1974,1680,0.838,0.058,0.104,7,2,13.9,-10.2,172,142
1917-01-07,DOS,DEV,1,10,1667,1772,0.348,0.103,0.549,4,5,-39.1,44.2,147,157
1917-01-07,Dordt,Rozenburg,2,4,1602,1559,0.556,0.107,0.338,5,4,-42.8,38.4,182,172
1917-01-07,EKCA,Onder Ons,1,8,1630,1865,0.202,0.079,0.719,4,7,-34.6,29.0,187,169
1917-01-07,Fluks,Vitesse (Haag),6,1,1881,1830,0.568,0.104,0.329,5,4,39.6,-31.6,173,152
1917-01-07,OSCR,Vitesse (Leiden),2,9,1465,1986,0.043,0.031,0.926,2,8,-6.0,6.2,165,168
1917-01-14,DED,OSCA,9,4,1813,1605,0.761,0.077,0.162,6,3,15.8,-15.8,157,156
1917-01-14,DVD²,Haarlem,5,1,1921,1480,0.921,0.032,0.046,8,2,-8.7,6.3,163,144
1917-01-14,HSV,Vitesse (Leiden),4,11,1666,1993,0.126,0.064,0.809,3,6,-15.3,19.2,145,166
1917-01-14,Vitesse (Haag),ALO,3,3,1797,1415,0.892,0.044,0.063,6,1,-40.4,51.6,145,162
1917-01-21,DED,ALO,8,4,1830,1466,0.884,0.045,0.071,7,2,-2.6,3.2,151,160
1917-01-21,Haarlem,DOS,0,1,1485,1626,0.301,0.103,0.596,3,5,2.6,-2.6,144,143
1917-01-21,OSCA,DEV,4,3,1589,1818,0.205,0.086,0.709,3,6,36.0,-35.9,151,151
1917-01-21,Velocitas,DTV,3,14,1607,2013,0.083,0.048,0.868,3,7,-17.2,13.8,170,149
1917-01-21,Vitesse (Leiden),Velox,13,1,2013,1481,0.951,0.021,0.028,9,2,6.6,-7.4,160,172
1917-02-18,Advendo,BEP,12,1,1507,1562,0.415,0.111,0.474,3,4,74.5,-120.9,195,256
1917-02-18,DOS,Haarlem,5,3,1623,1487,0.679,0.093,0.228,5,3,0.4,-0.4,145,146
1917-02-18,DTV,OSCA,3,1,2029,1625,0.905,0.037,0.057,8,2,-24.1,23.5,155,153
1917-02-18,DVD²,DED,4,3,1912,1828,0.615,0.094,0.291,6,5,-5.8,4.7,170,157
1917-02-25,AKV,Gazelle,6,1,1511,1091,0.913,0.034,0.053,9,3,-0.7,-0.5,219,197
1917-02-25,ALO,OSCR,2,2,1469,1458,0.507,0.114,0.379,4,3,-6.7,7.6,166,176
1917-02-25,DED,Haarlem,10,1,1833,1487,0.874,0.047,0.079,7,2,12.1,-11.0,149,141
1917-02-25,DTV,DEV,7,2,2005,1782,0.779,0.068,0.154,7,4,11.7,-11.9,153,155
1917-02-25,DVD²,DOS,6,1,1906,1624,0.828,0.061,0.111,6,2,9.0,-7.5,159,140
1917-02-25,Fluks,Velox,7,0,1921,1473,0.923,0.033,0.044,7,1,8.2,-8.6,174,180
1917-02-25,OSCA,Excelsior,2,1,1648,1715,0.395,0.115,0.489,3,4,16.1,-17.5,151,158
1917-02-25,RSGV,OKK,2,4,1490,1713,0.209,0.090,0.701,3,5,0.7,-0.6,191,188
1917-03-04,ALO,Vitesse (Leiden),0,3,1462,2023,0.035,0.025,0.940,2,9,18.9,-23.5,156,171
1917-03-04,BEP,Advendo,0,5,1441,1584,0.299,0.102,0.599,3,5,-54.0,39.3,220,183
1917-03-04,DED,DTV,4,1,1846,2017,0.270,0.088,0.642,5,7,44.1,-44.8,147,148
1917-03-04,DOS,Excelsior,5,2,1616,1697,0.377,0.112,0.511,3,4,32.1,-37.0,138,149
1917-03-04,DVD²,OSCA,6,4,1915,1663,0.802,0.069,0.129,6,2,-11.8,9.9,155,144
1917-03-04,Fluks,HSV,4,3,1930,1651,0.824,0.064,0.112,6,2,-30.4,25.1,172,158
1917-03-04,Haarlem,DEV,0,10,1475,1769,0.149,0.072,0.779,3,6,-18.8,21.4,140,150
1917-03-04,OC,AKV,2,7,1422,1511,0.373,0.101,0.527,5,6,-44.9,58.0,182,210
1917-03-04,OKK,Dordt,3,1,1713,1559,0.699,0.091,0.210,5,3,-0.2,0.5,176,183
1917-03-04,Olympia,Amersfoort,2,0,1453,1362,0.639,0.066,0.295,13,11,-1.2,-0.1,226,192
1917-03-04,Onder Ons,BKC (DB),12,0,1896,1536,0.884,0.041,0.075,9,4,17.6,-20.6,177,194
1917-03-04,RSGV,Spartaan,1,1,1490,1184,0.844,0.059,0.096,6,2,-45.6,71.0,178,217
1917-03-04,UNI,Velocitas,4,3,1710,1590,0.658,0.096,0.246,5,3,-11.5,9.2,193,176
1917-03-04,Velox,OSCR,6,1,1464,1466,0.489,0.115,0.396,4,3,51.2,-44.5,177,163
1917-03-11,DOS,DED,2,10,1648,1890,0.194,0.081,0.725,3,6,-19.9,22.2,133,141
1917-03-11,DTV,DVD²,8,5,1971,1904,0.592,0.097,0.311,6,4,14.3,-15.8,142,150
1917-03-11,Gazelle,ZKC (Zu),2,4,1090,1414,0.130,0.062,0.808,3,7,18.2,-16.1,194,185
1917-03-11,Olympia,Advendo,3,8,1451,1624,0.273,0.077,0.650,7,9,-32.5,24.7,202,171
1917-03-11,PSV,Lycurgus,5,1,1351,1023,0.863,0.050,0.087,7,3,-0.2,1.0,177,192
1917-03-11,Rozenburg,Dordt,5,2,1598,1559,0.549,0.108,0.344,5,4,28.2,-26.2,179,171
1917-03-11,Spartaan,OKK,1,18,1254,1712,0.061,0.042,0.896,1,6,-20.0,14.3,204,166
1917-03-11,UNI,AW,6,4,1698,1301,0.901,0.040,0.059,7,2,-24.7,38.4,178,214
1917-03-11,Vitesse (Leiden),Fluks,1,4,1999,1899,0.637,0.091,0.272,6,5,-55.7,53.0,170,165
1917-03-18,AKC (Al),TOG (L),3,0,1498,1259,0.792,0.069,0.140,6,3,0.1,0.2,194,201
1917-03-18,AKV,OC,1,1,1559,1366,0.748,0.075,0.177,7,4,-40.8,32.5,191,171
1917-03-18,DEV,DED,6,5,1781,1903,0.331,0.095,0.574,5,6,21.5,-18.4,148,137
1917-03-18,DOS,OSCA,4,6,1617,1662,0.425,0.116,0.459,3,4,-16.3,19.6,130,143
1917-03-18,Fluks,OSCR,4,1,1941,1410,0.950,0.023,0.027,7,1,-17.9,17.9,156,156
1917-03-18,Haarlem,DVD²,1,1,1444,1877,0.071,0.046,0.884,2,7,37.8,-39.9,139,143
1917-03-18,Merwestad,Victoria (V),2,0,1523,1492,0.541,0.103,0.356,5,4,15.7,-15.7,175,175
1917-03-18,Quick (Arn),EKCA,0,4,1545,1585,0.435,0.113,0.452,3,4,-51.2,55.1,186,193
1917-03-18,Velox,HSV,4,3,1505,1665,0.275,0.107,0.619,2,4,33.3,-29.5,166,156
1917-03-25,ALO,Velox,3,1,1469,1538,0.393,0.117,0.490,2,3,30.4,-28.8,160,156
1917-03-25,DED,DVD²,5,2,1884,1836,0.565,0.100,0.335,6,4,14.7,-16.7,132,142
1917-03-25,DEV,Excelsior,16,1,1803,1649,0.702,0.087,0.211,6,3,25.5,-27.3,141,147
1917-03-25,Rozenburg,RSGV,6,1,1615,1433,0.733,0.084,0.183,5,3,21.5,-23.3,168,176
1917-04-01,DEV,DVD²,7,4,1831,1819,0.515,0.103,0.382,6,5,19.5,-19.3,137,136
1917-04-01,DOS (E),Wilhelmina,5,2,1571,1463,0.646,0.093,0.262,6,4,20.0,-19.7,204,201
1917-04-01,HSV,Velox,10,0,1635,1508,0.665,0.100,0.235,4,2,31.5,-30.2,151,147
1917-04-01,OSCA,DTV,3,8,1682,1975,0.150,0.072,0.778,3,6,-11.0,11.3,140,142
1917-04-01,Onder Ons,TOP (H),11,2,1904,1609,0.842,0.051,0.107,9,4,21.2,-24.6,178,195
1917-04-01,Vitesse (Haag),Fluks,1,4,1746,1923,0.258,0.099,0.643,3,5,-16.0,14.5,168,159
1917-04-08,DEV,OSCA,13,1,1851,1671,0.733,0.080,0.187,6,3,20.4,-21.8,132,137
1917-04-08,DVD²,DOS,8,0,1799,1600,0.751,0.080,0.169,5,3,17.9,-18.1,131,132
1917-04-08,Vitesse (Leiden),Vitesse (Haag),10,0,1931,1729,0.757,0.074,0.169,7,3,28.3,-25.9,166,158
1917-04-09,Amicitia,OKK,1,5,1472,1719,0.190,0.079,0.731,4,6,-41.9,16.3,350,170
1917-04-09,DED,DVD²,3,3,1899,1818,0.611,0.095,0.293,6,4,-12.4,11.4,132,126
1917-04-09,Vitesse (Leiden),DTV,4,2,1961,1987,0.462,0.098,0.440,7,6,19.7,-15.7,157,139
1917-04-22,DTV,Vitesse (Leiden),2,3,1971,1980,0.487,0.098,0.415,7,6,-11.2,13.5,136,150
1917-04-22,Excelsior,DEV,4,3,1621,1874,0.184,0.078,0.738,4,6,38.7,-30.1,149,132
1917-04-22,OKK,Amicitia,3,2,1736,1430,0.847,0.054,0.098,7,3,-23.2,77.3,167,280
1917-04-22,OSCA,DVD²,2,2,1648,1829,0.253,0.100,0.647,3,5,16.5,-14.1,136,126
1917-04-22,TOP (H),Quick (Arn),3,0,1584,1493,0.624,0.097,0.279,6,4,20.6,-18.9,190,180
1917-04-22,Victoria (V),Merwestad,0,0,1475,1538,0.406,0.106,0.488,4,5,4.6,-4.6,172,172
1917-04-22,ZKC (Zu),OC,5,1,1387,1398,0.483,0.103,0.414,6,5,46.1,-40.1,186,173
1917-04-29,DVD²,DTV,4,3,1811,1956,0.298,0.099,0.603,4,5,18.3,-20.7,123,131
1917-04-29,Vitesse (Leiden),Onder Ons,13,0,1990,1924,0.595,0.088,0.316,8,6,34.0,-51.3,142,178
1917-05-06,UD (Al),BKC (DB),2,4,1293,1502,0.226,0.087,0.687,4,6,-0.4,0.8,213,203
1917-05-13,Onder Ons,Vitesse (Leiden),3,8,1872,2026,0.292,0.086,0.622,6,8,-28.8,20.9,167,140
1917-06-03,Olympia,Hercules,10,3,1405,1513,0.355,0.085,0.561,7,9,84.0,-102.2,205,229
1917-06-03,Olympia,Rozenburg,1,5,1490,1635,0.308,0.079,0.612,7,9,-24.6,23.4,186,180
1917-06-03,Rozenburg,Velocitas,8,4,1658,1616,0.556,0.104,0.340,5,4,31.4,-34.9,165,175
1917-06-03,Velocitas,DOSO,4,2,1586,1630,0.434,0.105,0.461,4,5,29.7,-46.3,191,245
1917-09-09,ALO,Vitesse (Haag),9,3,1498,1700,0.229,0.098,0.674,2,4,106.6,-104.1,200,198
1917-09-09,Be Quick,ZKC (Zu),4,4,1387,1431,0.432,0.108,0.460,4,5,2.4,-1.8,244,209
1917-09-09,DED,DVS,6,6,1884,1359,0.949,0.022,0.029,8,2,-60.4,118.2,179,240
1917-09-09,EKCA,Onder Ons,2,7,1638,1843,0.231,0.084,0.684,4,7,-38.9,30.6,222,191
1917-09-09,Excelsior,Olympia,3,4,1657,1465,0.752,0.065,0.183,9,6,-50.3,56.6,188,199
1917-09-09,HOC²,Amersfoort,3,5,1400,1348,0.580,0.083,0.338,9,7,-81.1,44.7,313,227
1917-09-09,ODIS²,WKC (Wo),5,2,1500,1394,0.644,0.093,0.263,6,4,15.4,-15.4,175,175
1917-09-09,OSCR,Fluks,4,6,1425,1935,0.045,0.035,0.920,1,6,36.8,-33.6,206,199
1917-09-09,UDI,Frisia,0,25,900,1785,0.005,0.006,0.989,0,10,-2.1,2.1,175,175
1917-09-09,Velox,HSV,3,20,1475,1666,0.241,0.100,0.659,2,4,-47.9,48.9,192,194
1917-09-16,AW,Excelsior,4,1,1332,1612,0.159,0.078,0.763,2,5,140.6,-69.8,249,177
1917-09-16,Merwestad,Dordt,1,4,1536,1525,0.508,0.112,0.380,4,3,-56.7,62.5,202,213
1917-09-16,OSCA,DVD²,0,6,1668,1835,0.267,0.103,0.630,3,4,-41.0,37.1,180,170
1917-09-16,OSCR,Vitesse (Haag),5,4,1467,1601,0.308,0.107,0.585,3,4,37.9,-31.7,200,183
1917-09-16,PSV,Helmond,9,1,1344,1309,0.547,0.102,0.351,5,4,72.8,-79.3,222,233
1917-09-16,UDI,Friso (L),1,21,903,1797,0.005,0.005,0.990,0,9,-2.0,2.0,176,175
1917-09-16,Velocitas,Advendo,4,2,1587,1642,0.415,0.110,0.475,3,4,34.4,-41.6,193,214
1917-09-16,Vitesse (Leiden),HSV,3,3,2054,1724,0.864,0.048,0.087,8,3,-51.4,53.3,176,179
1917-09-23,ALO,Velox,6,4,1606,1427,0.727,0.088,0.185,5,2,-3.4,2.9,187,180
1917-09-23,BEP,ODIS²,6,1,1374,1516,0.301,0.101,0.598,4,5,123.1,-59.2,245,166
1917-09-23,DOSO,Velocitas,5,6,1584,1616,0.451,0.106,0.443,6,5,-22.7,13.5,237,177
1917-09-23,HSV,Fluks,3,3,1772,1902,0.314,0.106,0.580,3,5,14.5,-18.6,173,195
1917-09-23,Haarlem,DED,4,10,1480,1824,0.115,0.061,0.823,3,7,-21.0,18.2,197,180
1917-09-23,Olympia,Amersfoort,1,0,1522,1394,0.686,0.064,0.250,13,10,-15.8,20.7,187,210
1917-09-23,Quick (Arn),Onder Ons,0,5,1471,1875,0.085,0.047,0.868,3,8,-7.2,6.6,210,181
1917-09-30,Excelsior,Amersfoort,21,0,1535,1413,0.671,0.079,0.250,8,6,39.6,-48.1,171,192
1917-09-30,Fluks,Velox,10,0,1882,1429,0.924,0.033,0.042,6,1,11.6,-10.7,178,170
1917-09-30,Friso (L),Frisia,3,5,1797,1791,0.527,0.061,0.412,17,16,-22.7,23.2,178,181
1917-09-30,HKC (He),TOP (H),4,5,1515,1602,0.373,0.104,0.523,4,5,-9.6,8.0,253,218
1917-09-30,Jong Holland,WKC (Wo),0,1,1395,1378,0.521,0.104,0.375,5,4,-22.2,20.7,175,169
1917-09-30,OSCA,DOS,1,6,1620,1579,0.549,0.113,0.338,4,3,-63.7,76.2,170,187
1917-09-30,Olympia,AW,3,4,1505,1467,0.559,0.086,0.355,8,7,-21.3,34.5,175,224
1917-09-30,Rozenburg,Spartaan,1,2,1691,1221,0.932,0.030,0.039,7,1,-80.4,142.1,191,245
1917-09-30,Vitesse (Haag),Vitesse (Leiden),0,8,1563,1996,0.072,0.044,0.884,2,7,-14.1,14.2,172,173
1917-09-30,Wilhelmina,DOS,3,2,1441,1655,0.219,0.091,0.691,3,5,68.1,-36.3,231,170
1917-10-07,AKC (Al),Naas,8,0,1496,1399,0.629,0.099,0.272,5,3,67.7,-73.7,234,247
1917-10-07,Delden,UD (Al),5,2,1632,1292,0.869,0.049,0.082,7,2,-7.7,18.0,175,232
1917-10-07,HKC (He),DOS (E),4,4,1505,1589,0.377,0.105,0.518,4,5,10.1,-11.6,219,234
1917-10-07,Wilhelmina,TOP (H),4,3,1509,1610,0.355,0.102,0.543,4,5,30.7,-28.4,206,198
1917-10-14,DEV,DTV,3,5,1836,1931,0.366,0.098,0.536,5,6,-16.9,16.4,187,183
1917-10-14,EKCA,Quick (Arn),3,2,1594,1457,0.677,0.097,0.226,4,2,-13.8,13.1,208,203
1917-10-14,Friso (H),Stanfries,2,1,1425,1480,0.418,0.106,0.476,4,5,16.9,-16.9,175,175
1917-10-14,Sparta (A),VOS,7,2,1697,1567,0.674,0.090,0.237,6,4,28.2,-28.2,175,175
1917-10-21,ALO,OKK,4,2,1595,1703,0.344,0.106,0.549,4,5,39.3,-53.6,181,214
1917-10-21,BEP,Jong Holland,5,3,1490,1365,0.666,0.094,0.240,5,3,3.5,-3.5,217,167
1917-10-21,DOS (E),AKC (Al),14,0,1571,1558,0.515,0.104,0.381,6,5,74.0,-76.4,209,213
1917-10-21,DTV,DED,2,3,1945,1836,0.649,0.090,0.262,6,4,-33.8,37.8,169,179
1917-10-21,Dordt,Merwestad,7,2,1575,1466,0.643,0.101,0.256,4,3,41.3,-38.8,199,192
1917-10-21,Frisia,Friso (L),8,5,1808,1767,0.576,0.060,0.364,17,15,11.0,-10.9,171,170
1917-10-21,Haarlem,OSCA,6,3,1451,1548,0.354,0.115,0.531,3,4,60.3,-44.5,193,164
1917-10-21,Naas,Wilhelmina,3,9,1318,1533,0.218,0.091,0.691,3,5,-47.0,36.3,220,189
1917-10-21,Ready (A),VOS,4,3,1585,1536,0.567,0.102,0.331,5,4,-0.0,-0.1,175,165
1917-10-21,TOGO (H),Rood Wit (H),1,22,1220,1462,0.194,0.081,0.725,3,6,-34.9,34.9,175,175
1917-10-21,Velox,Vitesse (Leiden),5,2,1411,2004,0.029,0.023,0.949,1,8,105.5,-107.0,172,173
1917-10-21,Vitesse (Haag),HSV,1,3,1542,1779,0.195,0.089,0.716,2,5,2.4,-2.2,173,170
1917-10-21,ZKC (Zu),HS,11,1,1423,1164,0.810,0.065,0.126,6,3,33.5,-77.6,200,349
1917-10-28,ALO,Fluks,0,1,1638,1892,0.180,0.085,0.735,2,5,17.2,-20.3,169,182
1917-10-28,Advendo,DOSO,7,2,1591,1558,0.544,0.103,0.353,5,4,51.9,-57.2,201,213
1917-10-28,BKC (DB),Quick (Arn),3,3,1500,1471,0.535,0.108,0.357,5,4,-15.4,10.2,231,189
1917-10-28,DOS,Haarlem,4,4,1615,1516,0.631,0.102,0.267,5,3,-20.0,21.8,169,176
1917-10-28,DVD²,DED,5,3,1864,1877,0.478,0.106,0.416,6,5,22.2,-21.1,172,167
1917-10-28,Frisia,UDI,11,1,1823,891,0.995,0.002,0.003,18,4,-3.0,4.6,160,188
1917-10-28,HS,Be Quick,3,1,1089,1387,0.145,0.075,0.779,2,5,147.6,-84.6,291,223
1917-10-28,MKC (Me),Friso (H),2,3,1358,1443,0.376,0.105,0.519,4,5,-5.5,5.0,175,165
1917-10-28,OSCR,Velox,3,4,1496,1520,0.460,0.112,0.428,5,4,-18.9,15.2,192,171
1917-10-28,Olympia,Excelsior,5,6,1480,1576,0.368,0.091,0.541,6,7,-1.9,1.9,171,169
1917-10-28,Wilhelmina,HKC (He),5,7,1574,1512,0.583,0.103,0.314,5,4,-41.8,53.8,177,202
1917-11-04,Animo,DDV,5,1,1590,1569,0.528,0.102,0.369,6,5,66.9,-34.6,257,175
1917-11-04,BEP,WKC (Wo),6,1,1498,1395,0.638,0.098,0.264,5,3,40.3,-30.3,197,167
1917-11-04,DED,DOS,10,1,1856,1595,0.811,0.065,0.124,6,3,19.8,-20.4,156,159
1917-11-04,DVD²,Haarlem,16,4,1887,1538,0.874,0.049,0.077,6,2,15.0,-15.7,160,164
1917-11-04,DVS,HW,2,1,1475,1426,0.567,0.100,0.334,6,5,0.1,-1.2,244,175
1917-11-04,HSV,ALO,7,0,1780,1654,0.665,0.098,0.238,5,3,33.8,-33.0,163,161
1917-11-04,Naas,TOP (H),1,7,1274,1578,0.142,0.070,0.788,3,6,-27.1,24.1,201,187
1917-11-04,OSCA,DEV,1,9,1507,1821,0.136,0.068,0.796,3,6,-20.7,25.2,157,176
1917-11-04,Onder Ons,Quick (Arn),1,1,1878,1481,0.902,0.038,0.060,8,2,-63.7,56.5,186,176
1917-11-04,RSGV,Merwestad,1,2,1404,1431,0.454,0.115,0.431,5,4,-24.1,15.9,227,180
1917-11-04,Stanfries,MKC (Me),3,1,1464,1352,0.651,0.094,0.256,6,4,3.3,-3.2,167,162
1917-11-04,Velox,Fluks,0,1,1535,1871,0.120,0.066,0.815,2,6,24.8,-28.9,160,171
1917-11-04,Vitesse (Leiden),OSCR,6,2,1901,1477,0.913,0.036,0.051,7,2,-6.5,6.6,174,175
1917-11-11,DEV,DED,7,5,1845,1875,0.457,0.099,0.444,7,6,22.7,-18.8,168,152
1917-11-11,Excelsior,AW,1,2,1577,1497,0.606,0.104,0.291,5,3,-26.7,44.4,160,207
1917-11-11,HKC (He),AKC (Al),6,5,1565,1482,0.611,0.100,0.288,5,4,-4.4,5.2,185,195
1917-11-11,HSV,OSCR,13,0,1812,1481,0.863,0.053,0.085,6,2,15.4,-18.4,155,172
1917-11-11,Hercules,Avanti,10,1,1406,1437,0.449,0.113,0.438,5,4,96.8,-121.2,240,274
1917-11-11,Jong Holland,ODIS²,4,0,1363,1450,0.373,0.106,0.521,4,5,49.7,-54.6,164,172
1917-11-11,OKK,Fluks,2,2,1651,1839,0.246,0.095,0.659,3,5,29.9,-20.9,195,165
1917-11-11,TOP (H),DOS (E),3,3,1601,1649,0.430,0.102,0.467,4,5,2.1,-2.5,178,193
1917-11-11,VOS,Sparta (A),3,12,1537,1725,0.248,0.092,0.660,4,6,-34.8,39.4,160,171
1917-11-11,Velox,Vitesse (Haag),5,4,1557,1545,0.509,0.115,0.376,4,3,5.9,-6.7,155,168
1917-11-11,Vitesse (Be),MKC (Me),5,3,1482,1346,0.681,0.090,0.229,6,3,-0.4,-4.0,350,154
1917-11-18,AKC (Al),Wilhelmina,3,8,1487,1530,0.434,0.108,0.458,4,5,-54.4,49.3,179,170
1917-11-18,Amersfoort,AW,1,3,1359,1541,0.262,0.079,0.659,6,9,-0.1,0.2,189,187
1917-11-18,Avanti,DDV,5,7,1315,1531,0.217,0.089,0.693,3,5,1.3,1.3,234,168
1917-11-18,DED,OSCA,16,1,1856,1484,0.888,0.044,0.067,7,2,11.1,-12.6,144,155
1917-11-18,DEV,DOS,11,3,1868,1572,0.840,0.056,0.104,7,3,15.9,-15.9,157,156
1917-11-18,DOS (E),Naas,9,2,1646,1244,0.904,0.039,0.058,7,2,10.8,-12.1,176,191
1917-11-18,DTV,DVD²,8,1,1912,1902,0.512,0.104,0.385,6,5,49.6,-45.6,167,159
1917-11-18,OKK,OSCR,1,3,1680,1462,0.771,0.075,0.154,6,3,-70.6,61.0,179,167
1917-11-18,Vitesse (Haag),Fluks,1,1,1538,1818,0.158,0.082,0.760,2,5,31.8,-31.8,157,157
1917-11-18,Vitesse (Leiden),ALO,7,2,1892,1618,0.821,0.065,0.115,6,2,12.7,-10.8,173,156
1917-12-02,AKC (Al),TOP (H),1,5,1433,1603,0.269,0.094,0.637,4,6,-23.6,24.0,168,170
1917-12-02,Haarlem,DOS,7,2,1520,1556,0.442,0.113,0.445,3,4,51.8,-44.9,168,155
1917-12-02,Victoria (V),Dordt,2,1,1472,1619,0.293,0.105,0.603,3,4,46.8,-35.6,222,193
1917-12-09,Steeds Voorwaarts,Zeelandia,2,1,1344,1294,0.568,0.101,0.331,5,4,-0.0,0.0,175,175
1917-12-16,AW,Hercules,3,3,1545,1508,0.547,0.107,0.346,5,4,-10.8,16.7,180,222
1917-12-16,HS,Mercedes,1,1,1239,1274,0.444,0.112,0.444,5,4,-0.0,0.0,263,175
1917-12-16,HSV,Vitesse (Leiden),2,1,1834,1910,0.389,0.105,0.506,4,5,17.8,-20.4,162,173
1917-12-16,OSCR,ALO,5,2,1527,1611,0.373,0.114,0.513,3,4,45.3,-41.2,167,159
1917-12-16,Rozenburg,Excelsior,0,5,1609,1553,0.571,0.109,0.320,4,3,-92.9,59.1,206,162
1917-12-23,HBS (G),Steeds Voorwaarts,8,7,1401,1351,0.567,0.102,0.330,5,4,-0.0,-0.1,175,165
1918-01-06,ALO,HSV,0,5,1573,1855,0.158,0.078,0.764,2,5,-15.6,16.0,155,157
1918-01-06,Avanti,Animo,3,8,1325,1664,0.119,0.063,0.818,3,6,-20.8,22.4,219,232
1918-01-06,Hercules,DDV,6,5,1529,1542,0.478,0.107,0.415,6,5,12.7,-9.9,201,174
1918-01-06,OSCA,DED,1,12,1479,1879,0.086,0.050,0.864,2,7,-17.3,15.8,167,158
1918-01-13,ALO,Vitesse (Leiden),3,2,1557,1893,0.119,0.066,0.814,2,6,45.6,-58.0,150,168
1918-01-13,DED,Haarlem,11,2,1896,1581,0.856,0.049,0.095,8,3,15.0,-17.2,155,168
1918-01-13,DOS,OSCA,3,5,1519,1461,0.572,0.114,0.314,4,2,-38.5,40.2,159,163
1918-01-13,DVD²,DTV,5,7,1864,1971,0.348,0.101,0.551,5,6,-13.2,13.9,167,172
1918-01-13,Fluks,HSV,3,0,1793,1871,0.384,0.111,0.506,3,4,43.8,-36.2,168,152
1918-01-13,Vitesse (Haag),Velox,3,2,1578,1572,0.501,0.114,0.386,4,3,7.6,-7.5,168,167
1918-01-20,DED,DEV,7,5,1913,1894,0.530,0.091,0.379,8,7,11.4,-14.0,152,171
1918-01-20,DTV,DOS,18,6,1985,1480,0.943,0.025,0.032,7,1,7.3,-6.6,160,151
1918-01-20,Mercedes,HS,2,4,1277,1242,0.543,0.109,0.347,4,3,-36.1,59.7,174,228
1918-01-20,Merwestad,Victoria (V),6,3,1453,1526,0.391,0.108,0.501,4,5,48.9,-58.7,190,210
1918-01-20,PSV,Helmond,4,2,1417,1227,0.744,0.077,0.179,6,3,-7.3,8.0,230,236
1918-01-20,Rozenburg,Amicitia,4,4,1519,1508,0.511,0.110,0.380,5,4,-6.4,16.4,194,303
1918-01-20,Velox,ALO,3,2,1564,1602,0.437,0.115,0.447,3,4,12.9,-11.5,156,146
1918-01-20,Vitesse (Haag),OSCR,8,2,1585,1576,0.504,0.114,0.382,4,3,43.8,-48.3,157,166
1918-01-20,Vitesse (Leiden),OKK,13,0,1834,1617,0.771,0.074,0.155,6,3,26.0,-33.5,162,187
1918-01-27,Advendo,Velocitas,1,1,1651,1633,0.520,0.108,0.372,5,4,-10.6,10.0,207,202
1918-01-27,Avanti,Hercules,4,6,1303,1542,0.196,0.086,0.718,3,5,3.8,-2.1,208,185
1918-01-27,DVD²,DEV,3,8,1851,1880,0.459,0.099,0.442,7,6,-44.7,44.9,159,159
1918-01-27,Fluks,ALO,13,1,1837,1590,0.795,0.074,0.130,5,1,22.2,-17.6,159,140
1918-01-27,HKC (He),Wilhelmina,2,2,1569,1589,0.468,0.107,0.425,6,5,-2.8,2.4,193,179
1918-01-27,HSV,Velox,8,2,1833,1576,0.808,0.066,0.126,6,2,13.5,-13.5,147,147
1918-01-27,OKK,Vitesse (Haag),3,3,1582,1629,0.426,0.113,0.461,3,4,2.1,-1.5,176,148
1918-01-27,OSCA,Haarlem,12,0,1501,1563,0.404,0.116,0.481,3,4,57.1,-64.0,156,165
1918-01-27,OSCR,Vitesse (Leiden),0,4,1527,1862,0.121,0.064,0.814,3,6,-4.5,4.5,155,156
1918-01-27,VOS,Ready (A),5,4,1510,1596,0.376,0.105,0.519,4,5,21.4,-25.2,175,191
1918-02-03,Amicitia,Rozenburg,3,1,1525,1513,0.511,0.110,0.379,5,4,34.1,-20.9,247,184
1918-02-03,Animo,Avanti,8,5,1687,1308,0.893,0.042,0.065,7,2,-19.9,13.5,220,192
1918-02-03,DOS (E),TOP (H),1,7,1667,1636,0.543,0.099,0.357,6,5,-79.1,67.7,193,178
1918-02-03,Haarlem,DTV,4,7,1498,1996,0.051,0.032,0.917,3,9,16.4,-18.3,155,162
1918-02-03,Mercedes,ZKC (Zu),1,3,1241,1469,0.207,0.085,0.708,3,6,1.0,-4.4,167,218
1918-02-03,Quick (Arn),EKCA,0,4,1544,1588,0.429,0.117,0.455,2,3,-55.7,67.0,197,218
1918-02-03,UDI,Friso (L),1,18,902,1768,0.006,0.005,0.989,2,13,-3.6,3.2,214,190
1918-02-03,Vitesse (Haag),ALO,5,1,1628,1571,0.571,0.113,0.317,4,3,24.9,-23.5,142,137
1918-02-03,WKC (Wo),ODIS²,0,0,1371,1404,0.449,0.108,0.443,5,4,-0.4,0.4,185,185
1918-02-10,Animo,Hercules,0,1,1668,1540,0.671,0.090,0.239,6,4,-53.3,37.6,210,177
1918-02-10,Steeds Voorwaarts,HBS (G),2,1,1353,1403,0.425,0.106,0.469,4,5,15.2,-16.4,170,176
1918-02-10,Velocitas,DOSO,1,1,1642,1508,0.680,0.089,0.230,6,4,-26.8,37.6,186,218
1918-02-10,Vitesse (Haag),OKK,3,1,1653,1584,0.590,0.106,0.304,4,3,7.3,-10.0,136,165
1918-02-17,ALO,OSCR,2,1,1547,1522,0.527,0.115,0.358,4,3,3.4,-4.2,135,156
1918-02-17,Amersfoort,Excelsior,2,1,1367,1617,0.191,0.070,0.739,5,8,57.6,-42.5,200,173
1918-02-17,DOS,DEV,4,13,1474,1926,0.065,0.039,0.896,3,8,-11.3,10.9,158,155
1918-02-17,Fluks,Vitesse (Haag),5,0,1861,1660,0.752,0.083,0.165,5,2,17.7,-12.9,158,132
1918-02-17,HW,DVS,11,4,1431,1481,0.426,0.105,0.469,4,5,70.8,-98.7,195,235
1918-02-17,Haarlem,DVD²,1,6,1515,1806,0.151,0.073,0.776,3,6,-14.0,13.8,156,155
1918-02-17,OKK,Vitesse (Leiden),0,5,1573,1866,0.150,0.073,0.777,3,6,-13.7,14.0,154,156
1918-02-17,OSCA,DTV,0,10,1560,1978,0.078,0.046,0.876,3,7,-13.3,14.8,152,163
1918-02-17,Rood Wit (H),TOGO (H),4,1,1513,1195,0.856,0.051,0.093,8,3,-11.2,11.2,199,199
1918-02-17,TOP (H),Wilhelmina,4,2,1704,1592,0.653,0.092,0.255,6,4,2.8,-2.9,168,171
1918-02-17,WKC (Wo),BEP,3,2,1370,1546,0.260,0.098,0.642,3,5,34.0,-49.5,173,208
1918-02-24,AKC (Al),HKC (He),2,4,1418,1567,0.292,0.102,0.606,3,5,-10.1,10.0,183,182
1918-02-24,AW,Olympia,5,0,1539,1486,0.578,0.088,0.334,8,6,38.8,-41.2,188,194
1918-02-24,Be Quick,HS,7,2,1309,1303,0.501,0.114,0.385,4,3,76.5,-61.5,236,208
1918-02-24,DED,DTV,4,4,1925,1994,0.406,0.091,0.504,7,8,4.7,-4.9,155,159
1918-02-24,Fluks,Vitesse (Leiden),1,0,1879,1881,0.493,0.110,0.397,5,4,6.9,-6.9,152,151
1918-02-24,HSV,Vitesse (Haag),6,2,1849,1646,0.755,0.080,0.165,5,2,10.2,-7.9,151,130
1918-02-24,Jong Holland,BEP,3,4,1423,1496,0.390,0.110,0.500,3,4,-8.8,9.1,185,189
1918-02-24,OKK,ALO,5,1,1559,1550,0.504,0.115,0.381,4,3,33.1,-25.8,150,131
1918-02-24,Onder Ons,EKCA,9,1,1821,1656,0.716,0.083,0.200,6,3,45.8,-41.8,210,199
1918-02-24,Spartaan,Amicitia,0,1,1367,1559,0.242,0.097,0.661,3,5,16.2,-9.2,265,216
1918-03-03,Amersfoort,Olympia,1,2,1424,1444,0.482,0.081,0.438,11,10,-14.3,13.0,187,178
1918-03-03,DDV,Avanti,8,4,1532,1322,0.765,0.075,0.161,6,3,12.4,-13.7,178,192
1918-03-03,DEV,OSCA,7,1,1939,1546,0.901,0.038,0.061,8,2,4.7,-4.6,155,153
1918-03-03,DOS (E),Wilhelmina,3,4,1587,1588,0.496,0.104,0.400,6,5,-20.7,16.7,183,163
1918-03-03,DOSO,DVD²,2,2,1544,1820,0.165,0.074,0.761,3,7,48.8,-26.9,201,152
1918-03-03,DTV,Haarlem,6,2,1989,1500,0.940,0.025,0.036,9,2,-10.5,11.1,150,153
1918-03-03,Fluks,OSCR,13,0,1885,1517,0.884,0.047,0.068,6,1,11.2,-11.9,144,149
1918-03-03,Frisia,Friso (L),3,5,1829,1774,0.592,0.068,0.340,13,11,-39.0,38.3,198,196
1918-03-03,Naas,HKC (He),1,17,1241,1576,0.120,0.066,0.814,2,6,-34.9,23.9,212,169
1918-03-03,Velox,OKK,3,5,1562,1592,0.452,0.112,0.435,5,4,-23.7,20.3,154,142
1918-03-03,Victoria (V),Merwestad,3,3,1468,1502,0.446,0.110,0.444,5,4,-0.1,0.1,198,186
1918-03-03,ZKC (Zu),Be Quick,3,6,1464,1386,0.606,0.100,0.294,5,4,-69.5,72.1,203,207
1918-03-10,AW,Amersfoort,3,1,1576,1408,0.725,0.073,0.202,8,5,-7.4,7.0,175,172
1918-03-10,DVD²,OSCA,8,1,1791,1540,0.801,0.071,0.128,5,2,17.0,-17.7,148,151
1918-03-10,HSV,OKK,9,2,1858,1611,0.799,0.068,0.133,6,3,16.8,-14.3,149,136
1918-03-10,Haarlem,DEV,4,16,1509,1943,0.072,0.042,0.886,3,8,-12.7,12.8,153,154
1918-03-10,Mercedes,Be Quick,3,4,1241,1458,0.215,0.094,0.691,2,5,11.9,-15.5,169,189
1918-03-10,ODIS²,BEP,0,4,1402,1504,0.352,0.109,0.539,3,4,-38.7,37.4,179,175
1918-03-10,Spartaan,Rozenburg,0,7,1381,1491,0.340,0.112,0.548,3,4,-78.5,51.0,232,181
1918-03-10,Vitesse (Leiden),Vitesse (Haag),9,0,1871,1636,0.786,0.074,0.140,5,2,19.4,-15.9,146,131
1918-03-17,DDV,Animo,10,4,1545,1613,0.401,0.104,0.495,4,5,59.2,-77.2,172,198
1918-03-17,DEV,DVD²,4,3,1958,1809,0.702,0.078,0.220,8,5,-13.7,12.3,152,144
1918-03-17,DOS (E),HKC (He),2,6,1565,1603,0.445,0.104,0.452,4,5,-43.3,41.3,170,166
1918-03-17,DOSO,DED,1,4,1592,1929,0.123,0.057,0.820,4,8,9.4,-4.9,188,152
1918-03-17,ODIS²,Jong Holland,3,1,1363,1413,0.424,0.110,0.466,3,4,27.0,-30.0,166,175
1918-03-17,OKK,HSV,0,4,1596,1876,0.161,0.076,0.763,3,6,-7.0,7.9,134,145
1918-03-17,UDI,Frisia,0,23,898,1789,0.005,0.006,0.989,-1,8,-3.4,2.7,222,183
1918-03-17,Velox,OSCR,2,3,1538,1504,0.541,0.112,0.347,4,3,-20.2,20.8,148,150
1918-03-17,Vitesse (Leiden),Fluks,1,8,1892,1897,0.488,0.108,0.404,5,4,-47.6,49.6,142,146
1918-03-17,Wilhelmina,AKC (Al),8,0,1604,1406,0.751,0.079,0.170,6,3,24.6,-29.8,156,174
1918-03-17,ZKC (Zu),Mercedes,7,3,1394,1253,0.687,0.090,0.223,5,3,23.1,-17.8,188,160
1918-03-24,DTV,DEV,7,5,1970,1937,0.552,0.089,0.359,8,7,9.7,-8.7,155,145
1918-03-24,Fluks,OKK,10,1,1940,1581,0.881,0.047,0.073,7,2,10.1,-9.2,139,132
1918-03-24,OSCR,HSV,1,2,1517,1876,0.106,0.061,0.833,2,6,23.5,-22.8,143,141
1918-03-24,Sparta (A),Ready (A),4,2,1768,1563,0.759,0.075,0.166,6,3,-10.5,9.0,199,189
1918-03-24,TOP (H),HKC (He),2,5,1699,1637,0.586,0.098,0.316,6,4,-50.2,43.4,168,155
1918-03-24,WKC (Wo),Jong Holland,0,9,1395,1374,0.525,0.108,0.367,5,4,-71.9,64.6,172,162
1918-03-31,DOSO,DTV,1,5,1591,1978,0.094,0.050,0.857,3,8,2.9,-0.9,181,146
1918-04-07,Fluks,DTV,1,1,1949,1976,0.460,0.101,0.440,7,6,-0.8,0.9,141,144
1918-04-07,Hercules,Animo,11,4,1567,1526,0.555,0.104,0.341,5,4,51.9,-52.9,182,184
1918-04-07,OSCR,OKK,9,1,1537,1569,0.448,0.115,0.437,5,4,46.1,-40.8,143,134
1918-04-14,Be Quick,Mercedes,6,2,1433,1225,0.759,0.081,0.160,5,2,15.0,-12.3,184,160
1918-04-14,DDV,Hercules,6,3,1596,1621,0.462,0.105,0.432,6,5,33.1,-33.3,168,169
1918-04-14,DTV,Fluks,2,0,1976,1946,0.541,0.099,0.359,6,5,9.9,-9.5,138,135
1918-04-14,DVD²,DOSO,6,4,1812,1593,0.773,0.073,0.154,6,3,-7.6,12.0,147,176
1918-04-14,Helmond,PSV,0,13,1225,1400,0.264,0.094,0.642,4,6,-68.5,66.6,233,229
1918-04-14,OKK,Velox,3,1,1527,1508,0.521,0.112,0.368,4,3,11.5,-14.8,130,149
1918-04-21,Onder Ons,DTV,1,6,1853,1980,0.324,0.093,0.583,5,7,-47.8,21.7,206,132
1918-04-28,Ready (A),Sparta (A),4,5,1566,1751,0.252,0.092,0.656,4,6,10.2,-11.3,187,194
1918-04-28,Zeelandia,Steeds Voorwaarts,0,1,1289,1354,0.404,0.106,0.490,4,5,-11.1,9.2,203,181
1918-05-05,Friso (L),Frisia,3,5,1798,1783,0.542,0.059,0.398,18,16,-27.6,27.6,196,196
1918-05-05,Steeds Voorwaarts,HHD,7,2,1363,1404,0.437,0.109,0.454,3,4,50.9,-54.8,168,175
1918-05-12,Be Quick,Amersfoort,1,0,1446,1403,0.564,0.092,0.344,7,6,-0.2,0.2,180,181
1918-05-12,Be Quick,Mercedes,2,1,1445,1210,0.785,0.076,0.139,5,2,-22.8,21.9,164,162
1918-05-12,DOSO,EKCA,4,1,1602,1600,0.497,0.111,0.392,5,4,31.9,-42.3,174,204
1918-05-12,Mercedes,Amersfoort,1,4,1231,1402,0.272,0.086,0.641,5,7,-10.7,12.0,154,165
1918-05-12,Onder Ons,DOSO,0,5,1743,1654,0.621,0.096,0.283,6,4,-69.8,56.4,167,150
1918-05-12,Onder Ons,EKCA,2,2,1782,1579,0.757,0.077,0.166,6,3,-38.7,32.6,179,166
1918-05-12,Onder Ons,Quick (Arn),3,1,1805,1475,0.863,0.051,0.085,7,2,-22.5,28.1,188,206
1918-05-12,Quick (Arn),DOSO,2,5,1502,1633,0.312,0.108,0.580,3,4,-28.9,20.9,194,161
1918-05-12,Quick (Arn),EKCA,1,3,1472,1557,0.371,0.118,0.510,2,3,-21.4,22.9,175,182
1918-05-12,ZKC (Zu),AW,0,2,1406,1557,0.290,0.100,0.610,4,5,-10.0,9.6,189,183
1918-05-12,Zeelandia,Steeds Voorwaarts,3,5,1278,1415,0.307,0.102,0.591,4,5,-11.5,8.9,185,157
1918-05-19,Amicitia,Rood Wit (H),3,2,1536,1489,0.563,0.103,0.334,5,4,1.9,-1.9,219,213
1918-05-19,Fluks,OSCR,4,1,1938,1603,0.865,0.052,0.083,6,2,-6.9,6.5,137,134
1918-05-19,HSV,Vitesse (Haag),3,1,1848,1607,0.790,0.074,0.136,5,2,-10.0,9.4,157,153
1918-05-19,Jong Holland,BKC (DB),3,0,1436,1480,0.433,0.108,0.459,4,5,35.5,-55.4,170,217
1918-05-19,OKK,Fluks,1,6,1536,1933,0.086,0.053,0.861,2,6,-4.8,5.0,138,141
1918-05-19,OSCR,ALO,1,1,1582,1511,0.590,0.112,0.298,4,2,-13.5,14.7,150,156
1918-05-19,OSCR,HSV,3,2,1568,1837,0.167,0.082,0.751,2,5,36.1,-41.0,140,149
1918-05-19,RODA (W),BKC (DB),2,4,1276,1480,0.232,0.088,0.679,4,6,-2.5,0.4,175,250
1918-05-19,Six Semper,HHD,2,3,1230,1350,0.328,0.105,0.566,4,5,-0.3,0.4,175,165
1918-05-26,DTV,Onder Ons,10,2,2010,1678,0.866,0.048,0.086,8,3,10.8,-13.3,141,159
1918-05-26,HHD,Zeelandia,6,4,1356,1273,0.612,0.101,0.287,5,3,7.0,-8.1,155,173
1918-06-02,Steeds Voorwaarts,Six Semper,2,1,1431,1235,0.749,0.078,0.173,6,3,-17.3,20.0,155,165
1918-06-16,BEP,KZ,2,1,1536,1474,0.586,0.097,0.317,6,5,0.5,4.2,191,303
1918-06-16,DED,DOSO,1,0,1917,1717,0.758,0.070,0.172,8,4,-24.3,18.0,176,154
1918-06-16,HHD,Steeds Voorwaarts,2,5,1363,1413,0.425,0.108,0.467,4,5,-28.8,28.4,153,152
1918-06-16,RODA (W),Olympia,1,5,1279,1450,0.274,0.081,0.645,6,8,-20.2,24.4,173,195
1918-06-23,Advendo,Animo,4,1,1634,1477,0.706,0.086,0.208,6,3,14.3,-11.9,224,191
1918-06-23,DED,Velocitas,3,0,1892,1609,0.831,0.057,0.112,7,3,-4.7,10.1,167,210
1918-06-23,Excelsior,Haarlem,1,0,1568,1491,0.600,0.106,0.293,4,3,-3.4,2.5,200,183
1918-06-23,Ready (A),Olympia,0,3,1583,1475,0.654,0.081,0.265,8,6,-63.9,57.6,188,179
1918-06-23,Steeds Voorwaarts,Zeelandia,10,4,1441,1265,0.729,0.082,0.189,6,3,19.4,-25.5,144,168
1918-06-30,HHD,Six Semper,8,1,1334,1255,0.607,0.101,0.292,5,4,32.5,-39.8,147,165
1918-07-07,Advendo,DDV,1,1,1611,1633,0.464,0.107,0.429,6,5,-2.3,2.1,191,182
1918-07-07,Avanti,Advendo,1,2,1302,1648,0.114,0.062,0.824,2,6,39.5,-36.1,213,205
1918-07-07,Excelsior,DED,0,8,1563,1886,0.130,0.065,0.805,3,6,-26.2,21.5,184,164
1918-07-07,HHD,Zeelandia,3,5,1368,1239,0.672,0.091,0.237,6,4,-37.2,48.8,141,162
1918-07-07,VTV,Sparta (V),6,3,1244,1156,0.621,0.095,0.284,6,4,17.8,-17.8,175,175
1918-07-14,Six Semper,Steeds Voorwaarts,3,4,1221,1470,0.188,0.082,0.730,3,6,16.8,-14.0,157,145
1918-07-28,Six Semper,VTV,7,2,1210,1270,0.410,0.108,0.482,4,5,40.7,-55.5,143,168
1918-07-28,Six Semper,Zeelandia,1,4,1238,1296,0.414,0.108,0.478,4,5,-27.7,29.3,153,158
1918-08-18,THOR (S),TKC (T),1,7,1200,1794,0.029,0.022,0.949,2,8,-0.0,0.0,175,175
1918-08-25,Luctor et Emergo,VTV,7,0,1857,1214,0.973,0.013,0.014,9,1,-0.1,-0.1,175,164
1918-09-01,HBS (G),HHD,4,3,1384,1333,0.567,0.103,0.329,5,4,-0.1,-0.8,219,155
1918-09-01,Six Semper,AKC (Aa),0,4,1247,1605,0.107,0.061,0.833,2,6,-3.4,3.6,148,175
1918-09-08,ZKC (Zu),Quick (Arn),8,2,1400,1456,0.415,0.112,0.473,3,4,79.6,-72.9,206,197
1918-09-15,HSL,Voorwaarts (M),2,4,1312,1267,0.562,0.101,0.337,5,4,-39.2,39.2,175,175
1918-09-15,Juliana (G),Luctor et Emergo,1,7,1233,1848,0.025,0.021,0.954,1,7,-0.7,0.6,175,179
1918-09-22,ALO,EDN,0,3,1538,1543,0.483,0.118,0.399,4,3,-50.4,46.0,186,177
1918-09-22,DVD²,DOSO,7,6,1814,1740,0.600,0.100,0.300,5,4,-4.0,3.1,193,179
1918-09-22,EKCA,Quick (Arn),3,6,1624,1390,0.783,0.078,0.139,4,1,-102.0,86.5,197,182
1918-09-22,HOC²,BEP,0,6,1324,1542,0.214,0.091,0.695,3,5,-83.6,41.2,325,206
1918-09-22,HS,HSL,0,0,1241,1281,0.439,0.110,0.451,3,4,1.2,-0.5,241,163
1918-09-22,HSV,OSCR,2,3,1808,1621,0.737,0.084,0.179,5,2,-53.5,48.5,184,175
1918-09-22,Haarlem,DTV,1,7,1499,2028,0.042,0.029,0.929,2,8,-3.5,3.5,195,177
1918-09-22,Sparta (V),Luctor et Emergo,6,1,1145,1857,0.014,0.013,0.973,1,8,148.0,-135.3,185,178
1918-09-22,Spartaan,Rozenburg,0,2,1303,1544,0.192,0.089,0.719,2,5,1.3,0.4,249,222
1918-09-22,Velox,Fluks,1,11,1502,1943,0.068,0.045,0.887,2,6,-19.0,16.8,191,177
1918-09-22,Venetas,Mercedes,5,13,1439,1233,0.756,0.082,0.161,5,2,-101.2,116.4,175,188
1918-09-22,Vitesse (Leiden),Vitesse (Haag),6,1,1844,1629,0.767,0.078,0.155,5,2,24.3,-22.7,196,187
1918-09-29,ALO,Fluks,1,12,1487,1962,0.056,0.040,0.904,1,6,-13.5,13.7,171,173
1918-09-29,AW,Hercules,4,1,1580,1599,0.467,0.112,0.420,5,4,47.1,-46.0,208,206
1918-09-29,DOSO,DEV,2,7,1745,1937,0.248,0.083,0.669,5,7,-24.4,32.4,167,197
1918-09-29,EDN,OSCR,1,6,1590,1670,0.378,0.114,0.508,3,4,-43.4,44.1,165,166
1918-09-29,EKCA,ZKC (Zu),5,0,1523,1490,0.543,0.106,0.351,5,4,46.7,-49.1,185,190
1918-09-29,Excelsior,Amersfoort,16,1,1544,1428,0.660,0.086,0.254,7,5,51.3,-50.8,198,197
1918-09-29,Frisia,Vriendschap,5,2,1826,1575,0.819,0.038,0.143,20,13,-26.3,15.4,218,175
1918-09-29,LUTO,Blauw Wit,7,4,1670,1619,0.570,0.101,0.329,5,4,23.6,-23.6,175,175
1918-09-29,Merwestad,Rozenburg,5,3,1504,1545,0.436,0.112,0.452,3,4,42.1,-34.9,227,204
1918-09-29,Olympia,Rap,16,2,1540,1236,0.853,0.043,0.104,12,6,25.8,-21.6,195,175
1918-09-29,Vitesse (Haag),Velox,1,4,1606,1484,0.659,0.101,0.239,4,2,-66.6,72.7,177,185
1918-10-06,Be Quick,EKCA,0,10,1435,1568,0.307,0.112,0.581,2,4,-61.7,46.6,201,171
1918-10-06,DED,Haarlem,5,0,1915,1495,0.913,0.035,0.052,8,2,0.3,0.0,185,193
1918-10-06,DVD²,DEV,4,4,1811,1969,0.287,0.088,0.624,5,7,20.1,-20.6,179,181
1918-10-06,HSV,ALO,4,1,1753,1472,0.825,0.066,0.109,5,1,-2.5,2.1,175,168
1918-10-06,Hercules,Excelsior,1,3,1550,1597,0.427,0.115,0.458,3,4,-29.2,28.0,186,182
1918-10-06,TOG (L),Venetas,1,2,1262,1338,0.385,0.112,0.503,3,4,-18.2,7.3,310,169
1918-10-06,Velox,OSCR,2,7,1555,1713,0.279,0.105,0.616,3,4,-35.4,29.6,172,156
1918-10-13,ALO,Velox,1,6,1473,1519,0.424,0.120,0.456,2,3,-48.5,47.6,163,161
1918-10-13,DOSO,DVD²,2,4,1719,1831,0.340,0.105,0.556,4,5,-12.6,13.4,161,167
1918-10-13,EDN,Vitesse (Leiden),1,6,1544,1869,0.127,0.068,0.804,2,6,-12.7,16.6,157,187
1918-10-13,Excelsior,AW,2,4,1625,1626,0.489,0.118,0.394,4,3,-31.7,39.8,168,190
1918-10-13,HSL,HS,7,1,1280,1242,0.548,0.108,0.344,5,4,39.6,-64.3,160,211
1918-10-13,LUTO,HW,15,0,1693,1505,0.743,0.077,0.180,7,4,29.8,-55.7,165,240
1918-10-13,OSCR,Fluks,3,2,1744,1976,0.203,0.085,0.713,3,6,33.8,-45.7,148,172
1918-10-13,THB,Avanti,0,21,1205,1348,0.300,0.103,0.598,3,5,-46.7,71.2,175,223
1918-10-20,ALO,Vitesse (Leiden),1,7,1427,1889,0.060,0.043,0.897,1,6,-7.3,9.0,153,178
1918-10-20,Animo,Advendo,0,14,1475,1618,0.299,0.103,0.598,3,5,-64.1,60.4,210,203
1918-10-20,DTV,DVD²,7,2,2036,1847,0.744,0.076,0.180,7,4,20.9,-16.5,181,156
1918-10-20,DVS,Bijenkorf,1,3,1387,1590,0.233,0.089,0.679,4,6,-0.7,2.9,261,175
1918-10-20,Fluks,HSV,2,1,1933,1754,0.731,0.082,0.187,6,3,-16.5,18.5,162,171
1918-10-20,HW,LUTO,2,3,1451,1729,0.164,0.072,0.763,4,7,33.8,-17.2,214,159
1918-10-20,OSCA,THB,15,0,1526,1161,0.883,0.049,0.069,5,1,23.6,-15.6,212,165
1918-10-20,Rood Wit (H),Dubbel Zes,16,0,1503,1204,0.844,0.054,0.102,8,3,35.5,-22.6,230,175
1918-10-20,Spartaan,Merwestad,0,1,1308,1549,0.192,0.088,0.720,2,5,23.6,-18.3,227,204
1918-10-27,Amicitia,Spartaan,5,3,1556,1332,0.775,0.078,0.147,5,2,-12.2,7.8,235,206
1918-10-27,OSCA,Avanti,4,7,1554,1429,0.667,0.094,0.239,5,3,-79.6,77.7,202,200
1918-10-27,Swift,Ready (A),0,5,1531,1531,0.495,0.110,0.395,5,4,-57.6,79.3,175,208
1918-10-27,Vitesse (Haag),HSV,1,5,1543,1773,0.201,0.094,0.705,2,4,-20.3,18.3,173,162
1918-10-27,Vitesse (Leiden),OSCR,7,2,1900,1782,0.657,0.096,0.248,5,3,30.6,-22.6,174,146
1918-11-03,DOS (E),AKC (Al),9,1,1528,1382,0.693,0.088,0.219,6,3,53.7,-55.6,222,227
1918-11-03,DVD²,Haarlem,10,2,1831,1499,0.864,0.053,0.084,6,2,14.0,-20.6,153,194
1918-11-03,Delden,Wilhelmina,8,3,1635,1636,0.495,0.107,0.398,5,4,89.7,-63.3,266,217
1918-11-03,Kattenburg,Westerkwartier,0,10,1413,1710,0.148,0.070,0.782,3,7,-28.3,28.3,175,175
1918-11-03,OSCR,ALO,5,1,1758,1420,0.865,0.055,0.080,5,1,1.3,-1.2,141,153
1918-11-03,Twentsch Haagje,Gelria,0,3,1408,1553,0.298,0.098,0.603,4,6,-19.9,19.9,175,175
1918-11-03,Vitesse (Leiden),EDN,2,1,1930,1535,0.900,0.041,0.059,7,2,-37.2,34.8,162,158
1918-11-10,Advendo,Excelsior,3,1,1681,1596,0.611,0.106,0.282,4,3,11.0,-9.0,190,165
1918-11-10,Blauw Wit,OHS,3,0,1598,1973,0.098,0.055,0.847,3,7,88.5,-89.2,174,175
1918-11-10,DEV,DED,8,2,1952,1919,0.550,0.092,0.359,7,6,44.4,-49.9,177,189
1918-11-10,DOSO,DTV,0,5,1709,2057,0.114,0.059,0.827,3,7,-8.9,10.1,159,175
1918-11-10,Delden,TOP (H),3,3,1724,1661,0.587,0.100,0.313,5,4,-21.8,20.6,227,221
1918-11-10,Fluks,Vitesse (Leiden),2,0,1916,1891,0.532,0.105,0.363,5,4,14.6,-14.6,160,160
1918-11-10,Markelo,Goor,2,1,1486,1427,0.575,0.112,0.313,4,3,3.0,-0.5,175,350
1918-11-10,Merwestad,Spartaan,2,1,1530,1338,0.742,0.084,0.174,5,2,-21.7,22.0,194,195
1918-11-10,THB,OSCA,0,10,1145,1473,0.124,0.069,0.807,2,5,-23.3,28.8,166,188
1918-11-10,Velocitas,AW,1,1,1629,1669,0.433,0.117,0.450,2,3,1.4,-0.9,231,180
1918-11-10,Vitesse (Haag),OSCR,2,8,1520,1758,0.193,0.093,0.714,2,4,-27.7,20.5,165,140
1918-11-10,Wilhelmina,HKC (He),1,10,1571,1693,0.328,0.101,0.571,4,5,-59.8,69.0,198,215
1918-11-10,ZKC (Zu),EKCA,3,7,1442,1620,0.259,0.097,0.645,3,5,-28.0,24.2,185,170
1918-11-17,ALO,Vitesse (Haag),1,8,1413,1487,0.382,0.124,0.494,2,3,-45.7,47.8,153,157
1918-11-17,Blauw Wit,HW,1,4,1682,1480,0.756,0.076,0.169,6,3,-67.1,97.4,169,202
1918-11-17,DED,DVD²,5,1,1864,1841,0.531,0.101,0.367,6,5,36.0,-28.8,173,153
1918-11-17,DEV,DOSO,5,3,1992,1694,0.843,0.052,0.104,8,4,-20.2,17.4,165,155
1918-11-17,DOVA,Markelo,1,3,1259,1484,0.205,0.096,0.699,2,4,-0.4,0.6,175,168
1918-11-17,Dordt,Spartaan,7,1,1592,1355,0.786,0.078,0.137,4,1,46.1,-26.0,263,183
1918-11-17,Fluks,EDN,9,0,1925,1564,0.882,0.047,0.072,6,2,12.1,-13.1,151,158
1918-11-17,HKC (He),AKC (Al),2,3,1759,1320,0.920,0.033,0.047,7,2,-85.9,101.1,193,208
1918-11-17,Mercedes,TOGO (H),2,0,1352,1207,0.691,0.090,0.219,5,3,2.7,-0.6,191,255
1918-11-17,Sparta (A),OSCA,3,0,1754,1499,0.806,0.067,0.128,6,2,-3.2,-0.3,231,179
1918-11-24,AKC (Al),Wilhelmina,2,3,1422,1507,0.375,0.109,0.516,3,4,-7.7,6.7,201,184
1918-11-24,AW,Advendo,2,5,1665,1689,0.458,0.115,0.427,4,3,-39.7,42.4,171,177
1918-11-24,Bijenkorf,DVS,6,0,1590,1383,0.761,0.075,0.163,6,3,24.6,-38.4,176,232
1918-11-24,Blauw Wit,LUTO,0,4,1615,1709,0.365,0.104,0.531,4,5,-32.4,33.2,161,164
1918-11-24,DED,DOSO,4,1,1901,1713,0.742,0.078,0.180,6,3,3.3,-3.2,161,151
1918-11-24,DHBSC,TIA,5,3,1559,1424,0.680,0.089,0.231,6,4,0.4,-0.4,175,175
1918-11-24,DOS (E),Delden,3,4,1579,1699,0.330,0.101,0.569,4,5,-0.6,0.6,206,205
1918-11-24,Gelria,Goor,2,0,1569,1423,0.691,0.092,0.216,5,3,3.0,-0.1,168,269
1918-11-24,HSV,Vitesse (Haag),5,2,1787,1538,0.798,0.073,0.129,5,1,0.0,-0.4,162,148
1918-11-24,Haarlem,DEV,2,9,1474,1973,0.050,0.032,0.918,2,8,-8.3,6.7,190,160
1918-11-24,Merwestad,Amicitia,2,3,1505,1540,0.443,0.114,0.443,3,4,-15.1,20.8,184,220
1918-11-24,OSCR,EDN,4,1,1777,1551,0.776,0.078,0.146,5,2,1.6,-1.5,139,155
1918-11-24,Quick (Arn),EKCA,0,14,1478,1642,0.271,0.107,0.622,2,4,-51.8,39.5,190,163
1918-11-24,Rozenburg,Dordt,2,3,1510,1640,0.311,0.111,0.578,3,4,-1.2,0.4,200,234
1918-11-24,TOP (H),HKC (He),7,2,1678,1674,0.503,0.106,0.391,5,4,58.4,-51.9,201,188
1918-11-24,Westerkwartier,Kattenburg,15,0,1736,1380,0.880,0.046,0.075,7,2,16.8,-16.8,171,171
1918-12-01,AKC (Al),TOP (H),0,9,1413,1736,0.129,0.066,0.804,3,6,-27.2,27.3,182,183
1918-12-01,AW,Haarlem,3,0,1623,1464,0.705,0.092,0.203,5,2,9.7,-12.0,159,185
1918-12-01,Advendo,Excelsior,7,0,1730,1582,0.692,0.094,0.214,5,2,31.4,-30.5,164,161
1918-12-01,Amersfoort,Hercules,5,8,1376,1521,0.303,0.089,0.608,6,7,-20.9,19.0,198,186
1918-12-01,DOSO,DDV,3,3,1707,1641,0.590,0.101,0.309,5,4,-10.9,22.9,146,208
1918-12-01,DVD²,DTV,6,4,1811,2063,0.186,0.078,0.736,4,7,45.0,-61.1,148,172
1918-12-01,Delden,HKC (He),4,2,1698,1620,0.606,0.100,0.294,5,4,10.0,-9.1,187,174
1918-12-01,Dubbel Zes,ALO,0,8,1177,1367,0.243,0.098,0.659,3,5,-42.3,29.7,180,148
1918-12-01,Gelria,Markelo,6,4,1570,1485,0.613,0.104,0.283,5,3,7.7,-7.8,161,162
1918-12-01,HSV,Vitesse (Leiden),3,2,1786,1871,0.374,0.111,0.515,3,4,19.1,-19.0,156,156
1918-12-01,Onder Ons,Be Quick,8,1,1671,1372,0.840,0.059,0.101,6,2,26.2,-23.6,210,196
1918-12-01,TOV (D),DHBSC,0,3,1694,1558,0.681,0.089,0.230,6,4,-66.1,58.5,175,165
1918-12-01,Twentsch Haagje,Goor,2,0,1382,1420,0.438,0.113,0.448,3,4,25.6,-44.2,170,230
1918-12-01,Wilhelmina,DOS (E),2,1,1513,1576,0.406,0.105,0.489,4,5,17.2,-20.6,170,187
1918-12-08,AW,DVD²,2,7,1631,1855,0.209,0.090,0.701,3,5,-20.7,18.7,153,144
1918-12-08,Advendo,DED,2,2,1760,1901,0.304,0.098,0.598,4,6,14.5,-14.7,156,157
1918-12-08,DOSO,DDV,3,5,1695,1662,0.542,0.105,0.353,5,4,-25.5,43.6,141,187
1918-12-08,Dordt,Merwestad,5,3,1638,1487,0.695,0.094,0.211,5,2,0.4,-1.5,209,173
1918-12-08,EDN,Vitesse (Haag),5,3,1546,1534,0.507,0.119,0.374,4,3,17.5,-16.4,153,147
1918-12-08,Mercedes,Venetas,4,1,1353,1344,0.505,0.114,0.381,4,3,35.6,-34.2,184,180
1918-12-08,OSCR,ALO,5,2,1775,1396,0.890,0.047,0.064,5,1,-7.9,8.5,139,143
1918-12-08,Rozenburg,Amicitia,2,1,1505,1558,0.418,0.114,0.468,3,4,18.9,-21.0,186,197
1918-12-08,TIA,TOV (D),1,3,1421,1625,0.231,0.090,0.679,4,6,-0.3,0.4,167,164
1918-12-08,Twentsch Haagje,Markelo,3,5,1406,1475,0.394,0.113,0.493,3,4,-19.5,17.9,161,153
1918-12-15,Haarlem,DOSO,4,0,1448,1667,0.213,0.094,0.693,2,5,83.4,-50.7,175,136
1918-12-15,OSCR,Velox,4,0,1766,1565,0.753,0.081,0.166,5,2,9.5,-13.2,138,170
1918-12-15,Rozenburg,Spartaan,5,0,1522,1326,0.745,0.085,0.169,5,2,22.3,-24.4,172,181
1918-12-15,TOP (H),Wilhelmina,5,1,1761,1526,0.788,0.069,0.142,6,3,8.4,-7.6,176,162
1918-12-22,ALO,OSCR,1,5,1403,1775,0.097,0.062,0.841,1,5,-2.9,2.8,144,135
1918-12-22,Advendo,Velocitas,6,0,1772,1622,0.695,0.093,0.212,5,2,24.5,-43.9,150,211
1918-12-22,Avanti,Westerkwartier,5,0,1499,1751,0.186,0.076,0.738,4,7,108.4,-83.2,198,174
1918-12-22,Be Quick,ZKC (Zu),1,4,1345,1407,0.405,0.111,0.484,3,4,-39.5,36.4,191,183
1918-12-22,Blauw Wit,Avanti,7,1,1578,1607,0.454,0.107,0.439,6,5,48.1,-61.4,159,182
1918-12-22,DED,DEV,6,6,1884,1976,0.372,0.094,0.534,6,7,7.4,-8.9,151,166
1918-12-22,DOVA,Goor,2,7,1255,1372,0.328,0.116,0.556,2,3,-42.4,56.4,174,205
1918-12-22,Fluks,Vitesse (Haag),5,1,1935,1516,0.911,0.037,0.052,7,1,-5.8,4.3,159,143
1918-12-22,Haarlem,DVD²,4,3,1531,1872,0.117,0.064,0.819,2,6,56.7,-41.7,164,142
1918-12-22,OSCA,Sparta (A),2,6,1495,1747,0.183,0.083,0.734,3,5,-17.7,23.5,180,219
1918-12-22,RODA (W),Hercules,4,7,1262,1538,0.164,0.077,0.759,3,6,-5.0,4.9,215,177
1918-12-22,Rozenburg,Spartaan,2,4,1544,1301,0.793,0.075,0.133,5,1,-64.7,71.0,164,171
1918-12-22,Velox,EDN,1,2,1550,1562,0.474,0.117,0.409,4,3,-16.8,14.1,162,147
1918-12-29,Amersfoort,Sparta (A),1,3,1352,1771,0.080,0.041,0.879,4,9,28.4,-33.3,187,200
1918-12-29,DED,DEV,2,7,1891,1967,0.394,0.095,0.511,6,7,-31.4,36.0,144,155
1919-01-05,DDV,Velocitas,14,0,1704,1577,0.670,0.093,0.238,5,3,41.1,-48.0,177,193
1919-01-05,DTV,Haarlem,10,4,1998,1588,0.908,0.037,0.055,7,2,5.6,-5.2,172,161
1919-01-05,Dubbel Zes,Rood Wit (H),0,11,1130,1535,0.085,0.047,0.868,3,8,-19.9,30.7,177,231
1919-01-05,HW,Blauw Wit,2,3,1575,1626,0.425,0.106,0.469,4,5,-13.8,8.6,199,153
1919-01-05,Markelo,Gelria,2,2,1492,1575,0.376,0.110,0.513,3,4,6.4,-7.3,153,162
1919-01-05,OSCR,HSV,5,2,1777,1801,0.459,0.114,0.427,5,4,24.9,-32.4,137,158
1919-01-12,ALO,HSV,2,5,1399,1768,0.099,0.062,0.839,1,5,3.9,-4.0,147,148
1919-01-12,AW,DDV,0,5,1608,1748,0.305,0.100,0.595,4,5,-30.6,34.2,156,166
1919-01-12,Be Quick,Quick (Arn),2,2,1305,1421,0.328,0.116,0.556,2,3,13.3,-14.6,179,187
1919-01-12,DOS (E),Wilhelmina,3,1,1552,1518,0.546,0.104,0.351,5,4,16.4,-13.6,182,163
1919-01-12,DVD²,DTV,3,4,1830,2004,0.265,0.090,0.644,4,6,6.5,-9.4,145,169
1919-01-12,Fluks,Velox,10,1,1929,1532,0.901,0.040,0.059,7,2,11.6,-10.9,162,156
1919-01-12,Goor,DOVA,3,0,1429,1213,0.766,0.082,0.152,4,2,5.3,-5.0,189,168
1919-01-12,HOC²,Animo,2,6,1237,1403,0.272,0.097,0.630,4,5,-58.1,36.3,287,211
1919-01-12,OSCR,Vitesse (Leiden),3,1,1802,1848,0.429,0.113,0.459,3,4,18.3,-26.2,132,160
1919-01-12,TOG (L),Mercedes,0,14,1240,1387,0.295,0.103,0.603,3,5,-91.0,46.4,265,178
1919-01-12,Velocitas,Advendo,3,11,1528,1797,0.168,0.082,0.750,2,5,-31.4,23.3,179,151
1919-01-19,DDV,BEP,15,1,1779,1579,0.755,0.076,0.169,6,3,25.9,-47.6,156,223
1919-01-19,DEV,DTV,3,2,2001,1992,0.516,0.093,0.391,7,6,3.8,-4.1,151,158
1919-01-19,DOS (E),HKC (He),12,3,1566,1605,0.441,0.106,0.452,4,5,59.8,-65.3,168,176
1919-01-19,DOVA,Gelria,2,2,1204,1565,0.105,0.061,0.834,2,6,42.1,-38.7,161,155
1919-01-19,Delden,AKC (Al),8,2,1703,1379,0.858,0.053,0.088,6,2,15.0,-15.2,185,187
1919-01-19,Excelsior,Advendo,6,2,1545,1819,0.164,0.081,0.756,2,5,84.5,-63.8,168,146
1919-01-19,Goor,Markelo,9,1,1432,1495,0.401,0.119,0.480,2,3,71.7,-50.8,178,148
1919-01-19,HS,Voorwaarts (M),6,6,1172,1309,0.307,0.103,0.590,4,5,21.5,-18.6,213,199
1919-01-19,HSV,EDN,8,3,1762,1573,0.738,0.086,0.176,5,2,16.6,-17.2,145,148
1919-01-19,OHS,Nausikaa,4,1,1873,1850,0.531,0.105,0.364,5,4,28.3,-76.2,188,350
1919-01-19,Onder Ons,Quick (Arn),14,1,1692,1404,0.833,0.061,0.106,6,2,31.3,-22.7,209,172
1919-01-19,Venetas,TOG (L),7,1,1305,1146,0.706,0.091,0.204,5,2,31.7,-47.1,178,225
1919-01-19,Vitesse (Haag),ALO,5,1,1517,1400,0.651,0.105,0.244,4,2,21.0,-19.6,151,145
1919-01-19,Wilhelmina,TOP (H),2,3,1501,1767,0.173,0.077,0.750,3,6,16.6,-22.7,154,177
1919-01-26,Zeelandia,Steeds Voorwaarts,3,11,1317,1447,0.317,0.101,0.582,4,5,-60.3,59.2,203,201
1919-02-16,AKC (Al),HKC (He),1,5,1361,1536,0.262,0.099,0.640,3,5,-29.1,25.1,186,170
1919-02-23,AW,Excelsior,4,4,1571,1627,0.410,0.120,0.470,2,3,3.0,-3.3,161,169
1919-02-23,Amersfoort,Olympia,2,1,1375,1560,0.261,0.074,0.665,8,10,38.1,-50.1,195,223
1919-02-23,DEV,Haarlem,7,3,2002,1578,0.916,0.033,0.051,8,3,-7.4,10.1,154,173
1919-02-23,OSCR,Vitesse (Haag),3,2,1815,1535,0.824,0.066,0.110,5,1,-21.3,25.5,142,154
1919-03-02,Advendo,AW,3,2,1752,1574,0.728,0.087,0.186,5,2,-15.3,14.6,155,151
1919-03-02,DEV,DVD²,7,1,1994,1831,0.718,0.078,0.204,7,4,21.2,-21.8,153,155
1919-03-02,DOSO,DED,2,4,1610,1854,0.191,0.084,0.725,3,6,4.2,-4.1,159,158
1919-03-02,EDN,ALO,9,3,1553,1377,0.723,0.092,0.185,4,2,24.4,-23.3,156,152
1919-03-02,Fluks,OSCR,8,1,1937,1793,0.691,0.089,0.220,6,3,34.2,-23.3,173,140
1919-03-02,HKC (He),Delden,3,0,1561,1716,0.287,0.100,0.614,4,5,49.9,-66.4,163,189
1919-03-02,Markelo,Goor,0,5,1441,1502,0.403,0.120,0.477,2,3,-41.9,52.7,154,175
1919-03-02,Quick (Arn),Be Quick,1,0,1378,1313,0.582,0.115,0.303,3,2,-0.2,0.3,178,180
1919-03-02,Spartaan,Dordt,3,2,1367,1632,0.170,0.087,0.744,2,4,51.9,-69.5,184,211
1919-03-02,Velocitas,DDV,2,7,1491,1805,0.136,0.067,0.797,3,6,-15.6,13.3,182,163
1919-03-02,Velox,Vitesse (Leiden),3,8,1516,1816,0.143,0.076,0.781,2,5,-17.1,16.4,169,164
1919-03-02,ZKC (Zu),Onder Ons,0,9,1439,1723,0.159,0.070,0.771,4,7,-32.8,38.3,188,206
1919-03-09,Avanti,OSCA,5,1,1540,1472,0.592,0.103,0.305,5,4,35.0,-36.0,189,192
1919-03-09,DEV,DDV,7,7,2016,1819,0.756,0.068,0.175,8,5,-27.0,31.4,147,158
1919-03-09,DVD²,OSCR,1,1,1808,1769,0.550,0.109,0.341,4,3,-9.9,8.2,149,136
1919-03-09,EKCA,Onder Ons,3,4,1675,1763,0.374,0.103,0.522,4,5,-5.7,5.9,186,192
1919-03-09,Excelsior,AW,2,1,1624,1588,0.542,0.116,0.342,4,3,3.1,-2.8,160,146
1919-03-09,Haarlem,DED,4,6,1588,1850,0.176,0.079,0.745,3,6,7.7,-5.4,172,152
1919-03-09,Hercules,Amersfoort,4,4,1538,1413,0.673,0.083,0.243,7,5,-28.7,26.6,190,183
1919-03-09,TIA,DHBSC,1,6,1414,1609,0.241,0.091,0.668,4,6,-31.9,32.1,185,185
1919-03-09,TOP (H),Delden,3,4,1741,1648,0.627,0.097,0.276,5,4,-36.4,33.7,180,174
1919-03-09,Velox,Vitesse (Haag),2,2,1498,1560,0.403,0.118,0.479,2,3,4.0,-3.6,162,153
1919-03-09,Vitesse (Leiden),HSV,5,3,1833,1776,0.574,0.107,0.319,4,3,11.0,-10.9,158,156
1919-03-16,Avanti,Sparta (A),1,1,1575,1733,0.284,0.098,0.618,4,5,17.7,-26.4,174,210
1919-03-16,DOS (E),TOP (H),2,6,1625,1704,0.386,0.104,0.511,4,5,-38.3,36.1,173,168
1919-03-16,DOSO,Haarlem,8,3,1614,1595,0.520,0.113,0.367,4,3,37.9,-41.8,155,163
1919-03-16,DTV,DED,4,5,1985,1844,0.689,0.085,0.226,7,4,-39.4,30.6,166,147
1919-03-16,DVD²,Advendo,4,2,1797,1736,0.581,0.105,0.314,5,3,8.3,-9.3,141,151
1919-03-16,Fluks,ALO,13,0,1972,1354,0.969,0.015,0.016,8,0,4.5,-3.8,165,149
1919-03-16,Goor,Gelria,7,2,1555,1523,0.539,0.112,0.350,4,3,39.9,-41.6,164,168
1919-03-16,Hercules,Olympia,5,1,1510,1509,0.504,0.095,0.402,7,6,36.7,-47.5,176,204
1919-03-16,Onder Ons,ZKC (Zu),3,0,1768,1405,0.885,0.043,0.072,8,3,-14.1,15.0,176,180
1919-03-16,TOV (D),DHBSC,2,1,1619,1641,0.464,0.108,0.428,5,4,13.0,-11.5,185,173
1919-03-16,Velocitas,Excelsior,1,9,1475,1626,0.286,0.111,0.603,2,4,-46.4,35.4,175,151
1919-03-16,Velox,HSV,3,2,1502,1765,0.172,0.084,0.744,2,5,41.0,-39.1,152,148
1919-03-16,Vitesse (Haag),Vitesse (Leiden),2,4,1556,1844,0.153,0.080,0.768,2,5,6.6,-7.1,145,149
1919-03-16,Wilhelmina,Delden,2,3,1515,1682,0.270,0.100,0.629,3,5,6.2,-6.0,166,163
1919-03-23,Delden,DOS (E),3,2,1676,1586,0.622,0.098,0.281,5,4,-5.1,5.7,154,161
1919-03-23,Gelria,DOVA,9,1,1482,1244,0.788,0.075,0.138,5,2,21.8,-26.2,157,175
1919-03-23,HSV,Fluks,2,6,1726,1978,0.186,0.076,0.738,4,7,-9.1,11.2,144,165
1919-03-23,Vitesse (Haag),EDN,0,2,1563,1580,0.467,0.119,0.414,4,3,-22.7,27.0,141,155
1919-03-23,Voorwaarts (M),HSL,4,4,1290,1313,0.463,0.107,0.429,6,5,-2.3,2.3,199,200
1919-03-30,EDN,Fluks,1,9,1604,1988,0.095,0.051,0.854,3,8,-12.6,14.4,146,157
1919-03-30,Ready (A),Swift,1,0,1596,1458,0.682,0.093,0.225,5,3,-16.9,13.6,225,207
1919-04-06,BEP,Animo,7,1,1527,1434,0.625,0.100,0.275,5,3,56.6,-54.7,221,216
1919-04-06,DDV,AW,5,2,1849,1551,0.842,0.056,0.102,7,3,-7.9,5.4,159,138
1919-04-06,DTV,DOSO,6,1,1943,1651,0.837,0.058,0.105,7,3,8.3,-7.6,162,152
1919-04-06,EDN,HSV,3,1,1590,1714,0.322,0.111,0.567,3,4,32.1,-31.3,144,142
1919-04-06,Velox,AW,5,2,1541,1583,0.431,0.118,0.451,2,3,33.3,-31.8,151,148
1919-04-06,Vitesse (Leiden),Fluks,4,5,1835,2003,0.275,0.089,0.636,5,7,6.8,-7.2,150,154
1919-04-06,Wilhelmina,AKC (Al),3,0,1519,1330,0.740,0.084,0.177,5,2,6.0,-6.8,161,185
1919-04-13,DEV,Fluks,3,4,1988,1995,0.494,0.092,0.414,8,7,-13.5,12.5,153,147
1919-04-13,EDN,Velox,4,3,1622,1575,0.560,0.112,0.328,4,3,0.7,-0.7,138,144
1919-04-13,Excelsior,DDV,2,10,1662,1841,0.258,0.093,0.648,4,6,-32.1,33.3,152,155
1919-04-13,HKC (He),Wilhelmina,1,5,1610,1525,0.615,0.102,0.283,5,3,-63.7,55.4,166,155
1919-04-13,Onder Ons,EKCA,7,1,1752,1668,0.616,0.098,0.287,5,4,40.2,-41.2,178,180
1919-04-13,TOP (H),AKC (Al),5,1,1739,1323,0.911,0.037,0.052,7,2,-5.2,6.2,164,174
1919-04-13,Vitesse (Leiden),ALO,10,1,1841,1348,0.938,0.029,0.033,6,0,5.9,-6.9,143,158
1919-04-13,Voorwaarts (M),Mercedes,1,1,1286,1430,0.299,0.100,0.601,4,5,18.4,-20.3,185,194
1919-04-20,Avanti,Ready (A),1,5,1591,1578,0.515,0.107,0.378,5,4,-51.7,72.2,173,207
1919-04-20,DDV,Advendo,4,1,1876,1725,0.702,0.083,0.216,7,4,5.8,-6.1,148,154
1919-04-20,Fluks,DEV,6,2,2007,1974,0.552,0.090,0.358,8,7,21.4,-22.8,140,145
1919-04-20,LUTO,Westerkwartier,1,5,1732,1661,0.599,0.096,0.305,6,5,-74.0,75.4,197,199
1919-04-20,Onder Ons,Fluks,2,10,1793,2028,0.204,0.076,0.720,5,8,-29.4,19.5,166,132
1919-04-20,Zeelandia,Steeds Voorwaarts,7,3,1256,1508,0.185,0.080,0.735,3,6,103.6,-102.2,206,205
1919-04-27,HKC (He),TOP (H),3,1,1545,1734,0.247,0.094,0.659,3,5,44.5,-47.8,159,164
1919-05-04,DDV,Excelsior,5,2,1881,1629,0.805,0.066,0.130,6,3,-2.7,3.0,145,150
1919-05-04,Fluks,Onder Ons,9,0,2049,1763,0.835,0.054,0.111,8,4,12.4,-17.3,132,160
1919-05-04,Olympia,Amersfoort,0,7,1460,1438,0.538,0.086,0.377,9,8,-78.4,71.4,196,186
1919-05-11,Ready (A),Avanti,6,4,1650,1537,0.651,0.096,0.254,5,3,4.7,-4.3,190,167
1919-05-18,Advendo,DVD²,4,3,1717,1803,0.373,0.111,0.516,3,4,18.9,-19.3,155,157
1919-05-18,Animo,BEP,9,2,1378,1583,0.228,0.094,0.678,3,5,112.8,-115.8,206,209
1919-05-18,Bijenkorf,Westerkwartier,1,12,1604,1735,0.318,0.099,0.583,4,6,-69.3,54.7,216,188
1919-05-18,Friso (L),Vriendschap,5,1,1775,1579,0.768,0.045,0.187,18,13,-2.7,-0.4,269,229
1919-05-18,Zeelandia,Steeds Voorwaarts,9,4,1359,1404,0.432,0.108,0.460,4,5,65.4,-64.9,197,196
1919-05-25,ALO,HSV,1,7,1431,1707,0.161,0.082,0.757,2,5,-20.8,17.7,156,142
1919-05-25,ALO,Velox,0,0,1339,1573,0.198,0.094,0.708,2,4,30.5,-23.9,169,151
1919-05-25,DOS (M),UDI (Te),5,2,1303,1080,0.777,0.072,0.151,6,3,0.7,-0.7,175,175
1919-05-25,DVD²,DDV,7,1,1783,1877,0.365,0.102,0.532,4,5,51.8,-51.3,148,147
1919-05-25,Fluks,ALO,3,3,2047,1369,0.978,0.011,0.011,9,1,-42.4,62.0,132,157
1919-05-25,Fluks,OSCR,4,2,2061,1774,0.834,0.056,0.109,7,3,-12.8,17.8,137,157
1919-05-25,Jong Holland,Ready (A),5,12,1475,1602,0.318,0.107,0.575,3,4,-85.3,43.3,255,172
1919-05-25,RODA (W),Jong Holland,2,3,1350,1390,0.439,0.107,0.454,4,5,-18.3,17.5,221,216
1919-05-25,Ready (A),RODA (W),4,4,1655,1251,0.904,0.039,0.057,7,2,-52.2,98.4,178,235
1919-05-25,Rood Wit (H),Amicitia,2,2,1561,1528,0.545,0.102,0.352,5,4,-17.3,13.8,248,223
1919-05-25,Vitesse (Haag),HSV,0,4,1536,1681,0.294,0.112,0.594,2,4,-27.5,26.3,156,152
1919-06-01,Vriendschap,Friso (L),0,10,1585,1779,0.258,0.055,0.687,13,17,-46.8,56.5,213,239
1919-06-08,Friso (L),Frisia,8,0,1837,1796,0.577,0.062,0.362,16,14,52.6,-72.9,213,259
1919-06-08,OSCR,EDN,5,1,1797,1628,0.716,0.091,0.193,4,2,15.6,-14.9,156,152
1919-06-09,Delden,Thor (Zu),2,0,1616,1261,0.877,0.049,0.074,6,1,-18.8,20.0,154,158
1919-06-09,Delden,Venetas,3,1,1674,1340,0.864,0.053,0.083,6,1,-17.8,28.6,171,207
1919-06-09,Goor,Thor (Zu),5,1,1601,1263,0.867,0.052,0.081,6,1,0.8,-1.2,180,164
1919-06-09,Thor (Zu),TOG (L),5,3,1263,1101,0.710,0.088,0.202,5,3,0.2,3.4,175,236
1919-06-09,ZKC (Zu),Delden,2,1,1432,1656,0.210,0.089,0.701,3,5,46.2,-39.2,178,164
1919-06-09,ZKC (Zu),Goor,2,0,1478,1601,0.323,0.107,0.570,3,4,38.3,-41.4,165,172
1919-06-09,ZKC (Zu),Mercedes,4,3,1424,1415,0.508,0.108,0.384,5,4,8.5,-8.2,198,193
1919-06-15,Volharding,Zeelandia,8,6,1350,1435,0.378,0.104,0.518,4,5,33.7,-37.8,175,186
1919-06-15,Vriendschap,Frisia,1,1,1539,1724,0.269,0.058,0.674,13,16,26.1,-33.7,198,223
1919-06-22,HHD,DOS (M),2,11,1338,1315,0.529,0.106,0.365,5,4,-114.0,67.6,231,174
1919-06-22,HHD,Juliana (G),6,0,1224,1242,0.469,0.111,0.420,5,4,65.5,-93.2,200,245
1919-06-22,Steeds Voorwaarts,Zeelandia,9,0,1351,1400,0.426,0.106,0.467,4,5,74.0,-62.5,187,171
1919-06-29,Juliana (G),HHD,0,2,1148,1290,0.300,0.104,0.596,3,5,-14.7,12.0,212,184
1919-06-29,Steeds Voorwaarts,Volharding,6,4,1426,1388,0.552,0.102,0.346,5,4,13.9,-13.0,172,165
1919-07-06,Zeelandia,Steeds Voorwaarts,4,1,1335,1439,0.352,0.102,0.546,4,5,43.2,-42.1,162,160
1919-07-13,Volharding,Zeelandia,8,6,1373,1378,0.490,0.104,0.406,6,5,17.9,-16.8,158,153
1919-07-20,Luctor et Emergo,Sparta (V),10,2,1722,1294,0.916,0.035,0.050,7,1,24.8,-25.5,252,257
1919-07-20,Volharding,Steeds Voorwaarts,6,6,1392,1396,0.492,0.104,0.404,6,5,-4.0,4.3,149,153
1919-07-27,Sparta (V),VTV,12,1,1268,1213,0.579,0.095,0.326,6,5,82.2,-86.2,243,250
1919-07-27,Steeds Voorwaarts,Zeelandia,9,0,1401,1362,0.553,0.102,0.345,5,4,38.3,-39.3,145,147
1919-08-03,Juliana (G),Luctor et Emergo,1,5,1129,1746,0.024,0.023,0.953,0,6,8.2,-15.2,199,241
1919-08-03,Steeds Voorwaarts,Volharding,6,4,1439,1387,0.572,0.099,0.329,6,5,7.8,-8.4,139,144
1919-08-10,Juliana (G),VTV,2,20,1139,1127,0.512,0.109,0.379,5,4,-83.0,104.1,196,222
1919-08-17,Volharding,Steeds Voorwaarts,6,6,1381,1449,0.401,0.103,0.496,4,5,4.0,-3.8,141,137
1919-08-24,VTV,AKC (Aa),1,10,1235,1614,0.096,0.055,0.849,2,7,-27.1,40.4,199,258
1919-08-31,AKC (Aa),VTV,11,2,1655,1207,0.924,0.032,0.044,8,2,19.2,-14.1,236,191
1919-09-07,Advendo,DOSO,2,5,1743,1649,0.624,0.103,0.273,5,3,-62.6,71.8,182,195
1919-09-07,Blauw Wit,Westerkwartier,2,14,1637,1763,0.325,0.099,0.576,4,6,-60.3,54.9,195,185
1919-09-07,DOS (E),AKC (Al),7,3,1596,1334,0.812,0.065,0.123,6,2,10.1,-10.4,202,210
1919-09-07,Excelsior,Hercules,2,10,1637,1551,0.613,0.105,0.282,4,3,-87.5,113.8,185,213
1919-09-07,KZ,Animo,4,1,1483,1499,0.476,0.101,0.423,6,5,81.6,-40.9,330,217
1919-09-07,LUTO,Westerkwartier,4,3,1663,1799,0.312,0.096,0.592,5,6,40.0,-35.6,217,205
1919-09-07,PSV,Be Quick,6,1,1477,1317,0.709,0.087,0.204,5,3,64.6,-38.1,312,218
1919-09-07,RODA (W),Avanti,4,3,1338,1540,0.234,0.089,0.678,4,6,58.3,-43.3,223,193
1919-09-07,Rap,Gooiers,3,6,1211,1422,0.233,0.070,0.697,7,10,-7.8,6.4,255,175
1919-09-07,Sparta (A),Blauw Wit,5,4,1710,1635,0.601,0.103,0.296,5,3,-3.6,2.7,233,217
1919-09-07,Sparta (A),LUTO,6,3,1706,1702,0.502,0.108,0.391,5,4,40.8,-36.7,206,194
1919-09-07,Velocitas,BEP,7,1,1433,1474,0.433,0.118,0.449,2,3,79.5,-84.6,211,219
1919-09-07,Volharding,Juliana (G),7,4,1382,1052,0.863,0.051,0.086,7,2,-6.2,13.3,140,187
1919-09-14,AKC (Al),Delden,3,3,1323,1596,0.164,0.083,0.753,2,5,43.9,-36.6,197,181
1919-09-14,Avanti,KZ,6,2,1496,1564,0.404,0.101,0.495,5,6,47.3,-92.9,180,261
1919-09-14,Be Quick,Onder Ons,2,5,1278,1750,0.057,0.041,0.903,1,6,16.9,-14.8,204,194
1919-09-14,Bijenkorf,Blauw Wit,1,1,1541,1576,0.446,0.109,0.445,5,4,-0.1,0.0,223,179
1919-09-14,DDM,VIJW,3,2,1585,1529,0.577,0.100,0.323,5,4,-1.0,1.0,175,175
1919-09-14,DED,Vitesse (Leiden),5,5,1879,1854,0.534,0.103,0.363,6,5,-11.5,10.8,197,191
1919-09-14,DOSO,Hercules,6,5,1720,1666,0.571,0.107,0.322,5,3,0.4,-0.2,179,192
1919-09-14,Deetos,OSCR,6,6,1613,1813,0.231,0.100,0.669,2,4,26.2,-27.0,177,179
1919-09-14,EKCA,Quick (Arn),6,9,1632,1382,0.798,0.073,0.129,5,2,-108.8,118.8,210,219
1919-09-14,Fluks,DTV,5,3,2011,1958,0.573,0.100,0.327,6,4,11.7,-15.2,172,203
1919-09-14,Gooiers,Amersfoort,4,6,1428,1516,0.383,0.086,0.531,8,9,-12.4,17.9,167,208
1919-09-14,Haarlem,DDV,8,4,1557,1831,0.167,0.074,0.759,3,7,111.3,-81.2,206,176
1919-09-14,KVD,OHS,0,18,1680,1904,0.210,0.089,0.701,3,5,-36.7,62.2,175,239
1919-09-14,LUTO,OSCA,1,1,1665,1440,0.778,0.074,0.148,6,2,-35.8,60.0,178,225
1919-09-14,Naas,Wilhelmina,1,8,1204,1586,0.093,0.057,0.849,2,6,-48.9,24.2,315,194
1919-09-14,Spartaan,DHBSC,1,10,1423,1633,0.223,0.093,0.684,3,5,-57.9,52.4,225,212
1919-09-14,Steeds Voorwaarts,DOS (M),8,3,1442,1380,0.585,0.099,0.316,6,4,25.1,-42.4,140,187
1919-09-14,Thor (Zu),Noviomagum,1,5,1280,1086,0.744,0.086,0.171,5,2,-69.9,250.4,184,350
1919-09-14,Velox,HSV,5,2,1554,1731,0.257,0.102,0.641,3,4,66.5,-62.9,180,175
1919-09-14,Zuiden,Inter Nos (A),3,2,1592,1543,0.567,0.101,0.332,5,4,0.1,-0.1,175,175
1919-09-21,Animo,Avanti,1,5,1451,1538,0.374,0.105,0.521,4,5,-48.9,35.4,203,169
1919-09-21,BEP,Jong Holland,2,3,1383,1408,0.458,0.113,0.430,5,4,-18.6,23.2,198,224
1919-09-21,Be Quick,ZKC (Zu),3,5,1289,1510,0.211,0.093,0.696,2,5,-0.5,0.9,197,186
1919-09-21,DDV,Advendo,4,2,1744,1673,0.598,0.098,0.304,6,4,8.7,-9.0,168,172
1919-09-21,DOS (E),Wilhelmina,3,3,1601,1605,0.490,0.107,0.403,5,4,-5.6,5.3,192,187
1919-09-21,DVD²,Fluks,4,4,1836,2017,0.256,0.096,0.648,3,5,24.6,-19.8,179,161
1919-09-21,Deetos,Velox,7,4,1634,1615,0.518,0.115,0.367,4,3,28.9,-29.6,166,168
1919-09-21,Delden,Naas,5,2,1553,1149,0.904,0.041,0.055,6,1,-7.0,29.8,172,276
1919-09-21,EKCA,PSV,9,3,1518,1536,0.470,0.106,0.424,6,5,61.5,-101.7,197,263
1919-09-21,Haarlem,Hercules,11,0,1664,1661,0.501,0.109,0.391,5,4,67.1,-58.0,191,176
1919-09-21,OSCR,ALO,11,0,1781,1410,0.886,0.047,0.067,6,1,15.3,-18.2,168,186
1919-09-21,TIA,Vlug en Lenig,2,7,1380,1789,0.082,0.049,0.869,2,7,-9.9,8.0,224,175
1919-09-21,Vitesse (Leiden),DEV,6,1,1859,1950,0.372,0.099,0.530,5,6,60.1,-67.4,176,187
1919-09-28,AKC (Al),Wilhelmina,1,4,1359,1608,0.186,0.086,0.728,2,5,-8.9,8.1,186,172
1919-09-28,ALO,Deetos,3,0,1388,1660,0.165,0.082,0.753,2,5,84.9,-62.6,181,155
1919-09-28,AW,Advendo,1,2,1553,1661,0.342,0.114,0.545,3,4,-3.7,3.1,192,161
1919-09-28,DEV,DED,3,4,1879,1860,0.528,0.098,0.374,6,5,-20.7,23.3,172,182
1919-09-28,DOSO,DDV,6,3,1713,1750,0.444,0.107,0.449,4,5,36.0,-31.8,169,158
1919-09-28,HSV,OSCR,4,5,1660,1795,0.308,0.107,0.585,3,4,1.4,-1.3,167,164
1919-09-28,LUTO,Bijenkorf,13,0,1620,1532,0.619,0.099,0.282,5,4,44.1,-56.5,172,198
1919-09-28,Naas,DOS (E),0,3,1176,1592,0.078,0.048,0.873,2,7,21.6,-6.6,257,176
1919-09-28,Nausikaa,OHS,3,14,1767,1961,0.242,0.091,0.667,4,6,-100.0,54.5,313,214
1919-09-28,Noviomagum,Thor (Zu),4,0,1329,1202,0.666,0.100,0.234,4,2,53.7,-26.4,283,180
1919-09-28,PSV,Onder Ons,1,5,1432,1727,0.150,0.069,0.780,3,7,-14.2,12.0,223,190
1919-09-28,Rap,Ready (A),4,16,1194,1646,0.066,0.037,0.896,3,9,-25.3,20.8,226,199
1919-09-28,Sparta (A),OSCA,8,2,1739,1491,0.798,0.071,0.131,5,2,24.7,-28.6,190,208
1919-09-28,TIA,VIOD (D),4,2,1331,1192,0.685,0.090,0.225,6,3,0.1,-0.8,196,175
1919-09-28,TOV (D),TIA,15,2,1627,1367,0.811,0.065,0.124,6,3,39.2,-36.1,222,211
1919-09-28,ZKC (Zu),EKCA,3,1,1509,1578,0.398,0.109,0.493,4,5,32.0,-34.9,174,182
1919-10-05,ALO,HSV,3,7,1473,1661,0.246,0.100,0.654,3,4,-24.4,21.1,170,156
1919-10-05,DEV,DVD²,9,6,1857,1858,0.499,0.103,0.399,6,5,26.7,-29.3,160,169
1919-10-05,DOSO,AW,5,3,1749,1549,0.751,0.084,0.165,5,2,-4.8,6.6,157,175
1919-10-05,Deetos,DDV,1,9,1597,1718,0.329,0.103,0.568,4,5,-38.5,38.0,150,149
1919-10-05,Delden,DOS (E),1,3,1544,1585,0.435,0.113,0.452,3,4,-25.9,26.0,171,171
1919-10-05,KVD,Nausikaa,6,6,1634,1666,0.450,0.110,0.441,5,4,-0.4,0.9,171,259
1919-10-05,KZ,RODA (W),6,4,1462,1388,0.604,0.094,0.301,6,5,12.7,-11.4,224,207
1919-10-05,LUTO,Blauw Wit,6,2,1666,1567,0.634,0.097,0.269,5,4,23.0,-25.3,162,172
1919-10-05,OSCA,Westerkwartier,1,5,1462,1811,0.113,0.060,0.827,3,7,-5.0,4.9,195,178
1919-10-05,Onder Ons,ZKC (Zu),5,1,1739,1540,0.753,0.077,0.170,6,3,13.5,-11.6,180,162
1919-10-05,Quick (Arn),Be Quick,2,2,1494,1286,0.757,0.085,0.158,4,1,-48.5,37.6,207,184
1919-10-05,Ready (A),Amersfoort,7,4,1669,1526,0.695,0.079,0.226,8,5,9.2,-9.1,192,190
1919-10-05,Vlug en Lenig,TOV (D),0,5,1795,1669,0.670,0.091,0.240,6,4,-74.2,105.6,172,207
1919-10-05,Wilhelmina,HKC (He),5,3,1616,1587,0.535,0.109,0.356,5,4,15.4,-21.4,164,199
1919-10-05,Zuiden,HW,6,3,1584,1553,0.541,0.103,0.355,5,4,24.0,-46.2,168,247
1919-10-12,DOS (E),HKC (He),10,6,1611,1565,0.561,0.105,0.335,5,4,29.2,-36.1,160,180
1919-10-12,EKCA,Onder Ons,2,4,1542,1752,0.224,0.091,0.686,3,5,-0.2,0.2,170,170
1919-10-12,Gooiers,Ready (A),3,10,1408,1679,0.172,0.068,0.760,5,8,-22.7,26.1,165,178
1919-10-12,Goor,Boekelo,3,4,1551,1139,0.909,0.036,0.054,7,2,-62.8,238.6,196,350
1919-10-12,Naas,AKC (Al),2,4,1197,1350,0.286,0.106,0.609,3,4,-16.4,10.9,239,177
1919-10-12,OSCR,Velox,10,0,1793,1583,0.762,0.079,0.158,5,2,25.0,-26.3,157,162
1919-10-12,ZKC (Zu),PSV,5,5,1528,1417,0.651,0.093,0.256,6,4,-17.6,31.9,156,207
1919-10-19,AKC (Al),DOS (E),2,6,1357,1638,0.159,0.077,0.764,3,6,-10.9,9.4,167,151
1919-10-19,AW,Hercules,2,4,1552,1596,0.430,0.116,0.455,3,4,-25.3,26.0,168,171
1919-10-19,Amersfoort,Rap,3,2,1514,1166,0.880,0.039,0.081,11,5,-38.1,59.6,179,218
1919-10-19,DTV,Vitesse (Leiden),4,3,1930,1914,0.522,0.103,0.375,6,5,5.8,-4.9,192,171
1919-10-19,Fluks,DED,4,5,1991,1880,0.651,0.093,0.256,6,4,-32.1,37.1,161,172
1919-10-19,HKC (He),Delden,5,2,1526,1514,0.510,0.114,0.376,4,3,29.9,-28.5,166,162
1919-10-19,HKV,TOGO (H),7,1,1724,1192,0.951,0.022,0.027,8,1,4.3,-2.1,175,292
1919-10-19,HSV,Deetos,0,6,1679,1554,0.664,0.100,0.236,4,2,-70.2,64.7,152,146
1919-10-19,Haarlem,Advendo,3,1,1727,1660,0.589,0.104,0.307,5,3,11.8,-9.5,181,157
1919-10-19,LUTO,OSCA,4,2,1686,1453,0.786,0.073,0.142,6,2,-8.5,13.6,156,187
1919-10-19,Onder Ons,Quick (Arn),5,3,1749,1442,0.846,0.058,0.095,6,2,-14.7,23.3,161,194
1919-10-19,RODA (W),DDV,3,1,1373,1754,0.097,0.052,0.852,3,8,94.7,-52.5,191,145
1919-10-19,Sparta (A),Westerkwartier,2,2,1761,1813,0.424,0.104,0.471,4,5,2.9,-2.6,184,173
1919-10-19,TIA,Vlug en Lenig,0,13,1328,1716,0.091,0.054,0.855,2,6,-22.3,18.5,185,166
1919-10-19,Thor (Zu),Venetas,4,0,1171,1357,0.247,0.102,0.651,2,4,68.8,-115.2,176,229
1919-10-19,Velox,ALO,2,1,1552,1445,0.641,0.102,0.257,4,3,-6.5,7.2,155,163
1919-10-26,ALO,Vitesse (Haag),4,0,1449,1501,0.417,0.119,0.464,2,3,41.2,-63.6,154,194
1919-10-26,Advendo,Hercules,3,1,1647,1619,0.534,0.110,0.355,4,3,13.5,-15.1,149,159
1919-10-26,Be Quick,EKCA,9,4,1317,1535,0.213,0.096,0.691,2,4,90.7,-75.7,179,163
1919-10-26,DDV,AW,4,2,1698,1523,0.725,0.085,0.190,5,3,-3.2,4.3,143,157
1919-10-26,DHBSC,Rozenburg,4,2,1674,1466,0.761,0.078,0.161,6,3,-6.6,11.5,204,240
1919-10-26,DVD²,DTV,5,4,1823,1933,0.343,0.103,0.554,4,5,22.6,-26.3,162,175
1919-10-26,Juliana (G),Zeelandia,3,3,1052,1305,0.183,0.082,0.735,3,6,39.7,-30.7,192,170
1919-10-26,OSCR,HSV,3,2,1814,1605,0.761,0.079,0.160,5,2,-18.9,16.6,154,145
1919-10-26,TOGO (H),Dubbel Zes,1,1,1187,1096,0.622,0.099,0.279,5,4,-35.7,27.4,279,246
1919-10-26,Venetas,Noviomagum,0,1,1238,1377,0.300,0.113,0.587,2,3,-0.6,-0.6,204,243
1919-10-26,Vitesse (Leiden),DED,3,2,1906,1914,0.486,0.105,0.409,6,5,7.9,-8.1,160,162
1919-10-26,Westerkwartier,Blauw Wit,8,1,1807,1536,0.821,0.061,0.118,7,3,17.2,-17.9,162,166
1919-10-26,Wilhelmina,Delden,4,0,1626,1483,0.686,0.097,0.218,4,2,19.3,-17.8,160,152
1919-11-02,Advendo,AW,1,0,1657,1523,0.673,0.100,0.227,4,2,-8.3,9.4,142,151
1919-11-02,BEP,Jong Holland,1,12,1352,1419,0.398,0.113,0.489,3,4,-67.2,77.4,192,208
1919-11-02,DOSO,DDV,5,4,1735,1690,0.560,0.104,0.336,5,4,0.4,-0.6,159,139
1919-11-02,DVD²,DEV,1,0,1842,1876,0.451,0.103,0.446,6,5,10.4,-11.1,153,158
1919-11-02,Deetos,OSCR,5,1,1613,1791,0.257,0.101,0.642,3,4,52.6,-56.9,143,149
1919-11-02,Fluks,Vitesse (Leiden),4,0,1952,1909,0.557,0.105,0.338,5,4,28.6,-27.1,155,150
1919-11-02,HW,Inter Nos (A),6,1,1497,1525,0.457,0.107,0.436,6,5,73.3,-50.5,217,177
1919-11-02,Haarlem,Ready (A),8,3,1732,1697,0.547,0.104,0.349,5,4,39.8,-41.5,169,173
1919-11-02,KZ,Avanti,18,2,1466,1562,0.364,0.101,0.536,5,6,98.1,-69.1,206,171
1919-11-02,Nausikaa,KVD,0,5,1658,1625,0.544,0.106,0.350,5,4,-96.9,57.8,223,169
1919-11-02,Noorden,Zuiden,2,5,1559,1599,0.440,0.107,0.453,4,5,-37.1,33.8,175,166
1919-11-02,Velocitas,Hercules,3,3,1496,1599,0.348,0.112,0.540,3,4,15.0,-7.8,205,150
1919-11-02,Westerkwartier,Tekca,2,3,1821,1666,0.708,0.080,0.212,7,4,-35.5,44.5,157,175
1919-11-09,DDV,Haarlem,3,2,1687,1770,0.380,0.105,0.515,4,5,13.8,-19.1,134,159
1919-11-09,Hercules,DOSO,1,9,1589,1733,0.297,0.105,0.598,3,4,-33.4,35.9,144,150
1919-11-09,KVO,Westerkwartier,2,5,1543,1783,0.199,0.079,0.723,4,7,-5.0,4.4,175,150
1919-11-09,Velox,Deetos,0,4,1537,1663,0.317,0.112,0.571,3,4,-28.5,23.5,153,138
1919-11-09,Vitesse (Haag),OSCR,1,7,1430,1730,0.142,0.078,0.780,2,5,-23.8,16.2,178,142
1919-11-09,Zuiden,HW,4,3,1630,1569,0.584,0.101,0.315,5,4,-1.1,2.6,156,193
1919-11-23,AW,Haarlem,3,1,1529,1750,0.211,0.094,0.695,2,5,46.0,-47.2,149,151
1919-11-23,Be Quick,PSV,8,4,1403,1437,0.447,0.111,0.443,5,4,46.0,-57.4,174,197
1919-11-23,Blauw Wit,Tekca,2,1,1510,1707,0.240,0.091,0.670,4,6,36.8,-37.8,167,169
1919-11-23,DED,DEV,7,5,1899,1861,0.554,0.098,0.348,6,5,11.5,-10.9,159,154
1919-11-23,Delden,Wilhelmina,1,3,1457,1638,0.252,0.104,0.644,2,4,-4.9,5.1,154,159
1919-11-23,Excelsior,Amersfoort,9,0,1529,1467,0.586,0.099,0.315,5,4,57.0,-51.5,194,183
1919-11-23,LUTO,Sparta (A),2,1,1669,1755,0.375,0.108,0.518,4,5,19.2,-23.4,161,178
1919-11-23,Noorden,HW,3,2,1519,1570,0.423,0.107,0.470,4,5,15.1,-17.0,167,178
1919-11-23,Spartaan,Voorwaarts (M),6,1,1345,1290,0.573,0.108,0.320,4,3,57.5,-62.1,220,230
1919-11-23,Vitesse (Haag),ALO,4,1,1405,1484,0.379,0.119,0.502,2,3,47.6,-38.9,171,154
1919-11-30,Amersfoort,Ready (A),1,1,1414,1653,0.200,0.078,0.722,4,7,30.3,-29.8,170,168
1919-11-30,Animo,KZ,0,8,1387,1565,0.263,0.090,0.647,4,6,-50.9,46.9,201,191
1919-11-30,Blauw Wit,LUTO,3,5,1547,1687,0.302,0.104,0.594,3,5,-8.8,8.3,158,152
1919-11-30,DED,DVD²,1,3,1911,1849,0.584,0.102,0.314,5,4,-33.8,34.9,150,153
1919-11-30,DTV,DEV,2,7,1900,1850,0.572,0.097,0.331,6,5,-65.6,48.4,171,146
1919-11-30,Gooiers,Excelsior,0,14,1373,1587,0.224,0.083,0.693,4,7,-37.1,39.4,172,177
1919-11-30,HKC (He),DOS (E),2,10,1548,1639,0.368,0.106,0.526,4,5,-50.4,46.0,167,159
1919-11-30,HSV,Velox,7,4,1615,1507,0.641,0.105,0.254,4,2,14.5,-14.3,152,150
1919-11-30,Hercules,Advendo,3,5,1554,1645,0.365,0.113,0.521,3,4,-14.0,14.4,143,146
1919-11-30,Noorden,Inter Nos (A),5,0,1533,1471,0.585,0.102,0.313,5,4,31.6,-37.5,156,172
1919-11-30,OSCR,Deetos,1,4,1747,1686,0.579,0.108,0.312,4,3,-41.9,38.5,145,139
1919-11-30,Onder Ons,EKCA,18,2,1726,1453,0.820,0.064,0.116,6,2,22.6,-21.8,169,165
1919-11-30,Rozenburg,DHBSC,1,2,1470,1661,0.244,0.097,0.659,3,5,13.3,-9.8,224,199
1919-11-30,Venetas,Thor (Zu),2,3,1231,1232,0.489,0.119,0.392,4,3,-24.9,20.7,196,177
1919-11-30,Vlug en Lenig,TIA,7,1,1728,1296,0.918,0.034,0.048,7,2,5.6,-6.1,173,188
1919-11-30,Westerkwartier,Sparta (A),5,3,1787,1730,0.577,0.102,0.321,5,4,9.2,-10.7,150,165
1919-12-07,AW,DDV,1,8,1572,1698,0.321,0.107,0.572,3,4,-35.6,32.0,146,138
1919-12-07,Avanti,Velocitas,6,0,1487,1505,0.468,0.114,0.418,5,4,52.6,-65.4,170,191
1919-12-07,DED,DTV,1,2,1873,1831,0.558,0.101,0.341,5,4,-18.8,23.3,143,159
1919-12-07,DEV,Fluks,4,2,1896,1975,0.387,0.102,0.511,4,5,22.8,-28.3,140,157
1919-12-07,Gooiers,Tekca,3,5,1332,1666,0.126,0.056,0.818,5,9,16.9,-16.9,162,162
1919-12-07,HKC (He),Wilhelmina,3,1,1494,1641,0.295,0.104,0.601,3,5,38.9,-37.7,156,154
1919-12-07,Haarlem,DOSO,4,3,1699,1767,0.398,0.111,0.491,3,4,15.2,-15.7,148,151
1919-12-07,PSV,Quick (Arn),4,2,1377,1453,0.387,0.110,0.503,3,4,34.9,-40.9,181,197
1919-12-07,Vitesse (Haag),HSV,2,2,1450,1628,0.255,0.106,0.639,2,4,20.9,-16.7,162,145
1919-12-14,AW,DOSO,0,4,1536,1752,0.216,0.097,0.688,2,4,-15.1,15.7,140,143
1919-12-14,Blauw Wit,Sparta (A),1,1,1535,1717,0.253,0.100,0.647,3,5,18.9,-20.2,152,157
1919-12-14,DHBSC,TOV (D),0,6,1648,1761,0.339,0.103,0.558,4,5,-49.7,58.9,187,206
1919-12-14,DTV,DED,7,4,1854,1854,0.499,0.106,0.396,6,5,24.9,-21.1,150,137
1919-12-14,Excelsior,Rap,11,0,1626,1215,0.911,0.034,0.055,9,3,13.3,-20.0,169,219
1919-12-14,HKC (He),AKC (Al),2,4,1533,1335,0.750,0.082,0.168,5,2,-48.4,68.2,148,175
1919-12-14,HSV,ALO,8,0,1610,1442,0.716,0.090,0.193,5,2,22.8,-26.4,140,151
1919-12-14,Hercules,Haarlem,2,8,1538,1715,0.259,0.098,0.642,3,5,-25.4,25.8,140,141
1919-12-14,PSV,ZKC (Zu),3,4,1412,1496,0.378,0.105,0.517,4,5,-5.4,5.4,168,169
1919-12-14,Spartaan,Rozenburg,2,3,1401,1481,0.378,0.118,0.504,2,3,-10.3,10.4,202,203
1919-12-14,TOP (H),Markelo,0,15,1669,1381,0.831,0.063,0.106,5,2,-160.0,171.9,220,228
1919-12-14,TOV (H),DKC (Di),0,0,900,935,0.447,0.106,0.447,6,5,-0.0,0.0,175,175
1919-12-14,Velox,OSCR,1,7,1490,1702,0.221,0.095,0.684,2,5,-24.5,23.0,146,141
1919-12-21,AKC (Al),Naas,2,1,1414,1177,0.788,0.075,0.138,5,2,-19.5,39.4,166,225
1919-12-28,ALO,OSCR,4,9,1425,1736,0.136,0.073,0.791,2,5,-12.2,11.0,148,140
1919-12-28,Blauw Wit,OSCA,11,0,1564,1466,0.629,0.105,0.266,4,2,32.8,-53.4,148,195
1919-12-28,DED,Fluks,2,4,1843,1957,0.337,0.105,0.558,4,5,-9.2,11.4,135,153
1919-12-28,DEV,Vitesse (Leiden),9,5,1930,1887,0.560,0.100,0.341,6,5,22.7,-29.0,140,161
1919-12-28,Inter Nos (A),Noorden,1,2,1441,1574,0.314,0.103,0.584,4,5,1.8,-1.4,167,156
1919-12-28,Jong Holland,RODA (W),4,7,1505,1468,0.550,0.103,0.347,5,4,-59.9,59.7,201,201
1919-12-28,TOG (L),Thor (Zu),5,3,1094,1261,0.269,0.103,0.628,3,4,91.2,-41.9,256,172
1919-12-28,Tekca,Sparta (A),9,3,1660,1707,0.430,0.109,0.461,3,4,53.5,-47.6,162,152
1919-12-28,Westerkwartier,LUTO,6,1,1805,1704,0.638,0.093,0.269,6,4,24.8,-25.2,151,153
1920-01-04,Avanti,RODA (W),4,2,1551,1527,0.532,0.103,0.365,6,5,15.2,-17.9,166,183
1920-01-04,Be Quick,Quick (Arn),2,1,1458,1422,0.542,0.115,0.343,4,3,3.8,-4.1,174,185
1920-01-04,DDV,Hercules,3,2,1741,1522,0.774,0.072,0.154,6,3,-18.0,17.8,142,141
1920-01-04,DTV,DVD²,4,2,1890,1891,0.495,0.106,0.399,5,4,15.8,-17.3,147,155
1920-01-04,EKCA,ZKC (Zu),2,6,1439,1512,0.392,0.110,0.498,3,4,-39.4,36.7,169,162
1920-01-04,Fluks,DEV,1,2,1967,1953,0.520,0.101,0.379,6,5,-16.2,14.2,145,135
1920-01-04,Tekca,Westerkwartier,2,3,1714,1829,0.340,0.097,0.563,5,6,0.2,-0.1,152,145
1920-01-04,Velox,Vitesse (Haag),0,3,1475,1481,0.482,0.120,0.398,4,3,-34.3,40.6,146,160
1920-01-18,Advendo,DDV,2,6,1667,1723,0.417,0.109,0.474,3,4,-36.5,30.7,155,141
1920-01-18,Amersfoort,Excelsior,1,3,1452,1652,0.238,0.087,0.675,4,6,-0.3,0.2,175,175
1920-01-18,DED,DTV,5,6,1832,1905,0.394,0.105,0.501,4,5,-4.8,5.2,136,143
1920-01-18,DKC (Di),TOV (H),1,1,945,910,0.547,0.104,0.349,5,4,-11.1,11.1,172,172
1920-01-18,DVD²,Vitesse (Leiden),2,5,1873,1857,0.518,0.108,0.374,5,4,-36.2,39.5,149,156
1920-01-18,Deetos,OSCR,5,3,1733,1748,0.473,0.112,0.415,5,4,19.1,-17.4,150,142
1920-01-18,HSV,Vitesse (Haag),4,0,1644,1521,0.660,0.101,0.238,4,2,18.8,-20.2,147,153
1920-01-18,HW,Noorden,3,3,1561,1571,0.482,0.107,0.411,5,4,-4.5,3.2,180,153
1920-01-18,Markelo,DOVA,3,2,1566,1210,0.878,0.050,0.073,6,1,-46.9,60.8,219,245
1920-01-18,Quick (Arn),PSV,6,4,1418,1417,0.496,0.110,0.394,5,4,21.1,-19.7,173,166
1920-01-18,TIA,TOV (D),1,1,1297,1830,0.041,0.030,0.930,2,8,74.1,-72.3,196,194
1920-01-25,DOSO,Advendo,4,2,1777,1630,0.692,0.093,0.215,5,2,-0.4,0.2,151,146
1920-01-25,DVD²,DED,3,2,1835,1827,0.508,0.108,0.384,5,4,4.8,-4.2,142,131
1920-01-25,Deetos,ALO,6,0,1751,1412,0.868,0.053,0.080,6,1,8.4,-9.3,142,152
1920-01-25,EKCA,Be Quick,2,5,1399,1461,0.404,0.115,0.481,3,4,-31.4,33.1,162,167
1920-01-25,Gooiers,Rap,4,4,1359,1203,0.713,0.071,0.216,9,6,-25.7,43.8,171,219
1920-01-25,Haarlem,AW,5,3,1751,1529,0.773,0.078,0.149,5,2,-7.6,7.6,149,149
1920-01-25,OSCR,Vitesse (Haag),7,1,1729,1499,0.781,0.076,0.143,5,2,14.4,-16.3,136,146
1920-01-25,Tekca,LUTO,3,5,1713,1677,0.550,0.102,0.349,5,4,-29.5,31.1,149,153
1920-01-25,Velocitas,Jong Holland,3,3,1449,1444,0.502,0.112,0.387,5,4,-7.1,7.3,187,189
1920-01-25,Vitesse (Leiden),DTV,3,3,1896,1910,0.478,0.106,0.416,6,5,-2.8,2.4,147,137
1920-01-25,Wilhelmina,AKC (Al),3,1,1612,1393,0.771,0.078,0.151,5,2,-7.7,8.8,161,170
1920-02-01,DVD²,DEV,2,7,1839,1965,0.324,0.099,0.577,4,6,-25.0,26.1,136,139
1920-02-01,Haarlem,Hercules,4,1,1743,1538,0.758,0.078,0.164,6,3,2.1,-2.1,145,146
1920-02-01,OSCA,LUTO,1,5,1410,1708,0.146,0.075,0.779,2,5,-11.9,8.4,186,145
1920-02-01,Onder Ons,PSV,5,0,1759,1396,0.885,0.043,0.072,8,3,2.5,-2.6,180,158
1920-02-01,Quick (Arn),ZKC (Zu),1,4,1438,1548,0.340,0.111,0.549,3,4,-24.8,24.0,163,160
1920-02-01,Ready (A),Excelsior,1,1,1629,1651,0.464,0.111,0.425,5,4,-2.4,2.1,178,167
1920-02-01,Sparta (A),Tekca,2,5,1657,1683,0.459,0.109,0.432,5,4,-33.0,28.3,154,142
1920-02-01,Vitesse (Haag),Velox,6,3,1482,1439,0.551,0.118,0.331,3,2,20.7,-22.2,142,148
1920-02-08,DOS (E),Delden,16,1,1695,1461,0.787,0.073,0.140,6,2,26.9,-26.8,171,171
1920-02-08,Deetos,Haarlem,6,3,1761,1746,0.515,0.111,0.374,5,4,22.6,-21.9,143,141
1920-02-08,Hercules,DTV,2,8,1537,1913,0.097,0.056,0.847,2,6,-9.1,8.4,142,135
1920-02-08,LUTO,Tekca,5,3,1718,1713,0.505,0.104,0.390,6,5,14.0,-12.9,142,136
1920-02-08,PSV,DOSO,3,5,1394,1777,0.094,0.055,0.852,2,7,17.8,-15.7,156,148
1920-02-08,Quick (Arn),EKCA,23,1,1414,1368,0.558,0.113,0.330,4,3,41.8,-42.7,153,155
1920-02-08,Rozenburg,Spartaan,4,0,1502,1401,0.632,0.106,0.263,4,2,35.6,-35.5,199,198
1920-02-08,ZKC (Zu),Onder Ons,2,3,1574,1763,0.247,0.092,0.660,4,6,8.0,-11.3,151,175
1920-02-15,Animo,RODA (W),3,9,1344,1510,0.274,0.097,0.629,4,5,-49.0,39.3,204,179
1920-02-15,DEV,DTV,7,6,1993,1922,0.601,0.094,0.306,6,5,-3.3,3.1,136,134
1920-02-15,DOSO,Haarlem,4,5,1762,1724,0.548,0.108,0.343,4,3,-20.2,17.5,145,135
1920-02-15,Delden,HKC (He),2,12,1433,1495,0.403,0.118,0.479,2,3,-54.1,54.2,164,164
1920-02-15,Fluks,DVD²,3,1,1951,1815,0.679,0.095,0.227,5,3,0.4,-0.7,151,134
1920-02-15,Hercules,AW,2,0,1527,1538,0.475,0.118,0.406,4,3,17.4,-19.8,140,150
1920-02-15,Onder Ons,Be Quick,6,0,1751,1495,0.806,0.067,0.126,6,2,17.0,-16.5,164,161
1920-02-15,Thor (Zu),TOG (L),6,2,1219,1185,0.542,0.110,0.348,4,3,36.8,-57.9,177,230
1920-02-15,Vitesse (Haag),Deetos,1,2,1505,1784,0.158,0.084,0.758,2,4,15.5,-15.0,139,137
1920-02-22,Advendo,Haarlem,0,2,1631,1742,0.339,0.109,0.551,3,4,-11.9,9.5,149,131
1920-02-22,Deetos,HSV,4,5,1769,1664,0.638,0.102,0.259,4,3,-24.4,31.1,134,151
1920-02-22,Jong Holland,BEP,2,3,1452,1290,0.710,0.089,0.201,5,3,-45.2,59.7,180,206
1920-02-22,Thor (Zu),DVD²,6,2,1256,1814,0.035,0.029,0.937,1,6,115.3,-68.7,166,131
1920-02-22,Wilhelmina,DOS (E),2,3,1606,1725,0.331,0.102,0.567,4,5,-0.0,-0.0,162,166
1920-02-22,ZKC (Zu),Be Quick,5,0,1581,1478,0.637,0.102,0.261,4,3,25.3,-27.8,148,156
1920-02-29,Amersfoort,Gooiers,7,0,1451,1334,0.665,0.081,0.254,8,6,35.5,-34.3,175,172
1920-02-29,DDV,DOSO,4,1,1754,1741,0.516,0.107,0.377,5,4,23.3,-21.2,149,141
1920-02-29,DEV,OSCR,11,6,1990,1745,0.800,0.064,0.136,7,3,7.8,-8.8,135,145
1920-02-29,HKC (He),Naas,6,1,1551,1215,0.866,0.052,0.082,6,2,7.6,-11.3,156,222
1920-02-29,Nausikaa,OHS,0,7,1566,2014,0.066,0.041,0.892,2,8,-20.5,21.8,226,236
1920-02-29,Quick (Arn),Onder Ons,1,5,1460,1768,0.140,0.070,0.790,3,6,-6.7,7.3,151,161
1920-02-29,TOV (D),Vlug en Lenig,3,4,1757,1743,0.517,0.108,0.375,5,4,-26.7,25.6,200,195
1920-03-07,DDV,DEV,14,11,1774,1996,0.216,0.081,0.703,4,7,48.1,-42.2,141,133
1920-03-07,Rap,Amersfoort,2,4,1245,1484,0.202,0.072,0.725,5,8,10.4,-5.3,208,165
1920-03-07,Rozenburg,Voorwaarts (M),20,0,1534,1232,0.843,0.059,0.099,6,2,25.8,-35.4,189,230
1920-03-07,Vitesse (Leiden),Fluks,3,7,1891,1947,0.415,0.112,0.474,3,4,-36.0,34.7,153,150
1920-03-14,Avanti,Westerkwartier,4,2,1563,1826,0.177,0.077,0.746,3,6,64.6,-53.6,177,161
1920-03-14,DVD²,DTV,4,6,1740,1922,0.254,0.098,0.648,3,5,-2.7,2.7,137,138
1920-03-14,EKCA,Noviomagum,3,4,1321,1375,0.414,0.118,0.467,2,3,-9.6,20.7,157,245
1920-03-14,Jong Holland,Velocitas,0,1,1403,1439,0.441,0.114,0.444,3,4,-14.3,15.9,175,185
1920-03-14,OSCR,DDV,5,2,1733,1824,0.371,0.102,0.527,4,5,34.2,-31.0,144,137
1920-03-14,Ready (A),RODA (W),3,1,1624,1547,0.606,0.099,0.295,5,4,8.7,-8.7,176,175
1920-03-14,TOGO (H),HKV,2,2,1150,1726,0.031,0.026,0.943,1,7,133.0,-77.1,268,213
1920-03-14,TOV (D),Vlug en Lenig,2,1,1727,1765,0.442,0.110,0.449,3,4,15.6,-15.1,184,181
1920-03-21,AKC (Al),HKC (He),1,5,1398,1555,0.282,0.104,0.614,3,4,-30.5,25.0,178,158
1920-03-21,BEP,Velocitas,5,3,1345,1454,0.340,0.117,0.543,2,3,50.1,-38.4,195,170
1920-03-21,Excelsior,Ready (A),2,4,1649,1631,0.520,0.111,0.369,4,3,-35.4,33.0,170,164
1920-03-21,Noviomagum,EKCA,0,3,1395,1310,0.611,0.108,0.281,4,2,-83.5,44.1,209,150
1920-03-21,OSCR,DEV,5,8,1767,1954,0.253,0.087,0.660,5,7,-7.7,7.3,138,132
1920-03-21,Onder Ons,DOS (E),4,6,1771,1720,0.572,0.098,0.329,6,5,-34.6,36.1,160,163
1920-03-21,RODA (W),KZ,2,10,1536,1617,0.386,0.099,0.515,5,6,-47.2,72.2,163,207
1920-03-28,DOS (E),Onder Ons,4,3,1757,1737,0.528,0.101,0.370,6,5,3.2,-3.2,154,151
1920-03-28,Deetos,DOSO,8,0,1739,1715,0.528,0.114,0.358,4,3,38.2,-39.3,142,144
1920-03-28,Juliana (G),Volharding,5,2,1090,1361,0.169,0.077,0.754,3,6,105.8,-89.4,219,202
1920-03-28,RODA (W),Animo,10,1,1489,1291,0.752,0.078,0.170,6,3,24.9,-37.4,155,195
1920-04-04,DOS (E),DEV,3,7,1760,1962,0.238,0.081,0.681,5,8,-12.7,10.8,145,132
1920-04-04,DTV,Fluks,5,8,1924,1981,0.416,0.107,0.477,4,5,-23.4,27.1,139,150
1920-04-11,Delden,AKC (Al),5,2,1374,1367,0.501,0.120,0.379,4,3,32.9,-32.9,170,170
1920-04-18,EKCA,Noviomagum,6,2,1353,1310,0.554,0.114,0.332,4,3,28.9,-44.2,152,194
1920-04-18,Zeelandia,Volharding,6,1,1272,1270,0.500,0.106,0.394,5,4,62.9,-53.5,211,192
1920-04-25,DEV,DDV,2,1,1972,1791,0.739,0.073,0.188,8,5,-13.9,16.5,134,146
1920-04-25,Juliana (G),Steeds Voorwaarts,6,2,1195,1452,0.181,0.080,0.739,3,6,105.0,-102.8,207,205
1920-04-25,Ready (A),DOSO,9,2,1663,1673,0.481,0.113,0.407,5,4,52.5,-42.2,164,146
1920-05-02,Be Quick,EKCA,0,0,1382,1383,0.491,0.118,0.392,4,3,-5.1,4.4,159,148
1920-05-02,Be Quick,Noviomagum,0,2,1444,1265,0.725,0.093,0.181,4,1,-60.7,67.0,170,178
1920-05-02,Excelsior,Ready (A),3,2,1612,1717,0.348,0.110,0.542,3,4,25.4,-20.6,170,153
1920-05-02,Juliana (G),Volharding,0,2,1301,1216,0.616,0.099,0.285,5,4,-53.8,47.3,192,179
1920-05-02,Noviomagum,EKCA,2,0,1331,1386,0.413,0.120,0.467,2,3,30.7,-21.9,166,139
1920-05-02,Onder Ons,PSV,2,3,1681,1406,0.824,0.062,0.115,6,3,-43.8,65.1,148,178
1920-05-02,Onder Ons,Quick (Arn),0,1,1732,1448,0.830,0.062,0.108,6,2,-49.5,58.4,154,166
1920-05-02,Quick (Arn),PSV,2,4,1505,1471,0.545,0.107,0.348,5,4,-32.9,36.9,158,168
1920-05-02,Rap,DOSO,1,2,1253,1630,0.099,0.053,0.849,3,7,49.1,-20.9,204,139
1920-05-02,Zeelandia,Steeds Voorwaarts,5,4,1335,1349,0.477,0.108,0.414,5,4,11.9,-11.8,191,190
1920-05-09,DEV,DOS (E),7,0,1957,1745,0.770,0.068,0.161,8,4,15.3,-18.6,134,150
1920-05-09,Juliana (G),Zeelandia,4,4,1245,1346,0.354,0.108,0.538,4,5,10.7,-10.6,176,175
1920-05-09,Steeds Voorwaarts,Volharding,6,0,1336,1262,0.602,0.100,0.298,5,4,40.8,-37.9,174,167
1920-05-09,Voorwaarts (M),DHBSC,1,14,1194,1602,0.082,0.050,0.868,2,7,-31.2,27.9,228,212
1920-05-16,AKC (Aa),DOS (M),14,2,1656,1321,0.867,0.049,0.083,7,2,45.4,-34.9,280,235
1920-05-16,DHBSC,Spartaan,8,2,1632,1359,0.821,0.064,0.114,6,2,24.0,-25.0,202,208
1920-05-16,DOSO,Excelsior,2,6,1608,1632,0.455,0.122,0.423,4,3,-36.5,43.3,141,154
1920-05-16,Rap,Excelsior,1,4,1301,1636,0.123,0.061,0.816,3,7,6.9,-3.5,195,161
1920-05-23,DDM,VIJW,4,3,1567,1513,0.574,0.103,0.323,5,4,0.8,-0.8,231,231
1920-05-30,DDV,Haarlem,3,1,1805,1744,0.584,0.101,0.315,5,4,8.7,-9.6,151,161
1920-05-30,Macbi,DSV (H),3,5,1421,1222,0.754,0.077,0.169,6,3,-63.6,63.6,175,175
1920-05-30,Ready (A),Rozenburg,4,4,1695,1561,0.678,0.092,0.230,5,3,-19.8,35.8,153,203
1920-05-30,Zeelandia,Juliana (G),8,2,1336,1256,0.608,0.102,0.290,5,3,38.0,-38.3,168,168
1920-06-06,Steeds Voorwaarts,DOS (M),11,1,1381,1289,0.627,0.095,0.278,6,4,41.3,-67.3,170,225
1920-06-13,AJC (H),DSV (H),1,5,1284,1290,0.490,0.105,0.405,6,5,-51.1,47.6,175,169
1920-06-13,DOS (M),AKC (Aa),3,7,1221,1707,0.054,0.035,0.911,2,8,4.5,-13.2,200,260
1920-06-13,Steeds Voorwaarts,Juliana (G),5,9,1424,1221,0.758,0.076,0.166,6,3,-75.3,75.1,161,161
1920-06-20,AJC (H),THB,5,3,1234,1104,0.675,0.092,0.233,5,3,4.2,-2.7,162,298
1920-06-20,AKC (As),Vitesse (Be),3,5,1271,1479,0.228,0.089,0.682,4,6,-4.9,0.7,175,350
1920-06-20,HBS (As),Kinea (A),2,4,1060,1265,0.231,0.089,0.680,4,6,-0.3,0.3,175,175
1920-06-20,Hercules (NP),VOMOS,2,14,1292,1456,0.275,0.101,0.625,3,5,-40.3,124.6,175,350
1920-06-20,Macbi,AJC (H),6,0,1363,1239,0.668,0.091,0.241,6,4,32.5,-27.3,171,155
1920-06-20,NKC (Ne),DKC (Di),7,1,1476,934,0.953,0.021,0.025,8,1,1.1,-0.3,175,204
1920-06-20,Pro Patria,Jong Holland,2,7,907,1391,0.054,0.037,0.909,2,7,-2.1,1.8,175,191
1920-06-20,Volharding,Juliana (G),3,8,1229,1299,0.397,0.108,0.496,4,5,-45.8,38.8,169,154
1920-06-27,DDK (S),MKC (Me),4,3,1416,1339,0.605,0.100,0.295,5,4,0.1,10.9,175,350
1920-06-27,HBS (B),Veendam,10,0,1345,1083,0.813,0.063,0.124,7,3,24.8,-24.8,175,175
1920-06-27,Juliana (G),DOS (M),12,3,1339,1228,0.652,0.093,0.255,6,4,30.1,-50.4,146,196
1920-06-27,THB,Macbi,3,3,1101,1396,0.149,0.074,0.778,3,6,71.5,-28.3,246,161
1920-06-27,VOMOS,Voorwaarts (M),4,5,1583,1168,0.911,0.037,0.053,7,2,-147.9,97.4,270,225
1920-07-04,AJC (H),Macbi,1,3,1217,1374,0.285,0.098,0.617,4,5,-5.5,5.8,151,156
1920-07-04,HBS (B),Veendam,10,0,1377,1064,0.853,0.052,0.094,7,3,18.5,-18.5,168,168
1920-07-11,DOS (M),Zeelandia,1,16,1184,1387,0.233,0.088,0.679,4,6,-42.2,37.5,181,169
1920-07-11,Haarlem,Advendo,2,1,1747,1624,0.662,0.097,0.240,5,3,-8.6,11.6,164,185
1920-07-11,Kinea (A),AKC (As),2,4,1272,1273,0.496,0.105,0.398,6,5,-30.2,31.6,169,173
1920-07-11,Volharding,Steeds Voorwaarts,9,4,1189,1358,0.272,0.095,0.633,4,6,66.8,-66.4,162,162
1920-07-11,WKC (Gro),HBS (B),0,6,997,1397,0.087,0.048,0.865,3,8,-10.4,9.4,175,163
1920-07-18,MKC (Me),DOS (E),2,0,1356,1737,0.096,0.053,0.851,3,7,167.3,-58.8,271,167
1920-07-18,Vitesse (Be),DOS (E),0,1,1584,1677,0.367,0.104,0.529,4,5,-6.5,4.1,229,161
1920-07-18,Vitesse (Be),WK,3,0,1486,1588,0.355,0.104,0.541,4,5,98.0,-41.7,278,175
1920-07-18,Vitesse (Be),Wilhelmina,0,2,1576,1611,0.445,0.112,0.443,5,4,-33.3,32.8,198,196
1920-07-18,Wilhelmina,DOS (E),0,0,1643,1680,0.443,0.111,0.446,3,4,0.2,-0.1,177,151
1920-07-25,Advendo,DSV (H),5,1,1632,1344,0.833,0.060,0.106,6,2,4.2,-4.1,174,169
1920-07-25,Quick (S),SSS (Z),3,8,1312,1403,0.367,0.110,0.523,3,4,-39.0,123.1,175,350
1920-07-25,Steeds Voorwaarts,Zeelandia,3,8,1289,1425,0.311,0.098,0.591,4,6,-30.1,32.5,156,163
1920-07-25,THB,AJC (H),4,1,1176,1209,0.450,0.110,0.440,5,4,57.7,-27.2,226,149
1920-07-25,VOMOS,Hercules (NP),11,0,1439,1256,0.736,0.083,0.181,5,3,62.9,-34.0,257,177
1920-08-01,UNA (L),UDI (T),4,1,1393,1301,0.627,0.095,0.278,6,4,17.1,-17.1,175,175
1920-08-01,Volharding,Juliana (G),16,2,1256,1376,0.332,0.100,0.568,4,6,68.1,-62.9,158,152
1920-08-08,DDK (S),WKC (DW),7,3,1423,1352,0.598,0.100,0.302,5,4,31.3,-30.0,179,175
1920-08-08,Quick (S),Hercules (NP),5,4,1276,1224,0.569,0.107,0.324,5,3,0.2,-0.2,170,172
1920-08-08,UDI (Te),Rapide,15,1,1082,1112,0.456,0.105,0.439,6,5,126.0,-57.3,274,175
1920-08-08,Volharding,Zeelandia,1,4,1329,1462,0.317,0.096,0.587,5,6,-15.9,17.0,150,156
1920-08-08,WKC (DW),UDI (H),9,1,1322,1398,0.389,0.107,0.503,4,5,60.2,-70.2,161,175
1920-08-15,Hercules (NP),Quick (S),2,7,1229,1281,0.420,0.112,0.468,3,4,-45.1,44.6,161,160
1920-08-15,Kinea (A),DDV,6,10,1247,1832,0.030,0.023,0.947,2,8,12.1,-12.4,167,169
1920-08-22,AKC (Aa),WTK,7,0,1709,1086,0.970,0.014,0.016,9,1,-0.2,-2.0,258,175
1920-08-22,SSS (Z),VOMOS,2,0,1535,1512,0.530,0.107,0.364,5,4,34.1,-26.9,269,231
1920-08-29,DDK (S),OLS,5,4,1460,1410,0.569,0.103,0.329,5,4,0.0,0.1,171,175
1920-08-29,UDI (T),HBS (B),3,4,1291,1413,0.330,0.100,0.570,4,6,0.4,-0.4,171,173
1920-08-29,Vitesse (Be),AKC (As),5,2,1548,1311,0.791,0.069,0.139,6,3,-0.9,0.1,191,175
1920-09-05,DDM,VIJW,10,0,1587,1531,0.577,0.102,0.321,5,4,75.9,-75.9,231,231
1920-09-05,MIA (M),HBS (B),3,0,1453,1413,0.557,0.100,0.343,6,5,24.7,-21.5,175,162
1920-09-05,OKK (R),SSS (V),1,0,1394,1346,0.567,0.101,0.332,5,4,0.1,-0.1,175,175
1920-09-05,OKK (R),VOP (M),0,0,1393,1412,0.471,0.107,0.422,6,5,-2.4,2.9,161,175
1920-09-05,SSS (V),VOP (M),1,0,1345,1414,0.399,0.107,0.493,4,5,17.0,-16.7,161,160
1920-09-05,Zeelandia,Volharding,4,1,1485,1318,0.720,0.081,0.199,7,4,4.7,-4.6,155,151
1920-09-12,AW,Haarlem,2,5,1534,1747,0.218,0.097,0.684,2,4,-18.2,14.3,205,174
1920-09-12,Advendo,Ready (A),1,5,1649,1697,0.425,0.115,0.460,3,4,-49.0,48.6,181,180
1920-09-12,BEP,ODIS²,6,4,1417,1395,0.525,0.113,0.362,4,3,26.6,-52.3,223,350
1920-09-12,DEV,DTV,3,1,2004,1959,0.565,0.096,0.339,6,5,10.8,-11.4,164,169
1920-09-12,DEV,DVD²,5,1,1995,1758,0.792,0.068,0.140,6,3,8.7,-9.6,174,191
1920-09-12,DHBSC,OSCR,2,6,1680,1780,0.358,0.102,0.539,4,5,-51.5,39.6,221,189
1920-09-12,DSV (H),AJC (H),2,3,1352,1193,0.709,0.085,0.205,6,3,-46.9,37.3,177,159
1920-09-12,Deetos,DED,9,5,1799,1840,0.437,0.112,0.451,3,4,54.0,-60.1,189,201
1920-09-12,Deetos,HSV,3,0,1854,1671,0.734,0.085,0.181,5,2,7.5,-8.2,172,188
1920-09-12,Excelsior,Hercules,4,2,1699,1560,0.681,0.096,0.222,4,2,2.9,-2.7,182,200
1920-09-12,Fluks,Velox,2,1,2030,1502,0.949,0.024,0.027,7,0,-57.2,53.5,192,187
1920-09-12,Fluks,Vitesse (Haag),4,2,1972,1575,0.899,0.044,0.057,5,0,-26.8,25.8,188,185
1920-09-12,HBS (B),UDI (N),4,2,1394,1410,0.476,0.106,0.419,6,5,18.2,-23.3,153,175
1920-09-12,HSV,Vitesse (Haag),5,5,1712,1536,0.724,0.091,0.186,4,2,-40.4,38.7,205,201
1920-09-12,Jong Holland,Tekca,3,8,1410,1716,0.142,0.069,0.789,3,7,-21.7,20.7,207,200
1920-09-12,KVO,Swift,3,5,1563,1482,0.611,0.099,0.290,5,4,-64.7,98.3,245,306
1920-09-12,OSCR,Fluks,7,1,1820,1945,0.322,0.108,0.570,3,4,72.0,-77.8,173,180
1920-09-12,OSCR,Rozenburg,4,2,1892,1579,0.853,0.054,0.093,7,2,-16.0,26.4,160,197
1920-09-12,RODA (W),Westerkwartier,7,2,1536,1791,0.183,0.078,0.739,4,7,105.6,-113.9,200,207
1920-09-12,Rozenburg,ALO,2,1,1619,1348,0.820,0.065,0.115,6,2,-39.4,31.3,212,192
1920-09-12,VOMOS,Voorwaarts (M),5,2,1488,1282,0.761,0.076,0.163,6,3,7.0,-7.0,212,233
1920-09-12,Velox,ALO,6,0,1435,1420,0.514,0.116,0.369,4,3,66.6,-71.0,208,216
1920-09-12,Vitesse (Leiden),DTV,1,4,1874,1921,0.431,0.106,0.463,4,5,-44.3,38.2,201,185
1920-09-19,Amstelodamum,ASV,3,3,1540,1576,0.447,0.106,0.447,6,5,-0.0,0.0,175,175
1920-09-19,Blauw Wit,Swift,1,11,1613,1578,0.545,0.109,0.346,4,3,-101.0,131.9,220,255
1920-09-19,DHBSC,HSV,4,6,1625,1659,0.448,0.109,0.443,5,4,-32.7,26.8,196,176
1920-09-19,DOSO,DDV,4,5,1591,1822,0.203,0.087,0.710,3,5,16.0,-16.0,176,176
1920-09-19,DTV,Deetos,3,10,1944,1858,0.617,0.100,0.283,5,4,-69.3,74.2,158,164
1920-09-19,Die Haghe,TOGO (H),2,1,1475,1300,0.727,0.084,0.189,6,3,-11.6,40.7,175,292
1920-09-19,Fluks,Vitesse (Leiden),2,3,1863,1826,0.546,0.112,0.342,4,3,-24.4,28.9,167,182
1920-09-19,Haarlem,Excelsior,14,2,1759,1699,0.579,0.109,0.312,4,3,45.0,-48.1,165,171
1920-09-19,Holver,TOGO (A),0,11,1370,1301,0.595,0.099,0.306,5,4,-81.8,81.8,175,175
1920-09-19,KZ,ZKV (Za),2,0,1709,1535,0.733,0.072,0.195,8,5,-13.0,5.6,231,175
1920-09-19,ODIS²,Velocitas,9,1,1340,1433,0.361,0.115,0.524,3,4,140.4,-88.7,273,211
1920-09-19,OSCR,Rozenburg,7,0,1873,1602,0.820,0.063,0.117,6,2,16.9,-23.0,156,188
1920-09-19,Ready (A),AW,5,2,1743,1512,0.782,0.076,0.142,5,2,2.7,-2.4,167,188
1920-09-19,SDO (A),Victoria (A),2,8,1485,1540,0.419,0.106,0.475,4,5,-54.4,54.4,175,175
1920-09-19,SVO,Zuiden,3,6,1629,1652,0.464,0.107,0.429,6,5,-37.0,63.4,175,236
1920-09-19,Tekca,Animo,9,0,1735,1271,0.930,0.029,0.040,8,2,12.6,-16.4,188,227
1920-09-19,UDI (Te),Zeelandia,0,3,1218,1490,0.169,0.074,0.757,4,7,-2.5,3.5,235,151
1920-09-19,Vitesse (Haag),Velox,4,3,1598,1552,0.556,0.115,0.329,3,2,2.5,-2.6,180,184
1920-09-19,Vlug en Lenig,Spartaan,6,0,1767,1353,0.909,0.038,0.053,6,1,13.3,-13.8,218,226
1920-09-26,AKC (Aa),Zeelandia,8,5,1710,1493,0.772,0.073,0.154,6,3,0.8,-3.3,259,147
1920-09-26,ALO,OSCR,0,8,1375,1890,0.044,0.034,0.922,1,7,-10.8,8.0,185,152
1920-09-26,Blauw Wit,OSCA,4,4,1510,1413,0.629,0.105,0.266,4,2,-23.0,32.7,200,236
1920-09-26,DDV,Haarlem,2,8,1806,1805,0.499,0.105,0.397,6,5,-59.3,52.1,166,155
1920-09-26,DEV,Deetos,6,3,2011,1933,0.607,0.097,0.296,6,4,15.8,-15.4,157,154
1920-09-26,DOSO,Hercules,2,4,1606,1554,0.566,0.113,0.321,4,3,-39.1,48.6,166,186
1920-09-26,Excelsior,Ready (A),5,5,1649,1745,0.359,0.111,0.530,3,4,8.7,-8.7,160,160
1920-09-26,HBS (B),MIA (M),2,3,1409,1478,0.400,0.105,0.495,4,5,-6.1,7.6,148,167
1920-09-26,Holver,AJC,0,8,1286,1361,0.391,0.107,0.502,4,5,-50.2,56.9,163,175
1920-09-26,KVO,Nausikaa,1,13,1495,1558,0.408,0.106,0.486,4,5,-83.2,108.8,223,261
1920-09-26,ODIS²,Animo,5,2,1481,1253,0.780,0.074,0.146,6,2,5.2,-5.4,231,219
1920-09-26,RODA (W),KZ,2,6,1639,1695,0.421,0.100,0.479,5,6,-44.9,53.5,188,208
1920-09-26,SVO,Victoria (A),7,5,1591,1595,0.491,0.106,0.403,6,5,19.4,-18.9,165,163
1920-09-26,Velocitas,Jong Holland,3,5,1343,1385,0.433,0.116,0.450,2,3,-32.0,32.4,194,195
1920-09-26,Velox,DHBSC,4,2,1548,1591,0.434,0.110,0.455,3,4,27.1,-29.4,170,178
1920-09-26,Vitesse (Be),Oring,0,1,1548,1577,0.453,0.112,0.435,5,4,-13.9,41.2,186,350
1920-09-26,Vitesse (Haag),Rozenburg,7,3,1599,1578,0.524,0.115,0.361,4,3,37.0,-41.5,167,178
1920-09-26,Vitesse (Leiden),DTV,4,4,1854,1874,0.469,0.108,0.423,5,4,-2.6,2.0,168,150
1920-09-26,Westerkwartier,ZKV (Za),5,2,1674,1539,0.684,0.084,0.232,7,4,11.5,-9.4,194,167
1920-10-03,AW,DOSO,1,8,1509,1567,0.407,0.123,0.469,2,3,-62.6,48.8,180,157
1920-10-03,Amstel,Victoria (A),1,3,1418,1577,0.284,0.095,0.621,4,6,-6.3,5.3,175,153
1920-10-03,Blauw Wit,OHS,3,7,1488,2051,0.034,0.026,0.940,1,8,6.9,-23.1,185,270
1920-10-03,DTV,DED,8,5,1876,1777,0.635,0.095,0.270,6,4,11.8,-18.2,143,186
1920-10-03,Deetos,Vitesse (Leiden),6,2,1918,1852,0.589,0.105,0.306,5,3,23.7,-26.6,147,157
1920-10-03,Fluks,DVD²,16,1,1838,1744,0.621,0.111,0.269,3,2,38.2,-49.5,159,185
1920-10-03,HSV,Velox,7,5,1686,1576,0.646,0.101,0.252,4,3,5.0,-4.8,166,159
1920-10-03,Haarlem,Advendo,6,5,1859,1596,0.811,0.068,0.121,5,2,-20.8,29.3,147,172
1920-10-03,Hercules,Ready (A),5,3,1603,1737,0.311,0.105,0.585,3,5,43.4,-33.9,171,151
1920-10-03,Jong Holland,Animo,4,1,1418,1248,0.721,0.086,0.193,5,3,9.2,-10.7,178,203
1920-10-03,KVO,OSCA,12,4,1412,1446,0.446,0.111,0.442,5,4,77.0,-81.8,202,209
1920-10-03,KZ,Westerkwartier,7,3,1749,1686,0.591,0.095,0.315,6,5,32.4,-30.0,187,179
1920-10-03,OSCR,DHBSC,12,4,1899,1562,0.870,0.048,0.082,7,3,12.3,-14.2,151,165
1920-10-03,Rozenburg,ALO,3,1,1536,1364,0.722,0.089,0.190,5,2,-2.2,3.3,165,181
1920-10-03,SDO (A),Zuiden,4,6,1430,1716,0.157,0.073,0.770,3,6,7.6,-14.2,165,206
1920-10-03,SVO,Amstelodamum,8,3,1611,1540,0.599,0.099,0.302,5,4,29.4,-33.1,154,165
1920-10-03,Spartaan,TOV (D),2,4,1338,1760,0.075,0.051,0.874,1,5,27.1,-28.9,218,223
1920-10-03,Tekca,ODIS²,12,1,1748,1487,0.814,0.063,0.124,7,3,28.5,-35.2,187,212
1920-10-10,ALO,HSV,3,4,1367,1693,0.126,0.071,0.803,2,5,26.9,-22.4,170,157
1920-10-10,AW,DDV,0,7,1447,1747,0.145,0.074,0.782,2,5,-22.7,20.9,165,158
1920-10-10,Advendo,Excelsior,5,2,1627,1660,0.445,0.119,0.436,4,3,37.0,-32.3,165,153
1920-10-10,Amstel,SVO,1,4,1412,1642,0.206,0.084,0.710,4,6,-6.6,5.8,163,147
1920-10-10,DHBSC,Vitesse (Haag),6,1,1549,1639,0.369,0.109,0.522,3,4,55.5,-54.4,161,159
1920-10-10,DVD²,DED,4,2,1695,1760,0.402,0.114,0.485,3,4,31.6,-31.9,171,172
1920-10-10,MEVO,Zeelandia,2,12,1323,1491,0.272,0.095,0.633,4,6,-40.9,32.7,167,147
1920-10-10,SDO (A),Amstelodamum,1,6,1438,1507,0.400,0.106,0.494,4,5,-41.0,39.3,159,155
1920-10-10,TOV (D),Vlug en Lenig,4,0,1732,1781,0.425,0.111,0.464,3,4,65.4,-66.5,212,214
1920-10-10,Velocitas,Tekca,6,10,1312,1780,0.059,0.040,0.901,2,7,4.8,-4.6,179,178
1920-10-10,Vitesse (Leiden),DEV,6,3,1825,2028,0.235,0.087,0.678,4,6,49.4,-51.6,148,151
1920-10-10,WKC (We),Volharding,4,2,1322,1315,0.509,0.104,0.387,6,5,19.3,-15.6,175,155
1920-10-17,Amstelodamum,Zuiden,2,2,1547,1702,0.287,0.098,0.616,4,6,13.5,-24.0,147,193
1920-10-17,Animo,BEP,1,5,1237,1442,0.228,0.097,0.675,2,4,-27.3,33.3,189,214
1920-10-17,Blauw Wit,Nausikaa,1,9,1495,1670,0.263,0.097,0.640,3,5,-44.8,64.1,184,228
1920-10-17,DDV,Hercules,2,3,1768,1647,0.664,0.092,0.244,6,4,-31.4,35.4,153,162
1920-10-17,DTV,DVD²,2,2,1889,1726,0.712,0.088,0.199,5,3,-21.8,28.1,141,159
1920-10-17,Excelsior,AW,3,2,1626,1423,0.753,0.087,0.161,4,1,-15.1,18.4,145,159
1920-10-17,Fluks,Deetos,4,5,1880,1943,0.405,0.114,0.481,3,4,-8.4,7.3,154,143
1920-10-17,HSV,Rozenburg,6,2,1670,1534,0.679,0.095,0.226,5,3,17.6,-19.2,152,160
1920-10-17,Haarlem,DOSO,2,3,1839,1617,0.775,0.076,0.149,5,2,-41.2,43.8,147,151
1920-10-17,KVO,OHS,4,0,1491,2029,0.040,0.028,0.932,2,8,109.2,-229.5,186,259
1920-10-17,OSCA,Swift,0,9,1365,1712,0.112,0.065,0.823,2,5,-27.8,36.8,190,226
1920-10-17,SDO (A),SVO,3,1,1396,1648,0.186,0.081,0.733,3,6,48.6,-43.8,150,142
1920-10-17,TOGO (H),HBS (H),3,2,1340,1325,0.519,0.109,0.372,5,4,10.3,-6.2,252,175
1920-10-17,Velox,OSCR,4,4,1572,1914,0.117,0.063,0.820,2,6,37.2,-36.1,154,152
1920-10-24,AW,Hercules,4,5,1443,1684,0.191,0.093,0.716,2,4,13.3,-13.5,153,154
1920-10-24,Advendo,DOSO,4,5,1666,1663,0.496,0.119,0.385,4,3,-18.6,16.4,157,146
1920-10-24,Amstel,SDO (A),5,2,1406,1447,0.440,0.108,0.452,4,5,33.1,-28.1,158,144
1920-10-24,BEP,Velocitas,5,5,1477,1319,0.704,0.094,0.202,4,2,-36.1,29.6,195,177
1920-10-24,DHBSC,ALO,5,2,1606,1395,0.765,0.077,0.158,6,3,2.2,-2.1,154,166
1920-10-24,DOV,GESH,4,0,1459,1183,0.825,0.060,0.114,7,3,4.1,-4.1,175,175
1920-10-24,DOV,VIOS (Oo),3,1,1463,1266,0.752,0.077,0.170,6,3,-7.1,8.2,166,175
1920-10-24,DOV,VOMOS (S),0,1,1456,1522,0.403,0.108,0.489,4,5,-7.5,7.8,157,161
1920-10-24,DVD²,DEV,3,3,1756,1978,0.213,0.088,0.699,3,5,24.1,-22.7,152,148
1920-10-24,KVO,Blauw Wit,6,0,1602,1452,0.701,0.086,0.214,6,4,32.5,-29.6,183,173
1920-10-24,MEVO,Zeelandia,1,14,1283,1527,0.193,0.081,0.726,3,6,-29.4,24.6,159,144
1920-10-24,OSCA,OHS,2,7,1338,1800,0.059,0.044,0.897,1,6,-7.9,9.8,182,246
1920-10-24,Ready (A),DDV,4,5,1706,1738,0.451,0.107,0.442,6,5,-11.1,10.7,149,146
1920-10-24,STA,Be Quick (EC),3,1,1194,1060,0.680,0.089,0.231,6,4,0.3,-0.3,175,175
1920-10-24,SVO,ASV,7,4,1605,1578,0.536,0.106,0.359,5,4,18.5,-27.4,138,172
1920-10-24,TOG (ND),VOMOS (S),2,1,1383,1529,0.298,0.101,0.601,4,5,33.1,-23.9,175,149
1920-10-24,VOMOS (S),DOSO (NA),1,0,1523,1475,0.567,0.102,0.332,5,4,0.2,-0.2,175,175
1920-10-24,Vitesse (Haag),OSCR,1,10,1585,1880,0.149,0.075,0.776,2,5,-22.1,20.9,153,148
1920-10-24,Vitesse (Leiden),DED,4,1,1877,1729,0.695,0.089,0.215,5,3,7.5,-8.9,145,162
1920-10-24,WIK (K),OKK (R),1,1,1357,1393,0.445,0.109,0.445,5,4,-0.0,0.0,175,166
1920-10-31,ALO,OSCR,1,3,1404,1913,0.046,0.034,0.919,1,7,26.5,-21.3,159,144
1920-10-31,Advendo,DDV,3,0,1658,1760,0.353,0.108,0.539,4,5,38.5,-34.5,148,139
1920-10-31,Amersfoort,Gooiers,3,0,1510,1327,0.742,0.072,0.187,8,5,5.9,-5.8,223,228
1920-10-31,Amstel,ASV,3,1,1450,1562,0.343,0.104,0.553,4,5,29.8,-34.2,148,159
1920-10-31,Amstelodamum,Victoria (A),4,1,1572,1595,0.465,0.108,0.427,6,5,25.9,-29.2,144,154
1920-10-31,Avanti,LUTO,1,6,1659,1760,0.356,0.106,0.538,4,5,-65.3,59.2,229,216
1920-10-31,BEP,KZ,2,13,1452,1796,0.117,0.061,0.822,3,7,-25.5,25.1,181,179
1920-10-31,DEV,DDV,8,1,1961,1724,0.793,0.066,0.141,7,4,13.7,-13.2,134,131
1920-10-31,DEV,Fluks,5,4,1965,1884,0.612,0.099,0.289,5,4,-3.9,4.3,142,148
1920-10-31,DOS (M),AKC (Aa),1,1,1162,1726,0.034,0.026,0.940,1,8,73.0,-105.7,200,235
1920-10-31,DOSO,Ready (A),4,1,1690,1705,0.472,0.114,0.413,4,3,25.3,-26.0,140,142
1920-10-31,DOV,OKK (R),2,1,1458,1404,0.574,0.105,0.321,5,4,-0.5,0.7,148,156
1920-10-31,DOV,SSS (V),2,0,1457,1370,0.617,0.102,0.281,5,3,5.3,-5.7,139,146
1920-10-31,Deetos,DTV,5,2,1963,1880,0.614,0.100,0.286,5,4,13.2,-13.1,140,140
1920-10-31,Deetos,Noviomagum,23,2,1976,1395,0.961,0.019,0.020,6,0,4.0,-7.9,132,207
1920-10-31,Haarlem,DVD²,7,6,1810,1790,0.522,0.114,0.364,4,3,4.1,-4.1,145,146
1920-10-31,Hercules,DED,6,4,1692,1730,0.441,0.112,0.447,3,4,18.9,-23.2,138,154
1920-10-31,Hercules,Excelsior,6,4,1682,1624,0.575,0.111,0.314,4,3,10.2,-9.8,148,144
1920-10-31,Incasso Bank,Vitesse (A),1,7,1365,1326,0.554,0.103,0.343,5,4,-70.2,70.2,175,175
1920-10-31,KDC,KVD,1,5,1348,1717,0.101,0.059,0.839,2,6,-6.9,7.6,175,254
1920-10-31,OKK (R),VOP (M),2,1,1403,1410,0.487,0.112,0.402,5,4,6.9,-7.7,145,154
1920-10-31,Rozenburg,DHBSC,2,0,1528,1620,0.368,0.107,0.526,4,5,30.1,-28.0,155,149
1920-10-31,Rozenburg,Velox,2,3,1557,1622,0.401,0.116,0.483,3,4,-7.3,8.1,144,152
1920-10-31,SSS (V),STA,2,0,1374,1205,0.721,0.084,0.195,6,3,-3.5,4.3,154,165
1920-10-31,SSS (V),VOP (M),0,0,1376,1411,0.446,0.110,0.444,5,4,-0.2,0.2,168,167
1920-10-31,SVO,SDO (A),7,3,1635,1429,0.761,0.077,0.163,6,3,7.1,-7.5,133,138
1920-10-31,TOV (H),DOVA,0,9,949,1299,0.111,0.065,0.824,2,5,-41.6,55.8,237,288
1920-10-31,Tekca,DOSO,3,1,1789,1715,0.603,0.099,0.298,5,4,8.8,-5.5,178,131
1920-10-31,Velocitas,Animo,5,1,1360,1222,0.681,0.097,0.222,4,2,21.6,-24.1,168,179
1920-10-31,Vitesse (Haag),DHBSC,4,2,1573,1590,0.470,0.113,0.417,5,4,19.1,-17.0,148,139
1920-10-31,Vitesse (Leiden),Fluks,1,6,1895,1888,0.504,0.114,0.382,4,3,-44.1,43.3,140,139
1920-10-31,Voorwaarts (M),Rood Wit (H),2,1,1286,1567,0.162,0.072,0.766,4,7,57.1,-124.1,223,321
1920-10-31,ZKV (Za),RODA (W),2,4,1543,1608,0.409,0.100,0.490,5,6,-19.0,22.0,168,182
1920-10-31,Zeelandia,Volharding,3,1,1565,1312,0.808,0.063,0.129,7,3,-11.1,13.6,140,152
1920-11-07,Amstel,Amstelodamum,2,3,1480,1598,0.334,0.103,0.563,4,5,-0.1,0.1,142,138
1920-11-07,DKC (De),HBS (H),5,0,1173,1331,0.281,0.104,0.615,3,4,208.1,-54.5,350,170
1920-11-07,Emma,Die Haghe,13,0,1830,1476,0.878,0.048,0.074,6,2,17.6,-18.6,175,181
1920-11-07,Robaver,Bijenkorf,0,8,1330,1500,0.269,0.099,0.632,3,5,-40.6,87.0,175,276
1920-11-07,TOGO (H),KVR,1,3,1364,1364,0.496,0.111,0.393,5,4,-47.9,31.7,219,175
1920-11-07,Taseno,Ons Huis,2,0,1772,1639,0.680,0.089,0.231,6,4,0.4,-0.4,175,175
1920-11-07,Victoria (A),SDO (A),8,5,1565,1421,0.692,0.088,0.219,6,3,7.1,-6.3,145,135
1920-11-07,Vitesse (A),Aldy,19,1,1397,901,0.941,0.025,0.033,8,2,8.3,-9.2,163,175
1920-11-14,Amstel,Zuiden,2,5,1481,1654,0.267,0.097,0.636,3,5,-10.9,15.5,136,168
1920-11-14,Amstelodamum,SDO (A),4,0,1600,1417,0.737,0.081,0.182,6,3,8.7,-8.5,133,132
1920-11-14,BEP,RODA (W),3,1,1428,1631,0.232,0.094,0.674,3,5,54.9,-51.7,175,170
1920-11-14,DED,DEV,3,0,1709,1977,0.172,0.075,0.753,4,7,58.4,-48.4,148,135
1920-11-14,DVD²,Vitesse (Leiden),2,8,1788,1851,0.403,0.117,0.480,2,3,-39.7,37.4,142,137
1920-11-14,Excelsior,DOSO,7,4,1616,1710,0.359,0.117,0.524,2,3,36.5,-31.8,141,131
1920-11-14,HKC (He),Be Quick,12,2,1614,1410,0.755,0.082,0.162,5,2,45.5,-41.7,218,207
1920-11-14,Hercules,Advendo,5,2,1713,1698,0.516,0.114,0.370,4,3,20.9,-23.0,136,143
1920-11-14,LUTO,Swift,3,3,1821,1765,0.577,0.103,0.320,5,4,-16.5,19.9,197,215
1920-11-14,Quick (Arn),AKC (Al),0,0,1507,1367,0.683,0.098,0.220,4,2,-33.2,37.4,207,219
1920-11-14,Tekca,Zuiden,7,1,1799,1692,0.648,0.091,0.261,6,4,32.5,-38.0,167,183
1920-11-14,Velox,Deetos,2,6,1631,1986,0.112,0.055,0.833,4,8,0.3,-0.0,147,137
1920-11-14,Victoria (A),SVO,0,6,1575,1644,0.399,0.107,0.494,4,5,-36.9,34.0,140,134
1920-11-14,ZKV (Za),Avanti,4,1,1525,1595,0.401,0.102,0.496,5,6,34.5,-54.9,160,205
1920-11-21,ALO,Vitesse (Haag),5,2,1431,1594,0.273,0.111,0.617,2,3,56.8,-46.2,162,146
1920-11-21,Amstelodamum,SVO,0,0,1608,1679,0.397,0.108,0.494,4,5,3.7,-3.6,130,129
1920-11-21,Be Quick,Quick (Arn),2,0,1368,1473,0.345,0.119,0.536,2,3,47.2,-46.2,193,191
1920-11-21,DDV,Excelsior,2,4,1712,1653,0.580,0.105,0.314,5,3,-29.1,29.0,135,135
1920-11-21,DEV,DTV,3,3,1928,1867,0.585,0.099,0.316,6,4,-10.3,11.6,132,140
1920-11-21,DKC (De),TOGO (H),6,3,1383,1317,0.588,0.108,0.304,4,3,46.8,-28.1,270,196
1920-11-21,EKCA,HKC (He),6,0,1398,1661,0.175,0.082,0.744,3,5,113.8,-118.1,198,201
1920-11-21,Haarlem,Hercules,3,0,1816,1734,0.613,0.101,0.286,5,3,14.2,-12.0,144,131
1920-11-21,Jong Holland,ODIS²,3,1,1443,1466,0.463,0.111,0.426,5,4,26.2,-33.6,182,209
1920-11-21,Rap,Amersfoort,1,5,1343,1517,0.269,0.086,0.645,5,7,-35.4,30.1,232,208
1920-11-21,Rozenburg,Velox,3,3,1551,1631,0.380,0.115,0.504,3,4,5.4,-5.4,143,144
1920-11-21,SDO (A),ASV,2,3,1407,1528,0.329,0.105,0.566,4,5,-0.1,-0.3,129,155
1920-11-21,Wilhelmina,DOS (E),2,4,1665,1702,0.442,0.115,0.443,3,4,-34.5,29.7,199,183
1920-11-28,AKC (Al),Wilhelmina,3,1,1404,1630,0.205,0.097,0.698,2,4,75.6,-60.8,201,180
1920-11-28,ALO,Velox,0,3,1488,1625,0.305,0.112,0.583,2,4,-20.0,16.6,153,138
1920-11-28,ASV,SVO,3,3,1528,1674,0.298,0.102,0.600,4,5,14.3,-10.4,146,125
1920-11-28,AW,Ready (A),5,4,1469,1680,0.221,0.098,0.681,2,4,37.5,-31.5,157,144
1920-11-28,Aldy,Incasso Bank,2,8,893,1296,0.085,0.051,0.864,2,7,-12.3,11.5,178,170
1920-11-28,Animo,Velocitas,2,5,1199,1384,0.249,0.103,0.648,2,4,-17.6,16.2,174,166
1920-11-28,BEP,Tekca,2,3,1483,1832,0.114,0.061,0.826,3,7,29.3,-26.9,167,160
1920-11-28,DDV,DOSO,1,2,1682,1678,0.501,0.112,0.387,4,3,-13.5,13.3,131,130
1920-11-28,DHBSC,Rozenburg,1,3,1574,1556,0.524,0.109,0.368,5,4,-26.5,24.7,142,137
1920-11-28,DOS (E),EKCA,10,1,1732,1512,0.773,0.076,0.151,5,2,27.2,-31.5,170,185
1920-11-28,Excelsior,KDC,3,1,1681,1342,0.868,0.052,0.079,6,1,-12.2,24.4,130,176
1920-11-28,Gooiers,Rap,5,0,1322,1307,0.527,0.093,0.379,7,6,56.0,-52.9,214,207
1920-11-28,KZ,RODA (W),6,1,1825,1578,0.803,0.062,0.135,8,4,12.4,-11.0,178,163
1920-11-28,Nausikaa,Swift,8,2,1751,1785,0.449,0.109,0.442,5,4,77.3,-67.0,212,196
1920-11-28,OSCA,KVO,0,14,1342,1648,0.142,0.071,0.787,2,6,-31.3,29.5,186,180
1920-11-28,SDO (A),Amstelodamum,5,4,1406,1611,0.231,0.093,0.675,3,5,24.8,-24.9,126,126
1920-11-28,Vitesse (Haag),HSV,3,6,1547,1703,0.282,0.109,0.609,2,4,-15.1,18.7,140,158
1920-11-28,Vitesse (Leiden),Deetos,5,3,1890,1986,0.367,0.096,0.537,5,6,22.9,-23.8,135,138
1920-11-28,Zuiden,Victoria (A),6,0,1669,1537,0.678,0.092,0.230,5,3,28.3,-21.6,160,137
1920-12-05,ALO,Rozenburg,3,4,1467,1580,0.336,0.114,0.550,3,4,-1.6,1.5,145,132
1920-12-05,ASV,SDO (A),1,0,1541,1431,0.650,0.095,0.255,5,3,-7.4,5.6,140,124
1920-12-05,DEV,DVD²,8,3,1916,1747,0.721,0.086,0.193,5,3,14.3,-16.3,131,141
1920-12-05,HSV,OSCR,5,5,1721,1893,0.269,0.097,0.634,3,5,17.1,-18.1,150,154
1920-12-05,Ready (A),Haarlem,4,4,1648,1830,0.256,0.096,0.648,3,5,16.6,-17.0,139,141
1920-12-05,SVO,Amstelodamum,5,1,1663,1585,0.606,0.102,0.292,5,3,16.1,-16.3,123,124
1920-12-26,Swift,OSCA,11,1,1717,1310,0.906,0.040,0.054,6,1,15.5,-15.1,186,182
1921-01-02,DDV,Advendo,4,0,1667,1674,0.487,0.112,0.401,5,4,29.1,-35.0,138,153
1921-01-02,DED,Deetos,1,8,1766,1961,0.247,0.083,0.670,5,7,-29.8,24.9,158,143
1921-01-02,DHBSC,OSCR,2,7,1547,1874,0.128,0.064,0.808,3,7,-9.2,9.9,147,154
1921-01-02,DTV,Vitesse (Leiden),3,7,1878,1912,0.450,0.109,0.442,5,4,-36.6,33.6,148,141
1921-01-02,OSCA,Blauw Wit,8,5,1294,1433,0.303,0.109,0.588,3,4,58.3,-61.5,178,183
1921-01-02,Vitesse (Haag),ALO,4,2,1531,1465,0.586,0.113,0.301,3,2,9.5,-9.6,146,146
1921-01-09,ASV,Amstel,5,1,1533,1469,0.588,0.102,0.310,5,4,23.0,-24.4,146,151
1921-01-09,Amersfoort,Rap,3,3,1548,1253,0.843,0.052,0.105,8,4,-59.2,55.8,203,198
1921-01-09,DDV,AW,9,9,1696,1506,0.743,0.084,0.174,5,2,-21.8,33.0,133,162
1921-01-09,DOSO,Advendo,2,2,1691,1638,0.568,0.114,0.318,4,2,-10.5,11.2,140,144
1921-01-09,HSV,ALO,3,0,1739,1455,0.829,0.064,0.107,5,2,-4.1,3.0,154,140
1921-01-09,Hercules,Haarlem,3,2,1721,1813,0.368,0.108,0.524,4,5,17.3,-17.9,144,147
1921-01-09,LUTO,Avanti,7,3,1804,1539,0.816,0.064,0.120,6,3,8.2,-8.3,196,198
1921-01-09,OSCR,Vitesse (Haag),11,0,1885,1541,0.872,0.050,0.078,6,2,13.1,-11.6,150,140
1921-01-09,Quick (Arn),DOS (E),2,4,1425,1760,0.121,0.067,0.812,2,6,16.3,-13.3,188,174
1921-01-09,Tekca,OSCA,3,2,1805,1353,0.926,0.031,0.043,7,2,-43.0,42.2,168,166
1921-01-09,Velox,Rozenburg,1,4,1641,1581,0.580,0.109,0.311,4,3,-42.9,38.9,146,139
1921-01-16,ASV,Victoria (A),9,2,1556,1514,0.558,0.105,0.337,5,4,33.4,-37.9,140,149
1921-01-16,BEP,Jong Holland,2,6,1462,1522,0.410,0.113,0.477,3,4,-38.5,41.4,160,167
1921-01-16,DOSO,Haarlem,9,4,1679,1794,0.336,0.110,0.554,3,4,44.9,-48.2,135,140
1921-01-16,DVD²,Deetos,2,6,1731,1987,0.184,0.075,0.741,4,7,-9.0,8.2,150,141
1921-01-16,EKCA,AKC (Al),5,1,1480,1479,0.496,0.115,0.389,4,3,47.2,-51.8,187,197
1921-01-16,Jong Holland,BEP,6,2,1469,1511,0.435,0.113,0.452,3,4,53.3,-48.6,184,175
1921-01-16,Ready (A),Hercules,3,7,1665,1737,0.393,0.110,0.496,3,4,-32.2,28.3,148,138
1921-01-16,Swift,Nausikaa,2,15,1734,1828,0.366,0.103,0.531,4,5,-59.7,69.5,185,202
1921-01-16,Westerkwartier,KZ,0,2,1671,1837,0.278,0.090,0.633,5,7,-5.6,5.3,196,183
1921-01-23,ALO,DHBSC,3,2,1457,1537,0.382,0.111,0.506,3,4,15.3,-17.0,141,149
1921-01-23,AW,Advendo,1,3,1540,1648,0.342,0.117,0.541,2,3,-15.1,12.5,157,141
1921-01-23,Animo,Jong Holland,0,9,1181,1564,0.094,0.056,0.850,2,6,-20.6,16.3,179,156
1921-01-23,DEV,DED,5,3,1932,1736,0.752,0.076,0.172,6,3,-6.6,7.8,145,155
1921-01-23,DOSO,Excelsior,4,0,1725,1669,0.574,0.112,0.314,4,3,21.0,-27.0,130,149
1921-01-23,Deetos,Fluks,4,0,1995,1933,0.591,0.093,0.316,6,5,18.8,-25.2,138,162
1921-01-23,Gooiers,Amersfoort,1,1,1378,1488,0.349,0.096,0.555,5,6,14.7,-13.1,206,194
1921-01-23,Haarlem,Ready (A),1,2,1745,1632,0.654,0.095,0.251,5,3,-25.4,27.9,134,141
1921-01-23,Quick (Arn),EKCA,0,2,1441,1527,0.372,0.115,0.513,3,4,-21.8,20.1,181,172
1921-01-23,Rood Wit (H),HKV,1,3,1444,1681,0.200,0.084,0.716,3,6,-0.4,1.0,286,277
1921-01-23,Rozenburg,Vitesse (Haag),2,4,1620,1528,0.622,0.107,0.271,4,2,-34.2,36.5,137,141
1921-01-23,TOV (D),Spartaan,5,0,1811,1380,0.916,0.037,0.047,6,1,6.7,-6.7,217,233
1921-01-23,Velox,HSV,4,7,1597,1734,0.307,0.109,0.584,3,4,-17.0,19.1,143,152
1921-01-23,Vitesse (Leiden),DVD²,8,0,1946,1721,0.778,0.077,0.145,5,2,18.4,-19.3,141,145
1921-01-30,Amstelodamum,Amstel,1,6,1568,1444,0.667,0.094,0.239,5,3,-57.4,63.6,141,149
1921-01-30,Be Quick,Wilhelmina,0,5,1415,1569,0.283,0.112,0.604,2,3,-46.2,42.9,195,187
1921-01-30,Bijenkorf,Robaver,1,2,1590,1290,0.843,0.058,0.100,6,2,-114.7,63.3,250,190
1921-01-30,DDV,Ready (A),3,2,1676,1659,0.522,0.106,0.372,5,4,3.3,-3.2,136,136
1921-01-30,DEV,Vitesse (Leiden),5,3,1925,1965,0.442,0.105,0.453,4,5,19.1,-18.2,141,138
1921-01-30,Fluks,DTV,4,1,1907,1841,0.589,0.105,0.306,5,3,18.0,-17.3,152,148
1921-01-30,HSV,DHBSC,6,1,1754,1520,0.789,0.071,0.141,6,3,11.1,-10.7,145,141
1921-01-30,Haarlem,Excelsior,5,2,1719,1641,0.605,0.106,0.289,4,3,13.1,-15.2,131,142
1921-01-30,Nausikaa,Blauw Wit,23,0,1901,1372,0.950,0.022,0.028,8,1,9.1,-8.5,185,176
1921-01-30,Rozenburg,OSCR,1,4,1585,1899,0.136,0.068,0.795,3,6,1.3,-2.3,133,153
1921-01-30,Swift,KVO,1,2,1673,1680,0.493,0.101,0.407,6,5,-17.4,20.2,174,188
1921-01-30,Westerkwartier,RODA (W),14,0,1664,1567,0.634,0.097,0.269,5,4,47.3,-44.5,182,176
1921-02-06,AKC (Al),Be Quick,2,1,1426,1367,0.574,0.116,0.310,3,2,0.6,-0.7,184,179
1921-02-06,Advendo,Haarlem,0,1,1660,1731,0.392,0.115,0.493,3,4,-6.1,5.2,138,127
1921-02-06,Animo,ODIS²,2,3,1159,1431,0.166,0.082,0.752,2,5,18.6,-27.4,175,207
1921-02-06,DED,DVD²,3,1,1743,1700,0.555,0.112,0.333,4,3,12.6,-11.4,152,144
1921-02-06,DHBSC,Velox,2,4,1507,1580,0.393,0.112,0.495,3,4,-14.9,15.2,138,140
1921-02-06,DOSO,AW,2,0,1746,1524,0.773,0.080,0.147,4,2,-5.4,7.8,130,151
1921-02-06,DTV,Deetos,1,4,1822,2013,0.251,0.084,0.665,5,7,-7.1,6.6,142,136
1921-02-06,Jong Holland,Velocitas,2,2,1581,1400,0.734,0.084,0.183,5,3,-27.0,35.9,155,177
1921-02-06,KVD,Excelsior,3,1,1726,1641,0.613,0.106,0.281,4,3,15.5,-6.0,252,128
1921-02-06,Nausikaa,OSCA,24,0,1913,1394,0.949,0.021,0.030,9,2,9.2,-8.3,183,171
1921-02-06,OSCR,HSV,4,1,1896,1765,0.678,0.090,0.232,6,3,8.6,-8.0,148,141
1921-02-06,Ready (A),Excelsior,1,2,1655,1624,0.538,0.112,0.350,4,3,-16.4,17.8,131,136
1921-02-06,Tekca,Westerkwartier,1,2,1760,1713,0.567,0.101,0.332,6,4,-26.7,25.7,172,169
1921-02-06,Vlug en Lenig,TOV (D),5,1,1728,1817,0.369,0.110,0.520,3,4,80.0,-73.3,222,211
1921-02-13,Deetos,DEV,3,4,2019,1943,0.612,0.088,0.300,7,6,-19.8,21.6,132,138
1921-02-13,Excelsior,Advendo,2,2,1634,1652,0.465,0.122,0.413,4,3,-1.9,2.1,127,133
1921-02-13,Hercules,AW,4,1,1766,1531,0.786,0.076,0.138,5,2,0.7,-0.6,141,146
1921-02-13,KVD,KDC,4,5,1741,1365,0.890,0.044,0.065,6,2,-100.2,78.4,214,192
1921-02-13,Ready (A),DOSO,6,4,1637,1739,0.351,0.113,0.536,3,4,23.8,-24.2,127,128
1921-02-13,Tekca,Jong Holland,4,4,1733,1553,0.734,0.080,0.186,6,3,-30.4,26.0,161,150
1921-02-13,Velox,Vitesse (Haag),6,3,1595,1564,0.536,0.117,0.346,3,2,19.5,-21.6,134,142
1921-02-13,Victoria (A),Amstel,3,6,1475,1508,0.451,0.109,0.440,5,4,-30.6,28.8,150,145
1921-02-13,ZKV (Za),KZ,5,4,1559,1841,0.164,0.067,0.769,5,8,52.3,-51.0,179,177
1921-02-13,Zuiden,SVO,1,10,1697,1678,0.524,0.107,0.368,5,4,-74.9,53.3,175,146
1921-02-20,Advendo,AW,3,3,1654,1530,0.662,0.105,0.234,4,2,-15.7,19.5,128,142
1921-02-20,Animo,Tekca,2,5,1178,1702,0.042,0.032,0.925,1,7,17.7,-14.1,169,154
1921-02-20,DED,Vitesse (Leiden),1,1,1755,1946,0.245,0.095,0.660,3,5,19.5,-17.2,147,138
1921-02-20,DOS (E),HKC (He),5,2,1746,1542,0.760,0.076,0.164,6,3,4.5,-4.4,178,210
1921-02-20,DVD²,Fluks,2,4,1688,1924,0.195,0.095,0.710,2,4,0.8,-1.1,141,150
1921-02-20,Hercules,DOSO,4,2,1766,1715,0.567,0.111,0.323,4,3,9.6,-8.0,138,124
1921-02-20,ODIS²,BEP,4,6,1404,1423,0.466,0.116,0.417,4,3,-37.4,26.6,193,161
1921-02-20,OHS,OSCA,3,2,1823,1385,0.919,0.036,0.045,6,1,-88.6,34.6,257,172
1921-02-20,OSCR,Velox,6,4,1905,1615,0.835,0.060,0.105,6,2,-14.5,11.3,145,130
1921-02-20,Rozenburg,HSV,3,2,1585,1756,0.266,0.103,0.631,3,4,25.0,-26.1,137,140
1921-02-20,Victoria (A),ASV,1,4,1444,1591,0.298,0.102,0.601,4,5,-14.7,15.2,142,145
1921-02-20,Wilhelmina,Quick (Arn),9,2,1611,1418,0.743,0.088,0.169,4,1,30.9,-29.7,178,174
1921-02-27,AW,Excelsior,4,2,1549,1632,0.374,0.120,0.506,2,3,26.0,-22.2,137,126
1921-02-27,BEP,Animo,2,2,1450,1195,0.804,0.071,0.124,5,2,-34.0,41.5,152,167
1921-02-27,Be Quick,DOS (E),2,5,1366,1751,0.092,0.058,0.850,1,5,6.0,-5.8,171,170
1921-02-27,DTV,DEV,2,2,1815,1965,0.294,0.098,0.608,4,6,13.8,-12.6,142,136
1921-02-27,Fluks,DED,4,0,1923,1774,0.695,0.093,0.211,5,2,14.8,-14.3,144,141
1921-02-27,Incasso Bank,Holver,5,1,1309,1252,0.579,0.102,0.318,5,4,36.8,-39.5,191,199
1921-02-27,OSCR,ALO,14,0,1891,1472,0.912,0.037,0.051,7,1,8.6,-9.0,142,146
1921-02-27,Tekca,Velocitas,9,2,1689,1436,0.804,0.069,0.127,6,2,17.9,-21.7,153,172
1921-02-27,Westerkwartier,ZKV (Za),3,1,1739,1612,0.674,0.087,0.239,7,4,0.2,0.1,163,172
1921-03-06,AKC (Al),HKC (He),2,5,1425,1536,0.340,0.111,0.549,3,4,-28.0,33.6,177,196
1921-03-06,ASV,Amstelodamum,7,1,1605,1509,0.630,0.100,0.270,5,3,26.9,-28.9,142,147
1921-03-06,Advendo,Hercules,2,2,1637,1775,0.305,0.110,0.585,3,4,10.3,-11.5,128,136
1921-03-06,DED,DTV,1,2,1757,1827,0.397,0.111,0.492,3,4,-5.9,5.9,137,137
1921-03-06,EKCA,Wilhelmina,0,4,1546,1643,0.358,0.114,0.528,3,4,-38.5,37.8,172,171
1921-03-06,Fluks,DEV,1,2,1936,1951,0.476,0.110,0.413,5,4,-12.6,11.3,139,131
1921-03-06,MEVO,Zeelandia,4,2,1265,1555,0.155,0.072,0.773,3,7,76.9,-66.1,192,178
1921-03-06,Nausikaa,KVO,15,3,1927,1698,0.793,0.055,0.153,11,7,31.3,-29.5,187,181
1921-03-06,OSCR,Deetos,3,6,1900,1999,0.366,0.092,0.541,6,7,-17.0,15.2,142,134
1921-03-06,Quick (S),Doelen,3,2,1343,1276,0.590,0.105,0.305,5,3,2.0,3.3,209,350
1921-03-06,Swift,OHS,15,4,1654,1733,0.384,0.110,0.505,3,4,63.4,-121.6,171,245
1921-03-06,TOGO (A),AJC,4,4,1399,1434,0.450,0.106,0.445,6,5,-0.4,0.4,210,207
1921-03-06,Vitesse (A),Aldy,6,2,1410,880,0.952,0.020,0.028,9,2,-17.7,18.3,196,199
1921-03-13,AKC (Aa),OKC (Ob),15,1,1621,1281,0.868,0.053,0.079,5,1,36.1,-19.9,255,175
1921-03-13,Be Quick,EKCA,2,4,1371,1506,0.306,0.113,0.580,2,3,-12.8,11.9,168,161
1921-03-13,Blauw Wit,KVO,0,7,1362,1669,0.142,0.069,0.789,3,6,-26.5,23.3,186,172
1921-03-13,DTV,Fluks,7,5,1832,1923,0.367,0.113,0.520,3,4,23.8,-24.5,131,134
1921-03-13,Haarlem,AW,3,2,1736,1574,0.709,0.092,0.199,5,2,-11.0,10.9,135,135
1921-03-13,Hercules,DDV,6,3,1763,1678,0.617,0.100,0.283,5,3,11.6,-13.8,131,145
1921-03-13,Quick (S),STA,8,4,1345,1209,0.681,0.092,0.227,5,3,26.8,-26.6,197,196
1921-03-13,RODA (W),ZKV (Za),3,1,1520,1611,0.373,0.102,0.525,5,6,35.2,-30.9,176,164
1921-03-13,Ready (A),Advendo,2,6,1661,1647,0.514,0.115,0.370,4,3,-37.5,33.6,132,125
1921-03-13,SVO,Amstel,7,4,1733,1537,0.751,0.078,0.171,6,3,2.2,-2.2,148,147
1921-03-13,Swift,Nausikaa,1,14,1720,1961,0.205,0.065,0.730,7,10,-30.5,35.7,162,177
1921-03-13,UDI (Te),Rapide,2,1,1229,1076,0.704,0.085,0.210,6,3,-23.7,17.9,251,224
1921-03-13,Vitesse (Be),Doelen,2,2,1549,1280,0.818,0.066,0.117,6,2,-53.7,86.0,221,273
1921-03-20,HBS (B),Wit Zwart,3,3,1418,1455,0.446,0.108,0.446,4,5,0.0,-0.0,195,175
1921-03-20,Haarlem,Tekca,2,4,1724,1707,0.522,0.108,0.370,5,4,-22.6,30.4,132,154
1921-03-20,MEVO,Volharding,8,2,1342,1326,0.522,0.106,0.372,5,4,52.5,-56.8,182,191
1921-03-20,OSCR,Hercules,5,0,1883,1775,0.649,0.092,0.258,6,4,20.5,-17.6,139,128
1921-03-20,Rap,Gooiers,3,6,1308,1392,0.385,0.095,0.520,6,7,-34.3,32.8,206,200
1921-03-27,Deetos,OSCR,4,2,2013,1902,0.657,0.083,0.260,8,6,-0.2,0.1,135,134
1921-03-27,HBS (B),Sparta (F),6,1,1416,1005,0.909,0.037,0.054,7,2,1.2,-1.2,177,175
1921-03-27,HBS (B),UDI (N),6,1,1481,1463,0.524,0.106,0.370,5,4,35.1,-40.2,151,163
1921-03-27,HBS (B),VIOS (Ki),11,0,1418,1134,0.831,0.060,0.108,6,2,22.1,-22.9,172,175
1921-03-27,HBS (B),VKC (Vr),6,0,1442,1378,0.589,0.102,0.310,5,4,38.2,-32.3,163,149
1921-03-27,MIA (M),Quick (S),4,2,1500,1372,0.672,0.093,0.235,5,3,2.7,-3.0,208,184
1921-03-27,MIA (M),VOMOS,1,1,1500,1460,0.554,0.108,0.338,5,4,-11.5,14.5,172,192
1921-03-27,OHS,Nausikaa,0,16,1611,1997,0.097,0.043,0.860,5,11,-29.3,19.9,214,169
1921-03-27,STA,Veendam,4,1,1182,1066,0.657,0.095,0.248,5,3,16.9,-24.1,183,234
1921-03-27,Swift,Blauw Wit,13,1,1688,1334,0.878,0.048,0.074,6,2,14.4,-17.6,157,178
1921-03-27,TOGO (A),Aldy,5,1,1398,898,0.943,0.025,0.032,8,2,-12.9,14.1,194,199
1921-03-27,UDI (N),OKV²,4,0,1397,1397,0.499,0.106,0.395,5,4,57.1,-39.3,216,175
1921-03-27,UDI (N),STA,3,0,1455,1199,0.808,0.066,0.126,6,3,-3.3,1.9,190,170
1921-03-27,UDI (N),VKC (Vr),5,3,1451,1388,0.587,0.103,0.310,5,4,11.5,-9.8,178,160
1921-03-27,VKC (Vr),Wit Zwart,0,0,1383,1453,0.399,0.107,0.493,4,5,5.5,-4.8,175,163
1921-03-27,VOMOS,MIA (M),1,1,1459,1502,0.436,0.110,0.454,3,4,1.4,-1.0,218,188
1921-03-27,VOMOS,Voorwaarts (M),1,1,1507,1343,0.715,0.086,0.199,5,3,-46.4,45.8,244,242
1921-03-27,Velocitas (S),GESH,3,1,1333,1189,0.692,0.089,0.219,6,3,0.5,0.9,175,210
1921-03-27,Velocitas (S),SSS (V),1,1,1333,1364,0.453,0.112,0.435,5,4,-0.9,1.2,163,186
1921-04-03,AKC (Aa),Blauw Wit (D),0,1,1667,1388,0.827,0.061,0.111,6,2,-107.6,45.8,239,161
1921-04-03,AKC (As),OLS,2,3,1334,1434,0.358,0.105,0.537,4,5,-6.2,6.1,225,222
1921-04-03,Excelsior,DDV,3,3,1617,1671,0.418,0.113,0.469,3,4,2.0,-2.3,135,144
1921-04-03,Frisia,Olympia (F),8,2,1713,1392,0.869,0.033,0.098,17,10,-4.4,-4.8,333,171
1921-04-03,Friso (L),Olympia (F),9,2,1917,1390,0.955,0.014,0.031,20,9,-32.8,3.2,331,175
1921-04-03,HKC (He),Quick (Arn),12,4,1578,1395,0.735,0.085,0.180,5,2,35.3,-32.4,185,176
1921-04-03,Hercules,Deetos,4,6,1764,2021,0.183,0.075,0.742,4,7,5.5,-5.9,128,131
1921-04-03,MEVO,Fluks (Z),0,0,1403,1543,0.307,0.100,0.593,4,5,16.0,-16.7,171,175
1921-04-03,MEVO,Fluks (Z),2,1,1418,1526,0.348,0.105,0.547,4,5,21.8,-22.6,158,161
1921-04-03,ODIS²,Jong Holland,4,1,1374,1587,0.222,0.091,0.687,3,5,76.2,-56.3,186,160
1921-04-03,OKC (Ob),DOS (M),3,0,1268,1243,0.532,0.109,0.358,5,4,28.1,-45.9,175,233
1921-04-03,Tekca,BEP,8,3,1745,1423,0.858,0.054,0.088,6,2,6.1,-6.6,148,158
1921-04-03,VIOS (Oo),SSS (V),1,8,1293,1373,0.384,0.110,0.507,3,4,-73.6,50.6,210,171
1921-04-03,Victoria (A),Amstelodamum,3,2,1436,1487,0.424,0.112,0.465,3,4,13.2,-13.0,150,149
1921-04-03,Volharding,Blauw Wit (D),1,1,1276,1403,0.323,0.102,0.575,4,5,14.8,-14.5,177,175
1921-04-03,WKC (We),Ons Huis (M),1,0,1363,1316,0.567,0.101,0.332,5,4,0.1,-0.7,211,175
1921-04-03,Zeelandia,MEVO,0,1,1537,1440,0.635,0.096,0.269,6,4,-30.9,26.9,157,147
1921-04-03,Zeelandia,MEVO,8,0,1505,1466,0.555,0.105,0.340,5,4,38.3,-34.4,147,138
1921-04-03,Zeelandia,UDI (Te),5,0,1496,1213,0.832,0.058,0.110,7,3,12.0,-16.3,176,226
1921-04-03,Zeelandia,WKC (We),6,0,1508,1362,0.696,0.087,0.218,6,4,28.7,-34.5,168,187
1921-04-03,Zuiden,SDO (A),14,5,1629,1443,0.740,0.081,0.179,6,3,32.3,-28.8,175,164
1921-04-10,AJC,Vitesse (A),2,1,1445,1404,0.561,0.098,0.341,6,5,1.1,-1.1,196,201
1921-04-10,AKC (Aa),OKC (Ob),3,0,1561,1299,0.811,0.069,0.120,5,2,-2.5,-0.6,219,165
1921-04-10,DED,Fluks,2,3,1761,1909,0.293,0.108,0.599,3,4,2.5,-2.3,143,137
1921-04-10,DOS (E),AKC (Al),11,1,1755,1408,0.874,0.050,0.076,6,1,17.8,-17.5,176,174
1921-04-10,DOS (M),MEVO,6,8,1199,1433,0.202,0.087,0.712,3,5,5.3,-0.9,204,133
1921-04-10,Haarlem,DDV,4,3,1711,1671,0.555,0.106,0.339,5,4,0.8,-0.8,134,138
1921-04-10,Hercules,OSCR,3,5,1772,1913,0.305,0.100,0.595,4,5,-5.3,5.8,126,133
1921-04-10,KVO,Vitesse (Leiden),7,9,1703,1938,0.203,0.082,0.715,4,6,4.8,-3.1,172,150
1921-04-10,KZ,Jong Holland,10,3,1801,1533,0.821,0.060,0.120,7,3,21.0,-15.5,183,153
1921-04-10,OKC (Oo),OKK (Z),1,6,980,1131,0.294,0.098,0.608,4,5,-35.4,35.4,175,175
1921-04-10,OKV²,HBS (B),1,4,1369,1528,0.284,0.098,0.619,4,5,-16.8,13.6,166,146
1921-04-10,OLS,Kinea (A),4,2,1443,1287,0.708,0.084,0.207,6,4,-1.2,3.2,200,230
1921-04-10,Sparta (F),UDI (N),0,6,1015,1433,0.078,0.048,0.874,2,7,-10.5,8.9,174,155
1921-04-10,Spartaan,Vlug en Lenig,1,7,1383,1818,0.070,0.048,0.882,1,6,-21.2,18.2,240,213
1921-04-10,UDI (T),DOS (Ho),4,1,1319,1205,0.655,0.094,0.252,6,4,21.5,-13.9,221,166
1921-04-10,UNA (L),DOS (Ho),7,3,1445,1216,0.784,0.070,0.145,6,3,14.9,-10.9,231,175
1921-04-10,VIOS (Ki),Wit Zwart,0,10,1122,1459,0.121,0.065,0.815,2,6,-23.3,19.9,171,156
1921-04-10,Victoria (A),Zuiden,4,9,1452,1667,0.222,0.090,0.689,3,6,-18.9,24.7,143,166
1921-04-10,Voorwaarts (M),MIA (M),7,2,1399,1500,0.357,0.106,0.537,4,5,94.0,-53.8,220,163
1921-04-10,WKC (DW),ZKC '19,5,0,1415,1350,0.590,0.102,0.308,5,4,55.2,-36.9,221,175
1921-04-17,AJC,TOGO (A),2,3,1454,1406,0.568,0.104,0.329,5,4,-28.1,32.8,180,194
1921-04-17,AKC (As),Hercules (A),3,6,1339,1387,0.430,0.109,0.461,3,4,-46.5,35.5,203,175
1921-04-17,DOS (Ni),GIOS,1,4,1376,1541,0.276,0.096,0.627,4,6,-17.5,17.5,175,175
1921-04-17,DOSO (NA),DOL,2,1,1505,1456,0.567,0.103,0.330,5,4,0.3,-0.9,212,175
1921-04-17,DVD²,DTV,3,4,1707,1875,0.268,0.105,0.627,2,4,5.7,-4.3,155,138
1921-04-17,Deetos,Hercules,10,0,2027,1774,0.808,0.062,0.130,7,3,14.8,-13.0,132,123
1921-04-17,Excelsior,Haarlem,5,3,1630,1720,0.365,0.116,0.519,2,3,24.8,-23.6,133,129
1921-04-17,Excelsior,KVD,6,3,1654,1659,0.486,0.117,0.396,4,3,18.9,-52.0,125,219
1921-04-17,HBS (B),VKC (Vr),10,2,1550,1365,0.739,0.080,0.180,6,3,21.1,-23.1,141,148
1921-04-17,Kinea (A),Vitesse (Be),3,12,1298,1513,0.221,0.089,0.690,3,6,-49.7,52.9,207,215
1921-04-17,ODIS²,Tekca,2,10,1461,1763,0.145,0.072,0.783,3,6,-26.3,19.8,175,149
1921-04-17,TOGIDO,OKC (Oo),3,2,1000,953,0.565,0.103,0.332,5,4,0.2,-0.4,175,164
1921-04-17,VIOS (Oo),Velocitas (S),1,2,1230,1352,0.328,0.105,0.567,4,5,-0.2,0.6,190,159
1921-04-17,Wilhelmina,HKC (He),10,2,1700,1626,0.600,0.104,0.296,5,3,44.2,-46.6,171,176
1921-04-17,ZKC '19,Alcides,0,11,1321,1321,0.498,0.109,0.393,5,4,-63.6,71.2,165,175
1921-04-17,Zuiden,ASV,6,2,1701,1652,0.568,0.103,0.329,5,4,27.7,-25.6,157,150
1921-04-24,HE,Vogel²,6,1,1251,1251,0.499,0.106,0.395,5,4,47.1,-47.1,175,175
1921-04-24,KZ,Nausikaa,0,7,1838,2046,0.238,0.067,0.695,8,11,-29.5,27.9,177,171
1921-04-24,MEVO,DOS (M),6,5,1448,1220,0.783,0.072,0.145,6,3,-14.8,31.5,134,188
1921-04-24,MKC (Me),ZKC '19,14,0,1570,1263,0.848,0.056,0.095,6,2,51.7,-18.0,300,155
1921-04-24,OSCR,Deetos,2,6,1933,2049,0.344,0.092,0.564,6,7,-19.0,18.5,132,130
1921-04-24,Quick (M),TOG (ND),2,3,1330,1453,0.327,0.105,0.568,4,5,-0.9,0.3,175,213
1921-04-24,Quick (S),Voorwaarts (M),2,2,1395,1509,0.338,0.107,0.555,4,5,12.3,-15.0,179,197
1921-04-24,SSS (V),Oring,1,3,1442,1659,0.218,0.093,0.689,3,5,-3.9,0.5,165,305
1921-04-24,Sparta (F),HBS (B),0,6,1018,1578,0.035,0.027,0.938,1,8,-1.1,1.3,171,137
1921-04-24,UNA (L),Nic,9,3,1475,1204,0.822,0.062,0.116,7,3,23.8,-17.7,213,175
1921-04-24,VKC (Vr),OKV²,8,2,1347,1366,0.470,0.111,0.419,5,4,39.8,-48.3,143,159
1921-04-24,VOMOS,SSS (Z),2,2,1500,1610,0.341,0.111,0.548,3,4,9.7,-24.3,182,281
1921-04-24,Velocitas (S),Vitesse (E),1,1,1358,1414,0.418,0.111,0.471,3,4,2.3,-3.2,151,175
1921-04-24,Velocitas,BEP,2,9,1438,1433,0.500,0.118,0.383,4,3,-73.6,58.6,180,160
1921-04-24,Vlug en Lenig,HKV,5,3,1851,1706,0.692,0.092,0.216,5,3,4.0,-2.4,205,263
1921-04-24,Zeelandia,Volharding,3,1,1562,1308,0.807,0.066,0.127,6,3,-10.6,15.3,145,169
1921-05-01,Alcides,MKC (Me),1,6,1405,1629,0.213,0.086,0.701,3,6,-23.1,49.3,165,265
1921-05-01,HKV,Vlug en Lenig,2,0,1708,1860,0.289,0.104,0.606,3,4,70.9,-49.9,230,191
1921-05-01,Hercules (A),Kinea (A),4,2,1434,1259,0.729,0.081,0.190,6,3,-4.2,6.8,166,193
1921-05-01,Nic,UDI (T),2,8,1191,1359,0.272,0.097,0.631,4,5,-35.2,48.1,169,202
1921-05-01,OKK (R),VOP (M),1,2,1441,1432,0.508,0.112,0.380,5,4,-25.3,26.6,195,200
1921-05-01,Ons Huis (M),MEVO,1,6,1336,1438,0.354,0.107,0.539,4,5,-42.7,26.6,171,132
1921-05-01,SSS (V),Velocitas (S),3,1,1442,1365,0.605,0.104,0.291,5,3,8.1,-6.9,160,144
1921-05-01,SSS (Z),Quick (S),3,2,1590,1411,0.731,0.086,0.184,5,2,-29.9,13.6,233,167
1921-05-01,Vitesse (Be),OLS,7,1,1579,1461,0.658,0.097,0.245,5,3,43.9,-40.8,198,190
1921-05-05,DEV,Tekca,5,3,1991,1794,0.753,0.075,0.172,7,3,-7.2,7.4,148,149
1921-05-05,DTV,Hercules,7,5,1881,1771,0.648,0.100,0.252,5,3,2.8,-2.5,138,127
1921-05-08,Alcides,Quick (M),3,1,1381,1333,0.565,0.106,0.329,5,4,11.6,-12.6,159,167
1921-05-08,Be Quick (EC),OKK (R),1,5,1101,1415,0.136,0.071,0.793,2,6,-13.8,11.0,218,179
1921-05-08,DOS (Ni),KIOS (R),3,1,1368,1222,0.695,0.088,0.217,6,3,-0.9,1.2,168,175
1921-05-08,Deetos,DOS (E),9,2,2072,1794,0.830,0.055,0.115,8,4,10.2,-17.4,129,177
1921-05-08,Frisia,Olympia (F),3,2,1731,1409,0.870,0.034,0.096,16,9,-98.7,30.2,294,177
1921-05-08,Hermes (B),WWMD,1,1,1481,1518,0.446,0.107,0.446,6,5,-0.0,0.0,175,175
1921-05-08,MKC (Me),WKC (DW),8,3,1678,1490,0.743,0.079,0.177,6,3,33.6,-28.0,228,202
1921-05-08,OKV²,Sparta (F),2,1,1322,1021,0.843,0.058,0.099,6,2,-25.4,33.6,152,172
1921-05-08,Quick (S),MIA (M),3,1,1424,1464,0.438,0.112,0.449,3,4,24.6,-25.2,160,162
1921-05-08,TOG (ND),DOV,4,4,1458,1493,0.446,0.113,0.441,5,4,-0.3,0.3,193,194
1921-05-08,VOMOS (S),VIOS (Dre),11,0,1546,1133,0.910,0.038,0.053,7,1,17.6,-14.0,202,175
1921-05-08,Veendam,STA,5,2,1072,1231,0.282,0.101,0.617,3,5,83.2,-55.3,216,175
1921-05-08,WK,MKC (Ma),5,0,1597,1491,0.645,0.097,0.258,5,3,54.7,-31.8,243,175
1921-05-15,DOS (E),Deetos,2,11,1777,2084,0.144,0.064,0.792,4,8,-24.4,14.9,170,129
1921-05-15,HBS (B),DOS (Ho),1,1,1581,1249,0.865,0.052,0.083,6,2,-32.2,42.5,133,151
1921-05-15,HBS (B),Nic,2,0,1586,1156,0.917,0.034,0.049,7,2,-21.1,27.9,143,162
1921-05-15,MEVO,Volharding,4,4,1467,1328,0.684,0.092,0.224,5,3,-16.7,27.7,131,167
1921-05-15,OKC (Oo),OKK (Z),0,2,978,1188,0.227,0.090,0.683,3,6,-0.2,-0.4,149,173
1921-05-15,OKC (Oo),TOGIDO,3,2,965,1012,0.430,0.109,0.461,3,4,13.8,-15.1,161,170
1921-05-15,Rapide,AKC (Aa),2,4,1125,1579,0.063,0.044,0.893,1,6,34.1,-30.7,220,211
1921-05-15,UDI (T),DOS (Ho),0,1,1410,1212,0.753,0.078,0.169,6,3,-56.8,45.7,186,167
1921-05-15,UNA (L),DOS (Ho),5,1,1506,1257,0.803,0.067,0.130,6,3,8.8,-6.9,203,158
1921-05-15,UNA (L),HBS (B),1,3,1515,1564,0.427,0.110,0.462,3,4,-29.0,17.0,188,140
1921-05-22,Bato,HBS (B),0,15,1162,1545,0.093,0.059,0.848,1,5,-20.2,12.4,175,132
1921-05-22,DOSO (NA),DGV,4,2,1514,1371,0.690,0.090,0.220,5,3,-0.2,-0.6,198,175
1921-05-22,Deetos,DTV,5,4,2097,1883,0.773,0.068,0.159,8,4,-15.2,18.0,127,138
1921-05-22,Friso (L),Concordia,7,1,1905,1414,0.945,0.018,0.037,16,7,-29.9,3.4,318,175
1921-05-22,MEVO,Volharding,0,0,1447,1353,0.627,0.100,0.273,5,3,-12.5,19.1,129,158
1921-05-22,MIA (M),SSS (Z),1,0,1437,1558,0.327,0.109,0.564,3,4,21.5,-40.1,155,213
1921-05-22,OKC (Ob),SSS (S),3,2,1315,1059,0.805,0.073,0.123,4,1,-25.8,27.0,171,175
1921-05-22,OLS,Hercules (A),8,3,1418,1428,0.482,0.112,0.406,5,4,53.3,-44.2,181,163
1921-05-22,UDI (N),OKV²,6,2,1460,1294,0.716,0.088,0.196,5,3,16.2,-14.1,165,151
1921-05-22,UDI (T),UNA (L),3,1,1349,1483,0.313,0.104,0.583,4,5,43.1,-41.2,175,171
1921-05-22,VIOS (Dre),DOL,0,2,1116,1464,0.114,0.063,0.823,2,6,15.8,-15.6,174,173
1921-05-22,VOP (M),Quick (M),2,3,1457,1318,0.683,0.094,0.222,5,3,-48.6,35.0,186,159
1921-05-22,Vitesse (E),SSS (V),2,2,1413,1448,0.444,0.115,0.441,5,4,-0.2,0.1,169,156
1921-05-22,Volharding,WKC (We),3,1,1371,1320,0.570,0.107,0.324,5,3,10.0,-13.2,147,173
1921-05-22,ZAC,WSS (ND),0,4,1772,2000,0.208,0.086,0.706,3,6,-18.3,18.3,175,175
1921-05-22,ZKC '19,MKC (Me),3,12,1247,1711,0.060,0.041,0.899,2,7,-12.4,19.1,160,209
1921-05-22,Zeelandia,MEVO,4,0,1573,1433,0.686,0.092,0.222,5,3,14.7,-11.2,143,123
1921-05-22,Zeelandia,WKC (We),6,0,1554,1347,0.761,0.077,0.161,6,3,18.5,-26.9,150,187
1921-05-29,DOS (Ho),Nic,4,2,1289,1182,0.645,0.098,0.257,5,3,3.8,-4.1,151,163
1921-05-29,DOV,VOP (M),5,0,1493,1409,0.612,0.106,0.282,4,3,39.2,-36.0,182,173
1921-05-29,HBS (B),UDI (N),6,5,1561,1479,0.613,0.102,0.285,5,3,-3.1,4.8,132,157
1921-05-29,Hercules (A),Vitesse (Be),2,6,1385,1624,0.196,0.088,0.716,3,5,-14.8,20.6,154,189
1921-05-29,Hermes (B),WK,0,2,1480,1649,0.270,0.100,0.630,3,5,-6.6,7.7,167,191
1921-05-29,OKK (Z),OKC (Oo),1,0,1186,976,0.764,0.077,0.159,6,3,-21.8,16.9,165,147
1921-05-29,OKV²,Bato,5,0,1281,1142,0.683,0.097,0.221,4,2,21.4,-27.7,146,169
1921-05-29,Quick (M),OKK (R),1,4,1355,1426,0.394,0.113,0.493,3,4,-26.5,34.5,152,176
1921-05-29,TOG (N),Forward,0,1,1204,1324,0.331,0.103,0.566,4,5,-0.4,0.4,175,175
1921-05-29,VKC (Vr),Sparta (F),15,1,1393,1054,0.868,0.051,0.080,6,2,13.5,-17.4,148,171
1921-05-29,VOMOS,Quick (S),1,9,1514,1449,0.586,0.109,0.304,4,3,-86.5,65.3,180,156
1921-05-29,WWMD,WK,0,1,1517,1652,0.311,0.104,0.585,4,5,0.7,-2.5,167,216
1921-06-05,AFLM,SH,7,5,1439,1307,0.680,0.089,0.231,6,4,0.3,-0.3,175,175
1921-06-05,Bato,VKC (Vr),1,4,1114,1409,0.149,0.073,0.777,3,6,-0.2,0.6,159,146
1921-06-05,DOS (Ho),UDI (T),0,1,1293,1393,0.356,0.107,0.536,4,5,-2.7,3.2,145,165
1921-06-05,DOSO (NA),VIOS (Dre),5,0,1515,1133,0.894,0.043,0.063,7,2,4.1,-4.0,184,170
1921-06-05,Deetos,DEV,3,0,2084,1984,0.642,0.086,0.271,7,5,7.7,-10.1,129,152
1921-06-05,Friso (L),Frisia,5,2,1877,1632,0.810,0.047,0.143,14,9,-17.4,11.6,298,267
1921-06-05,Leonidas,TOG (N),4,0,1202,1202,0.499,0.107,0.395,5,4,41.0,-36.1,175,163
1921-06-05,OKC (Ol),Forward,0,0,1287,1324,0.446,0.107,0.446,4,5,0.0,-0.0,175,163
1921-06-05,SCS,Vitesse (E),12,0,1997,1414,0.962,0.018,0.020,7,1,6.0,-5.2,175,159
1921-06-05,Vitesse (Be),Kinea (A),11,1,1644,1265,0.894,0.042,0.065,7,2,15.6,-17.4,176,188
1921-06-05,WKC (DW),Alcides,2,4,1462,1392,0.596,0.101,0.303,5,4,-54.1,35.7,195,157
1921-06-05,WSS (ND),Quick (M),2,4,2020,1327,0.979,0.010,0.010,8,0,-99.2,71.8,167,145
1921-06-05,WWMD,Hermes (B),2,1,1516,1473,0.560,0.104,0.336,5,4,0.6,-0.6,158,158
1921-06-05,ZAC,VOP (M),5,0,1754,1372,0.894,0.043,0.063,7,2,3.3,-3.3,167,162
1921-06-05,Zeelandia,WKC (We),2,1,1589,1307,0.829,0.061,0.110,6,2,-21.5,29.8,141,163
1921-06-12,Frisia,Concordia,3,2,1650,1424,0.792,0.050,0.158,14,9,-50.3,24.6,243,178
1921-06-12,GIOS,KIOS (R),14,3,1576,1229,0.874,0.048,0.078,7,2,18.7,-17.7,179,174
1921-06-12,Hercules (A),OLS,3,1,1376,1480,0.350,0.107,0.543,4,5,29.9,-38.1,151,171
1921-06-12,Kinea (A),AKC (As),5,0,1254,1310,0.418,0.107,0.475,4,5,59.0,-68.2,182,197
1921-06-12,Leonidas,OKC (Ol),2,0,1250,1293,0.435,0.109,0.456,3,4,25.0,-24.9,162,162
1921-06-12,MIA (M),Quick (S),1,1,1466,1521,0.416,0.111,0.472,3,4,2.7,-2.6,153,151
1921-06-12,MKC (Ma),WK,0,4,1464,1662,0.237,0.095,0.668,3,5,-23.5,24.1,175,178
1921-06-12,MKC (Me),WKC (DW),9,0,1740,1414,0.863,0.050,0.087,7,3,24.5,-19.4,205,178
1921-06-12,Olympia (F),SIM,0,1,1406,1502,0.379,0.074,0.547,11,12,-0.1,0.0,164,175
1921-06-12,Quick (M),Alcides,1,3,1405,1434,0.458,0.105,0.438,6,5,-20.4,21.4,146,150
1921-06-12,UDI (N),Bato,8,0,1490,1119,0.887,0.046,0.067,6,1,10.9,-11.2,151,154
1921-06-12,UDI (S),Olympia (F),4,0,1402,1445,0.452,0.074,0.474,11,12,35.9,-38.1,175,181
1921-06-12,VKC (Vr),HBS (B),5,7,1416,1565,0.295,0.099,0.607,4,5,-5.6,4.9,142,131
1921-06-12,WKC (We),MEVO,0,6,1343,1429,0.373,0.111,0.515,3,4,-44.3,29.5,158,127
1921-06-12,WWMD,HDT,2,1,1523,1475,0.565,0.105,0.330,5,4,0.5,-0.2,150,175
1921-06-19,AKC (Aa),DOS (M),5,2,1553,1262,0.835,0.061,0.104,6,2,-4.7,4.9,190,191
1921-06-19,AKC (Aa),Excelsior (V),2,0,1553,1401,0.697,0.095,0.208,4,2,0.6,-1.6,210,175
1921-06-19,AKC (Aa),OKC (Ob),6,0,1548,1296,0.800,0.074,0.126,4,1,22.1,-18.1,179,159
1921-06-19,DOS (M),Rapide,5,1,1267,1235,0.542,0.106,0.352,5,4,38.2,-36.4,181,176
1921-06-19,GIOS,KIOS (R),10,1,1596,1211,0.897,0.040,0.063,7,2,13.9,-13.3,174,169
1921-06-19,Kinea (A),OLS,4,2,1313,1441,0.320,0.103,0.577,4,5,40.2,-35.9,169,159
1921-06-19,Leonidas,Forward,3,1,1274,1329,0.418,0.110,0.472,3,4,24.3,-25.4,152,156
1921-06-19,OKC (Ob),Rapide,2,1,1297,1235,0.582,0.108,0.310,4,3,-0.5,1.1,171,195
1921-06-19,Olympia (F),UDI (S),0,2,1404,1437,0.467,0.076,0.457,12,11,-16.2,17.8,155,163
1921-06-19,TOG (N),OKC (Ol),1,1,1171,1266,0.362,0.108,0.529,4,5,8.3,-7.9,156,152
1921-06-19,UDI (Te),Rapide,1,4,1224,1163,0.584,0.103,0.313,5,4,-78.8,72.1,228,217
1921-06-19,VDB,WKC (We),0,3,1291,1297,0.486,0.113,0.401,5,4,-45.5,33.4,175,149
1921-06-19,VOMOS,MIA (M),1,3,1433,1467,0.444,0.116,0.440,4,3,-28.3,20.7,171,145
1921-06-19,Vitesse (Be),Hercules (A),5,0,1668,1405,0.813,0.065,0.122,6,2,12.9,-9.6,174,144
1921-06-19,Vitesse (E),Oring,5,0,1413,1669,0.179,0.086,0.735,2,5,69.0,-178.8,162,261
1921-06-19,Volharding,MEVO,2,2,1389,1458,0.396,0.112,0.492,3,4,4.6,-3.2,148,124
1921-06-19,Voorwaarts (M),SSS (Z),6,3,1504,1525,0.465,0.113,0.422,5,4,42.6,-43.5,193,195
1921-06-19,ZAC,Quick (M),14,1,1763,1384,0.894,0.041,0.065,7,2,13.7,-10.1,167,139
1921-06-26,AKC (Aa),OKC (Ob),3,1,1572,1278,0.835,0.064,0.101,5,1,-16.1,12.6,171,154
1921-06-26,Alcides,MKC (Me),4,1,1456,1766,0.140,0.067,0.793,3,7,54.9,-103.4,145,197
1921-06-26,Kinea (A),Hercules (A),6,10,1354,1395,0.438,0.109,0.454,3,4,-39.8,32.3,158,141
1921-06-26,MEVO,WKC (We),1,1,1456,1331,0.666,0.097,0.237,5,3,-14.2,19.6,121,142
1921-06-26,Nic,UNA (L),3,8,1184,1449,0.174,0.080,0.746,3,6,-18.3,19.8,161,169
1921-06-26,SSS (V),VIOS (Oo),5,0,1456,1247,0.762,0.079,0.159,5,2,17.0,-23.5,157,192
1921-06-26,UDI (N),HBS (B),2,5,1502,1571,0.399,0.109,0.492,4,5,-26.6,20.1,152,130
1921-06-26,VKC (Vr),Bato,15,3,1411,1108,0.845,0.058,0.097,6,2,13.8,-16.5,139,154
1921-06-26,Zeelandia,Volharding,2,1,1574,1394,0.732,0.084,0.183,5,3,-14.4,13.7,144,141
1921-07-03,Concordia,Friso (L),1,6,1449,1867,0.084,0.035,0.882,7,14,0.4,-10.0,175,267
1921-07-03,Forward,TOG (N),7,0,1304,1180,0.667,0.093,0.240,5,3,28.5,-28.6,150,150
1921-07-03,GIOS,DOS (Ni),9,1,1612,1374,0.794,0.066,0.140,7,3,24.3,-25.0,172,176
1921-07-03,HBS (B),Bato,11,2,1591,1091,0.942,0.026,0.032,7,1,4.3,-5.7,127,151
1921-07-03,MEVO,Zeelandia,3,4,1441,1559,0.331,0.108,0.561,3,4,-0.3,0.2,120,140
1921-07-03,OKV²,UDI (N),8,5,1310,1475,0.275,0.099,0.627,3,5,48.3,-43.4,151,143
1921-07-03,STA,Veendam,3,5,1182,1163,0.525,0.107,0.368,5,4,-36.4,47.3,180,207
1921-07-03,Sparta (F),VKC (Vr),4,3,1043,1428,0.095,0.052,0.853,3,7,68.5,-41.1,175,138
1921-07-03,Velocitas (S),SSS (V),3,3,1364,1473,0.342,0.109,0.549,3,4,10.6,-9.7,159,152
1921-07-03,Vitesse (E),SSS (V),5,0,1483,1463,0.524,0.110,0.366,5,4,39.6,-32.1,159,142
1921-07-03,WKC (We),VDB,1,1,1350,1245,0.641,0.099,0.260,5,3,-14.9,21.7,137,164
1921-07-03,Wit Zwart,VIOS (Ki),16,0,1506,1124,0.895,0.042,0.064,7,2,16.2,-17.8,177,188
1921-07-10,HBS (B),OKV²,7,3,1596,1358,0.793,0.068,0.139,7,3,3.9,-4.6,128,144
1921-07-10,OKC (Ol),Leonidas,1,3,1258,1298,0.440,0.109,0.451,3,4,-20.6,20.6,150,150
1921-07-10,VDB,VOC,1,6,1265,1631,0.103,0.061,0.837,2,6,-9.3,11.1,155,175
1921-07-10,VKC (Vr),UDI (N),5,8,1385,1431,0.435,0.104,0.461,4,5,-23.6,24.1,137,138
1921-07-10,WKC (We),Volharding,0,4,1333,1406,0.393,0.112,0.495,3,4,-26.9,29.5,133,140
1921-07-17,DOV,TOG (ND),6,0,1538,1463,0.602,0.102,0.296,5,3,43.6,-49.3,182,195
1921-07-17,Frisia,Friso (L),2,9,1598,1855,0.190,0.060,0.750,8,12,-36.5,41.7,226,247
1921-07-17,KW,TOGIDO (D),1,1,1506,1542,0.447,0.106,0.447,6,5,-0.0,0.0,175,175
1921-07-17,MKC (Ma),WWMD,2,2,1439,1522,0.379,0.109,0.512,3,4,7.8,-6.1,173,153
1921-07-17,OLS,Vitesse (Be),3,10,1404,1680,0.164,0.078,0.758,3,6,-23.0,27.0,158,173
1921-07-17,SH,AFLM,3,4,1312,1446,0.315,0.099,0.586,4,6,2.1,-2.1,176,176
1921-07-17,SSS (Z),Voorwaarts (M),4,8,1480,1546,0.402,0.111,0.487,3,4,-46.5,45.9,185,183
1921-07-17,Sparta (F),Bato,2,4,1110,1083,0.534,0.111,0.355,4,3,-38.0,30.7,171,153
1921-07-17,WK,Hermes (B),2,0,1685,1476,0.763,0.077,0.160,6,3,-9.3,7.5,175,162
1921-07-24,DOL,DOSO (NA),2,0,1453,1523,0.398,0.109,0.493,3,4,34.8,-37.5,184,192
1921-07-24,HBS (B),Sparta (F),16,0,1599,1070,0.950,0.022,0.028,8,1,4.4,-6.2,130,159
1921-07-24,Hermes (B),MKC (Ma),2,1,1481,1444,0.549,0.107,0.343,5,4,1.9,-1.9,156,161
1921-07-24,ODA (B),TOGIDO (D),0,4,1464,1540,0.391,0.106,0.504,4,5,-40.3,35.3,175,163
1921-07-24,OKV²,VKC (Vr),2,1,1351,1360,0.487,0.105,0.408,6,5,6.5,-5.7,144,134
1921-07-24,TOGIDO (D),KW,2,3,1575,1504,0.599,0.100,0.302,5,4,-24.5,28.5,151,163
1921-07-31,Concordia,Frisia,1,2,1446,1560,0.352,0.076,0.571,9,11,1.7,-3.0,177,209
1921-07-31,DGV,VIOS (Dre),4,1,1375,1132,0.796,0.070,0.134,6,2,-0.3,0.1,185,182
1921-07-31,DOS (E),DOS (M),13,0,1773,1303,0.933,0.027,0.039,9,2,10.9,-11.0,177,178
1921-07-31,DOSO (NA),VOMOS (S),8,2,1485,1570,0.377,0.107,0.515,4,5,63.2,-92.8,175,216
1921-07-31,IJKC,SSS (S),2,2,1055,1091,0.441,0.118,0.441,4,3,-0.0,0.0,175,187
1921-07-31,Nic,DOS (Ho),6,3,1163,1294,0.317,0.104,0.579,4,5,49.3,-45.1,164,157
1921-07-31,OKC (Ob),DOS (E),7,17,1287,1755,0.058,0.041,0.900,1,6,-12.4,15.5,160,184
1921-07-31,OKK (R),DOV,2,2,1465,1580,0.335,0.108,0.558,3,4,13.6,-12.3,180,171
1921-07-31,TOG (N),Leonidas,0,2,1148,1316,0.270,0.098,0.632,3,5,-4.5,4.4,152,147
1921-07-31,UNA (L),UDI (T),0,8,1467,1400,0.592,0.102,0.306,5,4,-76.7,77.2,170,171
1921-07-31,VOC,Zeelandia,1,0,1641,1595,0.561,0.107,0.332,5,4,0.4,-0.6,173,128
1921-07-31,Volharding,Zeelandia,2,5,1433,1581,0.295,0.102,0.603,3,5,-14.1,13.4,140,136
1921-07-31,WK,WWMD,2,0,1674,1514,0.709,0.089,0.202,5,3,-2.7,1.6,169,148
1921-07-31,WKC (We),Zeelandia,3,12,1304,1556,0.183,0.085,0.732,2,5,-20.6,23.0,134,142
1921-08-07,Bato,OKV²,4,7,1112,1357,0.191,0.086,0.723,3,5,-5.7,5.2,151,140
1921-08-07,DOL,DGV,3,0,1487,1375,0.653,0.095,0.252,5,3,14.9,-15.4,172,176
1921-08-07,UDI (N),VKC (Vr),2,5,1454,1353,0.640,0.092,0.268,6,4,-42.9,38.0,141,133
1921-08-07,Wit Zwart,HBS (B),3,1,1522,1606,0.386,0.094,0.520,6,7,35.1,-19.7,182,134
1921-08-14,HBS (B),Wit Zwart,4,4,1584,1556,0.544,0.094,0.362,7,6,-6.4,10.5,130,166
1921-08-14,Kinea (A),Vitesse (V),8,2,1310,1303,0.511,0.101,0.388,6,5,44.1,-50.2,163,175
1921-08-14,OKK (R),TOG (ND),6,0,1476,1410,0.590,0.104,0.306,5,3,40.0,-46.9,169,185
1921-08-14,Rapide,DOS (M),0,5,1195,1290,0.364,0.106,0.530,4,5,-45.7,45.1,179,178
1921-08-21,OKC (Ob),SSS (S),9,0,1274,1090,0.735,0.086,0.179,5,2,28.9,-33.0,163,176
1921-08-28,SSS (Z),MIA (M),4,6,1432,1485,0.419,0.113,0.468,3,4,-26.7,21.8,181,162
1921-08-28,Vitesse (Be),Kinea (A),6,5,1706,1356,0.878,0.045,0.077,8,3,-40.7,31.1,176,156
1921-09-04,ALO,HKV,2,4,1495,1782,0.152,0.083,0.765,1,4,5.3,-9.2,202,233
1921-09-04,UDI (T),Nic,3,1,1477,1213,0.816,0.064,0.120,6,2,-15.1,14.0,169,164
1921-09-11,Bato,Sparta (F),5,0,1107,1040,0.588,0.110,0.303,4,3,32.6,-33.2,155,157
1921-09-11,Bato,UDI (N),0,4,1139,1414,0.165,0.080,0.755,2,5,-9.5,9.3,145,143
1921-09-11,IJKC,DIO (B),2,0,1054,1044,0.507,0.117,0.376,4,3,21.5,-21.6,174,175
1921-09-11,OKC (Ob),SSS (S),6,3,1305,1056,0.799,0.072,0.129,5,2,0.3,0.1,161,171
1921-09-11,Rapide,OKC (Ol),2,2,1149,1234,0.376,0.111,0.514,3,4,7.9,-7.0,173,162
1921-09-11,Sparta (F),OKV²,0,5,1063,1363,0.145,0.075,0.780,2,5,-17.2,13.2,173,147
1921-09-11,UDI (N),Sparta (F),5,0,1410,1045,0.884,0.046,0.069,6,2,3.7,-4.1,147,163
1921-09-11,VDB,ELTO,1,2,1253,1323,0.394,0.114,0.492,3,4,-8.7,9.2,170,175
1921-09-11,Voorwaarts (M),Quick (S),7,1,1591,1515,0.604,0.101,0.295,5,4,44.7,-39.7,184,172
1921-09-11,Zeelandia,MEVO,1,1,1592,1437,0.704,0.090,0.206,5,3,-21.5,22.8,140,144
1921-09-18,Advendo,KZ,3,1,1715,1816,0.357,0.106,0.538,4,5,39.5,-48.3,186,207
1921-09-18,Amersfoort,Utrecht,0,0,1508,1374,0.682,0.089,0.230,6,4,-44.6,23.0,239,175
1921-09-18,DEV,Vitesse (Leiden),11,4,1977,1960,0.522,0.107,0.371,5,4,53.0,-62.0,177,194
1921-09-18,DKC (De),Rood Wit (H),3,1,1464,1477,0.480,0.107,0.412,5,4,46.8,-48.4,290,297
1921-09-18,EKCA,Noviomagum,4,0,1553,1422,0.672,0.099,0.229,4,2,32.8,-50.7,207,276
1921-09-18,Excelsior,Ready (A),3,5,1689,1658,0.539,0.113,0.348,4,3,-39.4,45.3,176,190
1921-09-18,Fluks,HSV,3,1,1930,1763,0.714,0.091,0.194,4,2,-0.8,1.6,185,200
1921-09-18,Friso (L),WK,4,3,1897,1671,0.785,0.064,0.150,8,4,-43.7,21.7,235,173
1921-09-18,HBS (D),Velox,4,3,1526,1660,0.311,0.106,0.583,3,5,37.3,-34.9,203,196
1921-09-18,HKV,ALO,4,2,1773,1500,0.818,0.069,0.112,5,1,-17.7,13.0,214,191
1921-09-18,ODIS²,BEP,2,13,1450,1502,0.419,0.115,0.466,3,4,-81.3,71.7,209,195
1921-09-18,Onder Ons,Be Quick,4,1,1705,1392,0.850,0.059,0.091,5,1,-7.5,0.8,273,211
1921-09-18,Quick (S),SSS (Z),2,2,1475,1406,0.593,0.107,0.300,4,3,-14.9,16.8,162,171
1921-09-18,Spartaan,TOV (D),4,2,1385,1777,0.087,0.058,0.854,1,5,144.5,-127.6,260,245
1921-09-18,VIJW,NHM (R),2,0,1504,1378,0.670,0.093,0.238,5,3,4.3,-4.9,288,175
1921-09-18,Velocitas,BKC (E),2,0,1373,1210,0.711,0.092,0.197,4,2,-1.4,-0.1,207,175
1921-09-18,Vitesse (Haag),OSCR,7,8,1576,1923,0.114,0.063,0.823,2,6,38.8,-28.5,203,177
1921-09-18,Volharding,Zeelandia,3,1,1419,1571,0.289,0.104,0.608,3,5,38.0,-31.0,150,136
1921-09-25,AW,Ready (A),1,7,1623,1707,0.375,0.115,0.510,3,4,-61.7,50.7,194,174
1921-09-25,BEP,LUTO,6,2,1580,1850,0.169,0.080,0.752,3,6,78.3,-152.6,179,248
1921-09-25,BKC (E),ODIS²,1,4,1212,1371,0.279,0.106,0.615,3,4,-19.3,23.8,166,188
1921-09-25,DDV,Tekca,0,2,1697,1810,0.343,0.102,0.556,4,5,-15.7,15.9,187,189
1921-09-25,DED,Nausikaa,1,5,1790,2087,0.155,0.057,0.787,6,10,-4.2,4.1,190,205
1921-09-25,DTV,DEV,0,8,1910,2035,0.326,0.102,0.572,4,5,-49.5,44.3,176,165
1921-09-25,Deetos,Vitesse (Haag),12,3,2099,1619,0.936,0.027,0.037,8,2,8.2,-10.1,165,191
1921-09-25,HBS (A),Zuiden,5,1,1703,1748,0.435,0.106,0.459,4,5,46.3,-57.4,175,197
1921-09-25,HSV,HBS (D),7,1,1767,1567,0.754,0.080,0.166,5,2,28.2,-28.1,185,185
1921-09-25,Haarlem,DVD²,7,6,1715,1731,0.470,0.119,0.411,4,3,12.3,-14.2,180,195
1921-09-25,KVO,HSC (Hi),12,3,1736,1403,0.869,0.046,0.085,9,4,23.8,-17.9,209,175
1921-09-25,KZ,Excelsior,2,7,1770,1653,0.659,0.094,0.247,5,3,-89.3,69.8,187,164
1921-09-25,Kattenburg,AJC,12,4,1415,1445,0.455,0.110,0.435,5,4,164.8,-70.9,350,211
1921-09-25,RODA (W),ZKV (Za),4,5,1593,1617,0.466,0.105,0.429,6,5,-21.2,20.1,217,211
1921-09-25,Rood Wit (H),HSV,5,1,1431,1796,0.104,0.058,0.838,2,7,185.9,-82.8,253,173
1921-09-25,SLF,DKC (De),1,4,1400,1514,0.334,0.112,0.554,3,4,-26.7,48.4,175,250
1921-09-25,Velox,Rozenburg,3,6,1628,1648,0.466,0.117,0.417,4,3,-44.0,53.5,180,201
1921-09-25,Vitesse (Leiden),Hercules,5,3,1901,1776,0.666,0.097,0.237,5,3,3.2,-3.2,177,174
1921-09-25,Westerkwartier,Animo,17,0,1776,1274,0.942,0.026,0.032,7,1,14.8,-15.2,215,219
1921-10-02,Advendo,AW,9,1,1757,1559,0.747,0.088,0.165,4,1,30.8,-31.5,174,177
1921-10-02,Aldy,Madjoe (A),4,6,950,1159,0.227,0.090,0.684,3,6,-0.4,2.3,241,175
1921-10-02,Amstelodamum,SDO (A),4,2,1504,1444,0.580,0.106,0.314,5,3,15.7,-17.0,198,209
1921-10-02,Animo,Utrecht,9,0,1257,1398,0.302,0.105,0.593,3,5,113.2,-72.6,213,169
1921-10-02,BKC (E),LUTO,2,11,1191,1696,0.047,0.036,0.917,1,6,-10.5,17.8,157,221
1921-10-02,Bijenkorf,Vitesse (A),7,3,1511,1429,0.615,0.096,0.289,6,4,57.8,-41.9,280,228
1921-10-02,DEV,DED,7,2,2079,1784,0.839,0.059,0.102,6,2,8.7,-10.7,156,180
1921-10-02,DOS (E),HKC (He),6,2,1789,1597,0.750,0.073,0.177,7,4,14.4,-16.2,191,211
1921-10-02,Excelsior (A),KDC,10,2,1661,1482,0.732,0.083,0.185,6,3,32.1,-55.3,175,243
1921-10-02,Excelsior,DOSO,7,3,1722,1744,0.461,0.120,0.418,4,3,38.4,-57.8,156,195
1921-10-02,Fluks,Deetos,2,8,1931,2108,0.265,0.090,0.645,4,6,-35.8,31.5,176,164
1921-10-02,HBS (D),Rozenburg,6,5,1537,1701,0.276,0.102,0.623,3,5,34.3,-37.1,174,181
1921-10-02,HKV,Vitesse (Haag),1,3,1758,1608,0.695,0.096,0.209,4,2,-74.3,63.8,202,188
1921-10-02,Hercules,DTV,5,2,1772,1859,0.372,0.112,0.516,3,4,43.1,-43.0,164,163
1921-10-02,Kattenburg,Victoria (A),5,9,1581,1460,0.664,0.093,0.242,5,3,-142.2,74.6,270,193
1921-10-02,MEVO,Volharding,3,9,1462,1459,0.499,0.114,0.387,4,3,-48.7,49.6,144,146
1921-10-02,MIA (M),Voorwaarts (M),3,5,1511,1640,0.319,0.104,0.577,4,5,-10.8,12.2,162,175
1921-10-02,NHM (A),Ozos,2,4,1031,912,0.662,0.092,0.246,6,4,-51.6,51.6,175,175
1921-10-02,Nausikaa,DVD²,10,3,2090,1716,0.895,0.035,0.070,10,4,9.1,-8.4,191,178
1921-10-02,Noviomagum,Onder Ons,4,4,1373,1701,0.125,0.071,0.804,2,5,61.9,-68.7,238,250
1921-10-02,PSV,Be Quick,8,6,1580,1395,0.737,0.085,0.179,5,2,-7.9,0.5,283,203
1921-10-02,Quick (Arn),EKCA,0,7,1392,1588,0.237,0.101,0.662,2,4,-54.5,45.6,216,195
1921-10-02,Rapiditas,Achilles (N),7,1,1627,1612,0.521,0.105,0.374,5,4,49.4,-49.4,175,175
1921-10-02,Ready (A),KZ,2,3,1757,1679,0.609,0.097,0.294,6,4,-28.3,31.9,163,173
1921-10-02,Velox,OSCR,1,5,1583,1898,0.136,0.068,0.796,3,6,-7.5,7.8,167,172
1921-10-02,ZKC (Zu),Wilhelmina,0,11,1673,1763,0.368,0.112,0.520,3,4,-117.9,67.9,288,208
1921-10-02,ZKV (Za),Swift,1,5,1636,1743,0.352,0.098,0.550,5,6,-38.0,44.5,191,209
1921-10-02,Zuiden,HBS (A),1,12,1689,1749,0.413,0.106,0.481,4,5,-63.2,53.7,179,163
1921-10-08,NKC (Nij),Achilles (A),2,11,1050,1668,0.025,0.020,0.955,1,8,-6.4,6.4,175,175
1921-10-09,AJC,Amstelodamum,3,9,1379,1525,0.296,0.104,0.599,3,5,-52.0,44.1,200,182
1921-10-09,AKC (Al),ZKC (Zu),18,2,1422,1560,0.305,0.110,0.586,3,4,108.3,-128.4,218,239
1921-10-09,AW,DDV,4,4,1533,1686,0.287,0.106,0.607,3,4,17.4,-18.9,168,175
1921-10-09,DED,DVD²,1,4,1779,1713,0.585,0.113,0.302,3,2,-57.0,57.4,173,173
1921-10-09,DOSO,Ready (A),3,5,1692,1734,0.433,0.116,0.451,2,3,-28.4,22.0,177,154
1921-10-09,DSK,Ons Huis,1,3,1474,1682,0.228,0.090,0.682,3,6,-2.7,0.7,175,251
1921-10-09,DTV,Nausikaa,6,5,1821,2107,0.164,0.059,0.776,6,10,38.3,-56.8,153,185
1921-10-09,Excelsior (A),Ozos,16,1,1700,970,0.983,0.009,0.008,9,0,2.8,-2.7,167,164
1921-10-09,HBS (D),Vitesse (Haag),5,7,1578,1678,0.356,0.110,0.534,3,4,-15.8,17.8,164,176
1921-10-09,HSV,Velox,4,3,1718,1581,0.679,0.098,0.223,4,2,-11.6,10.3,170,161
1921-10-09,Haarlem,Vitesse (Leiden),4,9,1734,1910,0.262,0.099,0.640,3,5,-31.3,30.8,169,168
1921-10-09,KZ,Tekca,3,6,1717,1830,0.343,0.099,0.558,5,6,-21.0,24.3,162,176
1921-10-09,Noviomagum,PSV,6,5,1441,1579,0.307,0.103,0.589,3,5,39.7,-48.8,220,245
1921-10-09,OSCR,Deetos,1,3,1912,2146,0.207,0.074,0.719,5,8,6.5,-5.5,165,155
1921-10-09,Onder Ons,Quick (Arn),5,1,1638,1343,0.837,0.063,0.101,5,1,10.5,-9.4,228,196
1921-10-09,Rozenburg,HKV,2,6,1670,1689,0.465,0.118,0.416,4,3,-48.6,58.5,169,187
1921-10-09,VKC (A),NHM (A),2,0,1333,985,0.875,0.047,0.077,7,2,-24.5,21.1,175,164
1921-10-09,Victoria (A),Kattenburg,7,5,1542,1445,0.633,0.097,0.271,5,4,7.5,-9.6,182,231
1921-10-09,Vitesse (A),Bijenkorf,1,3,1393,1575,0.256,0.092,0.652,4,6,-6.5,6.9,207,239
1921-10-09,Wilhelmina,DOS (E),0,9,1839,1810,0.542,0.100,0.358,6,5,-86.0,76.2,192,180
1921-10-16,AJC,Victoria (A),3,4,1328,1551,0.212,0.088,0.700,3,6,16.1,-13.9,182,171
1921-10-16,Bijenkorf,SVO,1,6,1583,1781,0.238,0.094,0.668,3,5,-41.0,39.9,212,208
1921-10-16,DDV,Advendo,3,4,1668,1797,0.318,0.108,0.574,3,4,0.2,-0.3,163,168
1921-10-16,DKC (De),ALO,3,7,1570,1523,0.558,0.114,0.328,4,3,-89.1,68.0,218,189
1921-10-16,DTV,Vitesse (Leiden),5,9,1861,1943,0.381,0.109,0.510,4,5,-30.6,34.4,149,158
1921-10-16,Deetos,HSV,6,2,2141,1707,0.920,0.032,0.048,8,2,-7.8,9.4,149,160
1921-10-16,EKCA,PSV,4,5,1642,1532,0.650,0.095,0.255,5,3,-37.5,52.0,183,215
1921-10-16,Excelsior (A),VKC (A),20,0,1707,1309,0.905,0.034,0.060,9,3,13.5,-13.7,168,170
1921-10-16,Excelsior,AW,10,4,1769,1552,0.768,0.082,0.151,4,1,19.1,-20.6,151,158
1921-10-16,Fluks,Rozenburg,5,2,1902,1622,0.825,0.066,0.109,5,1,-2.7,2.1,167,158
1921-10-16,HBS (A),ASV,14,0,1812,1652,0.712,0.084,0.204,6,3,29.5,-45.0,156,199
1921-10-16,HKC (He),AKC (Al),4,4,1588,1536,0.571,0.106,0.323,5,4,-16.4,16.7,196,198
1921-10-16,HKV,OSCR,3,3,1749,1919,0.270,0.099,0.632,3,5,21.2,-17.8,171,157
1921-10-16,Haarlem,Hercules,3,5,1704,1823,0.329,0.109,0.561,3,4,-12.7,12.2,159,156
1921-10-16,NHM (A),KDC,1,11,1007,1433,0.074,0.047,0.879,2,7,-15.3,25.0,161,218
1921-10-16,Nausikaa,DEV,9,2,2051,2096,0.446,0.085,0.469,8,9,58.0,-46.3,175,154
1921-10-16,Noviomagum,Be Quick,3,3,1482,1404,0.603,0.111,0.287,4,2,-22.0,20.5,200,193
1921-10-16,OKC (Ob),Excelsior (V),2,3,1317,1407,0.367,0.113,0.520,3,4,-5.6,7.4,165,199
1921-10-16,RODA (W),Swift,0,12,1579,1795,0.221,0.087,0.692,4,6,-47.2,44.0,198,191
1921-10-16,SDO (A),Amstelodamum,12,5,1434,1572,0.307,0.105,0.588,3,5,91.4,-72.5,191,169
1921-10-16,Velocitas,LUTO,4,3,1382,1723,0.117,0.065,0.818,2,6,67.6,-82.7,196,215
1921-10-16,Vitesse (Haag),Velox,2,5,1697,1592,0.639,0.104,0.257,4,2,-57.9,51.4,163,153
1921-10-23,Advendo,Ready (A),4,0,1796,1758,0.549,0.111,0.340,4,3,31.3,-28.1,158,149
1921-10-23,Animo,Amersfoort,1,3,1379,1473,0.364,0.110,0.527,3,4,-21.6,26.0,195,218
1921-10-23,Avanti,ZKV (Za),2,3,1575,1605,0.456,0.105,0.439,6,5,-26.0,13.9,256,180
1921-10-23,Be Quick,Quick (Arn),1,0,1424,1334,0.617,0.111,0.273,3,2,-4.0,4.8,178,189
1921-10-23,DVD²,DTV,5,6,1772,1831,0.410,0.117,0.474,2,3,-10.3,7.9,164,142
1921-10-23,Excelsior (A),NHM (A),11,0,1724,991,0.984,0.007,0.009,12,2,1.8,-1.7,165,158
1921-10-23,HSV,HKV,1,0,1716,1770,0.415,0.119,0.466,2,3,15.6,-15.9,159,160
1921-10-23,MEVO,Volharding,4,4,1421,1518,0.359,0.111,0.530,3,4,7.4,-7.6,143,145
1921-10-23,Macbi,KVO,0,7,1447,1768,0.133,0.063,0.804,3,7,-45.9,30.1,270,204
1921-10-23,Ozos,VKC (A),0,5,968,1295,0.127,0.066,0.806,3,6,-13.1,13.0,168,167
1921-10-23,Rood Wit (H),SLF,4,0,1624,1379,0.799,0.068,0.134,6,3,13.0,-9.5,236,172
1921-10-23,Tekca,AW,4,1,1856,1531,0.860,0.053,0.087,6,2,-8.7,6.9,165,152
1921-10-23,Unitas (D),Blauw Wit (Z),4,1,1424,1256,0.721,0.082,0.196,6,3,7.1,-7.1,175,175
1921-10-23,Vitesse (Haag),Fluks,5,5,1639,1899,0.174,0.088,0.738,2,4,28.3,-31.3,154,161
1921-10-23,WIK (E),DOK,6,1,1349,1096,0.806,0.065,0.129,7,3,13.7,-13.7,175,175
1921-10-23,Wilhelmina,HKC (He),2,2,1753,1571,0.734,0.083,0.183,5,3,-34.2,35.0,178,180
1921-10-30,Amersfoort,Westerkwartier,1,4,1503,1805,0.146,0.067,0.786,3,7,-0.3,-0.9,195,217
1921-10-30,Amstelodamum,AJC,8,2,1504,1349,0.704,0.089,0.207,5,3,26.8,-30.1,162,173
1921-10-30,Be Quick,EKCA,0,4,1424,1609,0.248,0.104,0.648,2,4,-25.0,26.9,167,174
1921-10-30,Blauw Wit,TOGO (A),5,5,1366,1469,0.351,0.110,0.538,3,4,14.7,-14.6,229,228
1921-10-30,DED,Haarlem,1,4,1728,1695,0.540,0.112,0.348,4,3,-48.0,41.0,166,153
1921-10-30,DEV,DVD²,10,1,2053,1767,0.832,0.062,0.106,6,2,16.3,-17.1,149,153
1921-10-30,DOSO,DDV,0,3,1669,1673,0.489,0.114,0.397,4,3,-42.5,37.2,168,156
1921-10-30,Excelsior,Advendo,6,5,1794,1832,0.439,0.118,0.443,2,3,11.9,-11.9,149,149
1921-10-30,IJKC,OKC (Ob),1,3,1092,1316,0.209,0.094,0.698,2,4,0.4,0.2,176,158
1921-10-30,KDC,Excelsior (A),1,4,1465,1733,0.177,0.067,0.756,5,9,1.4,0.5,209,167
1921-10-30,MEVO,DOS (M),1,6,1433,1352,0.609,0.103,0.288,5,3,-47.4,86.0,137,187
1921-10-30,OSCR,HSV,5,6,1905,1736,0.721,0.085,0.194,5,3,-38.1,36.8,152,149
1921-10-30,Ozos,NHM (A),0,0,959,993,0.446,0.113,0.441,5,4,-0.3,0.3,162,159
1921-10-30,Ready (A),Tekca,8,1,1733,1852,0.332,0.105,0.563,4,5,52.9,-67.5,142,161
1921-10-30,Rozenburg,Deetos,3,10,1628,2139,0.047,0.031,0.922,2,8,-5.1,4.9,156,151
1921-10-30,SCH,DSK,4,1,1440,1477,0.445,0.109,0.446,3,4,38.3,-36.7,175,171
1921-10-30,SDO (A),Victoria (A),5,2,1532,1542,0.483,0.108,0.409,5,4,34.6,-30.0,177,164
1921-10-30,VIJW,Brinio,8,2,1524,1730,0.230,0.090,0.680,3,6,129.8,-180.1,249,296
1921-10-30,Vitesse (Leiden),Nausikaa,3,4,1983,2115,0.326,0.081,0.593,7,9,3.5,-4.3,152,164
1921-10-30,ZKC (Zu),DOS (E),0,20,1437,1894,0.064,0.039,0.897,3,8,-22.4,15.7,215,172
1921-10-30,Zeelandia,WKC (We),3,1,1554,1298,0.806,0.070,0.125,5,2,-9.8,12.8,145,163
1921-11-05,NKC (Nij),DOK,2,2,1052,1087,0.447,0.107,0.446,6,5,-0.1,0.1,180,170
1921-11-06,NHM (A),VKC (A),0,3,993,1313,0.129,0.074,0.797,1,5,-0.6,0.3,150,163
1921-11-06,Ons Huis,DSK,4,0,1689,1440,0.802,0.068,0.130,6,2,11.5,-8.0,224,160
1921-11-06,SCH,OSCA,1,2,1479,1470,0.507,0.114,0.379,4,3,-17.8,36.2,162,236
1921-11-11,Achilles (A),WIK (E),21,0,1684,1369,0.855,0.052,0.093,7,3,22.0,-19.9,182,172
1921-11-11,Unitas (D),WKC (Wij),11,0,1436,900,0.952,0.021,0.026,8,1,7.2,-7.6,169,175
1921-11-13,AJC,SDO (A),2,5,1319,1568,0.188,0.083,0.729,3,6,-5.9,6.0,165,166
1921-11-13,AKC (Al),Wilhelmina,4,7,1557,1723,0.271,0.105,0.624,3,4,-22.5,19.7,187,173
1921-11-13,ALO,SLF,19,1,1597,1374,0.774,0.080,0.146,4,1,30.8,-27.8,181,171
1921-11-13,Animo,Amstelodamum,4,1,1362,1533,0.266,0.102,0.631,3,4,68.6,-50.4,184,157
1921-11-13,DOSO,Excelsior,1,3,1626,1807,0.253,0.104,0.643,2,4,-5.0,4.5,159,144
1921-11-13,DSK,SCH,3,2,1430,1460,0.454,0.111,0.435,5,4,10.9,-10.8,155,155
1921-11-13,DVD²,Vitesse (Leiden),2,8,1749,1986,0.196,0.091,0.713,2,5,-23.7,22.3,152,147
1921-11-13,Gorkum,TOV (D),1,7,1504,1665,0.275,0.109,0.616,2,4,-39.9,68.3,175,240
1921-11-13,HSC (Hi),Macbi,11,1,1397,1405,0.487,0.105,0.409,6,5,60.4,-100.1,183,244
1921-11-13,Haarlem,DTV,4,7,1737,1844,0.346,0.108,0.546,3,4,-20.9,19.3,148,141
1921-11-13,KDC,NHM (A),11,0,1466,992,0.933,0.030,0.037,6,1,11.9,-7.6,194,146
1921-11-13,Nausikaa,Hercules,9,0,2111,1840,0.827,0.051,0.122,10,5,17.1,-16.9,156,155
1921-11-13,Ozos,Excelsior (A),2,17,958,1733,0.010,0.008,0.981,2,12,-2.7,2.9,154,162
1921-11-13,Quick (Arn),PSV,2,4,1343,1589,0.190,0.086,0.725,3,5,2.8,-4.5,179,200
1921-11-13,SVO,Bijenkorf,6,3,1826,1547,0.827,0.062,0.111,6,2,-3.9,4.1,197,199
1921-11-13,Tekca,Advendo,1,2,1784,1821,0.443,0.114,0.444,3,4,-12.0,10.6,154,144
1921-11-13,Velox,Deetos,2,6,1649,2145,0.051,0.033,0.916,2,8,8.0,-7.8,154,153
1921-11-13,Vitesse (Haag),HSV,1,6,1672,1773,0.352,0.115,0.533,3,4,-36.9,34.1,153,147
1921-11-20,Avanti,RODA (W),2,4,1554,1536,0.521,0.110,0.369,5,4,-52.6,39.8,222,192
1921-11-20,BEP,KVO,4,1,1671,1805,0.316,0.098,0.586,4,6,56.1,-64.4,186,199
1921-11-20,Brinio,VIJW,0,6,1550,1655,0.350,0.105,0.544,4,5,-83.6,69.2,256,228
1921-11-20,DDV,Excelsior,2,3,1711,1811,0.355,0.109,0.536,3,4,-2.9,2.6,153,139
1921-11-20,DED,Haarlem,2,2,1680,1716,0.442,0.117,0.442,2,3,0.0,-0.0,160,141
1921-11-20,DTV,Hercules,6,1,1864,1823,0.554,0.110,0.335,4,3,27.8,-33.9,136,151
1921-11-20,Deetos,Rozenburg,2,0,2138,1624,0.947,0.023,0.030,9,2,-28.3,31.9,152,160
1921-11-20,HKV,HBS (D),4,2,1759,1570,0.741,0.084,0.175,5,2,-4.7,5.4,158,166
1921-11-20,KVR,Emma,2,6,1447,1902,0.063,0.042,0.894,2,7,-0.7,0.3,259,263
1921-11-20,MEVO,Zeelandia,2,2,1386,1545,0.279,0.106,0.615,3,4,14.0,-15.8,139,147
1921-11-20,Metallicus,SVGT,4,2,1200,1067,0.680,0.090,0.231,6,4,0.6,-0.6,175,175
1921-11-20,Noviomagum,Quick (Arn),2,4,1466,1346,0.657,0.104,0.239,4,2,-64.2,50.6,191,169
1921-11-20,PSV,EKCA,6,2,1585,1637,0.423,0.109,0.468,3,4,54.9,-45.6,185,167
1921-11-20,Ready (A),Nausikaa,4,2,1788,2129,0.123,0.051,0.826,5,10,48.6,-56.1,142,152
1921-11-20,Rood Wit (H),DKC (De),2,1,1643,1486,0.707,0.087,0.206,6,3,-21.0,17.1,220,202
1921-11-20,Swift (W),Ontwikkeling,16,2,1758,900,0.992,0.005,0.004,9,0,1.7,-1.7,175,175
1921-11-20,Tekca,Swift,2,8,1772,1846,0.393,0.104,0.503,4,5,-36.7,57.5,145,186
1921-11-20,Utrecht,Animo,1,4,1338,1431,0.365,0.111,0.524,3,4,-29.7,28.7,173,170
1921-11-20,Velocitas,ODIS²,6,4,1455,1408,0.561,0.112,0.327,4,3,18.3,-17.4,194,188
1921-11-20,Velox,OSCR,2,2,1657,1868,0.224,0.091,0.684,3,5,22.8,-22.3,153,151
1921-11-20,Vitesse (A),SVO,0,8,1393,1823,0.074,0.044,0.883,3,8,-19.2,17.1,201,187
1921-11-20,Vitesse (Haag),HBS (D),4,1,1635,1575,0.581,0.106,0.313,5,3,17.3,-19.6,145,156
1921-11-20,Vitesse (Leiden),DEV,5,1,2010,2072,0.411,0.105,0.484,4,5,36.0,-40.4,142,151
1921-11-26,DOK,WIK (E),2,3,1085,1346,0.177,0.080,0.742,3,6,17.9,-19.4,163,169
1921-11-27,AW,Advendo,0,5,1541,1829,0.151,0.083,0.765,1,4,-17.7,14.3,159,140
1921-11-27,Amstelodamum,Victoria (A),6,3,1480,1511,0.451,0.113,0.436,5,4,30.4,-34.0,152,162
1921-11-27,DKC (De),HBS (H),8,1,1500,1326,0.724,0.089,0.187,5,2,36.0,-61.4,188,261
1921-11-27,Excelsior,DDV,6,1,1811,1705,0.643,0.099,0.258,5,3,20.7,-23.8,134,145
1921-11-27,Graaf Willem 2,Die Haghe,0,4,1673,1507,0.715,0.089,0.196,5,2,-69.9,163.1,175,268
1921-11-27,HKC (He),DOS (E),2,3,1610,1912,0.148,0.063,0.789,4,8,27.7,-26.5,179,175
1921-11-27,HKV,Deetos,2,4,1752,2106,0.110,0.061,0.829,2,6,14.2,-14.2,152,152
1921-11-27,Hercules,DVD²,3,4,1785,1723,0.579,0.116,0.305,3,2,-23.5,25.3,144,149
1921-11-27,KDC,Ozos,15,2,1478,954,0.949,0.022,0.028,8,1,9.6,-7.1,192,158
1921-11-27,KZ,Ready (A),2,4,1701,1834,0.315,0.101,0.584,4,5,-9.9,7.4,167,140
1921-11-27,OHS,KVD,5,3,1630,1637,0.483,0.118,0.399,4,3,42.9,-39.5,258,245
1921-11-27,Ons Eibernest,Emma,1,4,1603,1901,0.148,0.072,0.780,3,6,-3.4,1.3,175,246
1921-11-27,Rozenburg,Vitesse (Haag),5,2,1652,1650,0.496,0.117,0.387,4,3,30.1,-23.4,160,139
1921-11-27,SDO (A),Kattenburg,2,5,1572,1441,0.677,0.091,0.233,6,3,-52.6,94.1,161,216
1921-11-27,TOGO (A),Blauw Wit,2,1,1454,1380,0.598,0.106,0.296,4,3,-2.6,2.7,209,210
1921-11-27,Vlug en Lenig,TOV (D),5,3,1828,1732,0.627,0.103,0.270,4,3,13.3,-12.0,232,212
1921-11-27,ZKV (Za),RODA (W),2,2,1622,1574,0.567,0.103,0.330,5,4,-14.0,13.8,178,177
1921-12-10,WIK (E),Achilles (A),0,4,1322,1704,0.097,0.051,0.852,3,8,0.3,-1.3,163,182
1921-12-11,AW,KZ,4,9,1517,1685,0.271,0.099,0.630,3,5,-27.7,28.6,156,158
1921-12-11,Amstelodamum,Kattenburg,0,3,1506,1530,0.462,0.109,0.429,5,4,-28.9,49.5,147,196
1921-12-11,DDV,Ready (A),2,4,1675,1836,0.279,0.101,0.620,3,5,-5.0,4.8,142,138
1921-12-11,DEV,Hercules,5,4,2023,1757,0.816,0.065,0.119,6,2,-23.6,20.9,148,140
1921-12-11,DVO (H),Ambakor,0,4,1458,1373,0.618,0.097,0.285,6,4,-66.3,66.3,175,175
1921-12-11,EKCA,Be Quick,8,0,1584,1392,0.742,0.087,0.171,4,2,27.4,-29.6,162,169
1921-12-11,Emma,TOGO (H),7,0,1897,1332,0.959,0.019,0.022,8,1,8.7,-9.8,223,273
1921-12-11,Fluks,HKV,2,2,1867,1760,0.640,0.107,0.254,4,2,-22.4,17.9,169,151
1921-12-11,HSC (Hi),KVO,1,8,1452,1732,0.165,0.068,0.767,5,8,-25.6,27.7,178,186
1921-12-11,MEVO,DOS (M),6,0,1392,1433,0.438,0.112,0.450,3,4,39.9,-65.2,140,182
1921-12-11,Madjoe (A),Aldy,1,0,1168,956,0.768,0.074,0.158,6,3,-21.9,35.4,186,228
1921-12-11,Nausikaa,Vitesse (Leiden),5,0,2065,2039,0.546,0.086,0.368,8,7,30.4,-26.2,153,142
1921-12-11,Rood Wit (H),HBS (H),2,4,1614,1259,0.880,0.046,0.074,7,2,-99.2,129.4,204,230
1921-12-11,Rozenburg,HBS (D),4,1,1678,1547,0.674,0.094,0.232,5,3,10.5,-10.5,152,153
1921-12-11,Tekca,Excelsior,7,2,1727,1827,0.356,0.109,0.536,3,4,49.0,-41.6,145,133
1921-12-11,Vitesse (A),KVO,4,4,1365,1761,0.090,0.048,0.862,3,8,62.8,-47.4,197,173
1921-12-18,DTV,DVD²,5,1,1881,1739,0.687,0.095,0.218,5,2,14.7,-16.1,140,147
1921-12-18,Deetos,Fluks,6,3,2083,1840,0.796,0.069,0.134,6,2,-1.2,1.4,153,158
1921-12-18,HKV,HBS (D),3,1,1773,1532,0.793,0.073,0.134,5,2,-9.2,9.4,145,146
1921-12-18,HSV,OSCR,3,1,1797,1834,0.444,0.110,0.446,3,4,21.5,-22.2,151,153
1921-12-18,Hercules,DED,3,1,1773,1668,0.639,0.105,0.256,4,2,4.5,-5.4,138,158
1921-12-18,KZ,DDV,2,1,1711,1666,0.564,0.101,0.335,5,4,-0.2,0.0,150,136
1921-12-18,Ready (A),Excelsior,1,6,1837,1781,0.574,0.108,0.318,4,3,-45.9,43.2,133,129
1921-12-18,Rozenburg,Velox,3,3,1684,1668,0.516,0.116,0.369,4,3,-6.5,7.2,146,154
1921-12-18,TOV (D),Vlug en Lenig,3,3,1711,1832,0.327,0.109,0.564,3,4,15.4,-17.6,198,211
1921-12-18,Thor (Zu),Achilles (N),0,4,1441,1564,0.328,0.103,0.569,4,5,-79.5,33.6,314,185
1921-12-18,Vitesse (Leiden),Haarlem,10,3,2007,1704,0.845,0.057,0.098,6,2,10.9,-12.0,136,144
1921-12-18,Volharding,Zeelandia,0,4,1505,1518,0.477,0.113,0.410,5,4,-44.0,40.3,156,149
1921-12-25,MEVO,Rapide,11,1,1429,1163,0.814,0.067,0.119,5,2,15.9,-28.1,138,191
1921-12-25,Zeelandia,Volharding,0,0,1558,1460,0.631,0.102,0.266,4,3,-15.7,17.0,142,147
1922-01-08,Ons Huis (M),MEVO,4,4,1303,1447,0.300,0.102,0.597,4,5,28.2,-10.0,227,139
1922-01-22,TOGO (H),Ons Eibernest,1,5,1316,1589,0.167,0.079,0.754,3,6,-28.3,17.0,270,183
1922-01-25,HKC (He),ZKC (Zu),10,2,1627,1403,0.778,0.074,0.148,6,2,30.8,-42.4,186,226
1922-01-25,PSV,Quick (Arn),9,2,1629,1385,0.796,0.069,0.134,6,2,26.6,-24.6,188,179
1922-02-19,Velox,Fluks,1,4,1674,1840,0.270,0.107,0.623,2,4,-18.8,20.2,165,172
1922-02-19,Vitesse (Haag),Rozenburg,3,5,1617,1677,0.408,0.117,0.475,2,3,-22.1,21.5,162,160
1922-02-19,Vitesse (Leiden),DTV,5,4,2019,1895,0.667,0.092,0.241,6,4,-9.6,9.7,155,156
1922-02-26,ALO,HBS (H),11,2,1621,1383,0.790,0.072,0.138,6,2,34.7,-44.8,200,234
1922-02-26,ASV,HBS (A),1,14,1600,1838,0.199,0.082,0.719,4,6,-51.2,41.0,217,190
1922-02-26,AW,Excelsior,1,6,1485,1824,0.117,0.069,0.814,1,5,-14.1,11.4,172,150
1922-02-26,Amstel,TOGO (A),5,3,1574,1441,0.679,0.091,0.231,6,3,3.3,-3.8,240,213
1922-02-26,DTV,Hercules,14,0,1905,1777,0.671,0.095,0.234,5,3,30.5,-33.7,149,157
1922-02-26,Excelsior (A),DSK,0,1,1728,1430,0.849,0.045,0.106,11,5,-71.1,60.5,193,179
1922-02-26,Fluks,Velox,4,1,1860,1655,0.756,0.084,0.160,4,2,4.8,-4.7,161,156
1922-02-26,HBS (D),Deetos,2,15,1540,2081,0.039,0.028,0.933,2,8,-9.4,9.9,165,170
1922-02-26,HKC (He),Wilhelmina,4,2,1659,1733,0.392,0.110,0.498,3,4,35.6,-38.6,184,192
1922-02-26,Haarlem,DEV,2,5,1691,1995,0.144,0.070,0.786,3,6,0.3,-0.6,164,169
1922-02-26,ODIS²,LUTO,2,6,1379,1634,0.182,0.082,0.736,3,6,-20.9,25.7,200,232
1922-02-26,PSV,Noviomagum,0,0,1656,1390,0.817,0.063,0.119,6,2,-46.4,56.1,185,202
1922-02-26,Rozenburg,OSCR,3,2,1698,1810,0.340,0.107,0.553,4,5,20.7,-25.2,150,166
1922-02-26,SDO (A),AJC,9,3,1509,1302,0.763,0.076,0.161,6,3,25.8,-27.5,181,188
1922-02-26,SLF,Rood Wit (H),0,4,1334,1510,0.262,0.099,0.639,3,5,-31.4,37.3,193,214
1922-02-26,Swift,Avanti,9,0,1893,1489,0.906,0.037,0.057,8,2,17.3,-20.6,197,221
1922-02-26,Vitesse (Haag),HKV,2,4,1594,1763,0.266,0.107,0.627,2,4,-6.6,7.3,152,164
1922-02-26,Vitesse (Leiden),DED,3,1,2009,1661,0.874,0.050,0.076,6,2,-16.7,23.2,148,171
1922-03-05,DED,Hercules,2,4,1683,1742,0.408,0.121,0.472,2,3,-24.2,20.0,166,150
1922-03-05,DEV,Haarlem,4,1,1995,1691,0.846,0.056,0.098,6,2,-7.0,6.5,162,158
1922-03-05,DOS (E),Wilhelmina,15,0,1876,1694,0.739,0.075,0.186,7,4,40.3,-33.9,194,176
1922-03-05,Deetos,Rozenburg,4,0,2094,1718,0.892,0.041,0.067,8,2,-5.9,3.6,169,143
1922-03-05,Emma,Ons Eibernest,3,0,1901,1606,0.840,0.058,0.102,6,2,-9.9,3.7,237,186
1922-03-05,Groen Zwart,Wilhelmina,7,0,1860,1659,0.752,0.085,0.163,4,2,28.9,-26.0,175,165
1922-03-05,KVD,OHS,1,2,1588,1664,0.385,0.116,0.499,3,4,-14.2,14.8,239,245
1922-03-05,OSCR,Vitesse (Haag),7,2,1784,1587,0.751,0.080,0.169,5,3,16.8,-14.9,156,145
1922-03-05,Ready (A),DDV,3,2,1790,1664,0.667,0.096,0.237,5,3,-9.2,9.6,155,158
1922-03-05,Velox,HBS (D),6,1,1649,1530,0.659,0.098,0.243,5,3,24.2,-28.1,150,164
1922-03-05,ZKC (Zu),AKC (Al),2,1,1361,1524,0.274,0.104,0.622,3,4,47.3,-42.3,215,203
1922-03-11,Achilles (A),NKC (Nij),23,1,1696,1039,0.975,0.011,0.013,10,1,6.3,-6.4,200,202
1922-03-12,Be Quick,Noviomagum,5,2,1355,1443,0.366,0.122,0.512,2,3,55.3,-58.3,187,193
1922-03-12,Blauw Wit,Amstelodamum,3,1,1371,1469,0.356,0.114,0.530,3,4,55.2,-35.0,217,170
1922-03-12,Brinio,NHM (R),6,3,1452,1376,0.605,0.102,0.294,5,3,36.3,-29.5,246,215
1922-03-12,DDV,AW,9,1,1671,1468,0.755,0.083,0.162,5,2,22.9,-27.6,150,167
1922-03-12,DED,Vitesse (Leiden),4,2,1657,1990,0.121,0.069,0.810,2,5,62.2,-57.3,155,149
1922-03-12,DEV,DTV,1,6,1985,1936,0.569,0.102,0.329,5,4,-58.1,49.9,158,146
1922-03-12,DVD²,Hercules,3,7,1720,1760,0.433,0.122,0.444,2,3,-48.0,35.3,168,143
1922-03-12,Fluks,OSCR,3,1,1863,1800,0.585,0.106,0.309,4,3,9.9,-9.2,157,150
1922-03-12,HBS (D),HKV,3,2,1499,1769,0.168,0.084,0.748,2,5,42.6,-43.9,155,157
1922-03-12,Haarlem,Nausikaa,2,4,1695,2089,0.093,0.044,0.864,5,10,20.4,-26.9,154,174
1922-03-12,KVO,Macbi,22,0,1707,1292,0.911,0.036,0.053,7,2,17.8,-24.3,193,238
1922-03-12,KVR,Ons Eibernest,2,0,1433,1607,0.264,0.099,0.637,3,5,95.7,-44.2,265,179
1922-03-12,LUTO,Velocitas,3,1,1659,1461,0.752,0.080,0.168,5,3,-7.6,7.0,212,207
1922-03-12,Rozenburg,HSV,2,2,1719,1816,0.356,0.117,0.527,2,3,7.0,-9.9,143,170
1922-03-12,SDO (A),ALO,0,11,1535,1655,0.330,0.104,0.566,4,5,-50.3,59.3,174,191
1922-03-12,Swift (W),ZKV (Za),12,0,1749,1597,0.713,0.068,0.219,10,7,48.1,-43.7,206,195
1922-03-12,VKC (A),Excelsior (A),0,4,1301,1654,0.115,0.050,0.835,5,10,1.6,-1.1,194,186
1922-03-12,Vitesse (Haag),Deetos,1,12,1569,2085,0.045,0.032,0.923,2,8,-7.7,9.9,141,165
1922-03-12,Vlug en Lenig,Gorkum,17,0,1812,1451,0.881,0.048,0.071,6,1,24.5,-22.4,211,199
1922-03-12,Voorwaarts (M),Nic,9,0,1653,1230,0.914,0.035,0.051,7,2,17.6,-18.2,208,212
1922-03-12,ZKC '19,WKC (DW),2,3,1244,1394,0.291,0.103,0.606,3,5,3.4,-3.8,237,242
1922-03-12,ZKC (Zu),HKC (He),0,19,1406,1693,0.155,0.076,0.769,2,6,-36.0,29.2,195,172
1922-03-12,Zuiden,ASV,6,2,1625,1546,0.608,0.101,0.291,5,3,39.5,-36.6,209,200
1922-03-19,Advendo,DDV,4,1,1832,1695,0.681,0.095,0.224,5,2,12.9,-9.8,174,146
1922-03-19,Ambakor,DVO (H),0,0,1433,1384,0.567,0.103,0.329,5,4,-15.3,15.3,191,191
1922-03-19,Amersfoort,Animo,3,2,1490,1446,0.558,0.109,0.333,4,3,2.9,-2.8,220,193
1922-03-19,Be Quick,PSV,1,5,1410,1607,0.238,0.097,0.665,3,5,-23.7,25.7,173,181
1922-03-19,DEV,Nausikaa,7,1,1926,2061,0.319,0.085,0.596,7,8,53.4,-67.7,149,168
1922-03-19,DOK,NKC (Nij),6,2,1092,1031,0.583,0.102,0.314,5,4,35.9,-39.6,190,201
1922-03-19,DOS (M),Excelsior (V),5,6,1360,1407,0.428,0.114,0.457,3,4,-14.9,18.6,194,220
1922-03-19,DVD²,DED,5,1,1671,1718,0.423,0.122,0.455,2,3,44.2,-41.3,156,151
1922-03-19,Deetos,HKV,6,0,2097,1724,0.891,0.042,0.067,7,2,6.7,-6.0,163,151
1922-03-19,Excelsior,KZ,4,1,1833,1708,0.671,0.091,0.238,6,4,10.1,-12.1,152,172
1922-03-19,Fluks,Vitesse (Haag),5,1,1872,1561,0.848,0.061,0.091,5,1,3.0,-2.9,149,141
1922-03-19,HBS (H),ALO,2,8,1336,1716,0.096,0.057,0.848,2,6,-21.5,15.6,218,175
1922-03-19,HSV,Rozenburg,2,1,1805,1725,0.605,0.110,0.285,4,2,-3.4,2.3,158,137
1922-03-19,Hercules,Haarlem,5,4,1795,1714,0.608,0.107,0.285,4,3,-2.8,3.6,137,151
1922-03-19,Kinea (H),Adundo,4,0,1000,900,0.638,0.095,0.267,6,4,25.5,-25.5,175,175
1922-03-19,OKK (Z),GKC (Gr),2,3,1171,1294,0.326,0.105,0.569,4,5,-0.4,1.3,237,175
1922-03-19,OSCR,HBS (D),5,1,1789,1541,0.802,0.067,0.131,6,3,4.6,-4.9,143,149
1922-03-19,Quick (Arn),Noviomagum,1,4,1358,1384,0.454,0.122,0.424,4,3,-47.4,43.4,185,176
1922-03-19,SSS (Z),Quick (S),6,3,1425,1463,0.440,0.116,0.444,2,3,53.2,-50.8,211,206
1922-03-19,Spartaan,Vlug en Lenig,2,7,1532,1839,0.141,0.072,0.788,2,6,-37.1,23.9,276,202
1922-03-19,Tekca,Ready (A),4,2,1770,1778,0.486,0.111,0.403,5,4,22.1,-17.7,170,151
1922-03-19,VIOS (Ki),Kinea (S),1,0,1106,1052,0.571,0.109,0.320,4,3,0.4,-1.5,246,175
1922-03-19,Veendam,VKC (Vr),0,7,1211,1395,0.255,0.093,0.652,4,6,-68.0,47.4,249,200
1922-03-19,Velocitas,BEP,3,4,1467,1714,0.187,0.088,0.724,2,5,18.4,-21.2,193,204
1922-03-19,Wilhelmina,AKC (Al),3,2,1629,1479,0.696,0.095,0.209,4,2,-11.1,16.3,160,189
1922-03-19,Zeelandia,MEVO,5,1,1539,1434,0.640,0.103,0.258,4,3,24.7,-23.1,164,158
1922-03-26,AKC (Al),DOS (E),0,5,1504,1926,0.078,0.043,0.878,3,8,-3.1,3.0,175,185
1922-03-26,ALO,Rood Wit (H),6,2,1742,1554,0.742,0.079,0.178,6,3,14.0,-17.7,169,200
1922-03-26,Ambakor,Oranje,1,1,1426,1462,0.445,0.109,0.445,5,4,-0.0,0.0,176,175
1922-03-26,DDV,Excelsior,6,1,1694,1853,0.281,0.103,0.616,3,5,53.4,-57.0,141,146
1922-03-26,DOK,Achilles (A),0,20,1138,1716,0.033,0.020,0.947,4,12,-9.6,11.8,175,201
1922-03-26,DOS (M),Volharding,2,8,1355,1483,0.319,0.107,0.574,3,5,-46.1,42.5,178,170
1922-03-26,Deetos,OSCR,7,0,2113,1803,0.853,0.051,0.097,8,3,12.5,-10.0,160,140
1922-03-26,EKCA,Quick (Arn),3,1,1615,1319,0.837,0.063,0.100,5,1,-18.4,14.7,186,170
1922-03-26,HBS (H),DKC (De),1,3,1324,1535,0.222,0.095,0.683,2,5,-3.5,3.5,205,209
1922-03-26,HKV,Velox,4,2,1726,1681,0.554,0.118,0.328,3,2,13.1,-13.1,150,149
1922-03-26,HSV,Vitesse (Haag),7,3,1810,1566,0.793,0.075,0.131,5,1,7.7,-7.0,149,140
1922-03-26,Hercules,Vitesse (Leiden),2,5,1802,1941,0.304,0.108,0.588,3,4,-14.7,17.9,133,148
1922-03-26,Kinea (S),DES (Z),1,6,1059,1162,0.351,0.113,0.536,3,4,-40.7,45.0,165,175
1922-03-26,Nausikaa,Haarlem,5,2,2002,1727,0.829,0.053,0.118,9,4,-9.0,7.1,157,144
1922-03-26,Nic,UNA (L),1,1,1220,1402,0.255,0.097,0.648,3,5,27.1,-32.5,206,225
1922-03-26,Rozenburg,Fluks,2,2,1736,1884,0.289,0.113,0.598,2,3,11.8,-14.4,133,146
1922-03-26,TOV (D),Spartaan,3,1,1733,1504,0.780,0.079,0.141,4,1,-7.1,12.6,207,244
1922-03-26,VIJW,Brinio,2,1,1721,1498,0.778,0.073,0.149,6,3,-35.4,29.6,235,218
1922-03-26,VKC (Vr),HBS (B),4,5,1453,1592,0.311,0.093,0.596,5,7,3.4,-4.2,186,199
1922-03-26,Wit Zwart,Voorwaarts (M),4,7,1581,1681,0.359,0.102,0.539,5,6,-37.7,33.4,218,203
1922-04-02,DDV,Tekca,3,1,1749,1804,0.420,0.109,0.471,4,5,19.5,-26.8,136,161
1922-04-02,DES (Z),VIOS (Ki),2,4,1209,1117,0.624,0.103,0.273,4,3,-40.6,69.8,163,214
1922-04-02,Die Haghe,Graaf Willem 2,2,1,1670,1602,0.591,0.107,0.302,4,3,-2.5,0.1,258,202
1922-04-02,HBS (B),UDI (N),5,0,1590,1439,0.704,0.082,0.214,7,4,26.0,-30.7,182,201
1922-04-02,HBS (D),OSCR,5,7,1547,1794,0.189,0.084,0.727,3,6,4.4,-3.7,148,139
1922-04-02,HBS (H),SDO (L),7,0,1321,1311,0.508,0.116,0.376,4,3,61.3,-60.7,189,188
1922-04-02,HKV,Fluks,2,5,1741,1871,0.310,0.118,0.571,2,3,-19.4,18.8,142,140
1922-04-02,Haarlem,DED,6,2,1736,1688,0.561,0.113,0.326,4,3,25.4,-26.9,141,146
1922-04-02,Hercules,DEV,1,7,1789,1991,0.232,0.095,0.673,3,5,-19.9,24.8,129,145
1922-04-02,LUTO,BEP,2,2,1662,1704,0.437,0.110,0.453,3,4,1.1,-1.0,200,191
1922-04-02,Nausikaa,DTV,4,5,1995,1997,0.504,0.091,0.406,8,7,-14.3,12.9,153,145
1922-04-02,OLS,Vitesse (Be),3,2,1394,1682,0.155,0.076,0.769,3,6,73.3,-75.6,225,228
1922-04-02,Quick (Arn),Be Quick,2,2,1335,1397,0.402,0.124,0.474,2,3,3.8,-3.9,165,165
1922-04-02,Quick (S),MIA (M),1,1,1423,1512,0.371,0.112,0.517,3,4,8.8,-10.6,189,206
1922-04-02,Ready (A),Advendo,3,4,1771,1856,0.373,0.116,0.511,3,4,-5.2,6.4,146,165
1922-04-02,Rood Wit (H),ALO,1,4,1538,1758,0.216,0.087,0.696,3,6,-10.7,8.9,185,162
1922-04-02,Spartaan,Gorkum,7,2,1518,1439,0.603,0.111,0.286,3,2,56.3,-45.7,221,195
1922-04-02,Veendam,STA,6,2,1154,1158,0.491,0.111,0.398,5,4,59.0,-68.0,220,239
1922-04-02,Velox,Vitesse (Haag),4,3,1669,1561,0.644,0.103,0.253,4,2,-6.3,5.7,142,137
1922-04-02,Vitesse (Leiden),DVD²,6,2,1961,1727,0.785,0.076,0.139,5,2,7.4,-8.1,141,150
1922-04-02,Volharding,Zeelandia,0,1,1528,1575,0.428,0.115,0.457,3,4,-11.4,11.1,160,158
1922-04-02,Westerkwartier,Amersfoort,7,1,1803,1504,0.844,0.054,0.101,7,3,24.4,-19.0,237,198
1922-04-09,AKC (Al),HKC (He),3,7,1502,1737,0.201,0.086,0.714,3,6,-17.4,17.2,173,172
1922-04-09,AW,Tekca,0,4,1451,1776,0.127,0.071,0.802,2,5,-7.9,6.9,167,150
1922-04-09,Advendo,Excelsior,4,2,1862,1797,0.586,0.111,0.304,4,3,10.2,-8.9,155,142
1922-04-09,BEP,Velocitas,2,0,1702,1496,0.759,0.081,0.160,5,2,-6.6,7.7,175,184
1922-04-09,DED,DEV,2,9,1660,2016,0.108,0.063,0.829,2,6,-12.8,12.9,139,140
1922-04-09,DOS (Ni),RKC DOS,2,2,1360,1397,0.445,0.110,0.445,5,4,-0.0,0.0,240,175
1922-04-09,DVD²,Haarlem,3,7,1718,1761,0.431,0.119,0.450,2,3,-36.9,32.2,146,136
1922-04-09,Deetos,Velox,7,1,2128,1663,0.931,0.028,0.040,8,2,1.1,-1.2,159,137
1922-04-09,HSV,Fluks,2,2,1820,1890,0.393,0.119,0.487,2,3,4.4,-3.6,148,134
1922-04-09,Hercules,Nausikaa,3,3,1768,1980,0.228,0.079,0.693,5,7,16.4,-21.9,126,145
1922-04-09,LUTO,ODIS²,12,2,1662,1367,0.839,0.059,0.102,6,2,23.6,-27.1,182,197
1922-04-09,MEVO,DOS (M),3,2,1421,1310,0.650,0.098,0.252,5,3,-7.4,8.8,156,168
1922-04-09,Noviomagum,EKCA,2,3,1439,1598,0.278,0.108,0.614,2,4,3.9,-4.7,168,180
1922-04-09,OKV²,VKC (Vr),7,4,1392,1458,0.404,0.107,0.489,4,5,55.5,-40.9,206,175
1922-04-09,OLS,Kinea (A),4,1,1467,1403,0.590,0.100,0.310,5,4,28.6,-30.8,207,217
1922-04-09,OSCR,Rozenburg,5,4,1791,1749,0.555,0.110,0.335,4,3,0.9,-0.9,135,132
1922-04-09,Rapiditas,Achilles (N),2,6,1689,1606,0.614,0.098,0.288,5,4,-89.3,81.7,215,205
1922-04-09,SDO (L),HSC (Hi),0,6,1250,1431,0.257,0.095,0.648,3,5,-35.1,45.9,173,202
1922-04-09,Swift,RODA (W),9,1,1921,1587,0.868,0.049,0.084,7,3,21.9,-22.2,200,202
1922-04-09,Vlug en Lenig,Spartaan,15,3,1875,1575,0.843,0.057,0.099,6,2,26.7,-27.4,195,198
1922-04-09,Voorwaarts (M),SSS (Z),5,3,1717,1490,0.781,0.073,0.146,6,3,-11.1,12.2,187,194
1922-04-09,ZKV (Za),Avanti,4,2,1563,1477,0.618,0.100,0.282,5,3,9.8,-11.9,188,220
1922-04-17,Avanti,Swift,1,10,1465,1944,0.056,0.037,0.907,2,8,-16.6,15.8,198,192
1922-04-17,DTV,Haarlem,5,2,2010,1794,0.771,0.075,0.154,6,3,0.4,-0.5,141,131
1922-04-17,DVD²,DEV,3,8,1681,2030,0.112,0.064,0.824,2,6,-8.1,8.0,139,138
1922-04-17,Deetos,HBS (D),8,2,2129,1551,0.962,0.017,0.021,9,2,-2.9,2.2,158,146
1922-04-17,Fluks,HBS (D),7,2,1885,1553,0.864,0.054,0.082,6,1,4.6,-5.3,130,144
1922-04-17,HSC,WKC (DW),0,6,1651,1402,0.801,0.070,0.130,6,2,-97.1,158.8,175,222
1922-04-17,MKC (Me),OLS,0,1,1674,1496,0.733,0.081,0.187,6,3,-86.4,46.2,256,189
1922-04-17,Nausikaa,DED,6,2,1958,1647,0.855,0.049,0.096,8,4,-2.5,2.4,140,138
1922-04-17,Tekca,KZ,2,4,1782,1706,0.607,0.098,0.295,6,4,-33.4,43.6,147,169
1922-04-17,UDI (N),STA,4,0,1407,1090,0.854,0.056,0.090,6,2,4.4,-4.1,188,212
1922-04-17,VIOS (Ki),DES (Z),4,2,1187,1168,0.521,0.113,0.366,4,3,23.3,-16.2,194,158
1922-04-17,Velox,HSV,5,2,1661,1824,0.274,0.108,0.619,2,4,42.7,-44.3,138,141
1922-04-23,DKC (De),SDO (L),5,2,1539,1213,0.859,0.057,0.084,5,1,-8.1,4.4,198,165
1922-04-23,DOS (M),Volharding,2,9,1318,1515,0.238,0.096,0.666,3,5,-32.6,30.7,160,155
1922-04-23,DTV,DED,8,3,2009,1647,0.882,0.047,0.070,6,1,3.1,-3.0,138,136
1922-04-23,DVD²,Nausikaa,7,9,1671,1954,0.162,0.068,0.770,4,7,8.7,-8.9,137,138
1922-04-23,Deetos,DEV,2,0,2126,2037,0.625,0.091,0.283,6,5,4.0,-3.3,158,136
1922-04-23,Excelsior,Tekca,1,4,1786,1747,0.550,0.110,0.339,4,3,-36.6,37.2,140,141
1922-04-23,Friso (L),Concordia,8,0,1867,1461,0.912,0.029,0.059,12,5,19.3,-17.3,262,236
1922-04-23,Gorkum,Spartaan,0,1,1391,1546,0.283,0.111,0.606,2,4,3.1,-3.4,185,191
1922-04-23,HBS (D),HSV,1,5,1546,1778,0.203,0.090,0.707,2,5,-13.2,12.1,142,135
1922-04-23,HBS (H),Rood Wit (H),2,1,1383,1526,0.301,0.104,0.596,3,5,32.2,-31.9,178,177
1922-04-23,KVO,Westerkwartier,1,4,1740,1827,0.380,0.093,0.526,6,7,-30.9,37.8,198,223
1922-04-23,KZ,Advendo,3,5,1749,1871,0.327,0.106,0.567,4,5,-11.3,10.3,157,149
1922-04-23,Kinea (H),DES (Z),0,1,1036,1151,0.337,0.108,0.555,3,4,-1.5,1.4,173,150
1922-04-23,MKC (Ma),Hermes (B),2,1,1456,1497,0.437,0.114,0.449,3,4,22.4,-21.9,228,225
1922-04-23,Macbi,HSC (Hi),2,0,1277,1477,0.238,0.090,0.672,4,6,83.5,-52.9,234,186
1922-04-23,Moedig Voorwaarts (B),DOS (B),3,0,1586,1444,0.690,0.089,0.221,6,3,10.9,-10.9,175,175
1922-04-23,Nic,UNA (L),2,1,1308,1370,0.407,0.112,0.480,3,4,19.2,-24.3,183,208
1922-04-23,ODIS²,Velocitas,2,6,1339,1502,0.274,0.106,0.620,3,4,-34.0,30.1,189,176
1922-04-23,OLS,Kinea (A),6,4,1540,1370,0.722,0.084,0.194,6,3,-3.3,4.9,179,197
1922-04-23,OSCR,HKV,5,4,1791,1720,0.594,0.109,0.297,4,3,-1.8,2.2,133,142
1922-04-23,PSV,DOS (E),1,2,1643,1930,0.161,0.066,0.774,5,8,25.0,-27.3,178,185
1922-04-23,Rapiditas,Thor (Zu),10,0,1598,1369,0.783,0.072,0.145,6,3,35.1,-60.3,196,276
1922-04-23,Ready (A),AW,10,2,1764,1441,0.856,0.058,0.086,5,1,13.1,-16.0,145,163
1922-04-23,SSS (Z),Wit Zwart,0,2,1524,1544,0.468,0.110,0.422,5,4,-28.1,37.4,172,201
1922-04-23,STA,OKV²,5,3,1084,1447,0.104,0.061,0.835,2,6,96.4,-83.4,200,187
1922-04-23,TOP (Ap),OKK (Z),2,0,1223,1180,0.557,0.108,0.335,4,3,42.1,-20.8,350,214
1922-04-23,UDI (T),Nic,1,2,1477,1248,0.782,0.074,0.144,5,2,-82.2,60.7,226,196
1922-04-23,VIOS (Ki),DES (Z),1,0,1209,1152,0.575,0.111,0.314,4,3,-0.5,0.1,162,140
1922-04-23,VIOS (Ki),GKC (Gr),3,0,1219,1306,0.373,0.113,0.514,3,4,33.4,-49.2,142,174
1922-04-23,VIOS (Ki),TOP (Ap),2,1,1208,1265,0.413,0.115,0.471,3,4,12.0,-35.9,149,271
1922-04-23,VIOS (Ki),WVV,1,0,1209,1155,0.572,0.110,0.318,4,3,0.2,-0.3,176,175
1922-04-23,Vitesse (Be),MKC (Me),9,3,1604,1586,0.525,0.106,0.369,5,4,65.7,-72.3,213,225
1922-04-23,Voorwaarts (M),SSS (Z),1,0,1705,1501,0.758,0.078,0.164,6,3,-22.1,23.5,180,185
1922-04-23,Wit Zwart,Voorwaarts (M),0,0,1581,1682,0.357,0.103,0.539,4,5,11.0,-9.6,179,168
1922-04-30,ALO,DKC (De),9,2,1768,1533,0.787,0.073,0.139,5,2,21.6,-28.1,162,189
1922-04-30,Advendo,Tekca,3,0,1883,1786,0.629,0.104,0.266,4,3,13.4,-12.3,142,135
1922-04-30,Akkrum,SIM,0,9,1452,1514,0.424,0.078,0.498,10,11,-51.9,94.7,175,246
1922-04-30,BEP,Westerkwartier,4,4,1696,1867,0.269,0.096,0.634,4,5,19.5,-26.5,171,198
1922-04-30,Bato,WVV,1,1,1146,1156,0.479,0.118,0.403,4,3,-6.0,3.5,210,163
1922-04-30,DDV,KZ,3,3,1769,1739,0.543,0.104,0.353,5,4,-7.8,8.9,140,149
1922-04-30,DED,DTV,4,7,1646,2015,0.101,0.060,0.839,2,6,4.5,-4.6,136,137
1922-04-30,DEV,Deetos,2,3,2035,2131,0.365,0.101,0.534,5,6,-2.1,2.5,132,150
1922-04-30,DOS (E),PSV,8,1,1904,1669,0.793,0.064,0.144,8,4,22.2,-21.0,175,169
1922-04-30,DOS (Ho),UNA (L),7,4,1264,1347,0.379,0.113,0.509,3,4,69.9,-49.3,226,187
1922-04-30,DVO (H),Oranje,1,3,1411,1465,0.420,0.112,0.468,3,4,-27.6,23.8,187,172
1922-04-30,Foarut,Inter Nos (SJ),2,0,1321,1188,0.679,0.091,0.230,6,3,0.8,-0.8,175,175
1922-04-30,Forward,Leonidas,0,2,1346,1336,0.510,0.111,0.379,5,4,-51.6,48.2,229,221
1922-04-30,HKC (Hrd),KCH,0,0,1557,1498,0.582,0.102,0.316,5,4,-15.4,15.4,175,175
1922-04-30,HKV,Rozenburg,5,2,1723,1749,0.454,0.125,0.421,3,2,27.3,-26.2,136,134
1922-04-30,Hermes (B),WWMD,0,0,1476,1530,0.418,0.115,0.467,3,4,3.2,-3.9,201,222
1922-04-30,KVO,Swift,6,5,1710,1962,0.190,0.071,0.738,5,8,47.9,-51.5,182,188
1922-04-30,MEVO,Volharding,2,4,1415,1549,0.310,0.109,0.581,3,4,-10.3,9.7,154,148
1922-04-30,MIA (M),Wit Zwart,0,0,1501,1593,0.369,0.108,0.523,4,5,10.5,-7.8,192,166
1922-04-30,MKC (Ma),WK,1,6,1480,1708,0.205,0.094,0.701,2,4,-35.9,42.9,203,227
1922-04-30,OSCR,Velox,8,2,1791,1704,0.617,0.104,0.280,4,3,24.0,-26.3,129,136
1922-04-30,RODA (W),Avanti,1,3,1565,1448,0.656,0.101,0.244,4,2,-63.5,61.3,197,193
1922-04-30,TOGO (W),UDI (O),0,3,1136,1431,0.150,0.073,0.777,3,6,-1.1,1.1,175,175
1922-04-30,VKC (Vr),UDI (N),5,2,1418,1412,0.506,0.109,0.385,5,4,29.3,-33.9,168,183
1922-04-30,VOMOS (S),Kinea (A),3,1,1492,1377,0.658,0.092,0.250,6,4,5.7,-5.3,256,183
1922-04-30,Vitesse (V),Vitesse (Be),4,8,1270,1673,0.085,0.051,0.864,2,7,-1.0,2.7,232,193
1922-05-07,Adundo,Kinea (H),2,6,890,1040,0.294,0.101,0.605,4,5,-30.4,26.2,177,163
1922-05-07,DOS (Ni),KIOS (R),7,5,1365,1215,0.698,0.090,0.212,5,3,2.3,-0.9,213,248
1922-05-07,DVD²,DED,0,4,1686,1654,0.538,0.118,0.345,3,2,-42.1,40.6,137,134
1922-05-07,Frisia,Friso (L),0,9,1576,1892,0.141,0.054,0.806,6,11,-46.3,44.2,255,247
1922-05-07,GIOS,WKC (DW),5,4,1655,1566,0.624,0.096,0.280,6,4,-9.0,5.5,245,209
1922-05-07,Gorkum,Vlug en Lenig,1,8,1399,1909,0.047,0.034,0.920,1,7,-8.7,9.9,174,192
1922-05-07,Haarlem,Ready (A),1,4,1797,1784,0.514,0.113,0.373,4,3,-31.4,36.6,135,146
1922-05-07,Jonge Spartaan,Advendo (TI),0,2,1282,1488,0.230,0.091,0.679,3,6,-0.8,0.8,175,175
1922-05-07,KCK,UDO,1,1,1200,1237,0.446,0.108,0.446,6,5,-0.0,0.0,175,175
1922-05-07,KVO,BEP,5,0,1761,1719,0.562,0.098,0.340,6,5,38.3,-34.4,172,162
1922-05-07,MKC (Me),OLS,3,7,1518,1543,0.462,0.110,0.427,5,4,-62.9,46.3,203,171
1922-05-07,SSS (Z),MIA (M),1,2,1500,1514,0.473,0.118,0.409,4,3,-16.8,19.0,164,175
1922-05-07,STA,HBS (B),5,5,1186,1621,0.072,0.043,0.885,2,8,63.9,-55.1,192,180
1922-05-07,Swift,Westerkwartier,2,1,1914,1843,0.602,0.093,0.306,7,5,-4.1,4.4,177,181
1922-05-07,UDI (T),Nic,5,0,1399,1332,0.589,0.108,0.303,4,3,52.4,-37.3,209,172
1922-05-07,Vitesse (Be),VOMOS (S),6,0,1680,1501,0.732,0.083,0.185,6,3,30.7,-41.2,186,222
1922-05-14,ALO,Vlug en Lenig,2,4,1795,1920,0.327,0.097,0.575,5,6,-9.6,12.5,159,187
1922-05-14,AW,KVO,0,7,1431,1801,0.102,0.056,0.842,3,7,-15.3,14.8,164,160
1922-05-14,BEP,Swift,1,8,1684,1910,0.211,0.086,0.703,3,6,-26.2,30.0,153,165
1922-05-14,DOS (E),Deetos,3,9,1931,2137,0.235,0.080,0.685,5,8,-28.1,21.3,169,145
1922-05-14,Excelsior,DED,7,0,1755,1695,0.578,0.113,0.310,4,2,32.8,-28.6,140,130
1922-05-14,HBS (B),OKV²,10,2,1567,1370,0.753,0.076,0.171,6,3,29.6,-32.2,175,184
1922-05-14,Inter Nos (SJ),VEMO,2,1,1191,1143,0.567,0.105,0.329,5,4,0.4,-0.3,167,175
1922-05-14,KCH,AFLM,1,0,1517,1463,0.574,0.104,0.322,5,4,0.7,1.1,166,242
1922-05-14,Kinea (A),MKC (Me),3,3,1376,1456,0.385,0.105,0.510,4,5,7.0,-7.6,175,182
1922-05-14,OKC (Ol),Moedig Voorwaarts (B),0,4,1248,1603,0.109,0.063,0.828,2,6,-8.1,6.7,222,169
1922-05-14,OLIK,Advendo (TI),0,3,1194,1489,0.150,0.074,0.777,3,6,-1.1,1.4,175,165
1922-05-14,OLS,Vitesse (V),4,3,1591,1274,0.856,0.054,0.091,6,2,-26.4,53.6,161,219
1922-05-14,Ready (A),DVD²,4,2,1821,1644,0.727,0.089,0.183,4,2,-3.1,2.6,139,132
1922-05-14,Rohda (B),Foarut,0,4,1018,1326,0.141,0.071,0.789,3,6,-9.2,8.7,175,167
1922-05-14,TOGO (W),Forward,0,3,1138,1298,0.280,0.101,0.618,3,5,-18.7,25.6,169,206
1922-05-14,Thor (Zu),Rapiditas,1,4,1314,1641,0.127,0.067,0.806,2,6,2.4,1.2,246,191
1922-05-14,UDI (O),Leonidas,3,3,1436,1389,0.564,0.107,0.329,5,3,-12.0,17.1,169,201
1922-05-14,VDB,ELTO,1,1,1265,1353,0.368,0.117,0.515,2,3,11.3,-11.6,226,229
1922-05-14,VIOS (Ki),DES (Z),4,2,1259,1158,0.634,0.106,0.260,4,2,5.0,-4.9,142,141
1922-05-14,VKC (Vr),STA,4,2,1452,1251,0.757,0.077,0.167,6,3,-6.6,10.0,160,185
1922-05-14,WVV,Bato,1,3,1163,1144,0.521,0.117,0.362,4,3,-31.3,44.6,157,189
1922-05-14,ZKC (Zu),DOVA,5,3,1386,1413,0.453,0.120,0.426,4,3,28.9,-74.6,198,350
1922-05-21,AW,Swift,0,2,1417,1943,0.042,0.032,0.926,1,7,26.6,-25.7,159,157
1922-05-21,DED,Ready (A),3,6,1668,1820,0.287,0.108,0.605,3,4,-12.5,14.2,126,135
1922-05-21,DIO (B),IJKC,1,1,1045,1099,0.415,0.123,0.462,2,3,3.8,-3.5,230,220
1922-05-21,DOVA,ZKC (Zu),12,1,1340,1417,0.383,0.119,0.498,2,3,135.9,-71.7,268,187
1922-05-21,Deetos,DOS (E),7,0,2162,1905,0.813,0.058,0.129,9,4,12.7,-15.9,140,160
1922-05-21,Frisia,Concordia,4,0,1532,1451,0.622,0.078,0.300,10,8,34.0,-33.2,233,230
1922-05-21,Haarlem,Excelsior,4,5,1768,1791,0.461,0.118,0.421,4,3,-11.3,11.5,133,134
1922-05-21,Hermes (B),MKC (Ma),3,0,1485,1450,0.544,0.114,0.342,4,3,32.4,-33.7,188,192
1922-05-21,Inter Nos (SJ),VEMO,2,1,1193,1144,0.567,0.106,0.327,5,4,0.2,-0.1,157,163
1922-05-21,Kinea (A),Vitesse (Be),4,17,1385,1715,0.126,0.065,0.809,3,6,-22.6,26.2,163,178
1922-05-21,MIA (M),Voorwaarts (M),2,5,1536,1680,0.299,0.106,0.595,3,4,-20.4,20.5,164,165
1922-05-21,MKC (Me),Vitesse (V),5,3,1451,1329,0.666,0.091,0.243,6,4,2.7,-2.4,168,206
1922-05-21,Quick (S),Wit Zwart,0,4,1439,1591,0.291,0.104,0.606,3,5,-33.8,26.1,187,161
1922-05-21,UDI (S),Friso (L),1,8,1476,1941,0.064,0.031,0.905,6,12,-11.7,11.2,243,228
1922-05-21,WKC (DW),Alcides,9,5,1574,1531,0.558,0.108,0.334,4,3,40.6,-56.2,194,235
1922-05-25,DVD²,Excelsior,3,10,1644,1798,0.283,0.111,0.606,2,4,-27.3,26.3,131,128
1922-05-28,AKC (Aa),OKC (Ob),2,0,1571,1319,0.801,0.073,0.126,5,1,-17.6,10.4,251,212
1922-05-28,Achilles (N),Rapiditas,2,5,1693,1640,0.572,0.104,0.324,5,4,-64.7,55.4,200,184
1922-05-28,BKC (Bu),KCH,2,2,1488,1515,0.458,0.112,0.430,5,4,-1.6,1.3,175,160
1922-05-28,Brinio,NHM (R),0,10,1533,1361,0.723,0.087,0.191,5,3,-134.5,131.9,217,215
1922-05-28,HKC (Hrd),AFLM,2,0,1544,1461,0.612,0.101,0.287,5,3,8.8,-11.8,170,211
1922-05-28,Haarlem,DVD²,6,6,1753,1616,0.678,0.100,0.222,4,2,-17.4,16.6,128,125
1922-05-28,Inter Nos (SJ),Foarut,2,2,1189,1333,0.299,0.104,0.597,3,5,13.4,-16.2,149,163
1922-05-28,KIOS (R),ZKC '19,4,11,1214,1262,0.427,0.112,0.461,3,4,-84.9,88.2,224,229
1922-05-28,ODA (B),SSS (W),0,2,1442,1585,0.300,0.104,0.595,3,5,-18.1,11.4,243,175
1922-05-28,ODIS (M),TOP (B),0,4,1213,900,0.853,0.054,0.093,7,2,-100.7,100.7,175,175
1922-05-28,SIM,Akkrum,4,1,1613,1402,0.778,0.055,0.168,12,8,-10.2,4.8,217,172
1922-05-28,UDI (O),TOGO (W),8,0,1422,1117,0.846,0.057,0.097,6,2,16.8,-16.9,162,162
1922-05-28,UDI (S),Frisia,0,5,1459,1562,0.367,0.080,0.553,9,10,-53.0,45.0,230,209
1922-05-28,VOMOS (S),OLS,3,7,1458,1563,0.349,0.111,0.540,3,4,-49.5,31.6,206,160
1922-05-28,Vitesse (V),Kinea (A),3,4,1323,1358,0.448,0.105,0.446,6,5,-15.5,11.3,187,158
1922-05-28,Voorwaarts (M),Quick (S),7,4,1696,1401,0.839,0.061,0.101,6,2,-4.0,5.7,155,172
1922-05-28,WWMD,Hermes (B),1,2,1528,1513,0.515,0.115,0.370,4,3,-29.9,22.0,203,173
1922-05-28,Wit Zwart,SSS (Z),1,6,1613,1482,0.674,0.096,0.230,5,3,-66.8,71.9,153,159
1922-05-28,ZKC (Zu),DOVA,2,6,1340,1474,0.310,0.112,0.578,3,4,-33.9,51.9,176,225
1922-05-31,Velox,HKV,3,3,1685,1758,0.385,0.124,0.491,2,3,4.5,-4.5,141,141
1922-06-04,MKC (Me),VOMOS (S),2,4,1454,1413,0.556,0.104,0.339,5,4,-34.1,43.8,162,185
1922-06-04,OLS,Vitesse (Be),7,7,1599,1744,0.299,0.100,0.600,4,5,13.7,-17.8,152,172
1922-06-04,VDB,ELTO,3,1,1278,1344,0.399,0.117,0.483,2,3,42.4,-43.0,206,207
1922-06-11,AFLM,BKC (Bu),0,0,1453,1490,0.443,0.110,0.447,3,4,0.3,-0.2,192,164
1922-06-11,Akkrum,SIM,0,3,1410,1607,0.251,0.069,0.681,8,11,-5.0,5.8,167,201
1922-06-11,Foarut,VEMO,4,0,1320,1143,0.729,0.084,0.187,6,3,13.1,-13.4,156,158
1922-06-11,KW,TOGIDO (D),1,5,1555,1573,0.471,0.109,0.419,5,4,-78.7,75.4,240,234
1922-06-11,Rapiditas,Quick (Arn),4,1,1700,1347,0.877,0.049,0.074,6,1,-9.8,10.1,173,175
1922-06-11,VDB,ELTO,2,1,1320,1300,0.521,0.116,0.362,4,3,6.9,-6.9,187,188
1922-07-09,AFLM,HKC (Hrd),1,2,1452,1511,0.412,0.110,0.478,3,4,-11.0,8.7,181,158
1922-07-09,Foarut,Rohda (B),4,0,1333,1011,0.859,0.053,0.088,7,2,0.8,-0.0,157,182
1922-07-09,HKC (Hrd),BKC (Bu),0,2,1556,1489,0.591,0.103,0.306,5,4,-43.5,38.6,172,162
1922-07-09,KCH,BKC (Bu),0,0,1520,1527,0.486,0.110,0.404,5,4,-4.4,3.8,163,151
1922-07-09,Quick '21,AW (DC),2,1,1330,1266,0.590,0.100,0.310,5,4,-2.4,2.4,175,175
1922-07-09,SIM,Akkrum,2,1,1613,1404,0.774,0.057,0.169,12,8,-30.9,22.8,190,166
1922-07-09,VEMO,Inter Nos (SJ),0,4,1129,1206,0.387,0.109,0.504,4,5,-35.0,33.4,159,155
1922-07-16,AFLM,HKC (Hrd),1,2,1442,1521,0.383,0.111,0.506,3,4,-6.7,5.6,167,150
1922-07-16,AW (DC),SSS (W),0,5,1269,1602,0.123,0.065,0.812,3,6,-12.0,13.8,163,179
1922-07-16,Advendo (TI),Jonge Spartaan,5,1,1494,1286,0.764,0.076,0.160,6,3,12.6,-13.3,176,184
1922-07-16,Akkrum,SIM,0,2,1428,1583,0.298,0.077,0.625,8,10,-2.1,2.1,159,178
1922-07-16,DOS (B),Tijnje,0,1,1443,1564,0.329,0.106,0.566,4,5,-0.3,0.4,170,160
1922-07-16,KCH,BKC (Bu),0,0,1517,1532,0.473,0.112,0.414,5,4,-2.9,2.5,153,143
1922-07-16,Kinea (A),Nic,2,5,1376,1300,0.605,0.100,0.295,5,4,-49.8,60.8,164,182
1922-07-16,Lyts Begjin,TOGIDO (D),1,1,1600,1651,0.424,0.109,0.467,4,5,2.2,-3.4,175,216
1922-07-16,Moedig Voorwaarts (B),TOGIDO (D),2,2,1614,1647,0.450,0.110,0.440,5,4,-0.6,0.6,182,189
1922-07-16,ODA (B),DOS (B),3,0,1479,1442,0.550,0.107,0.343,5,4,33.6,-22.1,200,157
1922-07-16,ODA (B),Tijnje,0,0,1513,1564,0.423,0.113,0.465,3,4,2.6,-1.8,178,149
1922-07-16,Quick '21,DOS (B),0,1,1329,1443,0.339,0.104,0.557,4,5,-1.4,1.3,163,189
1922-07-16,SSS (W),ODA (B),0,0,1616,1429,0.740,0.082,0.178,6,3,-28.7,51.7,169,222
1922-07-16,Tijnje,Lyts Begjin,0,0,1565,1601,0.445,0.110,0.445,5,4,-0.0,0.0,175,162
1922-07-22,WK,DDV,2,2,1759,1790,0.451,0.113,0.436,5,4,-1.4,0.6,224,153
1922-07-22,WWMD,DDV,4,9,1503,1770,0.171,0.082,0.747,2,5,-26.6,19.3,197,162
1922-07-23,AFLM,KCH,2,1,1434,1512,0.384,0.112,0.504,3,4,18.1,-15.7,155,145
1922-07-23,EKCA,KZ,2,4,1603,1756,0.289,0.100,0.611,4,5,-10.3,8.4,197,168
1922-07-23,ELTO,Ons Doel,1,2,1293,1430,0.305,0.112,0.583,2,4,0.8,-0.6,183,175
1922-07-23,Friso (L),Voorwaarts (M),5,6,1954,1698,0.811,0.060,0.129,8,4,-92.8,47.1,231,168
1922-07-23,OKC (Ob),SSS (S),5,0,1334,1081,0.802,0.072,0.126,5,2,25.4,-31.3,212,246
1922-07-23,Rohda (B),Inter Nos (SJ),0,0,1011,1241,0.205,0.088,0.707,3,5,32.8,-22.7,178,149
1922-07-29,PSV,ONA,4,3,1652,1601,0.570,0.103,0.327,5,4,-0.1,-0.2,188,175
1922-07-30,ODIS²,Concordia,7,0,1310,1414,0.357,0.095,0.548,6,7,83.7,-100.6,201,222
1922-07-30,PSV,Pope,14,0,1651,2000,0.113,0.061,0.825,2,6,110.4,-115.7,171,175
1922-08-06,AKC (Aa),OKC (Ob),1,1,1552,1353,0.751,0.083,0.166,5,2,-58.7,39.1,242,201
1922-08-08,WK,DEV,3,1,1751,2034,0.159,0.076,0.765,3,6,83.9,-55.1,199,162
1922-08-10,Concordia,DEV,1,6,1310,1977,0.019,0.014,0.966,2,11,15.6,-8.1,199,155
1922-08-12,Friso (L),DEV,1,4,1855,1969,0.341,0.098,0.561,5,6,-33.3,18.6,215,153
1922-08-12,Nic,DTV,1,11,1353,2012,0.020,0.017,0.964,1,8,-5.6,5.3,175,170
1922-08-12,SSS (Z),DTV,3,11,1553,2019,0.060,0.039,0.901,2,7,-12.1,11.4,174,167
1922-08-13,Excelsior (V),DOS (M),3,9,1440,1288,0.700,0.090,0.210,5,3,-140.6,91.8,231,186
1922-08-13,Vitesse (Be),Advendo (TI),1,4,1721,1500,0.778,0.070,0.152,7,3,-82.1,76.6,181,175
1922-08-14,MKC (Ma),Advendo (TI),1,1,1410,1576,0.273,0.100,0.627,3,5,26.2,-17.6,199,165
1922-08-15,Hermes (B),Advendo (TI),4,4,1534,1558,0.462,0.111,0.427,5,4,-2.3,1.5,185,154
1922-08-20,HKV,HSV,2,3,1748,1794,0.426,0.120,0.454,2,3,-12.0,13.4,162,172
1922-08-20,Kinea (A),VOMOS (S),4,3,1318,1451,0.315,0.099,0.585,4,6,25.6,-34.3,165,191
1922-08-20,Nic,UDI (T),6,1,1347,1450,0.351,0.109,0.540,3,4,62.1,-91.3,175,215
1922-08-20,OLS,VOMOS (S),5,1,1608,1416,0.746,0.080,0.174,6,3,13.5,-13.9,169,173
1922-08-20,Quick (Arn),ZKC (Zu),7,2,1351,1305,0.558,0.114,0.328,4,3,48.6,-48.4,189,189
1922-08-20,Rood Zwart,MKC (Me),11,5,1306,1414,0.349,0.101,0.551,5,6,81.6,-68.3,194,176
1922-08-20,SSS (Z),Wit Zwart,10,1,1541,1544,0.492,0.110,0.399,5,4,56.2,-57.4,171,173
1922-08-27,BKC (Bu),Quick '21,2,3,1526,1319,0.761,0.077,0.162,6,3,-40.1,49.4,150,166
1922-08-27,DOS (M),Zeelandia,2,2,1382,1588,0.228,0.093,0.679,3,5,26.4,-31.5,178,193
1922-08-27,Kinea (A),OLS,4,7,1344,1622,0.164,0.075,0.761,3,6,-1.7,1.7,156,161
1922-08-27,Moedig Voorwaarts (B),Advendo (TI),2,1,1605,1559,0.563,0.104,0.333,5,4,0.3,-0.6,179,148
1922-08-27,Ons Doel,ELTO,0,2,1422,1287,0.678,0.098,0.224,4,2,-55.0,58.8,173,178
1922-08-27,SSS (W),TOGIDO (D),0,1,1578,1639,0.410,0.110,0.480,3,4,-9.9,11.1,173,184
1922-08-27,UDI (T),Concordia,3,2,1358,1325,0.550,0.096,0.354,6,5,2.2,-2.2,191,200
1922-08-27,VOMOS (S),MKC (Me),4,3,1402,1346,0.577,0.102,0.320,5,4,-1.0,1.0,164,165
1922-08-27,Vitesse (Be),Rood Zwart,3,1,1638,1389,0.804,0.063,0.132,7,3,-15.0,15.7,174,177
1922-08-27,Volharding,DOS (M),2,1,1560,1408,0.703,0.087,0.210,6,3,-16.4,13.5,180,165
1922-08-27,WK,Hermes (B),3,0,1834,1531,0.844,0.059,0.097,6,2,-6.6,4.7,189,171
1922-08-27,Wit Zwart,MIA (M),0,4,1486,1510,0.462,0.110,0.428,5,4,-42.2,54.3,161,184
1922-08-30,Hermes (B),WK,1,4,1535,1827,0.150,0.078,0.772,2,5,-3.3,3.3,164,179
1922-09-03,Achilles (N),ZKC (Zu),3,3,1626,1308,0.855,0.055,0.090,6,2,-68.9,43.2,207,168
1922-09-03,Advendo (TI),TOGIDO (D),0,2,1558,1649,0.367,0.110,0.524,3,4,-13.0,17.7,142,169
1922-09-03,MIA (M),SSS (Z),2,0,1564,1598,0.445,0.115,0.439,5,4,26.6,-24.6,169,162
1922-09-03,Quick (Arn),EKCA,3,1,1400,1585,0.248,0.104,0.648,2,4,52.9,-61.1,176,190
1922-09-03,SSS (W),Moedig Voorwaarts (B),1,1,1567,1605,0.442,0.113,0.446,3,4,0.2,-0.2,161,165
1922-09-03,VOMOS (S),Rood Zwart,1,1,1401,1404,0.493,0.107,0.400,5,4,-4.4,5.3,154,169
1922-09-03,Vitesse (Be),OLS,3,1,1623,1624,0.496,0.108,0.396,5,4,19.8,-17.4,166,155
1922-09-03,Voorwaarts (M),Wit Zwart,8,1,1739,1442,0.841,0.057,0.102,7,2,17.4,-13.8,174,152
1922-09-03,ZKC (Zu),Mercedes,3,0,1256,1477,0.212,0.093,0.695,2,5,51.8,-198.2,176,350
1922-09-10,BKC (Bu),Foarut,2,2,1486,1330,0.704,0.091,0.205,5,2,-22.6,31.0,148,173
1922-09-10,Emma,HBS (H),4,2,1904,1419,0.937,0.028,0.035,7,1,-62.2,34.0,260,205
1922-09-10,Friso (L),Frisia,5,0,1822,1607,0.777,0.061,0.161,10,6,16.4,-18.5,197,216
1922-09-10,HKV,Excelsior,2,1,1736,1826,0.366,0.117,0.517,2,3,20.3,-21.7,157,163
1922-09-10,KVKV,Westerkwartier,3,2,1891,1846,0.565,0.097,0.338,6,5,0.5,-0.1,175,203
1922-09-10,KZ,DVD²,11,4,1758,1633,0.668,0.094,0.238,5,3,36.5,-32.0,173,160
1922-09-10,Kinea (A),Rood Zwart,0,0,1343,1409,0.405,0.104,0.491,4,5,4.1,-4.3,153,158
1922-09-10,Noviomagum,EKCA,0,5,1446,1524,0.382,0.118,0.500,2,3,-62.7,48.5,203,176
1922-09-10,OLS,MKC (Me),8,1,1607,1347,0.810,0.066,0.124,6,2,15.7,-17.7,147,157
1922-09-10,Swift,Haarlem,6,4,1912,1736,0.730,0.082,0.188,6,3,-6.5,4.0,189,162
1922-09-10,TOGIDO (D),Advendo (TI),3,1,1667,1544,0.664,0.097,0.240,5,3,1.9,-1.9,157,137
1922-09-10,VOMOS (S),Vitesse (Be),3,1,1396,1643,0.189,0.084,0.727,3,6,45.9,-51.8,146,155
1922-09-10,Volharding,Zeelandia,1,3,1544,1557,0.475,0.116,0.409,4,3,-30.9,34.4,171,181
1922-09-10,WK,MKC (Ma),9,1,1831,1437,0.899,0.043,0.058,6,1,13.3,-15.3,171,187
1922-09-10,Wit Zwart,Quick (S),5,2,1428,1406,0.527,0.111,0.362,4,3,22.2,-36.1,149,196
1922-09-17,AKC (Al),DOS (E),1,5,1486,1882,0.089,0.050,0.861,3,7,0.6,0.4,208,190
1922-09-17,AW,Animo,4,2,1437,1457,0.462,0.122,0.416,4,3,30.4,-40.2,192,225
1922-09-17,Amersfoort,Zwaluwen (H),2,9,1486,1565,0.384,0.111,0.505,3,4,-84.9,52.2,231,175
1922-09-17,DOS (M),Zeelandia,2,4,1419,1589,0.267,0.102,0.631,3,4,-6.2,6.4,162,167
1922-09-17,Gorkum,Voorwaarts (L),8,0,1387,1214,0.719,0.095,0.186,4,1,45.2,-33.8,207,175
1922-09-17,HSC (Hi),LUTO,1,5,1426,1690,0.176,0.075,0.749,4,7,-18.6,19.0,214,217
1922-09-17,Hercules,Fluks,4,6,1786,1893,0.342,0.117,0.540,2,3,-19.0,19.3,179,181
1922-09-17,KVO,DDV,5,7,1812,1782,0.545,0.097,0.358,6,5,-42.4,31.2,193,164
1922-09-17,PSV,Quick (Arn),1,5,1761,1452,0.849,0.056,0.095,6,2,-105.5,92.9,178,168
1922-09-17,SSS (Z),Voorwaarts (M),4,5,1571,1757,0.251,0.097,0.652,3,5,7.5,-9.4,155,170
1922-09-17,Vitesse (Be),Kinea (A),6,1,1589,1344,0.798,0.067,0.134,6,3,10.6,-10.1,149,145
1922-09-17,Wilhelmina,Rapiditas,4,6,1631,1684,0.420,0.113,0.466,3,4,-32.5,29.7,206,196
1922-09-24,Advendo,DTV,2,2,1898,2032,0.314,0.100,0.586,4,5,17.1,-15.5,184,176
1922-09-24,Boekhuis,Velox (A),0,29,2000,900,0.998,0.001,0.001,10,-1,-153.2,153.2,175,175
1922-09-24,DDV,Haarlem,3,2,1815,1739,0.604,0.103,0.293,5,3,-3.3,3.4,155,158
1922-09-24,DES²,NHM (A),12,1,1604,986,0.967,0.018,0.016,6,-1,6.5,-9.6,175,234
1922-09-24,Friso (L),UDI (T),5,0,1838,1360,0.935,0.027,0.037,8,2,-3.4,3.1,187,183
1922-09-24,KVD,KVKV,1,4,1585,1890,0.142,0.071,0.787,3,6,0.7,2.9,257,166
1922-09-24,KZ,KVO,7,1,1796,1771,0.538,0.094,0.367,7,6,41.1,-46.2,165,176
1922-09-24,MKC (Ma),WWMD,0,1,1420,1470,0.422,0.116,0.462,2,3,-13.5,15.5,184,199
1922-09-24,Nieuwendammerham,Olympia (A),6,3,1652,1582,0.598,0.100,0.303,5,4,20.9,-20.9,175,175
1922-09-24,Ons Huis,DSK,0,4,1702,1503,0.753,0.081,0.167,5,2,-169.8,114.5,277,228
1922-09-24,Quick (S),Voorwaarts (M),3,7,1369,1749,0.096,0.056,0.848,2,6,-2.1,2.4,179,160
1922-09-24,SVO,KDC,9,3,1843,1494,0.878,0.044,0.078,8,3,22.2,-22.6,256,261
1922-09-24,TOGIDO (D),SSS (W),3,1,1668,1567,0.635,0.102,0.263,4,3,5.1,-5.3,152,157
1922-09-24,Vitesse (Haag),ALO,4,1,1570,1782,0.222,0.092,0.686,3,5,75.5,-76.6,189,190
1922-09-24,WWMD,MKC (Ma),1,0,1485,1405,0.605,0.108,0.287,4,3,-3.6,3.0,179,168
1922-10-01,Amstel,SSS (A),4,4,1591,1622,0.446,0.108,0.446,5,4,-0.0,0.0,262,175
1922-10-01,DVD²,DDV,0,4,1601,1812,0.217,0.093,0.690,3,5,-17.7,15.8,158,147
1922-10-01,Foarut,BKC (Bu),0,1,1361,1463,0.343,0.111,0.545,3,4,-2.6,2.3,167,149
1922-10-01,HKC (He),AKC (Al),6,1,1759,1488,0.816,0.064,0.120,6,2,19.2,-17.8,211,200
1922-10-01,HKV,DTV,2,5,1756,2017,0.173,0.079,0.749,3,6,-3.3,3.4,154,164
1922-10-01,HSV,DEV,2,6,1808,1989,0.246,0.103,0.650,2,4,-25.8,23.5,171,162
1922-10-01,Haarlem,Tekca,2,2,1742,1776,0.439,0.113,0.448,3,4,0.4,-0.5,150,182
1922-10-01,KDO,Noorden,3,4,1540,1657,0.326,0.105,0.569,4,5,-2.8,0.6,175,350
1922-10-01,KVO,Swift,4,3,1725,1906,0.255,0.084,0.661,5,7,32.1,-39.4,163,180
1922-10-01,KZ,DED,14,3,1838,1651,0.735,0.082,0.183,6,3,27.0,-31.7,155,170
1922-10-01,MKC (Me),Kinea (A),1,0,1329,1335,0.481,0.107,0.412,5,4,8.3,-7.1,158,144
1922-10-01,Moedig Voorwaarts (B),SSS (W),2,0,1605,1562,0.549,0.110,0.341,4,3,14.2,-12.3,162,149
1922-10-01,OHS,Westerkwartier,1,8,1692,1846,0.281,0.100,0.619,3,5,-80.0,45.8,262,188
1922-10-01,OSCA,Kattenburg,1,4,1508,1589,0.373,0.112,0.515,3,4,-62.1,52.7,277,250
1922-10-01,Quick (Arn),Be Quick,6,0,1547,1397,0.686,0.100,0.214,4,2,30.7,-45.1,165,207
1922-10-01,Quick (S),SSS (Z),2,7,1367,1581,0.214,0.094,0.692,2,5,-27.4,21.6,172,150
1922-10-01,Ready (A),Deetos,1,5,1831,2171,0.116,0.060,0.824,3,7,-4.1,4.1,175,180
1922-10-01,Rood Wit (H),HBS (H),5,7,1498,1453,0.553,0.107,0.340,5,4,-51.4,48.7,210,204
1922-10-01,SDO (A),Bijenkorf,4,2,1499,1553,0.410,0.111,0.478,3,4,41.0,-57.4,219,264
1922-10-01,Swift (W),ZKC (Zu),7,0,1815,1352,0.931,0.025,0.044,11,4,4.0,-4.2,239,170
1922-10-01,VKC (A),DSK,0,3,1317,1618,0.139,0.076,0.785,2,5,-5.8,6.1,235,211
1922-10-01,Velocitas,BEP,7,7,1538,1656,0.322,0.112,0.566,3,4,18.3,-14.9,210,190
1922-10-01,Velox (A),DES²,3,9,1060,1613,0.045,0.005,0.950,40,74,47.4,-46.0,177,175
1922-10-01,Vitesse (Haag),Vlug en Lenig,2,11,1646,1931,0.154,0.072,0.774,3,6,-29.0,39.0,176,210
1922-10-01,Wilhelmina,DOS (E),0,7,1601,1884,0.156,0.071,0.773,3,7,-28.9,27.9,188,184
1922-10-01,Zeelandia,Volharding,1,2,1598,1513,0.605,0.108,0.287,4,3,-29.2,31.0,159,164
1922-10-07,Ons Huis,SCH,2,1,1532,1451,0.601,0.104,0.295,5,3,-2.8,2.4,245,237
1922-10-07,Velox (A),NHM (A),8,3,1107,976,0.709,0.018,0.273,58,47,-9.4,18.9,175,232
1922-10-07,Zwart Wit,WIK (E),9,1,1635,1330,0.841,0.059,0.099,6,2,21.3,-35.0,175,239
1922-10-08,ALO,TOV (D),5,0,1705,1731,0.449,0.116,0.435,4,3,53.1,-90.1,179,241
1922-10-08,Achilles (N),Swift (W),0,3,1557,1818,0.179,0.065,0.756,6,9,-1.0,-0.4,204,230
1922-10-08,Avanti,Velocitas,0,9,1512,1556,0.422,0.119,0.459,2,3,-89.1,67.7,221,189
1922-10-08,Be Quick,Noviomagum,5,1,1350,1382,0.436,0.127,0.438,1,2,57.9,-58.0,189,189
1922-10-08,DEDO,HBS (DB),7,4,1649,1605,0.553,0.105,0.342,5,4,26.0,-26.0,175,175
1922-10-08,DEV,Hercules,5,3,2012,1768,0.788,0.078,0.134,4,1,-7.8,10.2,154,171
1922-10-08,DKC (De),HBS (DB),1,3,1507,1578,0.386,0.112,0.501,3,4,-31.1,18.0,220,161
1922-10-08,DOS (E),HKC (He),6,1,1912,1778,0.677,0.083,0.239,7,5,26.0,-32.1,175,198
1922-10-08,DOVA,AKC (Al),1,5,1526,1469,0.565,0.114,0.320,3,2,-99.2,68.2,231,189
1922-10-08,DTV,Vitesse (Leiden),12,2,2019,1972,0.559,0.102,0.339,5,4,42.2,-63.4,157,197
1922-10-08,DVD²,Haarlem,6,4,1581,1741,0.270,0.108,0.622,2,4,40.6,-36.8,150,143
1922-10-08,Excelsior,Advendo,4,1,1802,1915,0.329,0.115,0.556,2,3,46.9,-53.9,160,172
1922-10-08,Friso (L),WK,1,3,1834,1845,0.475,0.108,0.417,5,4,-33.3,29.6,186,175
1922-10-08,GKV,Graaf Willem 2,2,0,1765,1605,0.701,0.095,0.204,4,2,2.3,-0.5,175,234
1922-10-08,HBS (H),SDO (L),6,3,1501,1221,0.821,0.067,0.112,5,1,-0.3,1.7,186,209
1922-10-08,HSV,Deetos,0,2,1780,2174,0.086,0.052,0.861,2,6,18.3,-21.7,161,173
1922-10-08,KVD,OHS,7,2,1585,1610,0.448,0.121,0.431,4,3,83.0,-79.0,231,224
1922-10-08,KVO,DED,5,3,1756,1618,0.679,0.089,0.232,6,4,-0.1,0.3,155,161
1922-10-08,KZ,Swift,5,1,1866,1865,0.494,0.102,0.404,6,5,30.6,-38.1,149,168
1922-10-08,MKC (Me),Vitesse (Be),4,12,1336,1601,0.168,0.080,0.752,3,5,-22.3,23.0,148,151
1922-10-08,OKC (Ob),Rapide,2,1,1391,1147,0.790,0.074,0.136,5,2,-26.2,42.9,204,251
1922-10-08,OSCR,HKV,1,2,1818,1751,0.581,0.111,0.309,4,3,-33.7,23.0,180,148
1922-10-08,Quick '21,BKC (Bu),0,0,1369,1464,0.353,0.113,0.534,3,4,10.7,-7.3,170,142
1922-10-08,Rozenburg,Ready (A),1,11,1724,1825,0.344,0.115,0.541,3,4,-57.4,49.9,182,169
1922-10-08,SSS (W),Advendo (TI),3,1,1547,1541,0.494,0.117,0.389,4,3,16.4,-16.2,142,141
1922-10-08,Velox,Vitesse (Haag),11,2,1684,1615,0.581,0.113,0.306,3,2,50.1,-45.6,177,168
1922-10-08,Voorwaarts (L),GHBSC,4,3,1180,1235,0.403,0.126,0.471,1,2,19.2,-20.1,171,175
1922-10-14,NHM (A),DES²,2,19,993,1566,0.028,0.033,0.938,-2,3,-12.3,9.6,206,175
1922-10-15,BEP,ODIS²,13,2,1640,1392,0.793,0.074,0.133,5,2,28.0,-35.4,178,204
1922-10-15,DED,Swift,2,2,1617,1826,0.220,0.093,0.687,3,5,23.0,-24.1,153,157
1922-10-15,DTV,OSCR,5,3,2062,1783,0.825,0.059,0.116,7,3,-13.8,17.8,149,166
1922-10-15,DVD²,KVO,5,3,1622,1755,0.308,0.099,0.593,4,5,31.7,-33.8,143,148
1922-10-15,Deetos,Rozenburg,2,2,2151,1665,0.935,0.029,0.036,7,1,-59.0,59.5,168,168
1922-10-15,EKCA,PSV,2,7,1571,1655,0.370,0.111,0.519,3,4,-45.1,47.7,173,179
1922-10-15,ELTO,VDB,3,1,1345,1321,0.518,0.119,0.363,4,3,21.6,-27.1,180,206
1922-10-15,GHBSC,Gorkum,0,8,1214,1434,0.205,0.100,0.695,1,3,-31.8,44.3,162,196
1922-10-15,HKC (He),Wilhelmina,4,4,1744,1569,0.720,0.087,0.193,5,2,-33.8,32.8,182,180
1922-10-15,HSV,Fluks,1,4,1797,1912,0.323,0.117,0.560,2,3,-23.6,28.2,157,174
1922-10-15,Haarlem,KZ,5,2,1703,1896,0.238,0.091,0.670,3,6,44.2,-47.1,138,142
1922-10-15,Hollandia,DVO (H),1,4,1735,1384,0.873,0.050,0.077,6,2,-89.0,140.5,175,216
1922-10-15,KVR,Ons Eibernest,2,0,1542,1575,0.438,0.115,0.447,3,4,54.7,-39.9,272,227
1922-10-15,Moedig Voorwaarts (B),Advendo (TI),5,0,1617,1523,0.618,0.105,0.278,4,3,29.5,-23.1,155,135
1922-10-15,Nausikaa,Advendo,2,0,1950,1859,0.622,0.091,0.287,6,5,6.2,-5.1,191,161
1922-10-15,Ons Doel,MEVO,10,0,1366,1405,0.427,0.121,0.452,2,3,65.3,-79.7,176,197
1922-10-15,Rapiditas,DOS (E),1,8,1714,1937,0.210,0.081,0.709,4,7,-35.1,28.7,185,165
1922-10-15,Ready (A),Hercules,1,3,1876,1777,0.625,0.104,0.271,4,3,-42.5,45.2,158,163
1922-10-15,Swift (W),Thor (Zu),6,5,1817,1313,0.944,0.022,0.034,11,3,-59.3,97.1,209,257
1922-10-15,TOGO (A),Zuiden,0,2,1449,1679,0.200,0.087,0.713,3,5,0.3,0.2,251,243
1922-10-15,TOV (D),HBS (DB),1,4,1639,1595,0.549,0.112,0.340,4,3,-71.0,39.4,208,153
1922-10-15,Tekca,DDV,3,7,1773,1826,0.411,0.113,0.476,3,4,-43.0,32.3,169,145
1922-10-15,Trekvogels (A),Nieuwendammerham,2,5,1386,1672,0.152,0.073,0.774,3,6,-1.1,1.3,175,168
1922-10-15,Vitesse (Haag),DKC (De),7,2,1568,1474,0.616,0.109,0.275,4,2,30.9,-44.2,158,194
1922-10-15,Vitesse (Leiden),Excelsior,3,6,1906,1848,0.570,0.109,0.321,4,3,-57.7,42.1,178,151
1922-10-15,Vlug en Lenig,Velox,1,4,1970,1735,0.785,0.069,0.145,6,3,-98.5,68.7,196,165
1922-10-15,Volharding,DOS (M),2,0,1541,1413,0.664,0.097,0.239,5,3,2.6,-2.6,157,161
1922-10-15,WK,Friso (L),2,0,1873,1799,0.594,0.102,0.304,5,4,9.1,-9.8,163,171
1922-10-15,Zwaluwen (A),SSS (A),4,0,1664,1620,0.551,0.107,0.342,5,4,35.8,-33.2,175,168
1922-10-21,AKC (Al),Rapiditas,4,0,1535,1677,0.293,0.107,0.600,3,4,69.3,-65.6,178,173
1922-10-21,Advendo,HKV,3,3,1851,1771,0.592,0.119,0.289,3,1,-14.9,13.4,152,145
1922-10-21,DDV,DED,9,1,1858,1638,0.766,0.080,0.154,5,2,18.7,-20.7,138,146
1922-10-21,DKC (De),Vlug en Lenig,1,5,1428,1869,0.067,0.043,0.890,2,7,3.3,-3.8,177,184
1922-10-21,Emma,Rood Wit (H),5,4,1839,1444,0.897,0.043,0.060,6,1,-76.9,39.5,256,193
1922-10-21,Excelsior,Nausikaa,4,3,1889,1954,0.403,0.097,0.500,5,6,13.0,-18.8,144,175
1922-10-21,Fluks,Deetos,3,5,1939,2090,0.283,0.106,0.611,3,4,-8.4,8.7,161,166
1922-10-21,HBS (D),Vitesse (Haag),5,2,1534,1599,0.395,0.114,0.491,3,4,55.2,-34.1,195,150
1922-10-21,Hercules,HSV,5,0,1820,1771,0.553,0.117,0.330,3,2,35.9,-33.7,154,149
1922-10-21,KVO,Haarlem,2,6,1720,1746,0.453,0.105,0.442,6,5,-33.3,29.8,141,133
1922-10-21,ODIS²,Avanti,7,4,1355,1419,0.393,0.117,0.490,2,3,51.7,-55.3,190,198
1922-10-21,OHS,KVKV,1,5,1528,1891,0.101,0.060,0.839,2,6,-5.5,5.1,203,168
1922-10-21,OSCR,Vitesse (Leiden),3,4,1799,1847,0.418,0.112,0.470,3,4,-9.9,10.4,160,165
1922-10-21,PSV,Be Quick,3,1,1702,1406,0.833,0.063,0.104,5,1,-14.7,17.1,165,175
1922-10-21,Quick (Arn),EKCA,3,2,1575,1524,0.556,0.116,0.328,3,2,2.0,-1.9,162,161
1922-10-21,Rozenburg,DEV,1,5,1723,2002,0.153,0.084,0.763,1,4,-13.5,11.6,166,151
1922-10-21,SCH,Ons Huis,2,4,1450,1526,0.379,0.114,0.507,3,4,-28.7,29.7,214,218
1922-10-21,Swift,Tekca,2,4,1800,1728,0.589,0.104,0.307,5,3,-34.3,37.8,149,157
1922-10-21,Thor (Zu),ZKC (Zu),3,1,1409,1344,0.577,0.111,0.311,4,3,23.6,-13.8,246,172
1922-10-21,Velox,ALO,9,1,1802,1756,0.552,0.110,0.338,4,3,43.4,-49.2,159,170
1922-10-21,ZKV (Za),RODA (W),6,4,1574,1501,0.590,0.105,0.304,5,3,18.2,-18.2,226,226
1922-10-22,'t Overschotje,Gorssel,12,0,1207,1113,0.618,0.104,0.278,4,3,125.9,-40.7,350,175
1922-10-22,DES (D),HBS (De),1,4,1147,1435,0.150,0.073,0.777,3,6,-1.3,1.3,175,175
1922-10-22,Foarut,TOGIDO (D),1,1,1354,1671,0.128,0.072,0.800,2,5,38.3,-34.3,161,153
1922-10-22,Phoenix (Z),Oranje,0,6,1404,1489,0.368,0.110,0.522,3,4,-48.8,67.2,175,210
1922-10-22,Sloten,Rohda (A),0,11,1582,1584,0.485,0.109,0.406,5,4,-68.9,68.9,175,175
1922-10-22,Victoria (A),SSS (A),3,3,1478,1585,0.339,0.108,0.553,3,4,21.0,-8.7,241,157
1922-10-22,Vitesse (Be),WK,2,5,1631,1904,0.161,0.080,0.759,2,5,-2.3,2.4,140,145
1922-10-22,Voorwaarts (M),Vitesse (Be),3,2,1749,1624,0.663,0.093,0.245,6,3,-10.3,8.2,163,148
1922-10-22,WK,Voorwaarts (M),8,3,1880,1739,0.680,0.095,0.226,5,3,23.3,-22.8,154,152
1922-10-22,Zuiden,TOGO (A),5,5,1677,1447,0.778,0.075,0.147,6,2,-51.8,54.4,219,224
1922-10-28,DSK,SCH,4,1,1624,1424,0.745,0.084,0.170,5,2,9.2,-8.9,203,193
1922-10-28,Excelsior (A),SVO,3,1,1669,1867,0.239,0.076,0.685,6,9,72.7,-77.6,237,244
1922-10-28,NHM (A),Velox (A),2,12,982,1099,0.368,0.021,0.612,47,53,-16.4,12.4,204,170
1922-10-28,Ons Huis,VKC (A),2,2,1558,1310,0.792,0.076,0.132,5,1,-45.7,59.1,196,220
1922-10-28,TOP (V)²,DOK,3,4,1134,1134,0.485,0.117,0.398,4,3,-18.6,30.9,175,230
1922-10-29,ALO,HBS (D),3,5,1710,1594,0.648,0.098,0.254,5,3,-43.5,53.4,159,176
1922-10-29,Advendo,OSCR,3,5,1840,1793,0.552,0.114,0.333,4,3,-31.4,33.9,145,151
1922-10-29,Bijenkorf,SDO (A),1,4,1497,1541,0.422,0.116,0.462,3,4,-57.4,46.4,231,205
1922-10-29,DDV,Swift,2,2,1882,1769,0.645,0.097,0.258,5,3,-15.7,17.4,136,143
1922-10-29,DED,DVD²,1,0,1621,1656,0.431,0.123,0.446,2,3,12.1,-11.7,143,140
1922-10-29,DOVA,DOS (E),2,8,1428,1970,0.038,0.028,0.935,2,8,-2.7,2.8,207,160
1922-10-29,DVO (H),Oranje,1,1,1528,1560,0.440,0.113,0.447,3,4,0.5,-0.4,207,188
1922-10-29,Deetos,Hercules,5,0,2102,1860,0.788,0.075,0.138,5,2,14.2,-12.7,156,146
1922-10-29,Fluks,Ready (A),5,2,1935,1835,0.623,0.107,0.270,4,2,16.3,-16.3,153,153
1922-10-29,HBS (De),NIVO,1,3,1441,1462,0.457,0.111,0.431,5,4,-26.7,29.1,167,175
1922-10-29,HBS (H),HSV,3,1,1504,1712,0.217,0.099,0.684,2,4,65.9,-35.6,182,134
1922-10-29,HKV,Vitesse (Leiden),1,2,1789,1862,0.379,0.121,0.500,2,3,-5.9,7.0,139,154
1922-10-29,HSC (Hi),Amersfoort,1,7,1410,1404,0.496,0.109,0.395,5,4,-81.6,84.3,207,211
1922-10-29,HSV,Rozenburg,0,2,1740,1712,0.521,0.122,0.357,3,2,-28.5,35.5,142,160
1922-10-29,Hercules,LUTO,3,3,1848,1713,0.671,0.097,0.232,5,2,-16.2,37.7,140,209
1922-10-29,KVR,TOGO (H),3,3,1599,1303,0.833,0.064,0.103,5,1,-59.2,99.3,233,292
1922-10-29,KZ,Haarlem,3,0,1851,1781,0.589,0.103,0.309,5,4,15.2,-13.1,140,129
1922-10-29,Nausikaa,DTV,0,0,1939,2052,0.340,0.089,0.571,6,8,12.3,-10.3,162,149
1922-10-29,Noviomagum,Quick (Arn),1,7,1325,1581,0.172,0.092,0.737,1,4,-29.5,22.8,178,153
1922-10-29,OSCA,AW,4,1,1447,1471,0.444,0.130,0.426,3,2,69.9,-44.9,241,188
1922-10-29,RODA (W),DEV,2,6,1487,2018,0.039,0.033,0.928,0,6,8.8,-3.1,203,147
1922-10-29,Rapiditas,HKC (He),0,2,1614,1713,0.351,0.106,0.543,4,5,-14.1,15.8,162,173
1922-10-29,Rohda (A),Sloten,15,0,1659,1516,0.683,0.091,0.225,5,3,34.5,-34.5,163,163
1922-10-29,SDO (L),Emma,1,5,1225,1767,0.036,0.032,0.932,0,5,3.4,-7.8,200,240
1922-10-29,SSS (A),Victoria (A),0,3,1580,1503,0.595,0.106,0.299,4,3,-42.0,77.6,151,207
1922-10-29,Tekca,KVO,1,2,1770,1690,0.604,0.098,0.298,6,4,-25.3,21.0,149,135
1922-10-29,Velocitas,ODIS²,3,3,1627,1412,0.761,0.082,0.158,5,2,-38.8,37.1,179,175
1922-10-29,Velox,DKC (De),12,3,1851,1435,0.906,0.041,0.053,5,1,10.0,-12.6,150,173
1922-10-29,Vitesse (A),Quick (A),1,4,1439,1289,0.692,0.089,0.219,5,3,-119.6,98.9,264,239
1922-10-29,Vlug en Lenig,TOV (D),5,0,1869,1570,0.837,0.060,0.103,6,2,12.1,-13.0,179,188
1922-10-29,Westerkwartier,KVD,5,1,1894,1671,0.771,0.076,0.154,6,2,13.7,-16.3,183,209
1922-10-29,Zeelandia,DOS (M),2,3,1569,1412,0.696,0.096,0.209,4,2,-39.1,37.4,158,155
1922-10-29,Zwaluwen (A),Amstel,8,0,1703,1593,0.640,0.099,0.261,5,3,37.0,-63.5,165,225
1922-11-04,DOK,Zwart Wit,0,6,1166,1659,0.049,0.036,0.915,1,7,-8.3,7.2,201,176
1922-11-05,AKC (Al),Wilhelmina,0,3,1608,1605,0.488,0.120,0.392,4,3,-43.7,46.5,168,174
1922-11-05,ALO,DKC (De),5,4,1666,1422,0.791,0.072,0.137,6,2,-20.1,25.9,151,170
1922-11-05,Amstel,Zwaluwen (A),3,11,1529,1740,0.219,0.089,0.692,3,6,-45.7,30.0,200,157
1922-11-05,Be Quick,EKCA,7,0,1427,1526,0.344,0.119,0.537,2,3,73.1,-60.1,171,155
1922-11-05,Blauw Wit (O),DIO (O),2,2,1430,1333,0.625,0.097,0.278,5,4,-20.2,20.2,175,175
1922-11-05,DOVA,HKC (He),4,4,1425,1729,0.139,0.070,0.791,3,6,54.2,-33.2,202,161
1922-11-05,HBS (A),BEP,3,3,1896,1673,0.774,0.071,0.155,7,3,-66.4,32.5,242,174
1922-11-05,Hercules,Rozenburg,5,1,1831,1748,0.601,0.111,0.288,4,2,21.1,-25.0,137,150
1922-11-05,NIVO,DES (D),3,1,1491,1149,0.868,0.050,0.082,7,2,-20.0,22.0,162,169
1922-11-05,OSCR,Excelsior,7,2,1826,1906,0.375,0.109,0.516,4,5,45.9,-44.6,144,142
1922-11-05,Tekca,DVD²,5,1,1745,1644,0.625,0.105,0.270,4,3,20.3,-18.5,142,135
1922-11-05,Trekvogels (A),Olympia (A),0,3,1387,1562,0.258,0.094,0.648,4,6,-14.9,15.3,171,175
1922-11-05,ZKC (Zu),Achilles (N),4,1,1333,1557,0.203,0.094,0.704,2,4,63.5,-88.9,166,196
1922-11-05,Zuiden,Bijenkorf,8,3,1590,1439,0.691,0.093,0.216,5,3,31.2,-36.2,186,204
1922-11-05,Zuiden,Spartaan,2,3,1629,1548,0.601,0.106,0.293,4,3,-39.0,47.5,205,227
1922-11-11,DES²,Velox (A),4,2,1583,1116,0.943,0.006,0.051,65,36,-59.8,48.0,180,163
1922-11-11,Noorden,KDO,2,0,1660,1539,0.655,0.096,0.249,5,3,8.3,-6.5,274,179
1922-11-11,SCH,DSK,1,3,1417,1635,0.209,0.092,0.699,2,5,-0.3,-0.0,183,190
1922-11-11,SVO,Excelsior (A),4,1,1790,1743,0.565,0.087,0.347,8,7,29.5,-28.4,220,215
1922-11-11,VKC (A),Ons Huis,1,3,1371,1514,0.290,0.109,0.601,2,4,-15.0,13.1,206,187
1922-11-12,Amstelodamum,Blauw Wit,2,3,1452,1444,0.495,0.118,0.387,4,3,-29.6,35.6,227,251
1922-11-12,Animo,Macbi,5,2,1420,1368,0.559,0.113,0.328,4,3,36.8,-49.4,212,254
1922-11-12,BEP,Avanti,14,1,1706,1369,0.863,0.054,0.083,6,1,17.8,-21.0,167,184
1922-11-12,DDV,KZ,8,2,1867,1868,0.490,0.105,0.405,6,5,34.4,-35.7,135,137
1922-11-12,DKC (De),TOV (D),3,6,1449,1558,0.332,0.116,0.552,2,3,-25.4,30.9,163,182
1922-11-12,DVO (H),Phoenix (Z),4,1,1529,1359,0.715,0.088,0.198,5,3,10.3,-8.9,188,169
1922-11-12,Deetos,HSV,7,0,2118,1677,0.917,0.036,0.046,6,1,6.8,-5.5,154,134
1922-11-12,Excelsior,DTV,4,6,1863,2042,0.253,0.093,0.654,4,6,-1.7,1.7,136,145
1922-11-12,KVO,Tekca,5,5,1712,1766,0.413,0.105,0.482,4,5,2.7,-2.8,134,137
1922-11-12,Nausikaa,OSCR,2,3,1952,1873,0.606,0.089,0.304,7,6,-25.8,20.4,155,137
1922-11-12,Nieuwendammerham,Trekvogels (A),5,1,1678,1374,0.842,0.057,0.101,6,2,2.2,-2.3,168,161
1922-11-12,Noviomagum,PSV,2,3,1297,1692,0.084,0.054,0.862,1,6,34.2,-32.0,170,165
1922-11-12,Rapiditas,DOVA,3,2,1601,1480,0.654,0.099,0.248,5,3,-6.9,11.2,155,189
1922-11-12,Rozenburg,Fluks,4,4,1724,1952,0.197,0.096,0.707,2,4,22.8,-24.6,143,148
1922-11-12,Velocitas,HBS (A),4,5,1589,1831,0.189,0.082,0.729,3,6,15.5,-26.8,172,218
1922-11-12,Vitesse (Leiden),Advendo,7,2,1869,1810,0.568,0.114,0.318,3,2,32.2,-29.6,148,142
1922-11-12,Vlug en Lenig,ALO,5,1,1882,1647,0.785,0.069,0.146,7,3,7.9,-6.4,174,147
1922-11-12,Zuiden,SDO (A),2,2,1623,1589,0.537,0.108,0.355,5,4,-10.0,11.8,174,189
1922-11-12,Zwaluwen (A),Victoria (A),4,0,1771,1582,0.737,0.081,0.182,6,3,11.9,-16.7,151,188
1922-11-18,SCH,VKC (A),1,0,1416,1356,0.570,0.113,0.317,4,3,0.9,-0.8,172,187
1922-11-18,WIK (E),DOK,5,1,1297,1158,0.675,0.097,0.228,5,2,37.1,-29.2,229,197
1922-11-19,Advendo,Excelsior,1,2,1780,1860,0.369,0.119,0.512,2,3,-4.6,4.4,136,132
1922-11-19,Amersfoort,LUTO,2,1,1489,1751,0.171,0.080,0.749,3,6,58.1,-57.4,194,193
1922-11-19,Amstel,Victoria (A),2,7,1484,1564,0.374,0.111,0.515,3,4,-51.3,46.5,186,176
1922-11-19,Bijenkorf,Zuiden,1,5,1404,1612,0.219,0.094,0.687,3,5,-25.0,19.6,189,163
1922-11-19,DEV,Deetos,1,5,2015,2124,0.336,0.109,0.555,3,4,-28.6,28.8,152,153
1922-11-19,DOS (E),AKC (Al),9,1,1973,1565,0.905,0.038,0.057,7,2,10.2,-9.8,163,160
1922-11-19,DOS (M),Volharding,2,2,1450,1547,0.351,0.111,0.538,3,4,8.9,-9.6,154,160
1922-11-19,DVD²,DED,5,1,1626,1633,0.473,0.122,0.405,4,3,30.0,-33.6,133,142
1922-11-19,HBS (A),ODIS²,5,1,1804,1449,0.876,0.047,0.077,7,2,-2.9,1.0,198,171
1922-11-19,HKV,OSCR,4,2,1783,1893,0.332,0.113,0.555,3,4,29.9,-27.1,140,133
1922-11-19,Haarlem,DDV,3,3,1768,1901,0.305,0.106,0.589,3,4,11.0,-10.7,132,130
1922-11-19,Judea,Sloten,3,3,1451,1481,0.444,0.111,0.444,3,4,0.0,-0.0,175,159
1922-11-19,NIVO,HBS (De),3,2,1471,1414,0.569,0.106,0.325,5,3,0.0,-0.0,161,161
1922-11-19,Nausikaa,Vitesse (Leiden),7,2,1926,1901,0.529,0.097,0.373,6,5,31.7,-29.7,147,141
1922-11-19,Olympia (A),Nieuwendammerham,2,1,1578,1679,0.347,0.106,0.546,4,5,23.8,-22.9,166,163
1922-11-19,Rood Wit (H),SDO (L),7,6,1488,1229,0.804,0.070,0.126,5,2,-30.4,32.4,194,199
1922-11-19,Rozenburg,Hercules,9,2,1746,1853,0.334,0.117,0.549,2,3,52.5,-49.9,139,135
1922-11-19,Spartaan,VIJW,4,3,1596,1693,0.350,0.113,0.537,3,4,28.7,-47.7,204,267
1922-11-19,TOGO (A),SDO (A),2,0,1506,1600,0.357,0.109,0.535,3,4,51.7,-35.2,212,173
1922-11-19,TOGO (H),Ons Eibernest,0,7,1402,1538,0.301,0.108,0.590,3,4,-86.4,60.4,264,213
1922-11-19,TOV (D),Vitesse (Haag),3,4,1588,1568,0.511,0.120,0.369,3,2,-22.8,18.8,168,152
1922-11-19,Tekca,KZ,6,5,1763,1831,0.392,0.108,0.500,4,5,12.9,-13.0,131,132
1922-11-19,Velox,HBS (D),4,4,1861,1648,0.762,0.076,0.161,6,3,-30.0,36.5,154,169
1922-11-19,Zwaluwen (H),HSC (Hi),9,2,1622,1328,0.835,0.059,0.107,7,3,20.5,-22.3,182,192
1922-11-25,DSK,VKC (A),3,0,1634,1354,0.819,0.069,0.112,5,1,-1.0,0.6,179,172
1922-11-25,Zwart Wit,TOP (V)²,10,1,1666,1116,0.953,0.022,0.025,7,0,7.0,-6.6,177,171
1922-12-01,DOK,TOP (V)²,3,4,1128,1110,0.514,0.112,0.374,4,3,-25.0,21.3,185,170
1922-12-03,Excelsior,Vitesse (Leiden),12,5,1864,1871,0.478,0.113,0.410,5,4,35.7,-39.9,130,138
1922-12-03,HBS (H),Rood Wit (H),4,3,1570,1457,0.646,0.095,0.259,5,4,-8.5,9.4,178,186
1922-12-03,HKC (He),DOS (E),3,9,1696,1983,0.155,0.066,0.779,4,8,-17.4,17.4,163,163
1922-12-03,HSV,Ready (A),0,1,1671,1819,0.285,0.107,0.608,3,4,2.8,-3.8,140,156
1922-12-03,KDC,SVO,0,3,1473,1819,0.114,0.057,0.830,3,8,11.2,-4.1,256,202
1922-12-03,MEVO,Volharding,2,0,1328,1537,0.218,0.096,0.686,2,4,68.8,-44.0,191,153
1922-12-03,Ons Doel,ELTO,2,1,1436,1369,0.579,0.112,0.309,4,3,-0.2,0.2,178,181
1922-12-03,Vlug en Lenig,HBS (D),3,1,1889,1684,0.757,0.074,0.170,7,4,-9.3,8.4,171,164
1922-12-10,AKC (Al),DOVA,2,4,1555,1490,0.576,0.111,0.313,4,3,-38.7,47.7,162,181
1922-12-10,AW,Macbi,2,4,1426,1317,0.634,0.107,0.258,4,2,-53.1,77.9,185,225
1922-12-10,DED,DDV,4,7,1599,1890,0.147,0.076,0.777,2,5,-0.5,0.7,141,132
1922-12-10,DTV,Excelsior,5,4,2043,1900,0.685,0.087,0.228,6,4,-11.5,8.3,147,126
1922-12-10,EKCA,Noviomagum,5,3,1466,1330,0.670,0.101,0.229,4,2,3.2,-3.4,157,172
1922-12-10,Excelsior (A),KDC,3,1,1714,1484,0.787,0.058,0.156,10,6,-16.3,24.0,200,233
1922-12-10,Fluks,HSV,5,1,1926,1673,0.795,0.076,0.129,4,1,8.1,-6.9,151,135
1922-12-10,Ready (A),DEV,4,6,1815,1986,0.259,0.101,0.639,3,4,-4.3,4.4,148,150
1922-12-10,SDO (L),Rood Wit (H),1,1,1260,1466,0.223,0.092,0.685,3,5,32.4,-25.8,192,172
1922-12-10,Vitesse (Haag),TOV (D),6,4,1587,1565,0.515,0.117,0.367,4,3,15.9,-18.2,150,161
1922-12-10,Zwaluwen (H),Amersfoort,0,2,1642,1546,0.623,0.100,0.277,5,3,-48.9,52.6,179,186
1922-12-17,Achilles (N),ZKC (Zu),2,1,1468,1397,0.586,0.110,0.304,4,3,-1.5,0.7,192,170
1922-12-17,HBS (D),Velox,2,5,1692,1830,0.300,0.101,0.599,4,5,-17.8,17.3,159,157
1922-12-17,HBS (H),Emma,3,3,1561,1758,0.231,0.095,0.674,3,5,21.1,-44.8,169,241
1922-12-17,OSCR,DTV,5,7,1865,2031,0.270,0.092,0.638,4,6,-2.4,2.5,137,141
1922-12-17,Ready (A),Fluks,6,5,1810,1934,0.316,0.109,0.575,3,4,21.6,-23.2,142,147
1922-12-17,Swift,KVO,2,4,1786,1713,0.596,0.094,0.310,6,5,-35.0,29.5,153,141
1922-12-17,Tekca,DED,1,4,1775,1598,0.720,0.089,0.191,5,2,-49.6,51.1,136,138
1922-12-17,Zuiden,VIJW,7,0,1631,1644,0.469,0.110,0.421,5,4,48.7,-92.0,163,232
1922-12-23,Zwart Wit,DOK,8,1,1673,1103,0.958,0.019,0.022,8,1,3.3,-3.2,183,175
1922-12-26,WIK (E),TOP (V)²,2,3,1333,1131,0.750,0.081,0.169,5,2,-72.6,42.5,214,165
1922-12-30,DOK,WIK (E),2,2,1100,1261,0.271,0.103,0.626,3,4,19.6,-25.0,174,195
1922-12-31,HBS (D),TOV (D),2,6,1674,1547,0.662,0.099,0.240,4,3,-60.9,63.5,153,156
1922-12-31,Hercules,DEV,1,5,1803,1991,0.239,0.101,0.660,2,4,-18.3,19.2,144,148
1922-12-31,LEKC,'t Overschotje,1,13,1052,1339,0.151,0.074,0.775,3,6,-29.6,64.2,175,282
1922-12-31,Swift,DVD²,6,3,1751,1656,0.620,0.103,0.277,5,3,14.8,-13.9,148,143
1922-12-31,Zeelandia,Volharding,3,0,1530,1493,0.536,0.117,0.347,3,2,29.4,-24.8,170,155
1923-01-01,Blauw Wit (O),Gorssel,7,3,1411,1077,0.863,0.052,0.086,7,2,1.0,-0.7,180,188
1923-01-07,'t Overschotje,LEKC,7,4,1405,1024,0.891,0.042,0.067,7,2,-26.1,9.1,245,169
1923-01-07,ALO,Vlug en Lenig,2,4,1642,1882,0.192,0.080,0.728,4,6,4.9,-5.9,161,172
1923-01-07,DDV,DVD²,5,3,1892,1644,0.795,0.070,0.135,6,2,-9.4,9.2,139,137
1923-01-07,DED,KVO,5,6,1652,1745,0.360,0.102,0.538,4,5,-2.0,2.0,140,141
1923-01-07,DEDO,Pope,1,8,1680,1885,0.224,0.089,0.687,3,6,-39.7,48.4,189,212
1923-01-07,DEV,Ready (A),4,3,2012,1834,0.722,0.086,0.191,5,3,-13.2,13.1,142,142
1923-01-07,Deetos,Fluks,6,4,2154,1913,0.789,0.072,0.140,6,2,-11.2,8.9,160,145
1923-01-07,HSV,Hercules,1,4,1669,1786,0.320,0.116,0.564,2,3,-19.3,18.7,141,139
1923-01-07,TOV (D),Velox,1,3,1612,1850,0.192,0.086,0.722,3,5,3.2,-3.5,149,154
1923-01-07,Voorwaarts (L),Gorkum,2,15,1204,1484,0.154,0.082,0.764,2,4,-33.6,39.1,186,203
1923-01-07,Westerkwartier,OHS,13,0,1909,1528,0.891,0.043,0.066,7,2,19.9,-23.0,192,211
1923-01-07,Wilhelmina,HKC (He),0,5,1653,1680,0.449,0.111,0.440,5,4,-57.3,49.9,179,166
1923-01-13,WIK (E),Zwart Wit,1,5,1238,1678,0.067,0.043,0.891,2,7,3.4,-3.7,181,186
1923-01-14,Be Quick,Quick (Arn),0,6,1502,1606,0.339,0.115,0.546,2,3,-50.6,46.7,180,172
1923-01-14,DVD²,KZ,2,2,1653,1820,0.267,0.096,0.637,4,5,14.6,-17.4,135,147
1923-01-14,Graaf Willem 2,GKV,3,1,1607,1771,0.266,0.104,0.629,3,4,77.4,-54.8,232,194
1923-01-14,Hercules,Deetos,1,2,1805,2143,0.116,0.064,0.820,2,6,19.1,-26.1,134,154
1923-01-14,Ons Eibernest,KVR,7,0,1600,1542,0.569,0.107,0.324,4,3,61.7,-75.8,208,235
1923-01-14,PSV,Noviomagum,2,2,1661,1329,0.861,0.053,0.086,6,2,-53.5,48.4,179,171
1923-01-14,Rapiditas,AKC (Al),3,4,1595,1518,0.595,0.107,0.298,4,3,-30.6,28.8,168,163
1923-01-14,Swift,DED,6,1,1768,1650,0.651,0.098,0.252,5,3,22.9,-20.1,144,134
1923-01-14,Victoria (A),Amstel,7,0,1612,1434,0.725,0.084,0.192,6,3,32.5,-34.5,179,186
1923-01-14,Vitesse (Haag),Velox,1,8,1605,1846,0.189,0.084,0.727,3,5,-24.4,22.9,153,148
1923-01-14,ZKC (Zu),Rapid (W),2,14,1400,1763,0.105,0.050,0.845,4,9,-20.6,33.7,167,225
1923-01-21,Amersfoort,HSC (Hi),4,1,1601,1308,0.835,0.058,0.108,7,3,-5.8,7.7,183,199
1923-01-21,DED,Haarlem,1,3,1630,1781,0.282,0.106,0.612,3,4,-5.6,6.9,131,149
1923-01-21,DVD²,Tekca,3,3,1668,1728,0.401,0.115,0.484,3,4,3.1,-3.7,131,144
1923-01-21,Fluks,Rozenburg,6,2,1922,1800,0.654,0.101,0.246,4,2,18.6,-20.8,145,154
1923-01-21,HBS (De),UNI (De),6,0,1416,1173,0.791,0.069,0.139,6,3,19.9,-22.9,171,186
1923-01-21,HKC (He),DOVA,4,2,1730,1540,0.738,0.081,0.181,6,3,-4.9,7.0,158,178
1923-01-21,KVO,KZ,5,3,1747,1802,0.416,0.097,0.487,5,6,19.6,-20.4,138,141
1923-01-21,KVO,OSCA,0,4,1767,1519,0.797,0.067,0.136,6,3,-47.5,152.2,130,228
1923-01-21,OSCR,Nausikaa,2,2,1865,1959,0.363,0.093,0.544,6,7,7.6,-9.5,144,160
1923-01-21,Oranje,DVO (H),4,1,1562,1540,0.519,0.108,0.373,5,4,35.8,-35.2,196,194
1923-01-21,Quick (Arn),PSV,6,1,1653,1608,0.552,0.108,0.340,4,3,36.7,-42.0,161,173
1923-01-21,SDO (A),TOGO (A),10,1,1566,1560,0.498,0.109,0.393,5,4,59.3,-74.6,180,205
1923-01-21,Velox,TOV (D),11,0,1869,1615,0.799,0.070,0.131,6,2,18.1,-19.0,143,147
1923-01-21,Vitesse (Leiden),HKV,1,4,1833,1814,0.511,0.116,0.373,4,3,-37.4,40.5,149,155
1923-01-28,ALO,Velox,1,8,1645,1886,0.191,0.082,0.727,3,6,-25.8,20.5,159,140
1923-01-28,DEV,Fluks,3,8,1997,1939,0.568,0.111,0.321,4,3,-51.8,49.1,143,139
1923-01-28,DVD²,Swift,1,5,1669,1789,0.322,0.107,0.571,3,4,-19.6,23.9,127,142
1923-01-28,DVO (H),Hollandia,2,4,1503,1648,0.290,0.104,0.606,3,5,-10.3,12.1,178,199
1923-01-28,Emma,SDO (L),5,0,1714,1293,0.909,0.039,0.052,6,1,6.0,-5.8,221,190
1923-01-28,Excelsior,OSCR,5,7,1908,1871,0.543,0.106,0.351,5,4,-27.6,26.3,141,138
1923-01-28,HKV,Nausikaa,1,2,1853,1948,0.359,0.099,0.541,5,6,-1.8,1.8,147,150
1923-01-28,Haarlem,DED,6,2,1786,1622,0.704,0.093,0.203,4,2,14.0,-11.5,142,127
1923-01-28,KVD,Westerkwartier,0,6,1655,1927,0.164,0.074,0.762,3,7,-33.6,27.5,216,190
1923-01-28,KZ,Tekca,6,4,1780,1722,0.572,0.103,0.326,5,4,7.9,-8.1,135,137
1923-01-28,Kattenburg,OSCA,3,3,1643,1669,0.450,0.113,0.437,5,4,-1.1,0.8,248,208
1923-01-28,PSV,EKCA,2,5,1564,1469,0.619,0.103,0.278,4,3,-52.7,54.8,161,164
1923-01-28,Pope,DEDO,12,0,1932,1638,0.834,0.059,0.107,7,2,28.3,-24.5,197,181
1923-01-28,Quick (A),Vitesse (A),3,3,1388,1319,0.587,0.100,0.313,5,4,-21.8,24.6,237,251
1923-01-28,Rozenburg,Deetos,2,2,1777,2115,0.116,0.064,0.820,2,6,34.3,-37.2,147,153
1923-01-28,SSS (A),Amstel,4,1,1538,1398,0.679,0.093,0.228,5,3,12.7,-13.0,174,176
1923-01-28,TOGO (H),KVR,0,3,1316,1464,0.285,0.105,0.609,3,4,-36.1,29.0,241,210
1923-01-28,Vitesse (Leiden),DTV,1,6,1794,2034,0.192,0.080,0.728,4,6,-14.9,16.2,142,149
1923-01-28,ZKC (Zu),Thor (Zu),4,2,1377,1437,0.401,0.115,0.484,3,4,27.8,-53.4,165,235
1923-02-04,Amersfoort,Westerkwartier,2,3,1596,1957,0.104,0.055,0.841,3,7,33.7,-34.5,178,180
1923-02-04,Brinio,DDM (O),8,0,1402,900,0.940,0.027,0.033,7,1,15.8,-9.5,257,175
1923-02-04,DDV,KVO,6,3,1884,1720,0.711,0.081,0.208,7,4,4.2,-3.8,144,132
1923-02-04,DTV,Advendo,12,4,2053,1777,0.819,0.063,0.117,6,2,15.6,-18.2,144,157
1923-02-04,Gooiers,OSCA,11,2,1483,1672,0.241,0.091,0.668,4,6,229.8,-82.7,327,190
1923-02-04,Gorkum,GHBSC,5,1,1524,1187,0.862,0.055,0.083,5,1,3.8,-3.9,195,189
1923-02-04,HBS (A),AW,3,5,1803,1375,0.913,0.037,0.051,7,1,-122.7,96.9,209,188
1923-02-04,HSC (Hi),Zwaluwen (H),4,4,1316,1596,0.157,0.073,0.770,3,6,43.2,-39.4,191,182
1923-02-04,MKV,Velocitas,2,3,1482,1606,0.315,0.108,0.576,3,4,0.1,-0.4,175,188
1923-02-04,Nausikaa,Excelsior,5,2,1952,1884,0.591,0.092,0.316,7,5,13.6,-12.4,143,135
1923-02-04,Oranje,Hollandia,0,4,1599,1663,0.395,0.111,0.493,3,4,-44.7,44.9,181,182
1923-02-04,Phoenix (Z),DVO (H),3,1,1352,1496,0.292,0.103,0.605,3,5,51.0,-41.6,185,166
1923-02-04,Rood Wit (H),Emma,4,4,1443,1723,0.156,0.077,0.766,2,5,36.0,-52.0,179,212
1923-02-04,Rozenburg,HSV,3,1,1814,1650,0.704,0.096,0.201,4,2,-0.6,0.6,144,144
1923-02-04,TOGO (A),Animo,1,4,1486,1459,0.525,0.111,0.364,4,3,-51.6,66.7,187,215
1923-02-04,VIJW,Spartaan,1,1,1555,1627,0.384,0.114,0.502,3,4,8.6,-8.2,212,208
1923-02-04,Vitesse (Leiden),OSCR,4,2,1781,1900,0.325,0.105,0.570,4,5,29.0,-26.9,138,133
1923-02-04,ZKV (Za),BEP,3,4,1600,1726,0.316,0.099,0.584,4,6,2.5,-0.8,228,187
1923-02-11,Advendo,Vitesse (Leiden),3,6,1761,1812,0.411,0.118,0.471,2,3,-30.4,23.4,153,133
1923-02-11,Blauw Wit,Amstelodamum,7,3,1483,1426,0.567,0.112,0.322,4,3,57.4,-52.3,238,225
1923-02-11,DED,Tekca,2,7,1615,1719,0.341,0.113,0.546,3,4,-26.1,28.8,128,135
1923-02-11,DEV,Rozenburg,11,4,1949,1816,0.668,0.099,0.233,4,2,25.7,-25.5,140,140
1923-02-11,Excelsior (A),DSK,1,2,1724,1638,0.617,0.088,0.296,7,5,-33.5,35.9,186,193
1923-02-11,Excelsior,HKV,5,4,1873,1856,0.509,0.117,0.374,4,3,4.5,-5.2,131,143
1923-02-11,Fluks,Hercules,7,0,1992,1827,0.707,0.092,0.201,4,2,21.8,-22.9,137,141
1923-02-11,Haarlem,Swift,1,0,1804,1817,0.469,0.110,0.421,5,4,8.0,-7.8,141,138
1923-02-11,KDC,Excelsior (A),0,4,1513,1702,0.249,0.075,0.675,7,9,-25.5,22.0,226,204
1923-02-11,KVO,DTV,3,12,1718,2070,0.111,0.053,0.836,4,9,-11.7,13.7,129,141
1923-02-11,Phoenix (Z),Hollandia,1,4,1405,1710,0.137,0.072,0.791,2,5,-0.3,0.3,171,168
1923-02-11,Ready (A),HSV,6,3,1850,1653,0.742,0.086,0.172,5,2,4.6,-4.2,148,139
1923-02-11,Vitesse (A),ASV,4,0,1349,1531,0.250,0.093,0.657,4,6,93.6,-129.7,222,264
1923-02-11,Vlug en Lenig,DKC (De),4,1,1879,1428,0.924,0.032,0.045,7,2,-17.6,20.0,172,181
1923-02-11,Zwaluwen (A),LUTO,3,3,1786,1698,0.615,0.097,0.288,6,4,-17.8,24.3,175,203
1923-02-25,Achilles (N),Thor (Zu),2,2,1472,1388,0.605,0.104,0.291,5,3,-20.1,23.5,194,209
1923-02-25,Gorssel,'t Overschotje,0,8,1080,1382,0.140,0.070,0.790,3,6,-32.0,44.7,195,240
1923-02-25,Hercules,Ready (A),3,4,1804,1855,0.414,0.115,0.472,3,4,-7.8,8.5,139,146
1923-02-25,KZ,DDV,9,5,1793,1890,0.354,0.102,0.544,4,5,39.4,-42.7,139,145
1923-02-25,Noviomagum,Be Quick,0,3,1380,1454,0.377,0.121,0.502,2,3,-35.4,35.4,177,177
1923-02-25,Spartaan,Zuiden,2,3,1621,1685,0.396,0.113,0.491,3,4,-10.7,9.2,192,175
1923-02-25,TOV (D),ALO,2,4,1599,1624,0.450,0.117,0.434,4,3,-24.0,25.7,153,159
1923-02-25,Westerkwartier,KVKV,12,3,1925,1905,0.521,0.100,0.379,6,5,55.3,-68.0,177,199
1923-03-03,DOS (M),MEVO,5,5,1463,1401,0.574,0.108,0.318,4,3,-14.4,18.4,178,200
1923-03-04,BEP,Swift,1,5,1727,1810,0.373,0.106,0.521,4,5,-41.3,25.5,181,139
1923-03-04,DOS (M),MEVO,5,5,1449,1420,0.528,0.111,0.361,4,3,-8.5,10.3,165,180
1923-03-04,DSK,Ons Huis,2,1,1674,1531,0.679,0.098,0.223,4,2,-11.1,14.8,182,204
1923-03-04,Excelsior,DEV,3,5,1878,1975,0.350,0.111,0.539,3,4,-10.7,11.9,133,141
1923-03-04,GHBSC,Voorwaarts (L),7,2,1185,1173,0.498,0.123,0.379,3,2,55.8,-57.3,188,190
1923-03-04,Haarlem,Ready (A),5,3,1812,1863,0.414,0.113,0.473,3,4,22.1,-21.8,140,139
1923-03-04,Hercules,DDV,3,3,1796,1874,0.376,0.112,0.512,3,4,5.4,-5.1,134,130
1923-03-04,KVKV,Westerkwartier,2,7,1837,1980,0.297,0.094,0.609,5,6,-36.0,30.8,180,165
1923-03-04,KVO,DDV,3,9,1706,1847,0.299,0.096,0.605,4,6,-25.5,26.9,134,138
1923-03-04,KZ,Nausikaa,3,4,1832,1968,0.309,0.089,0.602,6,7,3.3,-4.1,134,145
1923-03-04,ODIS²,Vierde Vijf,3,5,1455,1682,0.202,0.085,0.713,3,6,2.1,-2.9,196,208
1923-03-04,OSCR,Vitesse (Leiden),5,3,1875,1836,0.543,0.108,0.349,5,4,10.7,-10.3,137,134
1923-03-04,Quick (Arn),Noviomagum,7,0,1692,1345,0.869,0.054,0.078,5,1,13.8,-14.0,164,164
1923-03-04,Rozenburg,Velox,0,2,1790,1911,0.322,0.105,0.573,4,5,-8.7,9.4,141,147
1923-03-04,TOV (D),DKC (De),2,3,1575,1448,0.660,0.102,0.238,4,2,-28.9,45.5,145,182
1923-03-04,Tekca,Advendo,6,4,1747,1731,0.508,0.118,0.375,4,3,14.1,-16.8,136,149
1923-03-10,MEVO,Volharding,3,3,1430,1473,0.423,0.118,0.459,2,3,1.9,-1.9,166,168
1923-03-11,ALO,Vitesse (Haag),2,3,1650,1583,0.580,0.108,0.312,4,3,-24.3,28.1,152,164
1923-03-11,Blauw Wit (O),DIO (O),4,3,1415,1358,0.570,0.103,0.327,5,4,0.4,-0.3,192,199
1923-03-11,DOS (E),Rapiditas,13,2,2005,1568,0.919,0.032,0.049,9,3,13.6,-12.3,186,174
1923-03-11,EKCA,Be Quick,8,1,1529,1490,0.538,0.119,0.343,3,2,47.8,-47.9,167,167
1923-03-11,HBS (D),Vlug en Lenig,0,3,1618,1861,0.188,0.082,0.730,3,6,-6.1,6.4,168,176
1923-03-11,HBS (De),NIVO,2,0,1439,1476,0.435,0.111,0.454,3,4,28.8,-31.3,177,186
1923-03-11,KVKV,OHS,9,3,1801,1508,0.832,0.062,0.106,6,2,16.4,-24.5,167,217
1923-03-11,MEVO,Volharding,3,3,1432,1471,0.429,0.118,0.453,2,3,1.2,-1.2,153,155
1923-03-11,Nausikaa,HKV,5,4,1964,1851,0.648,0.092,0.260,6,4,-6.8,7.4,139,144
1923-03-11,OSCR,Advendo,2,2,1886,1714,0.714,0.090,0.196,5,2,-20.3,23.6,132,142
1923-03-11,Swift,DDV,4,1,1835,1869,0.440,0.109,0.451,3,4,25.4,-22.7,134,126
1923-03-18,Advendo,Nausikaa,2,5,1737,1957,0.212,0.084,0.705,4,6,-4.8,4.6,138,134
1923-03-18,Animo,AW,1,3,1527,1474,0.559,0.115,0.326,3,2,-53.1,49.3,202,194
1923-03-18,BEP,Vierde Vijf,2,7,1686,1679,0.499,0.106,0.395,5,4,-53.9,69.9,168,193
1923-03-18,Be Quick,PSV,4,4,1442,1516,0.379,0.118,0.503,2,3,5.9,-6.8,156,167
1923-03-18,DEV,HSV,9,1,1987,1648,0.863,0.056,0.081,5,1,11.2,-12.5,138,147
1923-03-18,DKC (De),Velox,3,8,1493,1920,0.072,0.046,0.882,2,7,-4.1,3.5,171,143
1923-03-18,DOS (E),DOVA,13,1,2018,1550,0.931,0.028,0.041,9,2,11.8,-11.9,182,183
1923-03-18,DTV,HKV,13,1,2084,1858,0.775,0.073,0.152,6,3,21.9,-19.2,149,139
1923-03-18,Deetos,Ready (A),9,1,2082,1841,0.789,0.072,0.140,6,2,22.7,-16.5,163,136
1923-03-18,KVKV,KVD,4,0,1817,1626,0.739,0.082,0.179,6,3,14.0,-20.5,162,210
1923-03-18,Nic,DES (Z),7,1,1417,1157,0.804,0.071,0.126,5,2,32.1,-33.2,221,226
1923-03-18,ODIS²,Velocitas,2,0,1456,1608,0.282,0.105,0.613,3,4,51.9,-51.1,185,184
1923-03-18,Olympia (A),Trekvogels (A),0,1,1606,1375,0.780,0.073,0.147,6,3,-60.8,62.9,191,194
1923-03-18,RODA (W),ZKV (Za),3,1,1501,1604,0.345,0.106,0.549,4,5,58.6,-49.1,232,211
1923-03-18,Swift,KZ,1,3,1860,1835,0.527,0.104,0.369,5,4,-21.9,23.0,129,132
1923-03-18,Tekca,Haarlem,2,2,1761,1834,0.383,0.114,0.503,3,4,4.7,-4.9,134,137
1923-03-18,VIJW,Zuiden,4,0,1566,1694,0.312,0.105,0.583,3,5,80.9,-57.5,201,168
1923-03-18,Vlug en Lenig,Vitesse (Haag),7,0,1868,1611,0.802,0.069,0.129,6,2,20.7,-18.1,166,154
1923-03-25,DDM (O),Brinio,0,11,892,1419,0.040,0.031,0.928,1,7,-14.1,22.6,186,256
1923-03-25,DDV,Tekca,2,5,1846,1766,0.601,0.103,0.296,5,3,-34.0,35.8,126,129
1923-03-25,DED,KZ,5,8,1589,1858,0.165,0.079,0.756,3,6,-1.7,1.7,139,128
1923-03-25,DKC (De),Vitesse (Haag),3,2,1489,1593,0.340,0.113,0.547,3,4,25.8,-20.9,167,150
1923-03-25,DTV,Nausikaa,4,9,2106,1961,0.693,0.077,0.231,8,6,-59.3,48.5,145,131
1923-03-25,EKCA,Quick (Arn),8,1,1576,1705,0.308,0.109,0.583,3,4,67.2,-72.1,159,165
1923-03-25,Fluks,DEV,6,4,2014,1998,0.509,0.112,0.379,4,3,15.5,-13.6,147,137
1923-03-25,Friso (L),Frisia,4,2,1795,1593,0.757,0.068,0.176,9,5,-9.9,16.8,206,246
1923-03-25,Gorssel,LEKC,4,3,1047,1036,0.503,0.111,0.385,5,4,8.9,-8.6,191,187
1923-03-25,HBS (D),ALO,3,2,1612,1625,0.468,0.113,0.419,5,4,10.5,-8.8,163,148
1923-03-25,HKV,Advendo,1,2,1838,1732,0.628,0.113,0.259,3,1,-26.3,25.4,136,134
1923-03-25,Haarlem,DVD²,9,3,1829,1654,0.717,0.092,0.191,4,2,18.3,-21.3,132,144
1923-03-25,LUTO,Amersfoort,1,5,1721,1631,0.614,0.102,0.284,5,3,-79.8,71.9,194,184
1923-03-25,MIA (M),Nic,3,8,1597,1449,0.688,0.094,0.218,5,2,-114.0,105.3,215,206
1923-03-25,Macbi,Animo,3,3,1399,1474,0.379,0.116,0.505,3,4,10.6,-6.9,226,183
1923-03-25,ODIS²,BEP,4,3,1508,1632,0.318,0.106,0.577,3,5,29.2,-24.8,172,158
1923-03-25,Quick (A),ASV,6,3,1371,1401,0.443,0.114,0.442,5,4,55.8,-61.7,224,238
1923-03-25,Ready (A),Rozenburg,7,5,1824,1781,0.548,0.111,0.341,4,3,10.4,-11.3,134,141
1923-03-25,TOV (D),Vlug en Lenig,0,6,1546,1888,0.113,0.065,0.822,2,5,-12.8,15.0,146,160
1923-03-25,VKC (A),SCH,0,3,1359,1421,0.397,0.119,0.485,2,3,-43.7,42.9,199,197
1923-03-25,Wit Zwart,Voorwaarts (M),8,11,1457,1724,0.167,0.078,0.755,3,6,-5.6,5.5,202,193
1923-03-25,Zeelandia,MEVO,8,0,1563,1433,0.663,0.102,0.235,4,2,43.0,-29.4,183,148
1923-04-01,Ons Eibernest,TOGO (H),4,0,1661,1281,0.889,0.046,0.066,6,1,1.1,-0.2,210,227
1923-04-01,Zeelandia,Volharding,4,5,1604,1467,0.670,0.103,0.227,4,2,-41.9,33.3,170,152
1923-04-08,AKC (Al),HKC (He),3,1,1547,1725,0.251,0.100,0.649,3,4,54.3,-52.2,179,175
1923-04-08,ASV,Quick (A),0,3,1336,1424,0.363,0.113,0.524,3,4,-41.1,38.5,211,203
1923-04-08,Amersfoort,Vierde Vijf,1,2,1701,1746,0.423,0.110,0.467,3,4,-11.4,12.2,173,180
1923-04-08,BEP,Velocitas,5,1,1604,1554,0.558,0.110,0.332,4,3,28.2,-36.1,152,175
1923-04-08,DDB,ODA (B),0,2,1303,1511,0.218,0.095,0.686,2,5,-3.2,2.2,175,235
1923-04-08,DES²,Noorden,6,0,1524,1669,0.284,0.117,0.599,1,3,101.1,-146.0,216,263
1923-04-08,DKC (De),ALO,5,3,1512,1613,0.344,0.112,0.544,3,4,35.2,-29.0,159,143
1923-04-08,DOVA,Rapiditas,0,1,1535,1552,0.460,0.116,0.423,4,3,-18.5,17.2,184,178
1923-04-08,DTV,Deetos,2,2,2044,2102,0.409,0.101,0.489,5,6,3.3,-4.3,142,162
1923-04-08,Frisia,Felicitas,1,3,1607,1408,0.757,0.062,0.182,11,7,-71.7,110.2,222,274
1923-04-08,Gorkum,Emma,0,4,1527,1670,0.290,0.109,0.601,2,4,-40.5,43.2,203,211
1923-04-08,LUTO,HSC (Hi),3,0,1639,1358,0.824,0.061,0.115,7,3,-4.1,5.6,181,196
1923-04-08,MEVO,ELTO,4,1,1401,1371,0.525,0.118,0.356,3,2,22.6,-40.8,145,203
1923-04-08,Moedig Voorwaarts (B),TOGO (W),7,1,1651,1103,0.953,0.022,0.025,7,1,4.0,-3.5,199,242
1923-04-08,Nic,SSS (Z),0,3,1551,1606,0.408,0.114,0.478,3,4,-40.5,44.3,192,202
1923-04-08,OKC (Ol),Lyts Begjin,1,2,1240,1597,0.104,0.063,0.834,2,5,60.0,-36.3,279,227
1923-04-08,OSCA,Nieuwendammerham,2,3,1589,1658,0.386,0.117,0.496,2,3,-10.8,10.6,197,195
1923-04-08,Quick (Arn),DOS (E),3,1,1631,2027,0.087,0.046,0.867,3,8,63.2,-87.3,157,183
1923-04-08,SIM,Friso (L),2,6,1581,1783,0.234,0.079,0.687,5,8,-27.7,20.9,236,194
1923-04-08,TOP (B),Inter Nos (SJ),1,3,1004,1215,0.218,0.091,0.691,3,5,-2.5,3.4,249,220
1923-04-08,Thor (Zu),Achilles (N),5,3,1408,1449,0.428,0.116,0.456,3,4,36.7,-33.5,199,190
1923-04-08,UDI (O),MKC (Ma),2,4,1443,1411,0.531,0.113,0.356,4,3,-61.4,48.9,241,213
1923-04-08,Victoria (A),Zwaluwen (A),2,1,1645,1766,0.321,0.105,0.574,4,5,33.5,-29.4,192,180
1923-04-08,Vlug en Lenig,DDV,1,1,1900,1809,0.616,0.099,0.284,5,4,-17.9,11.3,158,126
1923-04-08,WWMD,Hermes (B),2,3,1484,1535,0.412,0.119,0.470,2,3,-16.8,16.8,219,219
1923-04-14,WWMD,WK,1,5,1468,1913,0.063,0.047,0.890,1,5,-0.2,0.3,196,195
1923-04-15,ASV,Vitesse (A),1,2,1296,1440,0.292,0.103,0.605,3,5,3.0,-4.8,190,218
1923-04-15,Concordia,SIM,2,5,1327,1554,0.210,0.071,0.720,6,9,-6.8,6.8,240,210
1923-04-15,DEV,Westerkwartier,5,2,1982,2009,0.453,0.106,0.441,6,5,24.2,-35.1,137,168
1923-04-15,DOS (E),Quick (Arn),7,2,1940,1695,0.796,0.065,0.139,7,3,13.3,-10.9,176,154
1923-04-15,DOS (M),Zeelandia,0,10,1438,1563,0.313,0.111,0.575,3,4,-46.1,44.0,167,162
1923-04-15,Deetos,DTV,3,4,2099,2048,0.564,0.099,0.337,6,5,-21.9,17.8,152,137
1923-04-15,ELTO,Ons Doel,3,4,1331,1438,0.333,0.119,0.548,2,3,-4.1,4.5,182,203
1923-04-15,HBS (H),Ons Eibernest,1,1,1585,1663,0.376,0.113,0.511,3,4,8.7,-9.5,195,203
1923-04-15,HKC (He),Rapiditas,3,2,1674,1570,0.632,0.100,0.268,5,3,-6.4,6.4,165,165
1923-04-15,Haarlem,KVO,5,6,1845,1679,0.712,0.085,0.203,6,3,-30.0,34.2,135,144
1923-04-15,Hermes (B),UDI (O),4,2,1553,1382,0.713,0.090,0.197,5,2,-0.7,1.6,197,212
1923-04-15,KVR,Rood Wit (H),0,0,1495,1479,0.510,0.113,0.377,4,3,-10.0,7.9,211,189
1923-04-15,OHS,KVD,2,4,1481,1603,0.314,0.117,0.569,2,3,-21.3,19.5,210,198
1923-04-15,Quick '21,BKC (Bu),1,2,1383,1460,0.376,0.116,0.508,2,3,-10.4,9.2,212,196
1923-04-15,SSS (Z),Wit Zwart,7,0,1651,1449,0.749,0.082,0.169,5,2,31.5,-34.2,183,192
1923-04-15,Thor (Zu),Rapid (W),4,5,1446,1797,0.113,0.051,0.837,5,9,30.9,-53.9,181,231
1923-04-15,VEMO,HKC (Hrd),0,4,1093,1524,0.069,0.047,0.884,1,6,-1.9,2.2,228,222
1923-04-15,Vitesse (Leiden),Nausikaa,2,4,1823,2008,0.249,0.088,0.663,4,6,-0.2,0.4,143,134
1923-04-15,Vlug en Lenig,Advendo,5,3,1883,1756,0.660,0.100,0.239,4,2,2.6,-2.4,149,136
1923-04-15,Voorwaarts (M),MIA (M),15,1,1727,1481,0.793,0.071,0.136,6,2,30.4,-34.5,185,200
1923-04-22,Blauw Wit (Z),'t Overschotje,1,2,1299,1424,0.317,0.103,0.580,4,5,-0.0,0.5,245,230
1923-04-22,Blauw Wit (Z),LEKC,15,1,1299,1008,0.831,0.062,0.107,6,2,32.5,-19.0,214,156
1923-04-22,DDV,Advendo,2,4,1821,1753,0.580,0.112,0.307,4,2,-27.2,29.5,127,132
1923-04-22,DOS (B),OKC (Ol),1,2,1416,1301,0.645,0.102,0.253,4,2,-51.7,63.3,228,252
1923-04-22,Felicitas,Concordia,1,0,1519,1320,0.756,0.063,0.181,10,6,-36.0,27.3,242,215
1923-04-22,HBS (D),DKC (De),3,2,1620,1548,0.588,0.108,0.304,4,3,-1.8,1.5,160,152
1923-04-22,KVR,Ons Eibernest,0,2,1486,1653,0.261,0.106,0.633,2,4,-9.1,8.8,190,184
1923-04-22,KVR,SDO (L),3,0,1476,1290,0.729,0.092,0.180,4,1,10.5,-13.1,173,207
1923-04-22,LEKC,Blauw Wit (Z),1,5,1025,1260,0.195,0.086,0.720,3,5,-16.9,39.3,163,293
1923-04-22,LEKC,Gorssel,5,5,1025,1054,0.445,0.115,0.440,5,4,-0.3,0.3,179,181
1923-04-22,LUTO,Zwaluwen (H),3,1,1636,1557,0.598,0.106,0.296,4,3,11.2,-12.9,175,194
1923-04-22,MIA (M),Voorwaarts (M),3,8,1447,1758,0.133,0.069,0.798,2,6,-17.6,16.0,188,176
1923-04-22,MKC (Ma),Hermes (B),2,2,1461,1552,0.355,0.119,0.526,2,3,11.6,-10.1,196,183
1923-04-22,ODA (B),Tijnje,3,0,1514,1558,0.421,0.118,0.461,2,3,55.1,-61.1,210,223
1923-04-22,Quick '21,Blauw Geel,0,0,1373,1403,0.443,0.114,0.443,5,4,-0.0,0.0,190,175
1923-04-22,Rapiditas,Noviomagum,4,1,1576,1328,0.792,0.076,0.132,4,1,1.9,-1.6,156,174
1923-04-22,SCS²,Brinio,6,0,1440,1440,0.489,0.108,0.403,5,4,49.8,-92.1,175,248
1923-04-22,SKC (Sc),ODIS (M),2,1,1173,1115,0.568,0.108,0.324,4,3,1.9,-1.0,175,252
1923-04-22,Tekca,Swift,1,1,1800,1836,0.434,0.114,0.452,3,4,0.7,-0.7,135,137
1923-04-29,BKC (Bu),Blauw Geel,7,0,1469,1403,0.578,0.113,0.309,4,2,50.9,-41.8,182,163
1923-04-29,DOS (M),Ons Doel,0,1,1392,1433,0.425,0.118,0.457,2,3,-11.4,12.5,159,167
1923-04-29,Deetos,Tekca,4,3,2077,1800,0.818,0.067,0.115,5,2,-23.4,18.0,146,130
1923-04-29,Friso (L),Felicitas,7,1,1804,1483,0.858,0.046,0.095,9,4,12.0,-14.5,186,218
1923-04-29,HKC (Hrd),KCH,7,1,1526,1494,0.531,0.115,0.354,4,3,66.7,-70.9,213,221
1923-04-29,Noviomagum,Rapiditas,2,1,1327,1578,0.176,0.090,0.734,1,4,48.1,-39.3,167,151
1923-04-29,Ons Doel,MEVO,1,1,1442,1426,0.506,0.120,0.374,3,2,-9.0,4.9,186,138
1923-04-29,TOGO (W),Forward,2,14,1100,1326,0.202,0.090,0.708,2,5,-60.2,72.8,238,268
1923-04-29,UDI (O),WK,1,4,1384,1913,0.039,0.032,0.929,1,6,20.0,-18.5,196,191
1923-04-29,VDB,Ons Doel,3,0,1298,1435,0.295,0.116,0.590,2,3,81.0,-40.1,206,143
1923-04-29,VDB,Volharding,0,2,1298,1517,0.206,0.098,0.696,2,4,-0.6,2.3,235,145
1923-04-29,Vitesse (Haag),HBS (D),1,1,1570,1618,0.415,0.119,0.466,2,3,2.4,-2.4,153,151
1923-04-29,Volharding,DOS (M),1,2,1528,1380,0.685,0.098,0.217,4,2,-27.4,34.8,131,147
1923-04-29,Volharding,ELTO,4,0,1500,1327,0.714,0.095,0.191,4,1,16.5,-19.9,153,171
1923-04-29,Volharding,Ons Doel,2,0,1519,1446,0.586,0.116,0.299,3,2,9.1,-10.8,139,153
1923-04-29,WWMD,MKC (Ma),1,0,1468,1472,0.476,0.121,0.402,4,3,13.2,-11.7,192,179
1923-04-29,Zeelandia,MEVO,2,0,1607,1424,0.725,0.091,0.184,4,2,-2.8,2.1,156,145
1923-05-05,DOVA,Achilles (A),3,2,1517,1741,0.213,0.069,0.718,6,9,33.2,-91.3,176,286
1923-05-06,Felicitas,SIM,7,4,1469,1561,0.370,0.085,0.545,8,9,52.8,-49.4,205,198
1923-05-06,Frisia,Concordia,2,6,1536,1348,0.742,0.070,0.187,8,5,-103.3,93.3,212,201
1923-05-06,Haarlem,Swift,4,5,1815,1836,0.457,0.115,0.428,4,3,-11.3,10.8,137,134
1923-05-06,KCH,VEMO,2,1,1423,1091,0.859,0.055,0.085,5,1,-38.5,49.2,198,220
1923-05-06,Kinea (A),MKC (Me),9,3,1331,1318,0.507,0.109,0.384,5,4,65.1,-66.2,205,207
1923-05-06,MIA (M),Wit Zwart,1,1,1429,1415,0.506,0.114,0.380,4,3,-7.4,7.7,180,184
1923-05-06,ODA (B),DDB,11,0,1569,1300,0.811,0.069,0.119,5,2,29.6,-24.7,193,173
1923-05-06,SKC (Sc),TOP (B),6,3,1174,1002,0.717,0.086,0.196,5,3,9.3,-13.0,168,226
1923-05-06,SSS (Z),Voorwaarts (M),4,1,1683,1774,0.362,0.105,0.533,4,5,48.9,-45.7,177,171
1923-05-06,TOV (D),Emma,6,4,1531,1713,0.243,0.108,0.649,2,3,43.4,-69.0,156,197
1923-05-06,UDI (O),WWMD,3,4,1404,1481,0.377,0.113,0.510,3,4,-8.3,7.2,192,175
1923-05-06,Vlug en Lenig,HSV,4,3,1886,1634,0.796,0.073,0.130,5,2,-20.0,23.6,148,159
1923-05-06,Westerkwartier,Vierde Vijf,6,2,1974,1759,0.766,0.072,0.162,7,4,8.8,-9.7,161,173
1923-05-13,OLS,Quick (M),3,1,1627,1394,0.782,0.072,0.146,6,3,-6.6,22.6,216,306
1923-05-13,WK,MKC (Ma),8,1,1894,1460,0.914,0.039,0.047,5,0,12.0,-10.1,189,168
1923-05-20,Zeelandia,MEVO,11,2,1603,1430,0.714,0.094,0.192,4,2,28.1,-23.3,154,139
1923-05-20,Zeelandia,VDB,5,0,1631,1378,0.797,0.074,0.129,5,1,12.7,-19.3,145,189
1923-05-27,Amersfoort,Westerkwartier,2,4,1689,1982,0.148,0.072,0.781,3,6,12.0,-9.5,175,159
1923-05-27,Concordia,Friso (L),0,14,1440,1816,0.097,0.051,0.852,3,8,-24.9,23.5,191,185
1923-05-27,DDB,Tijnje,1,4,1275,1497,0.205,0.094,0.701,2,4,-12.2,15.8,171,206
1923-05-27,DVD²,DED,8,3,1630,1585,0.548,0.118,0.335,3,2,38.4,-37.1,159,156
1923-05-27,Emma,TOV (D),3,1,1644,1574,0.581,0.116,0.303,3,2,15.3,-11.5,184,154
1923-05-27,Forward,Moedig Voorwaarts (B),6,1,1398,1655,0.175,0.082,0.743,3,5,148.6,-110.8,241,208
1923-05-27,Gorssel,Blauw Wit (Z),5,1,1054,1331,0.158,0.077,0.765,3,6,83.7,-117.3,176,208
1923-05-27,MKC (Ma),UDI (O),4,4,1450,1395,0.564,0.110,0.325,4,3,-12.8,14.6,168,179
1923-05-27,MKC (Me),Vitesse (Be),2,9,1251,1634,0.091,0.054,0.854,2,6,-20.3,22.4,191,204
1923-05-27,Nic,MIA (M),3,4,1511,1421,0.612,0.107,0.282,4,3,-39.3,32.4,189,171
1923-05-27,OKC (Ol),TOGO (W),3,1,1364,1039,0.855,0.056,0.089,6,1,-26.3,24.2,229,222
1923-05-27,SIM,Felicitas,5,1,1511,1521,0.486,0.088,0.427,9,8,40.1,-41.9,186,190
1923-05-27,WK,Hermes (B),6,0,1906,1541,0.879,0.050,0.070,5,1,13.6,-12.8,186,179
1923-05-27,Wit Zwart,SSS (Z),3,9,1422,1731,0.134,0.072,0.794,2,5,-21.1,20.0,174,169
1923-05-27,Zeelandia,DOS (M),8,0,1644,1415,0.776,0.077,0.147,5,2,19.0,-20.7,143,149
1923-06-02,Achilles (A),DOVA,4,3,1648,1548,0.640,0.078,0.282,9,7,-16.4,6.9,247,175
1923-06-02,WK,WWMD,6,1,1918,1486,0.914,0.038,0.048,6,1,2.6,-2.7,180,170
1923-06-03,BKC (Bu),AW (DC),7,1,1518,1251,0.810,0.068,0.122,5,2,21.2,-34.6,177,243
1923-06-03,DDV,HSV,2,4,1792,1655,0.673,0.099,0.229,4,2,-37.6,51.5,138,161
1923-06-03,DOS (E),DTV,8,3,1951,2063,0.342,0.088,0.570,7,8,67.9,-46.0,181,148
1923-06-03,DVD²,Westerkwartier,4,4,1667,1970,0.139,0.069,0.791,3,6,32.4,-34.2,150,154
1923-06-03,Emma,TOV (D),1,3,1657,1561,0.619,0.110,0.271,3,2,-49.9,37.7,170,147
1923-06-03,HKC (Hrd),VEMO,9,0,1590,1138,0.923,0.034,0.043,6,1,15.3,-16.7,201,213
1923-06-03,Hermes (B),MKC (Ma),1,1,1526,1435,0.612,0.109,0.279,4,2,-19.9,16.4,174,158
1923-06-03,ODIS (M),Inter Nos (SJ),3,1,1112,1217,0.341,0.110,0.549,3,4,57.1,-52.2,225,214
1923-06-03,OLS,MKC (Me),4,2,1618,1229,0.895,0.043,0.063,6,1,-33.9,25.4,207,183
1923-06-03,Rapiditas,Noviomagum,2,3,1536,1372,0.705,0.094,0.201,4,2,-38.2,44.4,156,168
1923-06-03,SDO (L),HBS (H),3,4,1274,1591,0.128,0.071,0.800,2,5,32.3,-29.1,200,191
1923-06-03,Swift,Velox,4,6,1844,1919,0.384,0.107,0.510,4,5,-13.0,18.2,138,166
1923-06-03,TOP (B),ODIS (M),0,2,987,1169,0.249,0.095,0.656,3,5,-5.7,5.6,209,199
1923-06-03,Voorwaarts (M),Wit Zwart,6,1,1726,1399,0.859,0.051,0.090,7,3,6.0,-6.0,167,167
1923-06-10,BEP,Ons Eibernest,7,4,1630,1660,0.446,0.113,0.441,5,4,34.7,-42.7,165,184
1923-06-10,BKC (Bu),Quick '21,5,1,1539,1370,0.711,0.091,0.198,5,2,19.0,-21.9,170,187
1923-06-10,Blauw Geel,AW (DC),2,0,1359,1217,0.681,0.093,0.225,5,3,2.4,-1.4,166,222
1923-06-10,Blauw Geel,Quick '21,1,1,1361,1348,0.505,0.113,0.382,4,3,-5.9,7.2,156,172
1923-06-10,DED,Westerkwartier,1,4,1546,1936,0.088,0.053,0.860,2,6,7.8,-7.6,150,149
1923-06-10,DTV,DOS (E),9,3,2017,2019,0.495,0.092,0.413,8,7,34.7,-46.8,142,167
1923-06-10,Deetos,Velox,7,3,2051,1937,0.648,0.095,0.257,5,3,20.3,-20.0,156,155
1923-06-10,Felicitas,Friso (L),2,2,1477,1837,0.107,0.050,0.843,5,9,47.6,-49.8,176,180
1923-06-10,HSV,Advendo,1,0,1706,1780,0.377,0.123,0.500,2,3,19.0,-17.0,153,144
1923-06-10,MKC (Me),Quick (M),1,4,1254,1414,0.276,0.096,0.628,4,6,-18.6,34.1,179,268
1923-06-10,SSS (Z),MIA (M),11,1,1749,1451,0.835,0.062,0.103,5,2,19.7,-19.5,165,163
1923-06-10,Vitesse (Be),OLS,3,1,1655,1584,0.588,0.104,0.307,5,3,14.0,-14.4,196,199
1923-06-10,Zeelandia,Volharding,5,1,1661,1498,0.703,0.094,0.203,4,2,14.3,-14.3,142,142
1923-06-17,Blauw Geel,BKC (Bu),0,2,1355,1558,0.224,0.098,0.677,2,4,-1.8,1.7,148,162
1923-06-17,DTV,DOS (E),2,1,2052,1972,0.609,0.086,0.304,8,6,-4.0,5.4,136,155
1923-06-17,Friso (L),Concordia,10,0,1787,1414,0.889,0.041,0.070,8,3,15.6,-17.7,173,187
1923-06-17,Moedig Voorwaarts (B),Forward,3,3,1542,1545,0.485,0.111,0.404,5,4,-5.1,6.4,198,220
1923-06-17,Nic,Wit Zwart,2,2,1470,1393,0.596,0.104,0.300,5,3,-18.1,15.4,178,165
1923-06-17,ODIS (M),SKC (Sc),7,3,1175,1181,0.478,0.113,0.409,5,4,49.0,-42.7,186,172
1923-06-17,OLS,Vitesse (Be),0,7,1570,1669,0.349,0.109,0.541,3,4,-53.9,52.8,182,180
1923-06-17,Quick (M),Kinea (A),1,1,1448,1393,0.569,0.101,0.330,5,4,-20.2,14.7,228,196
1923-06-17,Rood Zwart,MKC (Me),5,1,1405,1236,0.716,0.085,0.199,6,3,26.9,-17.3,227,169
1923-06-17,Tijnje,DDB,3,0,1510,1261,0.795,0.074,0.132,5,2,1.0,-1.7,193,167
1923-06-24,AW (DC),BKC (Bu),2,3,1215,1559,0.111,0.066,0.823,2,5,39.9,-21.8,201,154
1923-06-24,Bato,VKC (Vr),8,0,1188,1445,0.175,0.082,0.743,3,5,182.6,-167.6,270,259
1923-06-24,DES (Z),Veendam,4,7,1119,1219,0.346,0.113,0.541,3,4,-43.5,63.8,232,296
1923-06-24,Doel,DOS (L),0,5,1197,1432,0.197,0.084,0.720,3,6,-23.7,23.7,175,175
1923-06-24,Felicitas,Frisia,3,1,1525,1430,0.631,0.082,0.287,8,7,3.6,-3.9,172,206
1923-06-24,GKC (Gr),UNA (L),3,1,1262,1302,0.430,0.113,0.456,3,4,52.5,-54.6,267,274
1923-06-24,Kinea (H),TOP (Ap),2,3,1067,1234,0.266,0.099,0.635,3,5,5.6,-10.6,261,309
1923-06-24,Kinea (S),UDI (N),0,7,1026,1382,0.104,0.063,0.833,1,5,-45.6,45.7,270,270
1923-06-24,UDI (T),OKV²,3,1,1364,1337,0.525,0.115,0.360,4,3,33.2,-38.2,247,271
1923-07-01,Inter Nos (SJ),SKC (Sc),4,0,1165,1139,0.525,0.111,0.364,4,3,49.0,-34.1,200,163
1923-07-01,ODIS (M),TOP (B),7,0,1224,981,0.791,0.070,0.139,6,3,23.7,-29.5,173,197
1923-07-01,Tijnje,ODA (B),3,1,1511,1596,0.368,0.112,0.520,3,4,39.0,-44.1,184,197
1923-07-08,GKC (Gr),Kinea (S),4,2,1313,978,0.862,0.054,0.084,6,1,-26.2,30.4,235,248
1923-07-08,UDI (T),VKC (Vr),3,0,1396,1276,0.654,0.097,0.249,5,3,24.7,-26.8,222,235
1923-07-15,Foarut,Akkrum,2,4,1394,1419,0.461,0.098,0.442,7,6,-36.5,42.1,229,248
1923-07-22,Bato,UDI (T),4,4,1369,1421,0.411,0.118,0.471,2,3,5.5,-3.7,245,203
1923-07-22,DES (Z),Quick (S),5,7,1074,1339,0.167,0.084,0.750,2,5,4.2,-6.7,216,240
1923-07-22,OKK (Z),GKC (Gr),3,1,1163,1286,0.318,0.107,0.575,3,4,91.5,-53.0,298,222
1923-07-22,STA,OKV²,0,8,1259,1297,0.433,0.113,0.454,3,4,-120.5,93.0,277,238
1923-07-29,ODIS (M),HKC (Hrd),2,6,1245,1603,0.104,0.060,0.836,2,6,-5.3,5.6,172,208
1923-07-29,Zeelandia,Ons Doel,8,5,1673,1390,0.823,0.067,0.110,5,1,-1.9,2.8,153,168
1923-07-31,Veendam,VIOS (Ki),7,2,1280,1261,0.515,0.112,0.373,4,3,79.9,-82.1,253,257
1923-08-05,GKC (Gr),OKK (Z),4,1,1232,1254,0.458,0.112,0.430,5,4,45.7,-63.6,206,249
1923-08-05,Kinea (S),UNA (L),2,3,1007,1244,0.193,0.087,0.720,3,5,21.7,-23.9,235,244
1923-08-12,DKC (DZ),TOP (Ap),6,4,1396,1219,0.723,0.086,0.191,5,3,0.0,7.2,175,268
1923-08-12,NKC (?),Kinea (H),7,2,1150,1068,0.606,0.099,0.295,5,4,34.7,-60.2,175,243
1923-08-12,OKV²,Bato,7,4,1387,1371,0.511,0.111,0.378,5,4,43.7,-43.5,217,216
1923-08-12,VIOS (Ki),DES (Z),4,13,1177,1074,0.630,0.103,0.267,4,3,-126.6,104.5,226,204
1923-08-19,Bato,STA,5,0,1328,1136,0.740,0.083,0.177,5,3,27.8,-38.5,195,240
1923-08-19,Frisia,SIM,1,6,1422,1545,0.328,0.086,0.585,7,8,-42.2,39.8,201,194
1923-08-19,HKC (Hrd),DOS (L),3,0,1607,1451,0.700,0.086,0.213,6,3,12.2,-10.8,200,181
1923-08-19,Lyts Begjin,OKC (Ol),5,0,1555,1331,0.771,0.077,0.152,5,2,35.7,-33.7,243,234
1923-08-19,MKC (Ma),WWMD,3,4,1448,1479,0.441,0.117,0.442,2,3,-14.5,16.9,174,189
1923-08-19,SSS (Z),Nic,8,1,1765,1447,0.852,0.055,0.093,6,2,18.0,-18.4,180,183
1923-08-19,VKC (Vr),OKV²,2,6,1247,1431,0.248,0.093,0.659,4,6,-34.2,28.4,219,195
1923-08-24,WK,UDI (O),5,1,1913,1400,0.944,0.025,0.031,7,1,-12.8,11.5,199,191
1923-08-25,MKC (Me),Rood Zwart,2,6,1211,1425,0.217,0.087,0.696,3,6,-21.1,28.4,182,220
1923-08-26,Brinio,Hollandia,0,4,1338,1698,0.103,0.059,0.838,2,6,-9.1,8.9,241,216
1923-08-26,Forward,KW,3,2,1544,1632,0.366,0.105,0.529,4,5,29.1,-34.9,213,234
1923-08-26,Lyts Begjin,ODA (B),1,1,1587,1545,0.549,0.108,0.343,5,4,-16.7,12.6,221,193
1923-08-26,NKC (?),DKC (DZ),6,9,1182,1394,0.219,0.089,0.692,3,5,-10.1,10.3,168,170
1923-09-02,Kinea (H),DKC (DZ),2,7,1004,1402,0.084,0.052,0.864,2,6,-10.3,7.6,215,161
1923-09-02,Quick (M),Vitesse (Be),2,10,1419,1713,0.148,0.070,0.782,3,7,-39.3,30.5,220,188
1923-09-02,Rapide,Zeelandia,0,4,1182,1665,0.052,0.038,0.910,1,6,14.4,0.2,294,159
1923-09-02,Rood Zwart,OLS,2,5,1452,1507,0.410,0.111,0.479,3,4,-42.8,39.1,200,189
1923-09-02,WWMD,UDI (O),6,2,1491,1410,0.603,0.104,0.294,5,3,30.4,-34.6,175,189
1923-09-08,DSK,DES²,1,3,1648,1614,0.528,0.127,0.345,2,1,-57.5,64.1,221,235
1923-09-08,Excelsior (A),DSK,2,2,1676,1590,0.616,0.089,0.295,7,5,-27.2,20.1,228,197
1923-09-08,KDC,Excelsior,1,5,1473,1852,0.094,0.053,0.853,3,7,-2.1,4.2,252,190
1923-09-08,Velox,KDC,8,0,1907,1471,0.919,0.032,0.049,8,2,11.1,-16.2,175,230
1923-09-09,ASV,Blauw Wit,0,5,1286,1526,0.189,0.090,0.721,2,4,-37.4,49.3,215,258
1923-09-09,ASV,Vitesse (A),1,1,1249,1423,0.258,0.098,0.644,3,5,24.4,-34.0,198,231
1923-09-09,Amstelodamum,Amstel,1,2,1359,1375,0.464,0.115,0.421,5,4,-28.8,23.8,251,226
1923-09-09,BEP,ZKV (Za),6,10,1655,1540,0.650,0.094,0.256,5,4,-69.2,113.1,182,235
1923-09-09,Bato,OKV²,4,8,1350,1454,0.343,0.110,0.547,3,4,-41.0,40.2,187,185
1923-09-09,Concordia,Felicitas,2,5,1386,1518,0.315,0.087,0.598,6,8,-22.2,19.0,203,184
1923-09-09,DDV,Nausikaa,1,0,1749,1977,0.205,0.080,0.715,4,7,35.9,-40.9,154,164
1923-09-09,DDV,Tekca,1,1,1744,1806,0.400,0.112,0.488,3,4,4.6,-5.0,167,174
1923-09-09,DTV,Swift,4,1,2038,1843,0.746,0.076,0.178,7,4,2.5,-2.5,160,155
1923-09-09,HJWDO,Jonge Spartaan,1,2,1172,1286,0.331,0.104,0.565,4,5,-1.3,0.6,164,226
1923-09-09,Helder,KVKV,4,1,1259,1817,0.035,0.025,0.940,2,8,100.1,-144.8,175,207
1923-09-09,MKC (Me),Kinea (A),3,13,1187,1398,0.219,0.090,0.691,3,5,-37.3,48.6,174,203
1923-09-09,Naas²,HKC (He),2,4,1584,1655,0.387,0.114,0.499,3,4,-33.6,26.0,230,198
1923-09-09,Nausikaa,DEV,1,2,1996,1994,0.496,0.100,0.404,6,5,-18.7,19.0,179,181
1923-09-09,OLS,Rood Zwart,7,4,1545,1408,0.675,0.094,0.230,5,3,13.5,-14.4,174,181
1923-09-09,OSCA,Kattenburg,3,2,1566,1632,0.393,0.115,0.492,3,4,26.3,-37.0,219,264
1923-09-09,Ready (A),Westerkwartier,1,0,1821,1919,0.354,0.103,0.543,4,5,26.9,-24.2,185,175
1923-09-09,SDO (A),HBS (H),2,2,1614,1552,0.577,0.105,0.319,5,4,-21.5,17.3,229,207
1923-09-09,SDO (A),SVO,0,3,1592,1821,0.200,0.089,0.711,3,5,-14.1,16.2,202,228
1923-09-09,SDO (L),Kraaien,9,2,1296,900,0.897,0.044,0.059,5,1,17.9,-13.3,213,175
1923-09-09,SEV (E),Voorwaarts (O),1,1,929,960,0.446,0.107,0.447,4,5,0.0,-0.0,175,175
1923-09-09,SVO,KVD,3,0,1805,1610,0.740,0.086,0.174,5,2,16.4,-14.3,258,220
1923-09-09,Swift,DVD²,4,0,1821,1689,0.668,0.097,0.235,5,3,22.0,-24.2,166,176
1923-09-09,TOV (M),Voorwaarts (O),3,0,1185,960,0.775,0.073,0.152,6,3,0.7,-1.1,175,160
1923-09-09,UDI (O),Hermes (B),3,6,1375,1497,0.319,0.108,0.573,3,4,-24.8,28.9,174,190
1923-09-09,UNA (L),OKK (Z),4,5,1214,1183,0.531,0.111,0.358,4,3,-34.9,33.6,227,222
1923-09-09,VIJW,Trekvogels (R),4,2,1632,1483,0.690,0.092,0.218,5,3,0.6,-2.1,227,175
1923-09-09,WIK (O),HJWDO,2,2,1353,1134,0.769,0.073,0.157,6,3,-37.8,37.8,175,175
1923-09-09,WIK (O),HJWDO,3,0,1305,1170,0.673,0.092,0.234,5,3,10.3,-10.2,155,154
1923-09-09,WIK (O),Jonge Spartaan,1,1,1315,1257,0.572,0.104,0.324,5,4,-10.0,29.2,164,274
1923-09-09,WK,Friso (L),1,3,1898,1793,0.635,0.099,0.266,5,3,-59.0,56.0,198,192
1923-09-15,DES²,Velox,2,0,1683,1923,0.187,0.092,0.720,2,4,69.9,-60.2,186,172
1923-09-15,Excelsior (A),DES²,3,3,1654,1683,0.451,0.104,0.445,6,5,-0.4,0.4,203,208
1923-09-15,KDC,DSK,0,3,1460,1616,0.278,0.102,0.620,3,5,-28.6,21.2,220,182
1923-09-16,Advendo,Excelsior,2,1,1759,1862,0.341,0.116,0.543,2,3,25.4,-29.3,170,183
1923-09-16,Blauw Wit,Vitesse (A),3,0,1580,1394,0.733,0.084,0.183,5,3,12.5,-11.4,228,206
1923-09-16,DDV,DEV,4,4,1790,2019,0.200,0.090,0.710,2,5,23.2,-30.0,148,167
1923-09-16,DKC (De),Vitesse (Haag),0,0,1542,1565,0.452,0.118,0.430,4,3,-1.4,1.4,190,188
1923-09-16,DOS (E),Naas²,8,2,1973,1556,0.910,0.036,0.054,8,2,6.3,-7.2,175,203
1923-09-16,DTV,DVD²,3,0,2046,1670,0.888,0.044,0.068,7,2,-10.8,13.0,153,165
1923-09-16,DWS,Voorwaarts (L),6,1,1476,1106,0.881,0.052,0.067,4,0,9.1,-13.3,166,226
1923-09-16,Deetos,HVC,3,3,2066,1858,0.756,0.079,0.164,5,2,-36.8,40.2,179,186
1923-09-16,EKCA,Rapid (W),7,0,1634,1736,0.356,0.091,0.554,6,7,81.0,-118.2,202,248
1923-09-16,Emma,Zuiden (R),3,4,1603,1868,0.166,0.087,0.747,1,4,22.4,-18.6,189,175
1923-09-16,GHBSC,DWS,3,2,1232,1528,0.141,0.082,0.778,1,4,86.7,-51.3,224,175
1923-09-16,HBS (H),KVD,1,1,1613,1604,0.499,0.117,0.384,4,3,-6.5,7.0,176,182
1923-09-16,HBS (H),Oosterpark,1,1,1574,1843,0.165,0.082,0.753,2,5,38.7,-46.5,189,206
1923-09-16,HKC (He),DOS (E),0,2,1686,1979,0.150,0.066,0.784,4,8,14.6,-12.2,182,170
1923-09-16,HKV,Deetos,2,3,1793,2029,0.191,0.094,0.715,2,4,15.4,-14.6,171,167
1923-09-16,HSV,Fluks,1,5,1721,2020,0.139,0.078,0.783,1,4,-13.1,15.1,175,194
1923-09-16,Kinea (A),OLS,5,5,1452,1564,0.333,0.107,0.560,3,5,14.8,-11.4,186,164
1923-09-16,Nieuwendammerham,Rohda (A),3,0,1662,1662,0.491,0.107,0.402,5,4,46.1,-43.0,220,212
1923-09-16,OSCA,LUTO,2,4,1598,1640,0.425,0.119,0.456,2,3,-33.2,35.0,199,205
1923-09-16,OSCR,Vitesse (Leiden),4,2,1856,1825,0.531,0.111,0.358,4,3,20.7,-17.0,190,170
1923-09-16,PSV,Be Quick,6,0,1499,1438,0.572,0.113,0.315,4,2,59.8,-57.0,208,202
1923-09-16,Quick (Arn),Noviomagum,1,7,1677,1412,0.807,0.072,0.121,5,1,-128.6,120.3,196,190
1923-09-16,Rapiditas,AKC (Al),3,1,1528,1594,0.391,0.120,0.489,2,3,30.8,-48.2,166,211
1923-09-16,Rapiditas,DOVA,3,1,1494,1550,0.404,0.119,0.477,2,3,34.9,-39.9,182,196
1923-09-16,Ready (A),KVO,4,1,1853,1706,0.691,0.087,0.222,6,4,10.0,-11.4,170,188
1923-09-16,SDO (A),KVD,1,1,1583,1601,0.461,0.116,0.423,4,3,-2.3,2.7,188,204
1923-09-16,SSS (A),Rohda (A),1,1,1546,1689,0.296,0.099,0.605,4,5,23.4,-26.8,226,241
1923-09-16,TOGO (A),Quick (A),1,1,1427,1456,0.446,0.113,0.441,5,4,-0.4,0.4,231,226
1923-09-16,Tekca,DEV,2,0,1774,1989,0.213,0.094,0.692,2,5,41.3,-49.9,142,156
1923-09-16,Tekca,Nausikaa,3,3,1755,1941,0.246,0.090,0.664,4,6,19.8,-21.2,151,156
1923-09-16,Vitesse (Be),Kinea (A),7,4,1750,1467,0.827,0.059,0.113,7,3,-6.3,5.3,178,169
1923-09-16,Vitesse (Be),MKC (Me),8,1,1747,1155,0.963,0.017,0.019,8,1,2.1,-2.0,181,165
1923-09-16,Vitesse (Haag),ALO,2,3,1567,1578,0.469,0.119,0.412,4,3,-17.4,20.9,171,188
1923-09-16,Vitesse (Leiden),HKV,4,3,1816,1803,0.502,0.121,0.378,3,2,9.5,-9.7,187,189
1923-09-16,Westerkwartier,KVO,4,1,1900,1694,0.757,0.073,0.169,7,4,1.7,-1.5,163,173
1923-09-16,Zwaluwen (A),Tekca,5,0,1730,1806,0.380,0.111,0.509,3,4,85.1,-51.6,212,161
1923-09-16,Zwaluwen (H),Gooiers,5,8,1537,1705,0.268,0.092,0.641,4,6,-23.5,37.4,216,305
1923-09-23,ODA (B),Lyts Begjin,2,2,1559,1572,0.467,0.116,0.416,4,3,-3.0,3.6,185,203
1923-09-30,Amersfoort,HSC (Hi),4,2,1694,1357,0.865,0.052,0.083,6,2,-23.0,31.9,202,229
1923-09-30,BEP,DED,1,6,1590,1548,0.548,0.111,0.341,4,3,-67.2,72.0,176,182
1923-09-30,DEV,Hercules,5,4,1938,1791,0.684,0.099,0.217,4,2,-8.6,16.0,151,196
1923-09-30,DOVA,HKC (He),3,6,1509,1700,0.238,0.100,0.663,2,4,-16.8,16.1,180,175
1923-09-30,Excelsior,Nausikaa,4,8,1831,1919,0.368,0.103,0.529,4,5,-35.9,28.6,171,151
1923-09-30,Go Ahead,Animo,5,9,1011,1457,0.063,0.047,0.890,1,5,-1.3,-0.9,175,221
1923-09-30,Gorkum,GHBSC,3,0,1479,1317,0.701,0.095,0.203,4,2,20.6,-18.1,230,208
1923-09-30,HBS (De),NIVO,5,6,1457,1434,0.521,0.111,0.368,4,3,-31.5,32.7,220,224
1923-09-30,HBS (H),SDO (L),1,2,1606,1318,0.827,0.065,0.108,5,2,-53.0,85.8,166,208
1923-09-30,HSV,HKV,1,3,1706,1808,0.339,0.125,0.536,1,2,-19.1,18.1,170,164
1923-09-30,KDO (Ap),Blauw Wit (Z),1,3,1381,1206,0.723,0.083,0.195,6,3,-54.5,89.7,175,224
1923-09-30,Laren,VZOD (L),5,0,900,900,0.490,0.108,0.402,5,4,48.4,-48.4,175,175
1923-09-30,Naas²,AKC (Al),5,1,1548,1545,0.485,0.124,0.390,3,2,55.7,-51.7,198,190
1923-09-30,Nieuwe Turnkring,Mercedes,1,5,1254,1275,0.456,0.116,0.427,4,3,-41.6,133.1,175,343
1923-09-30,Quick (Arn),EKCA,0,4,1547,1714,0.263,0.105,0.632,2,4,-32.1,32.3,187,188
1923-09-30,RODA (W),DVD²,4,5,1549,1682,0.303,0.111,0.586,3,4,2.3,0.5,250,164
1923-09-30,Rozenburg,OSCR,6,5,1760,1875,0.327,0.110,0.563,3,4,33.9,-27.8,195,176
1923-09-30,Swift,KVO,9,2,1845,1692,0.697,0.087,0.216,6,3,27.2,-31.1,154,166
1923-09-30,VIJW,Spartaan,0,8,1637,1600,0.538,0.115,0.346,4,3,-92.6,113.4,207,231
1923-09-30,Velox,DKC (De),4,2,1862,1540,0.855,0.055,0.090,6,2,-18.2,20.9,166,176
1923-09-30,Vitesse (Leiden),HVC,2,3,1807,1898,0.361,0.112,0.528,3,4,-4.5,5.1,162,177
1923-09-30,Westerkwartier,DDV,6,3,1900,1812,0.613,0.101,0.286,5,3,16.8,-14.4,159,146
1923-10-07,AKC (Al),DOVA,5,2,1502,1501,0.483,0.126,0.391,3,2,37.6,-35.2,175,169
1923-10-07,Advendo,Ready (A),4,2,1791,1870,0.373,0.119,0.508,2,3,33.8,-34.7,164,166
1923-10-07,Animo,Gooiers,2,4,1464,1750,0.154,0.071,0.774,3,7,9.4,-17.2,211,256
1923-10-07,Be Quick,Noviomagum,4,1,1388,1540,0.278,0.115,0.607,2,3,70.0,-66.9,189,184
1923-10-07,DDV,Haarlem,5,5,1806,1804,0.489,0.116,0.395,4,3,-3.6,6.2,140,182
1923-10-07,DOS (E),Rapiditas,7,0,1974,1567,0.906,0.037,0.057,8,2,8.6,-8.2,167,162
1923-10-07,DTV,Hercules,6,4,2042,1815,0.775,0.075,0.150,5,2,-7.7,11.3,156,181
1923-10-07,Felicitas,Foarut,1,0,1550,1362,0.739,0.076,0.184,7,4,-17.7,30.4,178,225
1923-10-07,Fluks,Rozenburg,3,1,2043,1802,0.786,0.076,0.138,5,2,-11.0,9.7,187,178
1923-10-07,Gorkum,DWS,4,1,1507,1493,0.504,0.121,0.375,3,2,45.4,-31.0,207,167
1923-10-07,HSV,OSCR,4,3,1696,1856,0.270,0.108,0.622,2,4,31.1,-33.5,159,165
1923-10-07,HVC,HKV,6,2,1911,1834,0.592,0.113,0.295,3,2,30.4,-27.3,164,155
1923-10-07,KZ,Westerkwartier,1,1,1858,1925,0.396,0.105,0.500,4,5,7.2,-4.4,191,150
1923-10-07,Nausikaa,DEV,6,5,1956,1937,0.518,0.104,0.377,5,4,3.8,-3.9,144,146
1923-10-07,ODIS (M),TOP (B),1,0,1245,954,0.831,0.062,0.107,6,2,-31.4,41.5,186,210
1923-10-07,OLS,Kinea (A),3,6,1560,1479,0.601,0.105,0.294,5,3,-49.7,54.5,160,168
1923-10-07,PSV,Rapid (W),4,2,1566,1625,0.414,0.094,0.492,6,7,31.3,-39.6,193,219
1923-10-07,Rood Zwart,Vitesse (Be),3,5,1406,1750,0.113,0.061,0.826,3,7,17.1,-16.9,176,175
1923-10-07,UNA (L),GKC (Gr),2,1,1191,1283,0.356,0.115,0.528,3,4,31.9,-30.8,208,204
1923-10-07,Voorwaarts (L),GHBSC,0,5,1100,1307,0.217,0.104,0.679,1,3,-45.2,36.8,217,192
1923-10-07,Wit Zwart,Nic,3,3,1411,1436,0.452,0.115,0.433,4,3,-1.2,1.2,189,189
1923-10-07,ZKV (Za),LUTO,1,2,1666,1682,0.466,0.111,0.423,5,4,-22.5,18.3,213,190
1923-10-13,DES²,Velox (A),2,2,1758,1163,0.972,0.004,0.025,63,30,-63.1,133.1,180,249
1923-10-13,SCH,KDO,2,4,1459,1531,0.383,0.116,0.500,3,4,-33.5,39.1,232,254
1923-10-14,Amstelodamum,Vitesse (A),6,4,1339,1387,0.418,0.116,0.466,3,4,45.7,-36.0,225,197
1923-10-14,Blauw Wit,Rohda (A),6,1,1597,1623,0.450,0.115,0.435,5,4,73.0,-63.8,213,197
1923-10-14,DEV,Advendo,5,2,1930,1822,0.633,0.110,0.257,3,2,13.7,-16.3,139,154
1923-10-14,DVD²,RODA (W),6,3,1688,1556,0.665,0.102,0.233,4,2,14.5,-23.2,159,216
1923-10-14,Excelsior,DTV,1,10,1801,2031,0.199,0.086,0.714,3,5,-30.4,27.1,161,151
1923-10-14,GHBSC,Voorwaarts (L),5,0,1341,1052,0.825,0.070,0.105,4,0,16.9,-19.5,179,197
1923-10-14,HKC (He),AKC (Al),4,6,1721,1536,0.728,0.090,0.182,4,2,-59.8,56.5,167,162
1923-10-14,HSV,Rozenburg,3,2,1723,1808,0.362,0.123,0.514,2,3,19.3,-24.3,151,170
1923-10-14,Hercules,Nausikaa,1,6,1823,1957,0.307,0.102,0.591,4,5,-36.6,24.7,171,138
1923-10-14,KVD,AW,3,0,1615,1518,0.616,0.115,0.269,3,1,23.1,-36.5,175,232
1923-10-14,KVKV,Oosterpark,4,2,1681,1800,0.320,0.115,0.565,2,3,57.1,-50.8,209,197
1923-10-14,Lyts Begjin,HKC (Hrd),3,0,1581,1623,0.425,0.118,0.457,2,3,46.2,-51.4,187,199
1923-10-14,Noorden,ASV,2,4,1521,1283,0.783,0.078,0.139,4,1,-141.3,70.6,267,192
1923-10-14,Noviomagum,EKCA,1,11,1469,1752,0.152,0.083,0.765,1,4,-28.7,30.2,171,176
1923-10-14,OSCR,Deetos,5,2,1819,2019,0.228,0.097,0.675,2,5,55.4,-63.4,155,166
1923-10-14,Oranje,Graaf Willem 2,1,2,1550,1682,0.305,0.112,0.583,2,4,-1.8,0.9,234,267
1923-10-14,Quick (A),Zwaluwen (A),0,8,1460,1819,0.103,0.061,0.835,2,6,-28.8,25.9,207,194
1923-10-14,Quick (Arn),Rapid (W),3,4,1520,1582,0.407,0.098,0.495,5,6,-7.7,9.1,176,195
1923-10-14,TOV (D),DKC (De),0,3,1598,1566,0.529,0.120,0.351,3,2,-56.8,50.6,184,173
1923-10-14,Vitesse (Haag),Velox,4,4,1553,1849,0.143,0.078,0.780,2,5,37.3,-36.2,166,164
1923-10-14,Westerkwartier,KVO,3,2,1918,1666,0.801,0.067,0.133,6,3,-20.0,25.3,144,160
1923-10-21,'t Overschotje,Zwart Wit,2,1,1422,1673,0.181,0.082,0.736,3,6,75.5,-76.2,248,249
1923-10-21,Be Quick,Rapid (W),2,0,1456,1592,0.308,0.094,0.599,5,6,42.6,-42.9,177,177
1923-10-21,DDV,Tekca,9,2,1800,1820,0.456,0.119,0.426,4,3,41.0,-47.0,138,148
1923-10-21,DVD²,OSCA,10,3,1703,1569,0.664,0.107,0.228,3,1,30.3,-44.5,153,190
1923-10-21,KDC,DES²,3,13,1436,1695,0.170,0.089,0.741,1,4,-42.5,33.9,205,180
1923-10-21,Rood Zwart,Kinea (A),3,3,1421,1531,0.337,0.104,0.560,4,5,12.8,-11.1,171,160
1923-10-21,VKC (A),SCH,1,5,1311,1426,0.324,0.120,0.557,2,3,-60.1,49.1,235,208
1923-10-21,Velox (A),DSK,4,1,1296,1642,0.134,0.014,0.852,34,52,98.3,-51.1,243,180
1923-10-28,Amersfoort,AW,4,3,1675,1481,0.736,0.093,0.171,3,1,-19.9,21.8,199,206
1923-10-28,Blauw Wit (Z),HBS (De),6,3,1341,1430,0.363,0.110,0.527,3,4,46.0,-52.0,170,182
1923-10-28,DED,LUTO,3,1,1624,1696,0.382,0.120,0.499,2,3,36.0,-37.8,175,179
1923-10-28,DKC (Do),Gorssel,7,1,1386,1134,0.796,0.073,0.130,5,2,22.1,-29.7,175,210
1923-10-28,DSK,KDC,4,0,1589,1392,0.741,0.089,0.170,4,1,17.7,-20.4,173,190
1923-10-28,DVO (H),ODI (H),4,1,1450,1468,0.459,0.120,0.422,4,3,59.9,-36.9,230,175
1923-10-28,EKCA,PSV,6,1,1781,1594,0.733,0.086,0.181,5,2,22.8,-25.4,170,182
1923-10-28,KDO (Ap),Nieuwe Turnkring,2,0,1389,1176,0.759,0.082,0.159,5,2,-6.8,6.5,163,160
1923-10-28,Kinea (A),Rood Zwart,6,4,1519,1432,0.612,0.100,0.288,5,4,6.4,-6.9,151,160
1923-10-28,Mercedes,Blauw Wit (Z),4,2,1427,1300,0.661,0.099,0.240,5,3,6.2,-6.3,201,208
1923-10-28,Mercedes,KDO (Ap),0,2,1524,1331,0.740,0.085,0.176,5,2,-97.2,57.5,224,173
1923-10-28,Mercedes,NIVO,5,0,1412,1471,0.402,0.117,0.480,2,3,112.0,-71.6,266,206
1923-10-28,NIVO,HBS (De),2,2,1399,1430,0.443,0.116,0.441,4,3,-0.1,0.1,188,203
1923-10-28,Naas²,DOVA,7,1,1608,1462,0.680,0.105,0.215,3,1,39.2,-30.8,187,162
1923-10-28,Nieuwe Turnkring,Blauw Wit (Z),1,5,1217,1294,0.377,0.114,0.509,3,4,-40.8,46.6,175,188
1923-10-28,Oliveo,Onder Ons,0,9,1059,1658,0.026,0.024,0.949,0,6,-11.1,27.1,175,350
1923-10-28,Ons Eibernest,Emma,2,2,1616,1629,0.465,0.122,0.413,4,3,-3.8,3.1,207,188
1923-10-28,Rohda (A),Blauw Wit,2,1,1558,1669,0.332,0.112,0.556,3,4,29.2,-32.4,183,193
1923-10-28,Velox (A),Excelsior (A),2,2,1393,1657,0.198,0.018,0.783,38,51,51.4,-38.4,223,195
1923-10-28,WASV,NOAD,12,0,1200,915,0.827,0.062,0.111,6,2,23.4,-23.4,175,175
1923-10-28,ZKC (Zu),Thor (Zu),1,4,1403,1473,0.385,0.121,0.493,2,3,-53.7,51.6,231,226
1923-10-28,Zwaluwen (A),Zuiden,1,2,1844,1630,0.762,0.079,0.159,5,2,-54.0,76.2,187,221
1923-11-04,ALO,TOV (D),7,2,1607,1545,0.572,0.114,0.314,3,2,45.8,-41.0,185,174
1923-11-04,AW,HSC (Hi),3,2,1507,1397,0.640,0.100,0.259,5,3,-6.9,10.4,191,222
1923-11-04,Achilles (A),'t Overschotje,5,2,1635,1501,0.684,0.072,0.244,10,7,12.9,-11.9,249,226
1923-11-04,Achilles (H),GKV,2,3,1683,1717,0.435,0.122,0.443,2,3,-14.0,26.8,175,252
1923-11-04,Amstel,KCN,0,0,1412,1716,0.138,0.073,0.789,2,5,54.6,-50.4,216,208
1923-11-04,DIO (O),Groen Zwart,0,13,1356,1908,0.035,0.029,0.936,1,7,-22.9,31.3,241,305
1923-11-04,DVO (H),Naaldwijk,1,0,1514,1390,0.658,0.100,0.243,4,3,-11.8,8.4,201,175
1923-11-04,Deetos,Vitesse (Leiden),4,0,1959,1812,0.687,0.095,0.218,5,2,19.3,-19.4,162,162
1923-11-04,Excelsior (A),DSK,2,1,1623,1612,0.502,0.118,0.381,4,3,8.9,-7.5,183,165
1923-11-04,Excelsior,Advendo,5,5,1774,1809,0.433,0.121,0.446,2,3,0.6,-0.6,159,152
1923-11-04,Fluks,HVC,3,3,2032,1942,0.615,0.103,0.282,5,3,-21.5,16.6,183,162
1923-11-04,Friso (L),WK,1,1,1862,1852,0.503,0.112,0.385,4,3,-7.5,7.8,192,196
1923-11-04,Go Ahead,Zwaluwen (H),3,8,1018,1521,0.046,0.035,0.918,1,6,-3.0,2.5,180,212
1923-11-04,Gorkum,Voorwaarts (L),5,1,1554,1036,0.944,0.027,0.029,6,0,-8.5,8.4,192,191
1923-11-04,HKV,Rozenburg,1,1,1808,1788,0.511,0.122,0.367,3,2,-6.8,7.6,155,163
1923-11-04,KDO,SCH,2,1,1574,1478,0.621,0.104,0.275,4,3,-7.2,4.4,225,192
1923-11-04,KZ,Haarlem,5,1,1866,1811,0.568,0.104,0.328,5,4,35.1,-33.0,180,174
1923-11-04,Nausikaa,DTV,1,4,1985,2062,0.387,0.096,0.517,6,7,-18.6,21.6,139,151
1923-11-04,Noviomagum,Rapid (W),0,5,1445,1552,0.345,0.094,0.560,5,6,-36.1,35.8,168,167
1923-11-04,OSCA,RODA (W),4,0,1528,1537,0.472,0.119,0.409,4,3,46.4,-56.8,177,199
1923-11-04,Ready (A),DEV,2,9,1836,1948,0.332,0.110,0.558,3,4,-44.2,33.7,163,140
1923-11-04,Tekca,DDV,2,1,1777,1844,0.391,0.114,0.495,3,4,15.4,-13.8,143,135
1923-11-04,Velox (A),DES²,1,5,1449,1732,0.181,0.018,0.801,33,47,31.4,-21.5,204,173
1923-11-04,Westerkwartier,Swift,3,3,1902,1881,0.519,0.109,0.372,5,4,-6.4,7.5,146,158
1923-11-04,ZKV (Za),DED,4,7,1644,1665,0.458,0.113,0.428,5,4,-50.0,35.4,197,163
1923-11-04,Zuiden (R),Ons Eibernest,5,2,1857,1617,0.786,0.077,0.138,5,1,3.3,-3.2,180,187
1923-11-11,ALO,Velox,1,5,1653,1817,0.269,0.101,0.630,3,5,-26.4,24.9,171,165
1923-11-11,ASV,Blauw Wit,3,6,1357,1641,0.150,0.083,0.767,1,4,-6.2,6.0,189,179
1923-11-11,Advendo,DTV,1,5,1809,2083,0.161,0.078,0.761,2,5,-8.7,8.6,144,143
1923-11-11,Be Quick,Quick (Arn),1,0,1501,1516,0.460,0.126,0.413,3,2,12.7,-12.9,169,171
1923-11-11,DDV,Swift,2,3,1829,1888,0.404,0.113,0.482,3,4,-6.1,7.8,131,149
1923-11-11,DOS (E),DOVA,8,0,1983,1435,0.954,0.021,0.025,8,1,4.8,-4.3,174,157
1923-11-11,DSK,Excelsior (A),3,4,1603,1631,0.444,0.120,0.436,4,3,-13.0,15.0,155,168
1923-11-11,Die Haghe,Oranje,7,1,1675,1552,0.657,0.100,0.244,4,3,97.8,-49.4,336,216
1923-11-11,HKC (He),Rapiditas,3,1,1665,1559,0.634,0.103,0.263,4,3,6.4,-6.5,166,169
1923-11-11,HSC (Hi),KVD,4,9,1407,1642,0.195,0.089,0.717,2,5,-31.7,24.7,200,172
1923-11-11,HSV,Deetos,1,4,1746,1978,0.194,0.095,0.710,2,4,-8.8,9.0,151,154
1923-11-11,Haarlem,Tekca,3,1,1777,1791,0.465,0.119,0.417,4,3,23.8,-17.4,162,137
1923-11-11,Hercules,DEV,2,4,1790,1982,0.235,0.101,0.663,2,4,-3.1,2.6,166,135
1923-11-11,Kraaien,HBS (H),3,7,900,1561,0.018,0.018,0.964,0,6,12.8,-10.2,188,173
1923-11-11,LUTO,BEP,1,5,1663,1532,0.668,0.096,0.236,5,3,-70.0,75.6,168,175
1923-11-11,Naaldwijk,ODI (H),2,0,1397,1435,0.432,0.117,0.451,2,3,27.2,-27.7,165,167
1923-11-11,Oosterpark,Helder,16,3,1753,1372,0.891,0.044,0.065,6,2,18.4,-18.8,187,190
1923-11-11,Rapid (W),EKCA,2,3,1588,1808,0.215,0.077,0.708,5,8,14.4,-15.9,157,164
1923-11-11,SSS (Z),Vitesse (Be),1,1,1790,1734,0.570,0.104,0.327,5,4,-16.9,13.6,196,177
1923-11-11,TOV (D),Vitesse (Haag),4,2,1503,1594,0.354,0.122,0.524,2,3,35.8,-37.7,162,167
1923-11-11,Trekvogels (R),VIJW,2,1,1494,1553,0.403,0.115,0.482,3,4,20.3,-23.6,184,199
1923-11-11,Unitas (D),Achilles (A),0,3,1453,1647,0.245,0.073,0.682,7,10,-19.2,13.9,327,221
1923-11-11,Vierde Vijf,Macbi,12,6,1750,1409,0.867,0.052,0.081,6,2,21.2,-26.1,217,253
1923-11-11,Vitesse (A),KCN,2,7,1354,1664,0.134,0.071,0.795,2,6,-18.8,19.9,188,195
1923-11-11,Vitesse (Be),WK,3,3,1747,1859,0.332,0.111,0.558,3,4,11.5,-13.8,163,179
1923-11-11,Vitesse (Leiden),Fluks,1,4,1791,2010,0.208,0.095,0.697,2,4,-9.8,11.3,154,169
1923-11-11,WK,SSS (Z),3,1,1844,1772,0.588,0.111,0.302,4,3,11.2,-12.8,163,177
1923-11-11,Zuiden,Quick (A),4,2,1711,1435,0.818,0.066,0.115,5,2,-17.2,16.6,204,202
1923-11-18,'t Overschotje,Unitas (D),3,1,1488,1432,0.569,0.105,0.326,5,4,18.2,-26.2,208,267
1923-11-18,Advendo,Hercules,3,0,1799,1787,0.500,0.124,0.376,3,2,24.4,-30.0,140,157
1923-11-18,DED,ZKV (Za),6,1,1700,1593,0.636,0.101,0.262,5,3,27.7,-35.6,156,180
1923-11-18,DEV,DTV,2,6,1985,2092,0.341,0.104,0.555,4,5,-21.4,23.8,132,139
1923-11-18,Deetos,HKV,5,1,1987,1799,0.730,0.093,0.178,4,1,14.1,-14.3,148,149
1923-11-18,Dordrecht,HSV,5,1,1958,1737,0.767,0.082,0.151,4,2,11.1,-9.9,156,146
1923-11-18,EKCA,Be Quick,6,1,1792,1513,0.819,0.070,0.112,4,1,12.3,-12.5,156,158
1923-11-18,Fluks,OSCR,3,3,2021,1878,0.682,0.095,0.223,5,3,-24.3,23.7,160,158
1923-11-18,Gooiers,Go Ahead,10,0,1733,1015,0.982,0.009,0.009,9,1,5.1,-3.8,237,179
1923-11-18,Groen Zwart,TOP (V)²,13,1,1941,1176,0.985,0.008,0.007,8,0,9.3,-8.0,287,245
1923-11-18,HKC (He),Naas²,7,2,1671,1651,0.514,0.116,0.371,4,3,39.2,-49.4,157,178
1923-11-18,Hollandia,GKV,1,3,1717,1743,0.446,0.123,0.431,4,3,-43.8,41.6,223,217
1923-11-18,KCN,Amstel,2,0,1685,1465,0.767,0.080,0.153,5,2,-7.2,9.6,184,203
1923-11-18,KVO,DDV,3,6,1695,1822,0.314,0.103,0.583,4,5,-20.6,13.0,164,127
1923-11-18,KVR,Rood Wit (H),2,0,1487,1487,0.486,0.117,0.397,4,3,33.8,-36.1,222,231
1923-11-18,KZ,Swift,2,0,1900,1895,0.498,0.108,0.394,5,4,20.1,-14.6,169,141
1923-11-18,Nausikaa,Ready (A),6,2,1965,1791,0.723,0.081,0.196,6,4,9.8,-12.1,136,155
1923-11-18,PSV,Noviomagum,3,3,1573,1407,0.707,0.094,0.199,4,2,-31.8,26.2,175,160
1923-11-18,Phoenix (Z),Ambakor,1,1,1403,1436,0.440,0.115,0.445,3,4,0.4,-0.6,238,302
1923-11-18,Rozenburg,Vitesse (Leiden),2,4,1794,1780,0.505,0.118,0.377,4,3,-30.8,28.2,155,148
1923-11-18,Spartaan,Trekvogels (R),5,2,1722,1514,0.754,0.084,0.162,4,2,8.8,-7.2,216,170
1923-11-18,Tekca,Westerkwartier,2,1,1773,1895,0.319,0.110,0.572,3,4,19.0,-22.0,132,142
1923-11-18,Velox (A),KDC,7,3,1479,1376,0.672,0.024,0.304,44,37,-8.4,7.4,191,182
1923-11-25,AKC (Al),Rapiditas,2,1,1593,1548,0.547,0.119,0.334,3,2,3.2,-3.1,167,161
1923-11-25,Blauw Wit (Z),Wilhelmina²,3,2,1408,1358,0.559,0.108,0.332,4,3,0.8,-0.8,143,159
1923-11-25,DDV,KZ,1,3,1832,1917,0.371,0.109,0.521,3,4,-10.3,15.8,124,157
1923-11-25,Donar,KDO,1,13,902,1562,0.018,0.018,0.964,0,7,-6.5,8.1,175,205
1923-11-25,Dordrecht,OSCR,4,4,1966,1898,0.584,0.106,0.310,5,3,-12.9,13.0,150,151
1923-11-25,Excelsior (A),DES²,3,4,1643,1707,0.393,0.120,0.487,2,3,-8.5,9.5,159,170
1923-11-25,HBS (De),Blauw Wit (Z),2,1,1355,1388,0.442,0.112,0.446,3,4,12.6,-13.5,160,166
1923-11-25,HBS (De),Mercedes,0,2,1379,1447,0.389,0.116,0.495,3,4,-22.5,23.5,174,179
1923-11-25,HKV,HSV,5,0,1781,1722,0.562,0.125,0.313,2,1,32.2,-31.3,144,142
1923-11-25,KCN,Amstelodamum,2,1,1673,1385,0.827,0.066,0.107,5,1,-27.1,40.9,174,209
1923-11-25,KDC,DSK,2,1,1379,1586,0.215,0.109,0.676,1,3,44.4,-34.3,170,150
1923-11-25,KDO (Ap),HBS (De),2,3,1346,1367,0.456,0.115,0.429,4,3,-13.1,12.6,151,148
1923-11-25,KDO (Ap),Mercedes,0,4,1383,1470,0.364,0.114,0.522,3,4,-36.1,35.9,164,163
1923-11-25,KVD,Amersfoort,1,2,1664,1656,0.495,0.121,0.384,3,2,-19.6,25.8,166,192
1923-11-25,Kraaien,SDO (L),1,11,909,1410,0.047,0.036,0.917,1,6,-15.0,17.4,189,209
1923-11-25,LUTO,DED,1,3,1588,1725,0.299,0.112,0.590,2,4,-10.8,9.5,162,149
1923-11-25,Laren,Vooruitgang,1,2,946,1064,0.326,0.106,0.568,3,5,-0.2,0.2,164,162
1923-11-25,Mercedes,Nieuwe Turnkring,5,1,1434,1183,0.795,0.075,0.130,4,1,12.9,-10.3,192,162
1923-11-25,Mercedes,Wilhelmina²,6,1,1506,1357,0.688,0.097,0.215,4,2,22.5,-21.6,151,147
1923-11-25,NIVO,Blauw Wit (Z),2,5,1366,1373,0.477,0.114,0.409,5,4,-40.6,34.7,166,153
1923-11-25,Naas²,DOS (E),0,4,1598,1986,0.090,0.052,0.858,2,7,-0.4,-0.0,164,175
1923-11-25,Nieuwe Turnkring,NIVO,2,2,1172,1400,0.199,0.094,0.707,2,4,24.2,-33.5,154,180
1923-11-25,Noorden,Blauw Wit,0,11,1380,1644,0.166,0.086,0.747,2,4,-55.8,31.0,245,172
1923-11-25,Noviomagum,Quick (Arn),1,3,1429,1498,0.384,0.125,0.491,2,3,-19.6,21.6,153,161
1923-11-25,Quick (A),TOGO (A),2,2,1447,1430,0.510,0.116,0.374,4,3,-8.2,11.0,193,221
1923-11-25,Rapid (W),PSV,2,2,1598,1537,0.582,0.093,0.325,7,5,-12.0,14.1,153,165
1923-11-25,Ready (A),Advendo,1,5,1775,1820,0.420,0.122,0.459,2,3,-37.7,31.4,149,135
1923-11-25,TOGO (H),KVR,1,3,1279,1517,0.188,0.095,0.717,1,4,-0.0,3.0,267,199
1923-11-25,Tekca,Swift,1,5,1788,1876,0.361,0.117,0.522,2,3,-24.2,27.0,128,136
1923-11-25,VIOS (Bo),Zwaluw,0,12,1216,1853,0.021,0.019,0.960,1,8,-6.7,6.7,175,175
1923-11-25,Vooruitgang,Laren,2,0,1059,954,0.636,0.098,0.266,5,3,6.1,-6.2,175,178
1923-11-25,WIK (E),DOK,3,3,1238,1119,0.650,0.104,0.246,4,2,-36.9,35.2,254,249
1923-11-25,Wilhelmina²,HBS (De),3,4,1379,1379,0.486,0.116,0.398,4,3,-20.8,13.3,175,138
1923-11-25,Zwaluwen (H),Animo,2,1,1521,1471,0.557,0.112,0.331,4,3,3.2,-3.2,208,209
1923-12-09,Blauw Wit,Noorden,24,1,1678,1324,0.874,0.050,0.076,6,1,17.2,-26.9,168,220
1923-12-09,DEV,Ready (A),5,3,1960,1737,0.771,0.077,0.152,5,2,-6.6,7.9,133,144
1923-12-09,Die Haghe,Graaf Willem 2,3,0,1772,1684,0.610,0.105,0.285,4,3,44.3,-36.7,275,242
1923-12-09,Hollandia,Achilles (H),1,0,1670,1666,0.491,0.118,0.391,4,3,12.0,-9.3,203,174
1923-12-09,Rood Wit (H),KVR,2,3,1448,1521,0.384,0.113,0.503,3,4,-10.5,9.0,209,189
1923-12-09,Swift,Tekca,3,1,1904,1764,0.679,0.096,0.226,5,3,0.4,-0.5,134,128
1923-12-09,Vitesse (Haag),DKC (De),4,3,1554,1618,0.395,0.116,0.489,3,4,18.0,-21.0,163,177
1923-12-16,Ambakor,SIL,5,0,1431,994,0.917,0.035,0.048,7,1,1.4,-3.6,254,175
1923-12-16,Blauw Wit (Z),KDO (Ap),4,3,1409,1332,0.599,0.101,0.300,5,4,-2.9,2.7,142,139
1923-12-16,Blauw Wit,ASV,6,2,1699,1347,0.875,0.048,0.077,7,2,-0.8,2.1,164,186
1923-12-16,DES²,KDC,8,5,1717,1424,0.828,0.070,0.102,4,0,-0.7,0.8,163,165
1923-12-16,DKC (De),ALO,3,3,1595,1622,0.449,0.114,0.437,5,4,-0.6,0.7,164,169
1923-12-16,DKC (Do),Keppel,4,0,1407,1085,0.854,0.056,0.091,6,2,2.0,-2.1,171,166
1923-12-16,Excelsior,DEV,3,3,1771,1953,0.249,0.098,0.653,3,5,22.7,-14.8,161,131
1923-12-16,Gooiers,Animo,6,1,1736,1467,0.817,0.060,0.123,7,3,20.3,-15.5,240,193
1923-12-16,HBS (De),KDO (Ap),2,1,1393,1332,0.575,0.106,0.319,5,3,-0.6,0.8,139,149
1923-12-16,HKV,Dordrecht,1,3,1813,1953,0.296,0.109,0.595,3,4,-8.1,8.6,143,149
1923-12-16,Hercules,DTV,5,9,1752,2113,0.104,0.058,0.838,2,6,-1.5,1.6,155,142
1923-12-16,KZ,KVO,3,0,1932,1671,0.811,0.062,0.128,7,3,-4.1,4.9,153,161
1923-12-16,Keppel,DKC (Do),0,3,1085,1409,0.125,0.067,0.808,2,6,1.6,-2.0,175,181
1923-12-16,LUTO,ZKV (Za),9,1,1577,1554,0.523,0.108,0.369,5,4,45.2,-54.3,157,174
1923-12-16,NIVO,Mercedes,5,6,1325,1529,0.224,0.096,0.680,2,5,11.2,-9.7,160,150
1923-12-16,NIVO,Wilhelmina²,2,0,1336,1334,0.490,0.113,0.396,5,4,17.7,-17.1,150,147
1923-12-16,NOAD,WASV,1,4,892,1225,0.121,0.062,0.817,3,7,4.4,-4.4,181,181
1923-12-16,OSCR,Rozenburg,2,1,1911,1760,0.693,0.091,0.215,5,3,-11.1,12.0,149,154
1923-12-16,Rapid (W),Noviomagum,0,4,1586,1409,0.728,0.076,0.196,7,4,-61.9,61.7,151,150
1923-12-16,Ready (A),Nausikaa,6,4,1744,1972,0.204,0.081,0.715,4,7,40.7,-41.5,140,142
1923-12-16,TOGO (H),Rood Wit (H),3,2,1278,1436,0.276,0.103,0.621,3,4,55.8,-35.2,236,188
1923-12-16,Westerkwartier,Haarlem,3,1,1868,1797,0.590,0.104,0.306,5,3,8.0,-9.6,145,161
1923-12-16,Zwaluwen (A),TOGO (A),2,0,1791,1441,0.873,0.049,0.078,6,2,-24.2,27.8,190,201
1924-01-20,EKCA,Noviomagum,4,2,1799,1469,0.859,0.055,0.086,6,1,-20.3,16.2,171,155
1924-01-20,HSV,Dordrecht,3,7,1688,1959,0.163,0.082,0.755,2,5,-11.5,11.2,154,152
1924-01-20,Ons Eibernest,Zuiden (R),0,2,1607,1855,0.182,0.087,0.730,2,5,3.6,-3.2,197,192
1924-01-20,Ready (A),Excelsior,2,4,1782,1791,0.476,0.112,0.412,5,4,-23.5,28.4,147,162
1924-01-27,ALO,Vitesse (Haag),6,5,1620,1568,0.561,0.111,0.329,4,3,1.3,-1.3,169,168
1924-01-27,Excelsior,Ready (A),7,3,1820,1758,0.575,0.107,0.318,4,3,26.7,-23.1,152,140
1924-01-27,Gooiers,Zwaluwen (H),1,3,1755,1521,0.786,0.066,0.148,7,4,-99.1,78.6,228,205
1924-01-27,HKV,Vitesse (Leiden),1,2,1802,1803,0.483,0.120,0.397,4,3,-16.0,18.7,151,163
1924-01-27,Mercedes,HBS (De),3,2,1517,1389,0.664,0.097,0.239,5,3,-9.5,8.2,157,148
1924-01-27,Noviomagum,Be Quick,4,0,1484,1495,0.468,0.123,0.409,3,2,37.3,-47.9,152,174
1924-01-27,PSV,Quick (Arn),5,1,1549,1518,0.531,0.114,0.356,4,3,38.7,-37.4,174,170
1924-01-27,SCH,Achilles (Am),7,0,1476,1395,0.602,0.105,0.293,4,3,55.8,-43.9,201,175
1924-01-27,Thor (Zu),ZKC (Zu),2,3,1523,1349,0.718,0.090,0.192,5,2,-64.8,66.5,223,226
1924-01-27,Wilhelmina²,Blauw Wit (Z),1,7,1314,1404,0.364,0.107,0.529,4,5,-39.7,38.2,153,150
1924-01-27,Zuiden,TOGO (A),3,2,1688,1466,0.771,0.077,0.153,5,2,-29.7,26.6,211,202
1924-02-03,AKC (Al),Naas²,1,2,1594,1595,0.483,0.121,0.397,4,3,-20.7,21.4,177,180
1924-02-03,ASV,Rohda (A),2,3,1347,1587,0.191,0.085,0.724,3,5,19.2,-20.3,192,197
1924-02-03,Advendo,DEV,3,3,1850,1936,0.364,0.115,0.521,3,4,7.7,-6.8,154,145
1924-02-03,DSK,Velox (A),5,3,1550,1467,0.646,0.025,0.329,41,35,-9.5,13.9,166,197
1924-02-03,DTV,Excelsior,6,4,2114,1847,0.814,0.062,0.124,7,3,-14.4,12.2,155,144
1924-02-03,Deetos,Fluks,2,2,1996,1992,0.494,0.113,0.393,4,3,-5.4,5.9,167,175
1924-02-03,Donar,Achilles (Am),2,11,894,1351,0.060,0.042,0.897,1,6,-17.0,13.1,193,164
1924-02-03,Emma,Ons Eibernest,4,3,1631,1610,0.516,0.115,0.369,4,3,8.3,-7.4,200,186
1924-02-03,HSC (Hi),Amersfoort,0,4,1370,1680,0.135,0.069,0.796,3,6,-12.2,11.4,206,193
1924-02-03,KDC,Excelsior (A),6,3,1423,1632,0.222,0.088,0.691,4,6,65.9,-64.4,173,172
1924-02-03,KZ,DDV,3,0,1926,1820,0.638,0.096,0.265,5,4,14.6,-12.2,163,147
1924-02-03,Nausikaa,Hercules,9,3,1929,1749,0.729,0.080,0.191,6,3,21.3,-24.4,153,166
1924-02-03,OSCR,Dordrecht,2,1,1898,1971,0.386,0.108,0.506,4,5,18.2,-16.3,158,150
1924-02-03,Quick (Arn),PSV,2,1,1480,1588,0.336,0.113,0.552,3,4,23.9,-24.6,159,162
1924-02-03,Rapid (W),Be Quick,2,2,1521,1446,0.599,0.095,0.306,6,4,-15.1,15.3,160,161
1924-02-03,Rozenburg,HKV,0,5,1769,1786,0.459,0.123,0.418,4,3,-53.5,42.5,162,144
1924-02-03,Vitesse (Leiden),HSV,4,1,1821,1677,0.682,0.099,0.220,4,2,11.1,-11.0,153,151
1924-02-03,Westerkwartier,Tekca,7,0,1874,1760,0.647,0.100,0.254,5,3,32.3,-28.7,154,145
1924-02-03,Zwaluwen (A),Quick (A),1,1,1765,1437,0.858,0.054,0.088,6,2,-58.9,59.4,195,196
1924-02-10,Achilles (Am),KDO,1,4,1363,1569,0.225,0.088,0.687,4,6,-10.3,15.5,162,220
1924-02-10,DKC (De),TOV (D),12,0,1590,1531,0.568,0.114,0.318,4,2,48.1,-53.3,170,180
1924-02-10,DSK,DES²,1,2,1538,1713,0.243,0.127,0.629,0,1,3.4,-4.6,157,174
1924-02-10,Excelsior,Hercules,6,2,1857,1722,0.671,0.098,0.231,4,2,16.5,-20.0,141,158
1924-02-10,KDC,Velox (A),0,9,1486,1477,0.544,0.028,0.429,40,38,-32.7,39.0,164,180
1924-02-10,KZ,Tekca,2,0,1937,1727,0.758,0.080,0.162,5,2,-7.3,5.7,154,139
1924-02-10,OSCR,HKV,5,2,1912,1826,0.607,0.109,0.284,4,2,16.9,-14.6,149,138
1924-02-10,Oosterpark,KVKV,1,4,1767,1735,0.535,0.109,0.356,5,4,-60.7,68.5,205,219
1924-02-10,Ready (A),DTV,1,6,1733,2097,0.102,0.056,0.842,3,7,-5.4,6.1,138,151
1924-02-10,Velox,ALO,7,3,1834,1620,0.763,0.077,0.160,6,3,13.1,-10.9,182,161
1924-02-10,ZKV (Za),BEP,4,0,1494,1600,0.343,0.104,0.553,4,5,59.0,-67.4,177,190
1924-02-17,AW,KVD,7,6,1492,1639,0.284,0.113,0.603,2,3,44.6,-34.6,206,181
1924-02-17,Advendo,Nausikaa,1,1,1854,1949,0.358,0.105,0.537,4,5,8.1,-8.3,148,150
1924-02-17,Amstel,Amstelodamum,0,4,1466,1421,0.550,0.113,0.337,4,3,-80.2,83.7,212,217
1924-02-17,DED,BEP,3,4,1730,1532,0.745,0.083,0.172,5,2,-47.6,50.6,169,174
1924-02-17,DTV,DEV,3,2,2103,1926,0.726,0.082,0.193,6,3,-14.8,13.3,148,141
1924-02-17,HBS (De),Wilhelmina²,3,1,1395,1271,0.657,0.100,0.243,4,3,3.0,-3.0,147,150
1924-02-17,HKV,Fluks,1,4,1810,1994,0.242,0.106,0.651,2,3,-11.4,16.4,133,165
1924-02-17,Haarlem,Swift,1,4,1782,1899,0.325,0.110,0.564,3,4,-25.4,21.2,171,154
1924-02-17,KDO (Ap),NIVO,1,1,1330,1349,0.460,0.114,0.426,5,4,-1.6,1.8,155,162
1924-02-17,KVKV,Helder,16,0,1803,1345,0.926,0.031,0.043,8,2,15.1,-16.6,196,209
1924-02-17,KVO,Westerkwartier,1,7,1670,1905,0.197,0.083,0.720,3,6,-27.8,21.4,174,150
1924-02-17,Macbi,Vierde Vijf,0,10,1376,1766,0.089,0.052,0.860,2,7,-39.4,33.4,255,229
1924-02-17,Oliveo,Onder Ons,0,11,1033,1707,0.018,0.014,0.968,2,11,-10.3,18.0,200,327
1924-02-17,Onder Ons,Oliveo,23,1,1682,1045,0.971,0.015,0.015,7,0,19.7,-10.7,343,204
1924-02-17,PSV,EKCA,0,3,1560,1777,0.212,0.092,0.696,3,5,-9.4,11.0,155,173
1924-02-17,Quick (A),Zuiden,0,10,1493,1656,0.269,0.103,0.628,3,4,-50.3,55.3,190,200
1924-02-17,Rapid (W),Quick (Arn),2,2,1503,1501,0.496,0.102,0.402,6,5,-4.5,4.5,154,153
1924-02-17,Rapiditas,DOS (E),3,1,1540,1981,0.067,0.042,0.891,2,7,83.9,-99.9,177,192
1924-02-17,Rozenburg,HSV,3,5,1712,1662,0.553,0.119,0.328,3,2,-36.2,33.4,154,148
1924-02-17,Vooruitgang,VZOD (L),1,2,1060,853,0.756,0.078,0.166,6,3,-49.7,65.1,178,202
1924-02-17,Wilhelmina²,NIVO,3,2,1268,1350,0.369,0.115,0.515,3,4,16.8,-18.7,141,150
1924-02-17,Zuiden (R),Emma,4,2,1849,1637,0.757,0.085,0.158,4,1,-6.0,5.8,186,184
1924-02-17,Zwaluw,VIOS (Bo),8,1,1858,1204,0.974,0.012,0.014,9,1,0.3,-0.3,197,197
1924-02-24,DES²,DSK,6,2,1706,1539,0.697,0.114,0.189,1,0,23.8,-20.7,165,152
1924-03-09,DED,Zwaluwen (A),3,4,1681,1701,0.457,0.117,0.426,4,3,-14.9,20.1,166,195
1924-03-09,DES²,Excelsior (A),9,1,1730,1564,0.709,0.092,0.199,4,2,29.7,-33.6,160,171
1924-03-09,DKC (De),ALO,3,1,1639,1607,0.533,0.110,0.357,4,3,16.3,-15.5,167,162
1924-03-09,Deetos,OSCR,4,1,1986,1928,0.571,0.107,0.322,5,3,22.9,-19.1,166,150
1924-03-09,Gooiers,DDV,4,1,1651,1802,0.288,0.095,0.617,4,6,83.3,-40.9,219,151
1924-03-09,Haarlem,Westerkwartier,1,3,1755,1925,0.261,0.100,0.639,3,5,-4.9,4.4,164,150
1924-03-09,KDO,Achilles (Am),5,2,1583,1350,0.783,0.070,0.147,6,3,-0.9,-0.9,204,162
1924-03-09,KVD,AW,4,1,1604,1536,0.580,0.113,0.307,4,2,25.2,-29.5,173,190
1924-03-09,LUTO,DVD²,5,5,1618,1727,0.335,0.111,0.555,3,4,12.2,-14.5,175,189
1924-03-09,OSCA,Vierde Vijf,3,2,1565,1799,0.197,0.086,0.718,3,5,53.4,-64.1,200,219
1924-03-09,Rohda (A),ASV,1,4,1562,1362,0.749,0.081,0.170,5,3,-86.8,83.9,191,188
1924-03-09,SDO (L),HBS (H),6,7,1423,1543,0.323,0.107,0.570,3,4,-1.2,1.5,227,205
1924-03-09,SSS (A),TOGO (A),7,5,1568,1488,0.600,0.106,0.294,4,3,18.9,-14.3,245,199
1924-03-09,Tekca,KZ,5,1,1730,1928,0.231,0.096,0.673,3,5,55.8,-65.0,144,156
1924-03-09,Vitesse (Haag),TOV (D),7,1,1564,1475,0.608,0.112,0.281,3,2,39.6,-41.6,169,174
1924-03-09,Vitesse (Leiden),Rozenburg,3,2,1828,1674,0.694,0.095,0.210,4,2,-12.0,11.1,156,151
1924-03-16,'t Overschotje,Achilles (A),4,2,1497,1652,0.290,0.080,0.630,7,9,56.2,-63.3,221,235
1924-03-16,AKC (Al),HKC (He),5,1,1568,1702,0.305,0.107,0.588,3,4,64.7,-71.6,175,185
1924-03-16,AW,Amersfoort,3,4,1506,1687,0.246,0.105,0.649,2,4,7.4,-9.5,175,193
1924-03-16,DEV,Nausikaa,4,3,1937,1938,0.492,0.104,0.405,6,5,6.1,-6.5,145,150
1924-03-16,DKC (De),Velox,3,3,1654,1846,0.239,0.093,0.668,3,5,20.5,-28.0,156,181
1924-03-16,DTV,Advendo,10,0,2087,1860,0.776,0.074,0.150,6,2,21.8,-21.5,150,149
1924-03-16,Fluks,Vitesse (Leiden),7,3,2009,1816,0.739,0.086,0.175,5,2,14.3,-12.5,163,150
1924-03-16,GKV,Achilles (H),4,2,1776,1649,0.659,0.103,0.238,4,2,8.4,-7.4,224,191
1924-03-16,HKV,OSCR,3,2,1797,1908,0.331,0.114,0.555,3,4,19.7,-21.1,138,143
1924-03-16,Haarlem,KZ,2,5,1749,1862,0.331,0.109,0.561,3,4,-21.4,20.0,155,149
1924-03-16,KVO,Swift,2,7,1640,1918,0.159,0.075,0.766,3,6,-17.5,14.8,171,154
1924-03-16,Naaldwijk,ODI (H),0,1,1415,1398,0.512,0.114,0.374,4,3,-25.8,26.1,192,193
1924-03-16,Oranje,Die Haghe,0,1,1493,1809,0.130,0.070,0.799,2,5,34.1,-43.6,232,257
1924-03-16,RODA (W),OSCA,4,0,1470,1618,0.285,0.109,0.606,2,4,95.0,-72.7,215,186
1924-03-16,Ready (A),Hercules,11,3,1725,1700,0.522,0.115,0.363,4,3,40.8,-47.6,147,160
1924-03-16,Rood Wit (H),TOGO (H),4,1,1394,1328,0.581,0.108,0.310,4,3,30.1,-37.7,200,229
1924-03-16,Zwart Wit,Unitas (D),4,1,1591,1396,0.744,0.079,0.177,6,3,13.6,-13.5,256,253
1924-03-23,Amersfoort,KVD,4,1,1678,1629,0.555,0.114,0.331,4,3,29.0,-25.4,178,165
1924-03-23,EKCA,Quick (Arn),2,0,1786,1503,0.823,0.067,0.110,5,1,-15.2,11.8,172,155
1924-03-23,HBS (H),Kraaien,8,0,1545,888,0.974,0.013,0.013,8,0,4.1,-4.5,189,215
1924-03-23,Velox,TOV (D),9,1,1818,1433,0.892,0.045,0.063,6,1,13.1,-12.6,168,165
1924-03-23,Voorwaarts (L),DWS,4,0,1035,1453,0.073,0.053,0.873,1,5,160.9,-134.5,223,206
1924-03-23,ZKV (Za),KVKV,1,5,1552,1820,0.169,0.076,0.756,3,6,-13.0,15.4,176,199
1924-03-30,AKC (Al),DOS (E),1,9,1631,1876,0.187,0.082,0.731,3,6,-29.4,38.9,166,196
1924-03-30,Amstelodamum,KCN,4,1,1501,1637,0.300,0.109,0.591,3,4,71.9,-71.0,204,203
1924-03-30,DDV,Westerkwartier,3,5,1758,1926,0.264,0.100,0.636,3,5,-4.6,4.5,151,149
1924-03-30,DOK,WIK (E),2,6,1146,1193,0.419,0.117,0.464,2,3,-77.0,78.6,249,252
1924-03-30,DTV,Ready (A),4,1,2107,1765,0.870,0.048,0.082,7,3,-9.8,9.0,148,143
1924-03-30,DWS,GHBSC,3,3,1315,1350,0.432,0.125,0.443,1,2,0.7,-0.8,197,217
1924-03-30,Deetos,Rozenburg,3,1,2006,1681,0.855,0.057,0.088,5,1,-17.4,15.0,160,151
1924-03-30,Excelsior (A),Velox (A),1,4,1526,1513,0.549,0.028,0.423,40,38,-16.5,18.9,167,179
1924-03-30,GKV,Hollandia,5,3,1781,1672,0.636,0.107,0.257,4,2,10.9,-11.4,203,212
1924-03-30,HSV,Vitesse (Leiden),3,3,1691,1800,0.334,0.116,0.550,2,3,10.6,-9.7,154,147
1924-03-30,Haarlem,KVO,1,1,1724,1619,0.636,0.099,0.265,5,3,-16.8,20.8,149,165
1924-03-30,Nausikaa,Excelsior,3,4,1928,1869,0.577,0.099,0.325,6,4,-21.0,23.2,145,153
1924-03-30,Noviomagum,PSV,4,2,1515,1545,0.442,0.119,0.439,4,3,26.3,-25.2,164,161
1924-03-30,OSCR,Fluks,1,5,1883,2021,0.301,0.106,0.594,3,4,-21.6,26.8,140,158
1924-03-30,Quick (Arn),Be Quick,1,0,1511,1454,0.562,0.122,0.316,3,2,1.6,-1.7,151,169
1924-03-30,Rapiditas,HKC (He),3,6,1619,1626,0.478,0.114,0.408,4,3,-47.3,42.3,184,173
1924-03-30,Sloten,ASV,1,0,1472,1443,0.530,0.112,0.358,4,3,9.8,-5.9,275,181
1924-03-30,TOGO (A),Quick (A),4,1,1471,1438,0.535,0.113,0.352,4,3,33.3,-32.7,188,186
1924-03-30,TOV (D),Velox,1,6,1417,1829,0.077,0.051,0.872,1,6,-6.3,6.4,162,165
1924-04-06,Achilles (H),Hollandia,3,1,1638,1660,0.451,0.123,0.425,4,3,30.1,-33.2,182,193
1924-04-06,Animo,Zwaluwen (H),2,7,1442,1593,0.282,0.107,0.611,3,4,-50.8,49.3,213,209
1924-04-06,BEP,LUTO,2,6,1578,1627,0.418,0.113,0.469,3,4,-47.1,43.1,179,170
1924-04-06,Be Quick,EKCA,1,2,1451,1767,0.127,0.077,0.796,1,4,21.4,-24.5,158,168
1924-04-06,Blauw Wit (Z),Mercedes,2,1,1436,1501,0.396,0.112,0.492,3,4,18.2,-19.4,165,171
1924-04-06,Blauw Wit (Z),NIVO,11,1,1454,1327,0.663,0.097,0.240,5,3,32.2,-34.1,152,157
1924-04-06,DOS (E),AKC (Al),14,1,1916,1600,0.851,0.055,0.094,6,2,22.0,-17.5,182,159
1924-04-06,DTV,Nausikaa,3,4,2097,1907,0.743,0.075,0.183,7,4,-36.9,33.3,146,139
1924-04-06,Dordrecht,Vitesse (Leiden),5,0,1947,1790,0.698,0.093,0.208,5,2,24.1,-18.7,162,141
1924-04-06,Fluks,HKV,5,2,2048,1813,0.778,0.081,0.140,4,1,2.5,-2.4,149,139
1924-04-06,HKC (He),DOVA,2,1,1669,1418,0.796,0.074,0.130,5,1,-20.8,33.9,161,200
1924-04-06,Haarlem,DDV,3,2,1706,1753,0.418,0.121,0.461,2,3,13.1,-13.3,143,144
1924-04-06,Helder,Oosterpark,0,10,1323,1701,0.095,0.055,0.851,2,6,-29.9,27.0,214,201
1924-04-06,Hercules,Ready (A),2,2,1649,1773,0.315,0.113,0.572,2,4,13.0,-10.8,155,142
1924-04-06,KDO (Ap),Wilhelmina²,5,7,1275,1306,0.441,0.118,0.441,4,3,-22.7,18.7,149,134
1924-04-06,KVR,Rood Wit (H),1,0,1520,1422,0.623,0.107,0.270,4,2,-6.4,4.8,207,188
1924-04-06,Naas²,Rapiditas,3,4,1609,1572,0.536,0.121,0.344,3,2,-29.5,25.1,184,169
1924-04-06,OSCA,DVD²,0,7,1542,1710,0.259,0.110,0.631,2,3,-43.1,44.0,178,180
1924-04-06,OSCR,HSV,2,2,1861,1702,0.699,0.096,0.205,4,2,-19.9,23.5,135,146
1924-04-06,Onder Ons,Oliveo,9,2,1722,1018,0.981,0.009,0.010,10,2,-6.9,-0.9,320,209
1924-04-06,Rozenburg,Deetos,0,2,1695,1988,0.144,0.080,0.775,1,4,6.7,-7.8,148,157
1924-04-06,Swift,Westerkwartier,1,0,1931,1931,0.488,0.113,0.399,5,4,7.6,-6.6,154,143
1924-04-06,TOGO (A),Zuiden,1,2,1504,1708,0.224,0.096,0.680,2,5,10.9,-14.5,173,195
1924-04-06,Tekca,KVO,0,2,1783,1639,0.684,0.095,0.221,5,2,-43.2,48.3,147,156
1924-04-06,Unitas (D),Zwart Wit,3,2,1379,1601,0.208,0.089,0.704,3,5,63.6,-64.7,231,233
1924-04-06,Velox,Vitesse (Haag),9,2,1836,1601,0.783,0.074,0.143,5,2,21.7,-22.7,161,166
1924-04-06,Voorwaarts (L),Gorkum,0,4,1193,1533,0.113,0.069,0.818,1,5,-14.4,15.4,213,227
1924-04-06,Wilhelmina²,KDO (Ap),6,2,1267,1323,0.405,0.118,0.477,2,3,38.2,-48.2,143,162
1924-04-06,Wilhelmina²,Mercedes,0,3,1280,1481,0.226,0.100,0.675,2,4,-11.6,12.3,152,157
1924-04-06,Zwaluwen (A),SSS (A),1,1,1718,1585,0.669,0.098,0.232,4,2,-25.3,37.1,183,219
1924-04-13,Achilles (A),Unitas (D),3,1,1583,1440,0.693,0.074,0.233,9,6,-4.3,3.9,215,210
1924-04-13,DEV,Excelsior,4,2,1938,1890,0.555,0.112,0.333,4,3,11.7,-11.9,146,147
1924-04-13,HSC (Hi),AW,4,6,1348,1508,0.273,0.104,0.623,3,4,-11.0,8.5,210,171
1924-04-13,Hercules,Advendo,5,4,1659,1832,0.253,0.111,0.636,1,3,29.9,-32.2,147,152
1924-04-13,KVO,KZ,1,12,1684,1877,0.238,0.093,0.669,3,5,-30.7,31.0,149,150
1924-04-13,KVR,TOGO (H),2,2,1510,1284,0.770,0.083,0.147,4,1,-40.7,51.3,188,209
1924-04-13,Rozenburg,Fluks,3,5,1698,2048,0.108,0.067,0.825,1,5,11.4,-11.5,144,145
1924-04-13,Swift,DDV,1,3,1935,1736,0.745,0.085,0.170,5,2,-50.2,44.7,146,138
1924-04-13,Tekca,Haarlem,1,1,1736,1716,0.511,0.123,0.366,3,2,-6.3,5.8,142,137
1924-04-13,Vitesse (Leiden),OSCR,6,0,1768,1838,0.387,0.117,0.497,2,3,45.1,-42.0,137,132
1924-04-13,Zuiden,Zwaluwen (A),3,2,1691,1689,0.488,0.116,0.396,4,3,10.2,-9.4,180,172
1924-04-19,Blauw Wit,Amstelodamum,2,0,1687,1569,0.652,0.096,0.251,5,3,5.6,-5.5,196,190
1924-04-19,Dordrecht,Deetos,2,1,1968,1976,0.474,0.116,0.410,4,3,9.4,-9.1,156,153
1924-04-19,Fluks,HSV,11,1,2035,1721,0.846,0.062,0.092,5,1,13.8,-14.0,142,143
1924-04-21,Fluks,Deetos,1,3,2051,1966,0.605,0.107,0.287,4,3,-32.9,35.5,138,143
1924-04-27,AW (DC),Quick '21,0,2,1244,1344,0.347,0.112,0.541,3,4,-32.7,29.5,262,244
1924-04-27,DOS (E),HKC (He),10,1,1937,1644,0.836,0.056,0.108,7,3,22.1,-18.5,179,161
1924-04-27,Die Haghe,GKV,3,2,1758,1789,0.441,0.121,0.439,4,3,25.0,-16.9,241,193
1924-04-27,Emma,KVR,1,1,1635,1468,0.706,0.098,0.196,4,1,-35.8,31.1,192,180
1924-04-27,Friso (L),HKC (Hrd),4,0,1839,1560,0.822,0.064,0.114,6,2,12.0,-12.3,222,230
1924-04-27,GHBSC,Gorkum,0,1,1346,1545,0.226,0.102,0.672,2,4,11.1,-13.4,200,215
1924-04-27,HBS (H),Ons Eibernest,0,2,1598,1592,0.495,0.116,0.389,4,3,-37.3,41.0,185,195
1924-04-27,HDT,Volharding (H),9,0,1480,1262,0.767,0.078,0.155,5,2,87.0,-29.4,350,175
1924-04-27,Hercules,Excelsior,6,4,1688,1877,0.239,0.102,0.659,2,4,40.6,-40.4,144,143
1924-04-27,KVO,Tekca,5,3,1652,1728,0.378,0.116,0.507,3,4,27.4,-25.0,145,139
1924-04-27,Kinea (A),Vitesse (Be),2,1,1515,1743,0.203,0.084,0.712,3,6,53.2,-55.1,199,203
1924-04-27,Oosterpark,Amersfoort,4,1,1726,1700,0.524,0.114,0.362,4,3,37.1,-30.2,195,174
1924-04-27,Rood Zwart,MKC (Me),3,0,1415,1146,0.814,0.066,0.121,6,2,-0.4,1.9,205,225
1924-04-27,Swift,Haarlem,6,3,1883,1721,0.703,0.096,0.201,4,2,8.1,-7.3,144,134
1924-04-27,TOV (D),ALO,3,3,1406,1585,0.249,0.107,0.644,2,4,21.6,-21.9,166,167
1924-04-27,TOV (D),Spartaan,1,4,1428,1716,0.146,0.084,0.769,1,4,-6.2,8.6,154,236
1924-04-27,Tijnje,DDB,2,1,1539,1247,0.829,0.066,0.105,5,1,-45.1,43.8,247,244
1924-04-27,WWMD,UDI (W),1,0,1519,1500,0.512,0.118,0.370,4,3,11.0,-7.4,228,175
1924-04-27,Westerkwartier,KZ,4,0,1920,1909,0.505,0.110,0.385,5,4,29.1,-30.7,142,146
1924-04-27,ZKC (Zu),Be Quick,2,3,1405,1468,0.390,0.130,0.480,1,2,-17.5,9.4,227,158
1924-04-27,Zuiden (R),HBS (H),2,2,1835,1544,0.829,0.066,0.105,5,1,-53.6,55.2,194,197
1924-04-27,Zuiden,DES²,2,3,1700,1755,0.403,0.126,0.471,1,2,-11.6,11.4,169,167
1924-05-03,UDI (W),Forward,6,2,1492,1570,0.379,0.112,0.509,3,4,45.4,-99.9,164,253
1924-05-04,Gooiers,Amersfoort,5,1,1729,1670,0.575,0.102,0.323,5,4,42.6,-27.9,207,163
1924-05-04,HDT,VZK,7,2,1570,1310,0.807,0.067,0.126,6,2,32.9,-17.0,284,175
1924-05-04,HKC (Hrd),Felicitas,4,0,1548,1519,0.536,0.099,0.365,6,5,47.5,-51.9,214,225
1924-05-04,KVO,Haarlem,0,9,1680,1714,0.440,0.113,0.447,3,4,-44.3,39.9,139,131
1924-05-04,Oosterpark,Gooiers,3,3,1764,1772,0.482,0.103,0.415,6,5,-3.9,4.2,178,184
1924-05-04,Quick '21,Blauw Geel,4,1,1374,1343,0.531,0.114,0.355,4,3,42.1,-47.4,217,234
1924-05-04,RODA (W),BEP,0,8,1560,1528,0.534,0.110,0.356,5,4,-95.2,68.8,205,172
1924-05-04,SIM,Akkrum,0,5,1579,1452,0.674,0.076,0.250,9,7,-109.2,142.2,243,279
1924-05-04,Spartaan,VIJW,14,1,1726,1515,0.757,0.083,0.160,5,2,43.9,-48.0,213,225
1924-05-04,Swift,KZ,2,5,1893,1878,0.510,0.111,0.379,5,4,-32.7,32.7,139,139
1924-05-04,VEMO,Inter Nos (SJ),1,0,1110,1203,0.357,0.114,0.529,3,4,46.4,-39.2,280,255
1924-05-04,Zuiden (R),Gorkum,8,0,1782,1532,0.793,0.076,0.130,4,1,28.8,-31.6,185,196
1924-05-11,Achilles (A),Zwart Wit,7,2,1579,1535,0.563,0.087,0.349,8,7,44.8,-51.2,202,218
1924-05-11,Brinio,SCS²,2,3,1326,1477,0.286,0.099,0.614,4,5,5.5,-4.2,278,261
1924-05-11,DDB,Tijnje,1,3,1292,1495,0.224,0.100,0.676,2,4,-7.4,7.4,227,229
1924-05-11,DDV,KVO,7,1,1781,1635,0.687,0.093,0.221,5,3,22.9,-20.1,143,133
1924-05-11,DOVA,AKC (Al),3,0,1450,1580,0.304,0.118,0.579,2,3,71.5,-51.6,195,165
1924-05-11,Dordrecht,Fluks,1,6,1972,2019,0.423,0.112,0.465,3,4,-38.9,35.7,145,139
1924-05-11,Felicitas,HKC (Hrd),1,1,1467,1596,0.315,0.097,0.588,5,6,19.0,-17.5,201,194
1924-05-11,Foarut,Friso (L),1,5,1380,1852,0.055,0.040,0.905,1,6,5.3,-1.1,254,209
1924-05-11,Gorkum,HBS (H),3,5,1500,1562,0.399,0.117,0.484,2,3,-26.1,23.3,184,173
1924-05-11,Groen Zwart,DIO (O),16,0,1939,1319,0.969,0.014,0.017,9,2,21.5,-18.3,313,272
1924-05-11,Nausikaa,Advendo,5,7,1938,1801,0.678,0.092,0.230,5,3,-41.3,45.1,146,153
1924-05-11,ODA (B),Lyts Begjin,2,0,1552,1618,0.393,0.116,0.491,3,4,50.8,-49.3,231,228
1924-05-11,Rozenburg,Dordrecht,2,4,1710,1978,0.165,0.083,0.752,2,5,5.4,-5.7,149,153
1924-05-11,Vierde Vijf,Gooiers,2,6,1730,1776,0.428,0.100,0.472,5,6,-58.2,38.2,214,170
1924-05-11,Vitesse (Leiden),Deetos,4,5,1814,2003,0.239,0.102,0.660,2,4,7.2,-7.5,140,143
1924-05-11,WIK (E),DOK,9,6,1271,1067,0.750,0.084,0.166,5,2,12.8,-12.7,229,228
1924-05-11,WK,WWMD,4,2,1842,1531,0.844,0.062,0.094,5,1,-20.1,18.8,207,202
1924-05-11,Westerkwartier,KZ,2,2,1950,1912,0.545,0.107,0.348,5,4,-8.3,7.7,139,134
1924-05-18,AW (DC),Blauw Geel,1,2,1212,1295,0.369,0.114,0.517,3,4,-10.4,9.0,231,209
1924-05-18,Achilles (Am),SCH,1,3,1344,1525,0.250,0.100,0.650,3,4,-6.3,7.3,177,211
1924-05-18,Be Quick,ZKC (Zu),0,3,1479,1389,0.607,0.117,0.275,3,1,-49.6,82.2,156,202
1924-05-18,DED,Gooiers,2,10,1661,1815,0.283,0.098,0.619,4,5,-44.9,37.5,177,160
1924-05-18,EKCA,DOS (E),3,1,1740,1963,0.211,0.083,0.707,4,6,54.8,-57.3,173,176
1924-05-18,Foarut,HKC (Hrd),1,4,1384,1578,0.234,0.101,0.665,2,4,-27.2,17.6,239,178
1924-05-18,Friso (L),Felicitas,2,2,1851,1485,0.885,0.042,0.073,8,3,-69.5,55.8,202,183
1924-05-18,HBS (H),Ons Eibernest,0,2,1602,1639,0.433,0.118,0.449,2,3,-21.8,26.4,151,167
1924-05-18,Hercules,Westerkwartier,1,4,1731,1941,0.218,0.095,0.688,2,5,-8.6,7.7,144,133
1924-05-18,KVD,SSS (A),10,3,1598,1619,0.455,0.118,0.426,4,3,56.7,-79.8,172,207
1924-05-18,KVKV,BEP,2,2,1831,1598,0.782,0.071,0.146,6,3,-51.0,33.3,199,164
1924-05-18,Ons Eibernest,KVR,2,0,1635,1500,0.668,0.103,0.229,4,2,4.7,-4.6,182,174
1924-05-18,Rood Wit (H),HBS (H),0,3,1424,1585,0.272,0.103,0.625,3,4,-21.4,17.0,185,161
1924-05-18,Rozenburg,Velox,3,1,1715,1858,0.295,0.104,0.601,3,5,33.3,-44.2,145,167
1924-05-18,Vierde Vijf,Oosterpark,0,9,1671,1761,0.365,0.105,0.530,4,5,-62.9,49.8,190,167
1924-05-18,Zuiden (R),Spartaan,9,1,1812,1772,0.542,0.115,0.342,4,3,53.0,-65.0,178,200
1924-05-25,DOS (E),EKCA,6,3,1905,1796,0.644,0.093,0.263,6,4,13.9,-13.5,166,163
1924-05-25,Forward,WWMD,0,1,1471,1550,0.376,0.113,0.511,3,4,-10.0,8.4,218,194
1924-05-25,Oosterpark,DED,12,0,1812,1617,0.742,0.084,0.173,5,2,27.0,-29.2,157,164
1924-05-25,TOV (D),Zuiden (R),4,6,1423,1867,0.063,0.049,0.888,0,5,18.6,-21.1,157,166
1924-05-25,VZK,Friso (A),1,3,1294,1487,0.237,0.095,0.669,3,5,-2.5,2.5,174,175
1924-05-25,ZKC (Zu),Be Quick,0,6,1472,1429,0.541,0.125,0.334,3,2,-81.5,55.1,183,149
1924-05-29,HBS (H),Spartaan,3,3,1580,1708,0.311,0.110,0.579,3,4,11.0,-17.7,145,183
1924-05-29,Velox,Rozenburg,4,2,1813,1749,0.579,0.107,0.314,4,3,10.5,-8.6,158,141
1924-06-01,DOS (M),GKC (Go),5,0,1383,1164,0.766,0.080,0.154,5,2,35.9,-19.5,246,166
1924-06-01,DWS,Gorkum,2,1,1315,1475,0.269,0.111,0.619,2,3,44.5,-34.8,197,174
1924-06-01,Excelsior (V),DOS (M),2,3,1294,1419,0.314,0.110,0.576,3,4,-1.4,2.2,260,219
1924-06-01,Fluks,DTV,3,3,2056,2059,0.486,0.106,0.407,6,5,-3.1,4.1,139,159
1924-06-01,Forward,UDI (W),0,2,1460,1540,0.375,0.112,0.513,3,4,-24.1,17.9,195,164
1924-06-01,GKC (Go),Excelsior (V),2,3,1168,1293,0.312,0.114,0.574,2,4,-3.0,0.9,175,337
1924-06-01,KW,MKC (Ma),5,3,1596,1428,0.711,0.091,0.198,5,2,1.9,-3.3,269,238
1924-06-01,Rood Zwart,Vitesse (Be),1,4,1417,1690,0.163,0.076,0.760,3,6,-4.8,4.8,201,196
1924-06-01,Unitas (D),'t Overschotje,4,4,1445,1550,0.343,0.107,0.550,4,5,13.9,-16.0,204,218
1924-06-01,Zuiden (R),TOV (D),2,0,1846,1442,0.901,0.043,0.056,5,1,-22.9,20.4,163,155
1924-06-01,Zwart Wit,Achilles (A),2,2,1484,1626,0.305,0.084,0.611,6,8,21.3,-19.0,199,189
1924-06-07,KVO,Oosterpark,4,1,1614,1840,0.206,0.085,0.709,3,6,46.9,-58.1,138,153
1924-06-08,Velox,Rozenburg,3,1,1822,1739,0.607,0.104,0.290,5,3,7.0,-6.0,150,137
1924-06-15,BEP,Zuiden,3,5,1631,1689,0.406,0.111,0.483,3,4,-21.0,22.5,165,171
1924-06-15,Blauw Geel,AW (DC),2,3,1304,1200,0.631,0.104,0.265,4,3,-41.6,47.7,196,210
1924-06-15,Concordia,Akkrum,1,4,1364,1595,0.206,0.073,0.721,5,8,-10.9,10.8,252,249
1924-06-15,DOS (M),Zeelandia,6,4,1486,1664,0.253,0.101,0.646,3,4,50.7,-82.9,183,235
1924-06-15,DOVA,DOS (E),0,5,1521,1918,0.085,0.050,0.864,2,7,-7.1,6.1,186,162
1924-06-15,DTV,Fluks,7,4,2062,2051,0.507,0.106,0.387,5,4,24.8,-20.3,152,136
1924-06-15,Dordrecht,Rozenburg,10,1,1932,1732,0.747,0.085,0.168,5,2,23.6,-19.0,149,132
1924-06-15,Friso (A),HDT,1,4,1488,1604,0.330,0.106,0.564,4,5,-23.1,46.2,169,257
1924-06-15,Hercules,KZ,1,6,1721,1918,0.232,0.096,0.672,3,5,-22.1,20.4,147,141
1924-06-15,Hermes (B),KW,1,11,1525,1597,0.386,0.115,0.499,3,4,-95.0,90.4,245,238
1924-06-15,KVD,Zuiden,4,2,1656,1712,0.408,0.115,0.476,3,4,30.7,-27.1,168,157
1924-06-15,MEVO,DOS (M),0,5,1395,1420,0.451,0.117,0.432,4,3,-94.1,66.4,245,201
1924-06-15,MKC (Me),Kinea (A),1,6,1149,1569,0.075,0.047,0.878,2,7,-9.5,8.8,219,197
1924-06-15,ODIS (M),VEMO,3,1,1201,1156,0.550,0.113,0.338,4,3,28.0,-29.0,242,247
1924-06-15,Rapiditas,Nausikaa,1,0,1595,1897,0.142,0.069,0.789,3,6,59.7,-42.2,179,152
1924-06-15,Tijnje,DDB,3,3,1502,1284,0.764,0.083,0.154,4,1,-49.3,48.6,215,213
1924-06-15,VZK,Volharding (H),3,2,1289,1233,0.569,0.107,0.324,4,3,0.5,-0.3,168,183
1924-06-15,WK,Forward,8,5,1822,1433,0.893,0.045,0.062,6,1,-14.6,10.1,204,179
1924-06-15,Zwart Wit,'t Overschotje,5,2,1503,1533,0.446,0.114,0.440,5,4,41.7,-47.3,184,198
1924-06-22,DDB,Tijnje,0,2,1331,1451,0.319,0.114,0.566,2,3,-18.9,19.1,198,199
1924-06-22,HKC (Hrd),Friso (L),3,3,1594,1780,0.243,0.100,0.657,3,4,23.6,-30.9,177,202
1924-06-22,Inter Nos (SJ),VEMO,0,3,1162,1126,0.538,0.115,0.347,4,3,-79.5,68.6,236,218
1924-06-22,Lyts Begjin,ODA (B),2,4,1567,1601,0.437,0.117,0.446,2,3,-37.5,38.2,212,215
1924-06-22,MKC (Ma),Hermes (B),4,1,1423,1429,0.476,0.121,0.403,4,3,52.6,-50.7,220,216
1924-06-29,Akkrum,Concordia,3,0,1603,1349,0.806,0.059,0.135,9,5,-5.6,5.8,226,228
1924-06-29,Blauw Geel,Quick '21,2,3,1259,1414,0.277,0.107,0.615,2,4,3.7,-5.6,183,210
1924-06-29,Felicitas,Friso (L),1,2,1537,1747,0.223,0.084,0.693,4,6,15.8,-15.1,188,185
1924-06-29,Friso (A),Volharding (H),3,0,1462,1230,0.780,0.075,0.145,5,2,1.6,-1.5,163,171
1924-06-29,HKC (Hrd),Foarut,6,1,1616,1354,0.806,0.072,0.123,5,1,16.0,-24.1,167,220
1924-06-29,Kinea (A),Rood Zwart,4,1,1576,1408,0.715,0.084,0.201,6,3,10.0,-10.1,192,193
1924-06-29,MKC (Ma),KW,1,2,1474,1686,0.216,0.094,0.691,2,5,14.0,-17.0,197,213
1924-06-29,Vitesse (Be),MKC (Me),8,1,1691,1136,0.955,0.021,0.024,7,1,5.4,-5.9,190,210
1924-06-29,WWMD,Forward,3,2,1554,1441,0.644,0.100,0.256,5,3,-8.9,7.7,187,177
1924-07-03,MKC (Me),Vitesse (Be),3,7,1128,1696,0.032,0.026,0.942,1,7,13.7,-10.4,206,187
1924-07-03,UDI (W),WK,2,4,1553,1804,0.178,0.088,0.734,2,4,2.3,-5.2,163,199
1924-07-06,Concordia,SIM,0,4,1353,1465,0.340,0.093,0.567,6,7,-40.5,47.9,211,233
1924-07-13,Friso (L),Foarut,4,0,1731,1328,0.901,0.042,0.057,6,1,-1.5,3.8,175,205
1924-07-13,HDT,Quick '21,1,2,1646,1407,0.788,0.072,0.140,6,2,-82.3,59.3,224,192
1924-07-13,Leonidas,OKC (Ol),1,2,1392,1288,0.632,0.103,0.265,4,3,-85.8,59.3,344,284
1924-07-20,Akkrum,SIM,4,2,1596,1513,0.615,0.085,0.300,8,6,7.8,-7.6,213,208
1924-07-27,Foarut,Felicitas,1,3,1331,1552,0.211,0.084,0.705,4,6,3.3,-2.0,200,182
1924-07-27,Tijnje,HDT,0,0,1467,1563,0.352,0.113,0.535,3,4,11.1,-13.4,190,208
1924-08-03,ODA (B),OKC (Ol),3,1,1636,1347,0.829,0.063,0.107,5,2,-14.4,27.5,203,255
1924-08-03,Quick '21,Tijnje,3,1,1466,1477,0.470,0.116,0.414,4,3,28.1,-25.3,186,175
1924-08-03,Zeelandia,DOS (M),2,0,1577,1534,0.551,0.107,0.342,5,4,22.3,-17.1,219,185
1924-08-17,Felicitas,Foarut,6,1,1549,1333,0.768,0.072,0.160,7,3,17.9,-20.0,175,189
1924-08-17,OKC (Ol),ODA (B),4,1,1374,1622,0.182,0.087,0.730,2,5,118.8,-81.8,234,195
1924-08-17,Tijnje,Quick '21,2,1,1451,1493,0.426,0.117,0.457,2,3,15.3,-16.6,166,173
1924-09-07,Volharding,DOS (M),1,8,1471,1516,0.421,0.118,0.461,2,3,-110.1,58.2,260,181
1924-09-14,Ready (R),Zeelandia,1,4,1290,1599,0.134,0.074,0.792,2,5,-2.4,1.7,175,204
1924-09-21,AKC (Al),DOS (E),2,8,1525,1922,0.086,0.051,0.864,2,7,-15.0,14.1,195,187
1924-09-21,Advendo,DTV,2,6,1844,2085,0.190,0.086,0.724,3,5,-19.5,17.4,187,174
1924-09-21,Deetos,Vitesse (Leiden),4,1,1993,1819,0.718,0.091,0.191,4,2,10.7,-10.6,180,178
1924-09-21,EKCA,Noviomagum,9,0,1779,1537,0.786,0.077,0.137,5,1,31.7,-36.1,190,205
1924-09-21,Emma,SDO (L),2,1,1597,1416,0.727,0.088,0.186,5,2,-19.6,27.0,217,248
1924-09-21,Fluks,HKV,1,3,2028,1806,0.768,0.081,0.151,4,1,-60.4,80.9,165,190
1924-09-21,Groen Zwart,'t Overschotje,6,3,1961,1483,0.935,0.026,0.039,9,3,-64.9,18.7,322,205
1924-09-21,HBS (H),Vitesse (Haag),3,1,1587,1574,0.505,0.116,0.379,4,3,21.6,-28.2,177,206
1924-09-21,HSV,Dordrecht,2,2,1706,1955,0.181,0.088,0.732,2,5,38.4,-32.5,189,175
1924-09-21,Hinde,VIOS (Bu),1,7,1441,1955,0.044,0.032,0.924,2,7,-4.4,4.4,175,175
1924-09-21,KVKV,Helder,9,0,1777,1289,0.937,0.027,0.036,8,2,15.6,-17.8,218,242
1924-09-21,KZ,Excelsior,2,6,1937,1835,0.631,0.099,0.270,5,3,-64.2,77.0,168,185
1924-09-21,Kinea (A),MKC (Me),8,1,1586,1143,0.920,0.033,0.046,7,2,12.2,-13.6,201,220
1924-09-21,Onder Ons,ZKC (Zu),2,6,1712,1386,0.861,0.048,0.091,8,3,-286.0,93.1,338,201
1924-09-21,PSV,Be Quick,2,5,1516,1482,0.532,0.120,0.348,3,2,-66.5,53.4,203,180
1924-09-21,RODA (W),Fazanten,4,4,1462,1411,0.559,0.111,0.330,4,3,-19.2,11.9,220,175
1924-09-21,TOV (D),Rozenburg,1,1,1458,1709,0.177,0.091,0.732,1,4,39.0,-29.3,187,164
1924-09-21,Trekvogels (R),DWS,2,1,1491,1355,0.670,0.102,0.228,4,2,-15.4,10.2,243,209
1924-09-21,Unitas (D),Groen Wit,3,0,1455,1396,0.572,0.108,0.320,4,3,34.7,-41.1,215,239
1924-09-21,Velox,OSCR,4,3,1827,1793,0.538,0.107,0.355,5,4,3.8,-3.9,176,181
1924-09-21,Zuiden (R),ALO,3,0,1819,1562,0.802,0.073,0.126,5,1,1.9,-1.7,193,199
1924-09-28,AW,Oosterpark,2,9,1515,1779,0.169,0.083,0.748,2,5,-39.4,31.4,209,182
1924-09-28,DTV,Ready (A),7,3,2102,1757,0.870,0.049,0.081,7,2,-0.2,1.6,165,192
1924-09-28,Eendracht,Swallows,8,2,1765,1678,0.604,0.117,0.280,3,1,53.4,-56.7,201,208
1924-09-28,Excelsior,Advendo,8,2,1912,1824,0.610,0.108,0.281,4,2,40.0,-41.6,171,175
1924-09-28,Gooiers,KVD,6,6,1851,1684,0.715,0.083,0.203,6,4,-35.0,33.4,192,187
1924-09-28,Groen Wit,Mercedes,0,1,1354,1489,0.301,0.110,0.588,3,4,1.1,-0.8,211,201
1924-09-28,Helder,Fazanten,5,6,1269,1423,0.282,0.101,0.617,3,5,8.6,-3.1,232,165
1924-09-28,Hercules,Swift,4,2,1696,1858,0.269,0.106,0.625,2,4,49.6,-53.6,175,182
1924-09-28,KVO,Tekca,3,2,1659,1702,0.424,0.116,0.460,2,3,16.2,-18.3,172,184
1924-09-28,LUTO,Amersfoort,2,1,1667,1639,0.525,0.115,0.360,4,3,7.7,-7.2,208,197
1924-09-28,Nausikaa,KZ,3,4,1851,1872,0.462,0.105,0.432,6,5,-16.2,12.8,180,159
1924-09-28,Noviomagum,Rapid (W),6,0,1500,1489,0.509,0.101,0.390,6,5,56.5,-67.4,191,212
1924-09-28,OSCR,HSV,5,0,1789,1743,0.549,0.116,0.335,3,2,40.8,-45.2,167,177
1924-09-28,Rapiditas,AKC (Al),5,5,1651,1509,0.677,0.102,0.221,4,2,-32.9,28.8,199,187
1924-09-28,Rozenburg,HBS (H),2,3,1679,1608,0.585,0.112,0.302,4,2,-26.8,29.7,157,165
1924-09-28,Vitesse (Haag),Zuiden (R),2,4,1545,1821,0.157,0.085,0.758,1,4,6.2,-5.9,186,183
1924-09-28,Vitesse (Leiden),Velox,4,5,1807,1830,0.456,0.112,0.433,5,4,-14.8,14.0,168,164
1924-09-28,WWMD,WK,1,3,1545,1800,0.174,0.089,0.737,2,4,2.8,-3.5,198,207
1924-09-28,Westerkwartier,DEV,5,4,1946,1948,0.485,0.114,0.401,4,3,9.8,-11.5,175,192
1924-09-28,ZKC (Zu),Unitas (D),2,1,1479,1489,0.472,0.116,0.412,4,3,13.4,-13.6,194,195
1924-10-04,DOK,NKC (Nij),5,4,1052,996,0.567,0.110,0.323,4,3,5.8,-5.6,242,350
1924-10-04,Excelsior (A),KDC,2,4,1505,1575,0.382,0.126,0.492,1,2,-31.9,40.1,210,241
1924-10-05,AKC (Al),HKC (He),2,6,1538,1624,0.363,0.120,0.517,2,3,-40.8,53.3,175,203
1924-10-05,Amersfoort,Bilthoven,0,5,1631,1678,0.415,0.127,0.459,1,2,-58.0,54.7,181,175
1924-10-05,Amstelodamum,KCN,2,3,1562,1561,0.483,0.122,0.394,3,2,-28.2,31.1,221,233
1924-10-05,DOS (E),Achilles (A),7,1,1937,1602,0.869,0.041,0.089,11,5,8.1,-9.2,182,209
1924-10-05,DSK,KDC,3,1,1510,1615,0.330,0.135,0.535,0,1,59.8,-58.0,212,209
1924-10-05,Fazanten,KVKV,3,5,1420,1793,0.096,0.058,0.846,2,6,13.0,-28.0,157,214
1924-10-05,HE,DIO,3,3,1315,1347,0.444,0.112,0.444,3,4,0.0,-0.0,350,175
1924-10-05,Haarlem,DDV,2,2,1753,1802,0.414,0.121,0.465,2,3,3.0,-3.2,179,185
1924-10-05,Hermes (B),MKC (Ma),1,1,1375,1487,0.327,0.122,0.551,2,3,17.4,-15.5,220,208
1924-10-05,Hinde,Quick (U),0,3,1435,1727,0.148,0.075,0.777,2,5,-2.1,2.0,175,175
1924-10-05,KZ,Westerkwartier,4,0,1884,1956,0.386,0.113,0.501,3,4,43.0,-50.2,150,163
1924-10-05,NKC (Nij),WIK (E),2,2,990,1282,0.147,0.077,0.776,2,5,71.9,-54.4,276,243
1924-10-05,Naas²,Rapiditas,2,2,1575,1619,0.419,0.127,0.454,1,2,2.9,-2.0,218,183
1924-10-05,PSV,EKCA,1,5,1448,1811,0.100,0.064,0.836,1,5,-7.5,7.4,185,182
1924-10-05,Quick (Arn),Noviomagum,4,0,1508,1557,0.410,0.130,0.461,1,2,69.2,-54.5,201,176
1924-10-05,SCH,Excelsior (A),1,4,1529,1472,0.565,0.115,0.320,3,2,-82.9,59.6,226,190
1924-10-05,Swift,KVO,3,2,1803,1674,0.664,0.099,0.237,4,2,-10.1,8.9,169,160
1924-10-05,Thor (Zu),'t Overschotje,5,4,1447,1501,0.410,0.117,0.472,2,3,33.7,-21.2,261,202
1924-10-05,Velocitas (A),OSCA,3,1,1528,1493,0.580,0.028,0.392,38,34,-3.5,3.5,217,216
1924-10-05,Velox,Deetos,2,1,1844,2003,0.273,0.104,0.623,3,4,28.5,-35.7,154,172
1924-10-05,WK,UDI (W),3,2,1796,1555,0.784,0.081,0.135,4,1,-27.0,24.8,191,185
1924-10-05,Zuiderkwartier,Helder,3,2,1681,1278,0.902,0.041,0.057,6,1,-41.9,54.0,183,204
1924-10-05,Zwaluwen (H),LUTO,3,8,1639,1674,0.437,0.117,0.446,2,3,-86.8,58.4,235,188
1924-10-12,'t Overschotje,Zwart Wit,1,3,1479,1542,0.395,0.118,0.487,2,3,-26.1,30.2,187,203
1924-10-12,Akkrum,Friso (L),1,3,1604,1729,0.318,0.101,0.581,4,5,-16.1,14.2,213,196
1924-10-12,BEP,DVD²,0,3,1606,1750,0.292,0.108,0.601,3,4,-26.0,32.6,190,218
1924-10-12,Blauw Wit (Z),Gelre,11,1,1483,1397,0.611,0.100,0.289,5,4,59.0,-45.7,203,175
1924-10-12,DDV,Hercules,4,7,1798,1744,0.560,0.117,0.323,3,2,-53.5,51.2,170,166
1924-10-12,DEV,Advendo,8,3,1936,1781,0.692,0.101,0.207,3,1,30.5,-27.2,177,166
1924-10-12,DKC (De),Zuiden (R),5,2,1667,1814,0.285,0.113,0.602,2,3,82.4,-58.0,210,175
1924-10-12,DOS (E),HKC (He),4,4,1945,1677,0.814,0.064,0.122,6,3,-43.6,47.6,176,183
1924-10-12,De Tovers,RAP,2,3,1567,1682,0.329,0.108,0.563,3,4,-1.0,1.0,175,175
1924-10-12,Deetos,Fluks,1,1,1966,1966,0.485,0.121,0.394,4,3,-4.6,4.7,161,163
1924-10-12,Duno,Phoenix (Z),1,2,1333,1386,0.408,0.122,0.470,2,3,-18.9,25.2,238,285
1924-10-12,Excelsior,Nausikaa,2,3,1953,1834,0.654,0.095,0.251,5,3,-34.2,36.3,163,168
1924-10-12,HBS (H),ALO,1,3,1637,1558,0.596,0.112,0.293,4,2,-38.5,56.5,158,192
1924-10-12,HSV,Velox,2,8,1696,1871,0.254,0.105,0.641,2,4,-35.5,28.3,167,147
1924-10-12,Haarlem,Swift,2,0,1755,1792,0.430,0.123,0.447,2,3,28.7,-26.7,166,159
1924-10-12,Helder,Zuiderkwartier,2,5,1331,1638,0.135,0.073,0.792,2,5,-1.2,1.8,197,178
1924-10-12,KVD,LUTO,2,4,1717,1732,0.464,0.119,0.417,4,3,-32.6,31.6,178,175
1924-10-12,Mercedes,Unitas (D),1,2,1487,1474,0.502,0.119,0.379,4,3,-24.8,23.3,187,181
1924-10-12,NIVO,AKV,2,0,1287,1578,0.146,0.079,0.775,2,5,65.8,-198.5,205,350
1924-10-12,ODO,Gelre,0,15,912,1350,0.068,0.044,0.888,2,7,-16.1,14.2,175,162
1924-10-12,OSCR,Dordrecht,5,5,1829,1921,0.357,0.115,0.528,3,4,8.5,-9.7,159,171
1924-10-12,Quick (A),Amstelodamum,3,6,1399,1532,0.301,0.116,0.583,2,3,-38.9,32.0,224,199
1924-10-12,Ready (A),KZ,0,5,1758,1926,0.262,0.103,0.635,3,4,-38.4,24.1,186,143
1924-10-12,Rood Wit (H),Die Haghe,1,2,1398,1781,0.089,0.060,0.851,1,5,37.8,-55.2,211,247
1924-10-12,Rood Zwart,Kinea (A),2,4,1396,1598,0.227,0.094,0.679,3,5,-3.1,3.2,208,199
1924-10-12,SDO (L),Ons Eibernest,3,7,1441,1661,0.207,0.096,0.697,2,4,-33.9,28.0,225,199
1924-10-12,Swallows,Velocitas (A),1,7,1620,1524,0.662,0.027,0.311,39,33,-48.3,50.4,191,195
1924-10-12,TOP (R),Oliveo,1,1,1391,1012,0.887,0.049,0.064,5,0,-46.8,105.8,175,251
1924-10-12,VEMO,HDT,0,4,1192,1549,0.103,0.065,0.832,1,5,-12.4,11.6,224,207
1924-10-12,VIOS (Bu),Quick (U),5,2,1958,1728,0.778,0.076,0.146,5,2,2.0,-2.2,177,167
1924-10-12,Vitesse (Haag),Rozenburg,2,1,1549,1651,0.340,0.123,0.537,2,3,29.2,-21.4,177,151
1924-10-12,Vitesse (Leiden),HKV,6,1,1791,1886,0.349,0.125,0.527,1,2,57.5,-74.2,159,183
1924-10-12,Westerkwartier,DTV,5,4,1904,2102,0.232,0.094,0.674,3,5,32.9,-37.8,153,164
1924-10-12,Wilhelmina²,HBS (De),1,1,1320,1388,0.387,0.120,0.492,2,3,6.4,-7.9,191,212
1924-10-12,ZKC (Zu),Groen Wit,1,0,1491,1353,0.671,0.106,0.223,3,1,-9.7,11.7,179,193
1924-10-12,ZKV (Za),DED,4,2,1530,1582,0.412,0.119,0.469,2,3,46.8,-37.8,222,197
1924-10-12,Zwaluwen (H),Amersfoort,2,1,1551,1571,0.455,0.122,0.423,4,3,18.0,-12.4,205,167
1924-10-19,ALO,DKC (De),1,4,1616,1751,0.300,0.111,0.588,2,4,-24.6,28.1,175,190
1924-10-19,Achilles (A),AKC (Al),4,2,1593,1498,0.628,0.089,0.282,6,5,5.8,-4.8,200,166
1924-10-19,Advendo,Westerkwartier,0,3,1754,1938,0.242,0.107,0.651,2,3,-15.4,13.6,158,146
1924-10-19,Amstel,Rohda (A),0,0,1377,1468,0.357,0.116,0.527,2,3,15.0,-13.3,250,236
1924-10-19,Bilthoven,KVD,3,0,1734,1685,0.551,0.120,0.329,3,2,27.1,-26.9,165,165
1924-10-19,De Tovers,Actief,3,3,1567,1598,0.443,0.113,0.443,5,4,-0.0,0.0,163,175
1924-10-19,Dordrecht,Deetos,2,4,1912,1962,0.413,0.121,0.466,2,3,-23.1,21.1,159,151
1924-10-19,EBKC,HE,5,1,1638,1316,0.855,0.055,0.090,6,2,5.7,-4.7,175,266
1924-10-19,Excelsior (A),SCH,2,5,1533,1446,0.605,0.112,0.283,3,2,-60.5,77.1,178,202
1924-10-19,Excelsior,Ready (A),2,2,1919,1719,0.745,0.086,0.169,4,2,-28.5,35.6,155,172
1924-10-19,Fluks,OSCR,2,3,1971,1839,0.666,0.101,0.233,4,2,-34.1,33.1,153,151
1924-10-19,Friso (L),OKC (Ol),2,0,1744,1494,0.792,0.078,0.129,4,1,-7.2,14.1,181,225
1924-10-19,Gooiers,Zwaluwen (H),15,1,1817,1570,0.796,0.068,0.136,6,3,29.4,-29.7,183,184
1924-10-19,Groen Zwart,Zwart Wit,8,3,1897,1573,0.858,0.051,0.092,7,3,17.7,-11.6,302,184
1924-10-19,HKC (He),Naas²,3,2,1726,1578,0.685,0.100,0.215,4,2,-11.1,14.5,175,196
1924-10-19,HSV,Vitesse (Leiden),3,2,1661,1850,0.235,0.108,0.656,1,3,35.7,-33.1,157,151
1924-10-19,Hercules,Haarlem,6,0,1797,1784,0.502,0.122,0.376,3,2,44.7,-44.1,156,155
1924-10-19,KCN,Amstelodamum,2,6,1593,1566,0.522,0.121,0.357,3,2,-79.2,62.5,208,183
1924-10-19,KDC,DSK,2,5,1557,1571,0.455,0.140,0.405,2,1,-55.5,56.7,192,194
1924-10-19,KZ,DEV,5,3,1952,1968,0.463,0.117,0.421,4,3,17.6,-24.7,138,166
1924-10-19,NKC (Nij),DOK,0,5,1062,1185,0.318,0.110,0.572,3,4,-70.1,50.3,247,202
1924-10-19,Nausikaa,DTV,2,3,1871,2065,0.238,0.090,0.672,4,6,10.6,-10.1,158,155
1924-10-19,Noviomagum,PSV,6,2,1502,1441,0.569,0.119,0.312,3,2,33.9,-38.8,167,180
1924-10-19,Quick (U),RCU,6,0,1726,1186,0.951,0.023,0.026,7,0,1.5,-1.4,160,175
1924-10-19,Rapid (W),Be Quick,6,0,1421,1536,0.332,0.105,0.564,4,5,85.4,-69.9,194,174
1924-10-19,Rapiditas,DOS (E),1,3,1617,1902,0.152,0.076,0.772,2,5,9.5,-8.9,173,169
1924-10-19,SAMOS,RAP,0,6,1537,1684,0.289,0.104,0.607,3,5,-41.4,36.5,175,163
1924-10-19,TOV (D),HBS (H),2,3,1496,1599,0.339,0.122,0.539,2,3,-4.6,3.6,182,150
1924-10-19,Tekca,DDV,3,4,1684,1745,0.394,0.126,0.480,1,2,-11.1,9.6,173,159
1924-10-19,Vitesse (Be),Kinea (A),6,3,1688,1602,0.609,0.103,0.288,5,3,28.3,-22.6,212,184
1924-10-19,WIK (E),DOK,1,6,1228,1059,0.710,0.094,0.196,4,2,-127.1,125.5,225,224
1924-10-19,Zuiden (R),Rozenburg,8,1,1756,1630,0.654,0.112,0.234,3,1,36.1,-28.5,165,144
1924-10-26,Actief,SAMOS,9,1,1598,1495,0.631,0.102,0.267,5,3,37.8,-38.2,162,163
1924-10-26,Amersfoort,LUTO,1,0,1560,1765,0.220,0.102,0.678,2,4,37.8,-40.3,160,165
1924-10-26,Animo,Rohda (A),1,10,1388,1454,0.390,0.119,0.491,2,3,-95.5,75.1,242,211
1924-10-26,DEV,DTV,5,8,1943,2054,0.333,0.109,0.558,3,4,-21.7,20.1,155,148
1924-10-26,DKC (De),HBS (H),5,1,1779,1602,0.720,0.092,0.189,4,2,18.9,-13.7,174,144
1924-10-26,GKV,Rood Wit (H),3,2,1772,1437,0.860,0.058,0.082,5,1,-50.0,38.8,226,203
1924-10-26,HKV,Dordrecht,4,0,1812,1889,0.374,0.124,0.503,2,3,57.5,-45.0,170,149
1924-10-26,HSV,Deetos,2,3,1697,1983,0.147,0.088,0.766,1,3,17.4,-16.0,149,144
1924-10-26,Haarlem,Tekca,1,1,1739,1673,0.574,0.121,0.304,3,1,-11.9,14.4,147,161
1924-10-26,Hinde,RCU,1,1,1433,1184,0.796,0.072,0.132,5,2,-40.2,41.7,171,174
1924-10-26,KVKV,RODA (W),8,1,1766,1443,0.854,0.057,0.089,6,1,23.8,-23.5,205,203
1924-10-26,KZ,Advendo,7,1,1970,1738,0.776,0.080,0.143,4,1,14.6,-18.0,133,150
1924-10-26,Mercedes,Onder Ons,7,1,1462,1426,0.544,0.101,0.354,5,4,41.6,-103.6,174,298
1924-10-26,NHM (R),MAAS²,10,1,1485,1485,0.488,0.113,0.399,5,4,158.7,-49.3,350,175
1924-10-26,OSCR,Velox,3,5,1872,1902,0.444,0.114,0.442,5,4,-20.8,20.6,144,144
1924-10-26,Ons Eibernest,Emma,2,0,1691,1578,0.639,0.111,0.250,3,1,10.0,-11.4,187,208
1924-10-26,Quick (A),SSS (A),5,2,1362,1538,0.252,0.106,0.642,2,4,76.6,-95.7,202,226
1924-10-26,Quick (Arn),PSV,8,1,1578,1401,0.716,0.098,0.187,3,1,36.9,-30.5,186,167
1924-10-26,Rapid (W),EKCA,2,4,1507,1819,0.135,0.065,0.799,3,7,14.3,-14.7,177,179
1924-10-26,Ready (A),Nausikaa,3,3,1755,1881,0.314,0.106,0.579,3,4,14.3,-12.2,163,151
1924-10-26,Rozenburg,ALO,4,6,1601,1590,0.496,0.125,0.379,3,2,-25.6,35.0,139,164
1924-10-26,SCH,DSK,2,2,1524,1628,0.335,0.127,0.538,1,2,12.7,-11.8,184,177
1924-10-26,Sportief,Fazanten,4,1,1642,1434,0.754,0.085,0.161,4,2,6.0,-5.5,173,159
1924-10-26,Victoria (A),ASV,2,2,1665,1432,0.777,0.080,0.143,4,1,-87.1,45.4,303,226
1924-10-26,Vitesse (Haag),TOV (D),3,5,1580,1491,0.605,0.116,0.279,3,2,-46.6,47.1,166,167
1924-10-26,Vitesse (Leiden),Fluks,3,0,1817,1936,0.320,0.115,0.565,2,3,41.6,-42.6,145,146
1924-10-26,Westerkwartier,Excelsior,4,2,1952,1890,0.573,0.112,0.315,4,3,9.7,-10.7,141,149
1924-10-26,ZKV (Za),DVD²,1,3,1579,1784,0.222,0.097,0.680,2,4,-3.6,3.6,199,198
1924-10-26,Zwaluwen (H),Bilthoven,1,5,1540,1760,0.205,0.098,0.697,2,4,-22.4,18.3,175,155
1924-11-02,ALO,Vitesse (Haag),2,1,1626,1533,0.616,0.108,0.276,4,2,-3.9,4.2,153,156
1924-11-02,Ambakor,DVO (H),3,0,1421,1487,0.393,0.117,0.490,2,3,97.9,-79.8,304,269
1924-11-02,Amersfoort,Gooiers,1,2,1597,1849,0.181,0.079,0.740,3,6,15.4,-21.3,152,176
1924-11-02,BEP,DED,5,1,1581,1545,0.536,0.115,0.349,4,3,40.8,-42.6,181,185
1924-11-02,Be Quick,EKCA,0,4,1465,1805,0.112,0.072,0.816,1,4,-9.0,9.4,165,171
1924-11-02,DDV,Swift,1,3,1755,1766,0.469,0.119,0.411,4,3,-26.3,27.1,153,155
1924-11-02,DIO,EBKC,2,5,1348,1645,0.144,0.072,0.783,3,6,-0.7,0.8,175,172
1924-11-02,DTV,KZ,0,2,2075,1985,0.618,0.097,0.285,6,4,-34.0,29.4,141,131
1924-11-02,Excelsior (A),DSK,0,5,1472,1615,0.286,0.120,0.594,1,2,-38.7,36.9,169,165
1924-11-02,Excelsior,DEV,4,5,1879,1922,0.425,0.116,0.459,3,4,-9.2,9.7,142,147
1924-11-02,Graaf Willem 2,Hollandia,0,0,1634,1623,0.499,0.122,0.379,3,2,-13.0,8.2,287,230
1924-11-02,HSV,Fluks,3,8,1714,1892,0.249,0.107,0.645,2,4,-24.9,23.3,145,140
1924-11-02,KDC,SCH,2,1,1501,1536,0.433,0.124,0.443,2,3,16.9,-15.5,178,170
1924-11-02,KVKV,Sportief,3,0,1791,1648,0.683,0.093,0.224,5,3,15.2,-11.8,195,164
1924-11-02,KVO,Haarlem,3,4,1684,1726,0.426,0.116,0.458,2,3,-11.4,9.0,160,140
1924-11-02,LUTO,Bilthoven,2,1,1724,1779,0.407,0.119,0.475,2,3,16.3,-14.8,156,149
1924-11-02,Mercedes,ZKC (Zu),1,1,1505,1483,0.514,0.122,0.363,3,2,-7.9,8.7,166,173
1924-11-02,Naas²,DOS (E),3,3,1592,1893,0.141,0.072,0.787,2,6,44.7,-35.4,183,164
1924-11-02,Noviomagum,Quick (Arn),4,0,1537,1615,0.371,0.123,0.505,2,3,50.4,-59.3,159,174
1924-11-02,OSCA,Eendracht,0,2,1497,1820,0.118,0.086,0.796,-1,2,7.7,-6.7,200,192
1924-11-02,Onder Ons,Groen Wit,2,3,1322,1366,0.431,0.102,0.466,4,5,-18.3,11.4,241,183
1924-11-02,SSS (A),KCN,7,2,1441,1513,0.383,0.118,0.499,2,3,78.6,-69.1,203,189
1924-11-02,Thor (Zu),Groen Zwart,4,1,1483,1916,0.071,0.041,0.888,3,8,126.8,-184.5,228,270
1924-11-02,Velox,HKV,3,1,1923,1870,0.562,0.111,0.326,4,3,9.9,-12.7,137,158
1924-11-02,Vitesse (A),TDW,9,0,1320,1828,0.046,0.033,0.921,1,7,281.3,-113.0,264,175
1924-11-02,Vitesse (Leiden),Dordrecht,3,1,1858,1843,0.509,0.115,0.377,4,3,14.2,-15.0,139,143
1924-11-02,Westerkwartier,Ready (A),6,2,1961,1769,0.739,0.085,0.176,5,2,10.3,-12.5,136,153
1924-11-08,Quick (U),Hinde,7,0,1727,1391,0.864,0.053,0.083,6,2,14.1,-14.3,164,166
1924-11-09,Achilles (Am),NHM (A),9,1,1334,953,0.886,0.051,0.063,4,0,26.5,-50.3,215,337
1924-11-09,DEV,Nausikaa,2,8,1930,1867,0.580,0.104,0.317,5,4,-51.7,56.7,140,146
1924-11-09,DSK,Excelsior (A),5,2,1651,1430,0.762,0.090,0.148,3,0,6.1,-6.2,155,159
1924-11-09,DVO (H),Oranje,0,3,1404,1519,0.327,0.115,0.558,2,3,-44.4,53.7,237,267
1924-11-09,Dordrecht,Velox,4,1,1825,1930,0.343,0.107,0.550,4,5,34.7,-32.9,136,133
1924-11-09,Eendracht,Velocitas (A),4,4,1811,1575,0.814,0.020,0.167,40,28,-42.3,44.0,183,186
1924-11-09,Excelsior,DTV,1,2,1868,2038,0.262,0.098,0.640,3,5,5.8,-5.8,136,136
1924-11-09,Gooiers,LUTO,9,0,1826,1738,0.616,0.095,0.288,6,4,41.9,-33.7,166,147
1924-11-09,HBS (H),Zuiden (R),1,5,1586,1792,0.220,0.101,0.679,2,4,-16.9,20.8,142,160
1924-11-09,HKC (He),AKC (Al),9,0,1713,1491,0.768,0.082,0.150,4,1,27.6,-25.4,170,162
1924-11-09,HKV,HSV,6,1,1854,1687,0.705,0.101,0.194,3,1,21.8,-19.3,149,139
1924-11-09,Hercules,KVO,2,0,1841,1670,0.716,0.089,0.195,5,2,-2.5,2.4,152,150
1924-11-09,Hollandia,Achilles (H),3,5,1629,1663,0.433,0.126,0.441,1,2,-38.3,44.3,209,226
1924-11-09,KVD,Zwaluwen (H),1,1,1656,1515,0.679,0.098,0.223,4,2,-23.5,25.9,160,167
1924-11-09,OSCR,Vitesse (Leiden),2,5,1849,1870,0.456,0.117,0.427,4,3,-30.0,27.0,141,133
1924-11-09,PSV,Rapid (W),4,4,1369,1520,0.288,0.095,0.617,4,6,16.7,-19.0,161,172
1924-11-09,Quick (Arn),EKCA,2,4,1553,1812,0.170,0.091,0.739,1,4,3.2,-3.5,161,165
1924-11-09,SCH,KDC,1,0,1518,1516,0.486,0.124,0.390,3,2,8.9,-9.5,159,164
1924-11-09,SDO (L),Emma,6,0,1407,1564,0.275,0.108,0.617,2,4,106.3,-90.0,209,191
1924-11-09,SSS (A),Quick (A),1,1,1519,1437,0.602,0.109,0.289,4,3,-19.2,20.2,184,188
1924-11-09,Sportief,RODA (W),3,2,1633,1417,0.762,0.083,0.155,4,2,-16.5,27.4,157,195
1924-11-09,Swift,Tekca,3,1,1791,1684,0.631,0.111,0.258,3,2,6.3,-6.8,147,154
1924-11-09,TOV (D),ALO,3,3,1537,1620,0.368,0.119,0.513,2,3,7.5,-6.3,160,146
1924-11-09,Vitesse (Haag),DKC (De),2,10,1534,1796,0.169,0.086,0.745,2,5,-23.2,28.4,149,167
1924-11-09,Westerkwartier,Advendo,5,1,1970,1718,0.797,0.075,0.129,4,1,6.3,-7.4,133,148
1924-11-09,ZKV (Za),BEP,3,3,1573,1620,0.421,0.112,0.467,3,4,2.9,-2.3,186,168
1924-11-09,Zwart Wit,Thor (Zu),5,3,1560,1607,0.419,0.116,0.464,2,3,31.9,-43.6,182,216
1924-11-16,ALO,Zuiden (R),2,3,1613,1813,0.226,0.102,0.672,2,4,7.7,-9.5,140,152
1924-11-16,Advendo,Ready (A),3,3,1709,1754,0.420,0.123,0.457,2,3,1.6,-1.7,144,150
1924-11-16,Amstelodamum,SSS (A),1,1,1627,1499,0.663,0.101,0.236,4,2,-25.9,24.1,177,171
1924-11-16,Bilthoven,Gooiers,0,5,1761,1869,0.342,0.104,0.554,4,5,-30.0,34.6,144,156
1924-11-16,Blauw Wit (Z),ODO,24,0,1543,895,0.973,0.013,0.014,8,1,5.8,-5.3,192,179
1924-11-16,DED,ZKV (Za),1,1,1500,1575,0.380,0.118,0.503,2,3,7.0,-6.8,173,171
1924-11-16,DEV,Excelsior,8,3,1877,1872,0.494,0.117,0.390,4,3,32.5,-31.4,134,132
1924-11-16,DSK,SCH,2,0,1657,1526,0.661,0.111,0.229,3,1,4.7,-4.7,150,150
1924-11-16,DWS,Trekvogels (R),1,5,1364,1474,0.330,0.121,0.549,2,3,-49.8,58.8,207,228
1924-11-16,Dordrecht,HSV,4,2,1859,1667,0.737,0.089,0.173,4,1,-3.1,3.3,131,136
1924-11-16,EKC,Keppel,2,3,968,1092,0.315,0.114,0.571,2,3,-1.5,0.9,175,221
1924-11-16,Gelre,Blauw Wit (Z),3,5,1367,1554,0.254,0.075,0.671,7,9,1.5,-2.6,169,189
1924-11-16,Graaf Willem 2,Achilles (H),1,4,1618,1708,0.357,0.123,0.520,2,3,-55.1,40.2,242,201
1924-11-16,HBS (De),AKV,5,2,1380,1378,0.489,0.116,0.395,4,3,38.9,-75.0,198,293
1924-11-16,HE,EBKC,2,5,1309,1644,0.118,0.065,0.816,2,6,5.7,0.3,247,167
1924-11-16,KCN,Quick (A),5,3,1442,1456,0.464,0.121,0.415,4,3,27.2,-26.4,176,174
1924-11-16,KVKV,Fazanten,8,0,1804,1426,0.889,0.045,0.066,6,1,15.2,-12.0,182,158
1924-11-16,KZ,DTV,2,2,2012,2032,0.462,0.109,0.429,5,4,-1.3,1.3,131,132
1924-11-16,Keppel,VZOD (L),3,0,1069,909,0.703,0.092,0.205,5,2,23.4,-23.9,248,253
1924-11-16,NHM (A),Achilles (Am),0,7,902,1362,0.058,0.047,0.895,0,4,-36.0,21.4,300,207
1924-11-16,NIVO,HBS (De),4,4,1352,1419,0.391,0.120,0.490,2,3,7.1,-5.7,203,183
1924-11-16,Nausikaa,Westerkwartier,0,0,1924,1976,0.417,0.109,0.475,4,5,2.5,-2.2,140,131
1924-11-16,OSCR,HKV,1,3,1818,1876,0.401,0.123,0.476,2,3,-16.8,18.9,135,144
1924-11-16,Onder Ons,Mercedes,2,4,1301,1494,0.241,0.088,0.671,4,6,-0.6,1.6,210,158
1924-11-16,Rapid (W),Noviomagum,1,5,1500,1585,0.373,0.104,0.523,4,5,-32.9,30.1,161,153
1924-11-16,Swallows,Eendracht,1,6,1571,1768,0.220,0.121,0.659,0,1,-38.9,34.8,185,173
1924-11-16,TOV (D),DKC (De),1,2,1544,1826,0.153,0.081,0.765,2,5,17.5,-19.9,150,159
1924-11-16,Tekca,Hercules,0,1,1677,1838,0.268,0.113,0.620,2,3,3.9,-3.9,147,147
1924-11-16,VZOD (L),OKC,1,1,884,1034,0.284,0.104,0.611,3,4,28.6,-16.9,225,175
1924-11-16,Velox,Fluks,1,1,1897,1915,0.463,0.113,0.424,5,4,-1.4,1.6,128,138
1924-11-16,Vitesse (Haag),HBS (H),3,2,1510,1568,0.402,0.121,0.476,2,3,14.8,-13.6,144,138
1924-11-16,Vitesse (Leiden),Deetos,1,2,1897,1965,0.389,0.121,0.491,2,3,-5.7,7.1,129,145
1924-11-16,Wilhelmina²,AKV,1,1,1326,1303,0.520,0.115,0.365,4,3,-8.3,14.2,185,239